member_id,member_name,member_level,city,birth_date,register_date,extract_date
M000034,鄭志明,金卡,新竹市,1979-07-19,2023-12-06,2026-05-31
M002118,郭宗翰,銀卡,新北市,1986-09-19,2024-10-14,2026-04-30
M006628,鄭心怡,一般,桃園市,1971-04-16,2016-12-14,2026-04-30
M005705,林佩珊,金卡,新竹市,1987-01-05,2022-02-17,2026-04-30
M004036,徐俊宏,銀卡,台北市,1988-04-21,2015-02-01,2026-04-30
M001630,曾詩涵,白金,台北市,1983-12-22,2022-01-03,2026-04-30
M007256,李雅雯,金卡,彰化縣,1985-05-29,2018-03-01,2026-04-30
M005818,蕭彥廷,白金,新竹市,1979-05-16,2018-10-20,2026-04-30
M006524,高俊傑,金卡,基隆市,1995-11-30,2021-08-06,2026-05-31
M005728,葉俊宏,銀卡,台中市,1979-12-25,2016-02-29,2026-04-30
M002869,許承翰,銀卡,新竹市,1980-02-11,2024-09-26,2026-04-30
M001851,廖冠宇,銀卡,桃園市,1994-07-20,2023-07-14,2026-04-30
M003364,潘美玲,白金,宜蘭縣,1995-04-02,2021-04-03,2026-05-31
M002397,蘇美玲,一般,基隆市,1963-10-28,2016-09-20,2026-04-30
M007770,林雅雯,一般,台北市,1985-01-22,2017-01-15,2026-04-30
M005114,鄭怡君,銀卡,台中市,1981-04-28,2022-06-13,2026-04-30
M005016,吳建宏,一般,宜蘭縣,1986-01-11,2023-11-22,2026-04-30
M004133,賴建宏,銀卡,N/A,1991-09-05,2020-04-19,2026-04-30
M002736,楊怡君,白金,高雄市,1981-02-07,2016-03-11,2026-04-30
M005411,林俊傑,金卡,彰化縣,1965-11-03,2024-01-22,2026-04-30
M007358,廖怡君,銀卡,台南市,1967-12-07,2015-07-02,2026-04-30
M003467,吳雅雯,一般,新北市,1984-01-20,2015-11-24,2026-04-30
M005933,潘家豪,銀卡,宜蘭縣,1984-02-28,2023-05-24,2026-05-31
M002108,黃俊宏,白金,宜蘭縣,1992-06-09,2022-12-24,2026-04-30
M004135,張柏翰,銀卡,台南市,1960-04-18,2024-06-21,2026-04-30
M000486,洪雅婷,一般,新竹市,1986-05-24,2018-11-07,2026-04-30
M003054,何雅婷,金卡,新北市,1987-09-03,2017-03-14,2026-04-30
M002584,江家豪,金卡,新北市,1984-12-08,2018-03-06,2026-04-30
M002684,黃志明,一般,高雄市,1966-04-03,2022-08-08,2026-04-30
M005797,謝心怡,一般,新竹市,1964-06-22,2024-01-10,2026-04-30
M001077,許佩珊,金卡,新竹市,1967-03-27,2015-04-15,2026-04-30
M001501,曾冠宇,金卡,台中市,1997-07-24,2020-05-18,2026-04-30
M002848,潘宗翰,白金,高雄市,1988-12-17,2020-12-22,2026-04-30
M001108,周心怡,金卡,宜蘭縣,1982-11-25,2021-07-11,2026-04-30
M006449,劉心怡,銀卡,桃園市,1969-03-20,2015-03-28,2026-04-30
M005964,邱郁婷,金卡,彰化縣,1974-09-04,2018-08-25,2026-04-30
M000828,張俊傑,一般,基隆市,1970-03-15,2022-05-10,2026-04-30
M004100,黃志明,銀卡,高雄市,1961-07-04,2021-08-24,2026-04-30
M006128,楊志明,一般,台中市,1977-03-28,2021-11-10,2026-04-30
M003625,林佩珊,白金,宜蘭縣,2003-10-04,2022-06-28,2026-04-30
M001060,陳郁婷,白金,桃園市,1990-08-27,2022-12-11,2026-04-30
M005811,徐怡君,銀卡,新竹市,1900-01-01,2018-10-08,2026-04-30
M002446,曾俊宏,白金,台北市,1969-11-17,2017-12-24,2026-04-30
M002065,郭承翰,白金,基隆市,1966-11-18,2025-01-02,2026-04-30
M004187,張怡君,金卡,基隆市,1994-02-23,2025-12-08,2026-04-30
M005885,劉欣怡,白金,台中市,1973-11-27,2022-10-03,2026-04-30
M004808,張志明,銀卡,新竹市,1987-01-21,2020-05-04,2026-04-30
M006979,許建宏,白金,台中市,2001-01-28,2024-08-01,2026-04-30
M000907,徐俊傑,金卡,台南市,1990-01-29,2019-04-04,2026-04-30
M002519,高心怡,白金,桃園市,1965-04-30,2016-12-20,2026-04-30
M006587,楊家豪,銀卡,桃園市,1978-09-22,2020-03-02,2026-05-31
M005136,林俊傑,一般,桃園市,1976-03-11,2017-03-22,2026-04-30
M000527,許建宏,銀卡,彰化縣,1999-07-09,2016-12-24,2026-04-30
M007061,徐冠宇,金卡,台北市,1990-07-19,2015-07-01,2026-04-30
M000965,吳俊宏,銀卡,台中市,1977-03-22,2019-11-08,2026-04-30
M001383,徐心怡,白金,台南市,1979-05-13,2025-09-30,2026-04-30
M004480,鄭宗翰,銀卡,新竹市,1996-06-19,2024-12-15,2026-04-30
M003329,曾郁婷,銀卡,桃園市,1987-02-27,2025-01-12,2026-04-30
M006810,葉柏翰,銀卡,彰化縣,1974-02-12,2025-02-21,2026-04-30
M002285,呂詩涵,銀卡,基隆市,1976-12-10,2021-12-24,2026-04-30
M005993,羅宗翰,金卡,新竹市,1984-03-09,2022-04-13,2026-04-30
M001377,高美玲,一般,桃園市,1992-08-20,2021-05-09,2026-04-30
M006781,李志明,銀卡,彰化縣,1989-01-01,2024-09-30,2026-04-30
M007345,鄭俊傑,白金,彰化縣,1962-02-28,2020-09-27,2026-04-30
M001607,何柏翰,金卡,彰化縣,1973-10-16,2024-12-30,2026-04-30
M003192,賴郁婷,一般,台北市,1966-03-11,2021-01-17,2026-05-31
M004382,周承翰,金卡,新竹市,1989-03-10,2024-02-06,2026-04-30
M003679,鄭承翰,銀卡,基隆市,1982-04-14,2021-01-14,2026-04-30
M003121,劉欣怡,金卡,新竹市,2001-09-30,2022-04-17,2026-04-30
M006088,郭彥廷,銀卡,台南市,1992-08-19,2022-06-22,2026-04-30
M007995,李淑芬,一般,台南市,1975-03-19,2022-04-15,2026-04-30
M007488,許建宏,金卡,台北市,2001-12-04,2015-07-25,2026-04-30
M006904,洪承翰,白金,台中市,1900-01-01,2016-07-17,2026-04-30
M004410,郭佩珊,一般,基隆市,1973-12-06,2023-08-04,2026-04-30
M001255,蔡家豪,金卡,彰化縣,1978-10-12,2019-07-16,2026-05-31
M003464,賴建宏,一般,桃園市,1968-01-07,2018-03-27,2026-04-30
M003258,郭柏翰,白金,台中市,1969-10-22,2022-06-01,2026-04-30
M004993,江志明,金卡,新北市,1988-06-13,2019-06-15,2026-04-30
M003381,洪欣怡,金卡,宜蘭縣,1966-12-06,2020-11-09,2026-06-30
M004397,張雅婷,銀卡,高雄市,1977-11-27,2022-07-11,2026-06-30
M005358,呂承翰,白金,宜蘭縣,1996-03-04,2017-08-16,2026-04-30
M005860,邱俊宏,銀卡,台南市,2003-01-07,2017-08-19,2026-04-30
M000869,蘇家豪,一般,台中市,1986-02-21,2019-06-09,2026-04-30
M005605,周怡君,銀卡,高雄市,1960-04-05,2024-06-19,2026-04-30
M004959,鄭志明,白金,彰化縣,1977-05-28,2022-09-14,2026-04-30
M006758,謝心怡,一般,宜蘭縣,1989-02-22,2025-09-27,2026-04-30
M007032,許美玲,一般,桃園市,1973-10-27,2024-11-25,2026-04-30
M007021,邱俊宏,白金,基隆市,1960-04-02,2021-10-25,2026-04-30
M006247,蔡美玲,一般,台北市,1980-12-16,2015-05-17,2026-06-30
M005698,賴俊傑,金卡,高雄市,1977-11-14,2022-03-06,2026-04-30
M003978,高家豪,一般,宜蘭縣,1979-08-08,2018-09-25,2026-04-30
M002403,王淑芬,一般,台中市,1999-12-20,2015-07-23,2026-04-30
M001914,林欣怡,金卡,台中市,1961-06-04,2025-05-30,2026-04-30
M007251,林詩涵,銀卡,台中市,1960-06-17,2016-03-14,2026-04-30
M004042,曾冠宇,金卡,新竹市,1900-01-01,2021-12-01,2026-04-30
M005848,廖怡君,一般,宜蘭縣,1963-08-18,2021-08-21,2026-04-30
M005367,莊俊傑,銀卡,新竹市,1961-10-22,2020-05-21,2026-04-30
M003680,何欣怡,金卡,彰化縣,1988-06-10,2025-03-15,2026-04-30
M004966,周淑芬,金卡,基隆市,1974-11-29,2022-08-27,2026-06-30
M006634,莊冠宇,銀卡,基隆市,1963-11-24,2025-09-10,2026-04-30
M006171,呂美玲,白金,台南市,2000-02-06,2023-10-29,2026-04-30
M003102,周雅婷,金卡,台北市,1983-04-26,2023-01-31,2026-04-30
M007451,劉怡君,銀卡,台南市,1970-07-13,2023-07-03,2026-04-30
M003273,呂冠宇,金卡,高雄市,1978-07-31,2021-12-27,2026-04-30
M000764,王郁婷,一般,新北市,1972-02-04,2021-04-09,2026-04-30
M000072,賴雅雯,一般,基隆市,1995-08-24,2024-01-26,2026-04-30
M000163,陳雅婷,白金,基隆市,1998-07-17,2025-07-11,2026-05-31
M005877,賴柏翰,金卡,台南市,1961-06-30,2025-12-07,2026-04-30
M007590,王俊傑,銀卡,新北市,1978-10-01,2025-06-27,2026-04-30
M000792,王郁婷,銀卡,台中市,1964-08-03,2023-05-12,2026-05-31
M005315,葉宗翰,銀卡,彰化縣,1968-02-01,2025-09-28,2026-06-30
M002651,賴淑芬,銀卡,基隆市,1994-10-01,2024-08-27,2026-04-30
M005531,賴詩涵,金卡,桃園市,1982-01-30,2019-09-07,2026-04-30
M005070,蔡雅雯,金卡,基隆市,1967-01-17,2021-03-21,2026-05-31
M001395,楊詩涵,一般,台南市,1984-07-06,2016-03-14,2026-04-30
M006446,王怡君,白金,宜蘭縣,1992-09-19,2017-11-25,2026-04-30
M004984,黃建宏,金卡,台中市,2002-07-05,2021-07-29,2026-04-30
M006209,何美玲,銀卡,宜蘭縣,1976-02-11,2016-11-23,2026-04-30
M007635,郭志明,白金,新北市,1977-05-21,2019-09-05,2026-04-30
M006033,李志明,銀卡,宜蘭縣,1986-11-30,2024-07-07,2026-04-30
M006266,張家豪,金卡,台中市,1980-12-26,2024-06-15,2026-04-30
M002785,吳冠宇,白金,台南市,1991-06-21,2025-12-13,2026-04-30
M003279,江詩涵,白金,宜蘭縣,2000-05-28,2022-10-11,2026-04-30
M003171,羅淑芬,一般,高雄市,1989-03-10,2025-06-17,2026-04-30
M006302,羅雅雯,白金,新竹市,1972-01-28,2020-01-27,2026-04-30
M000579,江欣怡,銀卡,台南市,1976-07-07,2017-07-15,2026-04-30
M000015,高俊傑,白金,台中市,2000-06-23,2016-05-10,2026-04-30
M007970,劉冠宇,金卡,彰化縣,1993-04-17,2015-10-14,2026-04-30
M006267,吳柏翰,銀卡,宜蘭縣,1977-10-01,2023-11-25,2026-04-30
M003160,黃心怡,金卡,基隆市,1965-11-01,2022-07-14,2026-04-30
M000465,邱詩涵,金卡,台南市,1987-02-07,2017-01-11,2026-04-30
M005137,張心怡,白金,基隆市,1984-09-26,2015-04-05,2026-04-30
M003618,李佩珊,銀卡,彰化縣,1972-08-23,2019-01-17,2026-06-30
M001116,鄭彥廷,金卡,桃園市,1995-04-07,2023-02-02,2026-04-30
M000879,蕭美玲,金卡,新竹市,1989-04-07,2021-09-27,2026-04-30
M002422,蕭雅雯,銀卡,高雄市,1999-10-01,2015-05-14,2026-04-30
M003636,鄭淑芬,金卡,彰化縣,2001-08-02,2018-09-30,2026-04-30
M007941,徐怡君,銀卡,彰化縣,1990-07-04,2015-11-07,2026-04-30
M005446,潘淑芬,白金,新北市,1981-02-07,2021-09-01,2026-04-30
M000798,高志明,白金,新北市,1998-01-08,2018-03-03,2026-04-30
M006308,劉建宏,一般,彰化縣,1988-02-04,2024-05-14,2026-04-30
M001305,李彥廷,金卡,宜蘭縣,1977-10-28,2015-06-18,2026-04-30
M003431,何詩涵,白金,基隆市,1961-07-11,2015-02-20,2026-04-30
M000517,謝俊宏,白金,台北市,1992-11-04,2016-03-15,2026-06-30
M001087,賴彥廷,白金,桃園市,1988-05-14,2021-06-17,2026-04-30
M000542,蔡美玲,白金,新北市,1993-01-28,2020-06-05,2026-04-30
M001751,劉彥廷,白金,台中市,1960-09-21,2021-09-06,2026-04-30
M000634,黃佩珊,白金,台中市,1960-09-13,2015-09-22,2026-04-30
M005220,陳冠宇,一般,宜蘭縣,1998-05-03,2018-06-26,2026-04-30
M002517,莊淑芬,一般,新竹市,1982-04-12,2025-11-29,2026-04-30
M006910,賴家豪,白金,新竹市,2001-11-16,2023-07-27,2026-04-30
M005733,曾佩珊,金卡,桃園市,1997-10-18,2017-01-09,2026-04-30
M007482,廖冠宇,一般,新竹市,1982-04-08,2015-02-06,2026-04-30
M005389,呂志明,一般,新北市,1970-05-12,2024-12-27,2026-04-30
M006262,吳俊宏,白金,台北市,1961-03-30,2016-09-18,2026-04-30
M003803,周心怡,一般,宜蘭縣,1998-07-20,2019-06-17,2026-04-30
M007945,邱俊宏,金卡,台南市,1995-07-23,2024-04-15,2026-04-30
M000360,廖冠宇,銀卡,桃園市,1993-02-16,2021-02-26,2026-04-30
M003341,邱彥廷,銀卡,台南市,1997-03-05,2023-05-23,2026-04-30
M006989,陳雅雯,一般,桃園市,1987-10-09,2016-03-26,2026-04-30
M000428,李家豪,銀卡,基隆市,1989-10-17,2018-08-12,2026-04-30
M004532,蘇俊宏,銀卡,宜蘭縣,1999-06-05,2020-07-10,2026-04-30
M001165,郭冠宇,銀卡,基隆市,1988-11-21,2025-08-30,2026-04-30
M002334,楊承翰,一般,台南市,1991-05-28,2020-04-20,2026-04-30
M002031,吳柏翰,一般,台中市,1974-04-27,2024-06-05,2026-04-30
M004174,呂欣怡,一般,基隆市,1963-06-28,2017-11-18,2026-04-30
M007616,蔡志明,白金,台北市,2001-05-13,2019-07-31,2026-04-30
M005417,江冠宇,一般,彰化縣,1984-08-18,2021-05-20,2026-04-30
M006704,賴心怡,一般,基隆市,1975-09-04,2025-04-21,2026-04-30
M004067,邱家豪,金卡,台中市,1963-09-11,2022-09-17,2026-04-30
M000332,李彥廷,銀卡,宜蘭縣,1963-09-05,2015-08-11,2026-04-30
M006591,楊建宏,白金,台北市,2001-05-26,2020-07-06,2026-04-30
M003894,葉雅婷,銀卡,彰化縣,1961-01-06,2023-01-21,2026-04-30
M007899,賴心怡,白金,台北市,1971-11-25,2019-07-31,2026-06-30
M007838,洪俊傑,金卡,新北市,2003-03-23,2018-09-28,2026-04-30
M003395,吳雅雯,白金,新竹市,1986-08-26,2016-06-19,2026-04-30
M000296,黃佩珊,白金,新北市,1960-04-11,2017-07-16,2026-04-30
M000134,蘇宗翰,白金,桃園市,1965-08-19,2018-03-19,2026-04-30
M003463,吳俊傑,銀卡,高雄市,1988-05-05,2025-02-15,2026-04-30
M007676,何俊宏,金卡,桃園市,1993-09-27,2019-07-18,2026-04-30
M001636,王家豪,金卡,基隆市,1996-01-17,2020-04-28,2026-04-30
M005076,賴心怡,銀卡,桃園市,1994-04-26,2025-05-27,2026-04-30
M003994,楊心怡,一般,新北市,2003-02-08,2021-12-03,2026-04-30
M002723,黃彥廷,白金,新竹市,2001-02-06,2024-02-12,2026-04-30
M000484,蘇郁婷,金卡,高雄市,1994-03-24,2020-06-21,2026-04-30
M002212,張冠宇,白金,新竹市,1970-06-25,2019-01-07,2026-04-30
M002945,高志明,白金,台中市,1970-02-08,2021-01-23,2026-04-30
M003360,郭美玲,金卡,桃園市,2003-04-17,2023-10-12,2026-04-30
M007652,郭佩珊,一般,高雄市,1999-05-27,2021-12-10,2026-04-30
M003179,葉美玲,白金,彰化縣,1966-12-27,2021-01-05,2026-04-30
M005075,楊淑芬,一般,新北市,1960-09-01,2020-06-20,2026-04-30
M005908,謝佩珊,金卡,高雄市,1997-12-23,2024-07-15,2026-04-30
M001908,劉怡君,一般,彰化縣,1984-06-13,2019-10-26,2026-04-30
M002816,王淑芬,白金,宜蘭縣,1983-11-16,2017-03-11,2026-04-30
M004598,蘇宗翰,白金,新北市,1989-07-16,2020-10-26,2026-04-30
M003934,謝佩珊,金卡,彰化縣,1982-11-27,2017-01-11,2026-04-30
M002033,廖冠宇,一般,台南市,1999-04-09,2017-03-04,2026-04-30
M004478,周冠宇,金卡,高雄市,1990-04-22,2021-02-15,2026-04-30
M002083,邱承翰,白金,台南市,1964-10-19,2024-03-27,2026-04-30
M004066,蔡淑芬,白金,基隆市,1998-03-10,2020-04-26,2026-04-30
M000853,楊俊宏,金卡,高雄市,1985-10-06,2017-05-08,2026-05-31
M002337,劉俊傑,銀卡,高雄市,1990-04-26,2024-01-02,2026-05-31
M006185,楊家豪,一般,台南市,1966-09-19,2020-12-24,2026-04-30
M000590,羅冠宇,一般,新竹市,1968-10-26,2019-10-21,2026-04-30
M003135,周志明,白金,台中市,1977-09-27,2023-04-06,2026-04-30
M003251,許佩珊,銀卡,基隆市,1979-04-12,2021-11-09,2026-04-30
M001017,李心怡,銀卡,桃園市,2001-11-20,2019-05-10,2026-04-30
M006855,郭建宏,白金,台南市,1986-06-01,2023-03-25,2026-06-30
M000673,蔡雅婷,銀卡,新北市,1968-03-11,2016-10-26,2026-05-31
M000346,徐志明,白金,台北市,1970-07-03,2020-10-05,2026-06-30
M002707,洪詩涵,銀卡,桃園市,1966-01-12,2019-12-03,2026-04-30
M005281,蕭家豪,金卡,新北市,1967-08-20,2015-01-22,2026-04-30
M002738,何俊傑,白金,宜蘭縣,1974-07-14,2018-12-28,2026-04-30
M004766,張淑芬,銀卡,桃園市,1992-07-04,2022-04-22,2026-04-30
M002988,邱俊宏,白金,台南市,1967-01-03,2019-05-18,2026-04-30
M004317,羅志明,白金,台北市,1999-06-02,2018-09-30,2026-04-30
M000647,張怡君,銀卡,基隆市,1974-06-03,2019-02-07,2026-04-30
M000768,江冠宇,銀卡,宜蘭縣,1980-02-28,2020-09-17,2026-04-30
M006089,廖家豪,白金,宜蘭縣,1970-11-12,2018-09-20,2026-06-30
M000857,羅俊宏,一般,彰化縣,1986-05-27,2015-10-30,2026-04-30
M002161,廖俊傑,金卡,台中市,1970-08-19,2015-09-05,2026-04-30
M001643,王美玲,金卡,台南市,1990-01-02,2023-01-02,2026-04-30
M002317,蔡郁婷,金卡,新竹市,1972-03-26,2020-05-25,2026-04-30
M006410,林彥廷,金卡,新竹市,1900-01-01,2020-07-17,2026-04-30
M001447,洪雅雯,白金,基隆市,1992-09-27,2018-05-05,2026-04-30
M003948,張俊宏,白金,新竹市,1998-01-03,2018-02-05,2026-06-30
M000530,劉雅雯,白金,新竹市,1968-11-20,2016-08-19,2026-04-30
M002308,蔡柏翰,銀卡,台北市,2003-07-30,2021-06-11,2026-04-30
M006801,謝家豪,白金,基隆市,1975-03-13,2023-10-23,2026-04-30
M006419,郭彥廷,白金,宜蘭縣,1996-10-09,2020-12-23,2026-04-30
M004895,鄭彥廷,一般,基隆市,1985-04-08,2024-05-23,2026-04-30
M005628,賴心怡,金卡,新北市,1977-01-27,2017-12-15,2026-06-30
M000832,何心怡,白金,新竹市,1994-05-23,2024-04-16,2026-04-30
M002754,黃心怡,一般,宜蘭縣,1969-11-28,2018-04-22,2026-04-30
M000830,謝淑芬,金卡,彰化縣,1963-04-09,2025-11-07,2026-04-30
M000888,郭雅雯,白金,新北市,1982-06-21,2025-01-17,2026-04-30
M000780,江柏翰,金卡,桃園市,1983-04-11,2017-04-27,2026-04-30
M007719,郭俊宏,金卡,新竹市,1985-08-11,2018-05-06,2026-04-30
M006025,潘佩珊,金卡,高雄市,1994-02-02,2015-02-09,2026-04-30
M000374,周柏翰,金卡,彰化縣,1981-01-26,2021-11-28,2026-04-30
M002636,黃欣怡,銀卡,宜蘭縣,1979-02-10,2018-03-17,2026-04-30
M000440,蘇宗翰,金卡,桃園市,2001-01-12,2022-08-17,2026-04-30
M000560,吳宗翰,一般,基隆市,1996-01-29,2020-11-04,2026-04-30
M004836,高郁婷,一般,台南市,1977-07-16,2023-07-30,2026-04-30
M007877,謝俊傑,銀卡,台南市,1993-03-16,2021-08-02,2026-04-30
M000510,賴怡君,一般,台北市,1971-02-06,2024-04-22,2026-04-30
M002039,李心怡,一般,台中市,1975-12-06,2018-12-11,2026-04-30
M002239,鄭雅雯,白金,基隆市,2000-04-28,2024-05-05,2026-04-30
M001916,郭俊傑,一般,高雄市,1986-05-24,2022-08-27,2026-04-30
M001638,羅家豪,銀卡,台北市,1990-09-16,2017-01-26,2026-04-30
M006395,葉俊傑,白金,台北市,1972-05-27,2017-10-12,2026-04-30
M000508,許俊宏,白金,彰化縣,1998-10-12,2025-04-25,2026-04-30
M004134,羅淑芬,白金,基隆市,1979-09-19,2019-02-04,2026-04-30
M004762,林冠宇,一般,新北市,1966-06-29,2018-02-21,2026-04-30
M005333,羅俊傑,金卡,高雄市,1994-04-05,2015-06-02,2026-04-30
M003800,洪雅雯,金卡,新竹市,1994-03-06,2024-02-16,2026-04-30
M003197,周建宏,銀卡,台中市,1997-09-26,2020-08-22,2026-04-30
M000171,何佩珊,一般,桃園市,1964-02-03,2021-07-13,2026-05-31
M004007,李雅婷,金卡,彰化縣,1985-07-27,2020-03-21,2026-06-30
M000227,曾建宏,金卡,桃園市,1980-08-24,2025-05-07,2026-04-30
M002710,張柏翰,白金,台北市,1971-03-18,2015-01-27,2026-04-30
M001296,張柏翰,一般,台南市,1978-11-04,2020-12-23,2026-04-30
M007099,王淑芬,白金,基隆市,1962-06-05,2022-11-10,2026-04-30
M006939,陳志明,銀卡,新竹市,1900-01-01,2024-08-30,2026-04-30
M007124,鄭雅婷,金卡,高雄市,1990-12-26,2025-09-26,2026-04-30
M005679,李詩涵,一般,高雄市,1972-03-24,2024-06-29,2026-04-30
M006867,李家豪,銀卡,新竹市,1983-02-18,2020-02-24,2026-04-30
M000069,鄭彥廷,金卡,高雄市,1964-04-03,2025-01-14,2026-04-30
M005003,吳建宏,銀卡,基隆市,1973-02-10,2016-10-28,2026-06-30
M007461,徐家豪,一般,彰化縣,1965-07-26,2021-01-01,2026-04-30
M005237,羅詩涵,金卡,桃園市,1985-05-07,2019-05-14,2026-04-30
M001471,許彥廷,一般,宜蘭縣,1994-09-04,2024-07-24,2026-04-30
M001054,李雅婷,金卡,基隆市,1981-11-02,2018-06-02,2026-04-30
M004611,洪郁婷,一般,桃園市,1971-11-03,2019-03-01,2026-04-30
M005312,蘇郁婷,銀卡,基隆市,1985-04-12,2015-06-08,2026-04-30
M000082,黃俊傑,一般,台北市,1982-08-07,2025-03-09,2026-04-30
M002063,賴美玲,白金,N/A,1973-03-18,2018-12-21,2026-04-30
M001224,黃承翰,金卡,新竹市,1978-12-15,2025-11-24,2026-04-30
M007622,李郁婷,一般,宜蘭縣,2001-06-08,2015-06-24,2026-04-30
M004124,潘詩涵,一般,基隆市,1990-06-22,2016-09-13,2026-04-30
M007290,潘俊傑,金卡,台南市,1991-07-27,2017-08-20,2026-05-31
M006056,邱欣怡,銀卡,新北市,1977-09-20,2025-11-24,2026-04-30
M006654,林宗翰,銀卡,高雄市,1960-03-16,2021-02-19,2026-04-30
M004487,曾柏翰,金卡,台中市,1967-06-11,2023-07-09,2026-04-30
M005731,蘇美玲,一般,新竹市,1984-05-26,2016-01-31,2026-04-30
M007549,謝心怡,白金,台中市,1978-05-12,2018-10-15,2026-04-30
M002359,潘柏翰,金卡,新北市,1988-07-03,2017-01-24,2026-04-30
M006097,陳雅雯,銀卡,基隆市,1992-05-09,2015-10-14,2026-04-30
M006811,張雅雯,銀卡,高雄市,1962-07-28,2023-03-13,2026-04-30
M004038,蔡冠宇,一般,宜蘭縣,1961-08-06,2024-07-01,2026-04-30
M003377,何家豪,金卡,高雄市,1963-05-05,2023-12-22,2026-04-30
M006118,莊雅雯,一般,新竹市,1961-06-21,2020-10-13,2026-04-30
M001544,高俊傑,金卡,新竹市,1972-11-28,2025-10-11,2026-04-30
M005516,李俊宏,金卡,台南市,2000-09-22,2017-02-27,2026-04-30
M003128,林志明,金卡,高雄市,1990-03-24,2021-09-21,2026-04-30
M002473,蕭彥廷,金卡,N/A,1990-08-12,2021-04-14,2026-06-30
M004793,蔡雅雯,金卡,台北市,1984-01-22,2020-01-05,2026-04-30
M001449,張欣怡,一般,台南市,1960-10-05,2021-10-09,2026-04-30
M007057,蘇美玲,白金,台北市,1992-11-04,2022-05-08,2026-04-30
M006405,葉詩涵,一般,新北市,1965-08-22,2018-02-24,2026-04-30
M001771,呂郁婷,白金,桃園市,1966-09-01,2024-12-24,2026-04-30
M000628,周家豪,銀卡,台南市,1991-06-08,2020-07-22,2026-04-30
M002402,徐承翰,金卡,台北市,1962-09-20,2023-08-17,2026-04-30
M007699,邱詩涵,金卡,台北市,1900-01-01,2022-04-05,2026-04-30
M003541,林淑芬,一般,彰化縣,1984-06-15,2016-04-06,2026-04-30
M001025,蔡欣怡,銀卡,高雄市,1987-05-31,2020-09-29,2026-04-30
M003596,莊怡君,銀卡,彰化縣,1993-02-23,2024-06-10,2026-04-30
M006612,洪心怡,銀卡,台南市,1960-11-10,2016-05-16,2026-04-30
M000623,徐心怡,一般,台中市,1984-07-05,2015-09-07,2026-04-30
M000541,徐怡君,銀卡,台中市,1979-12-05,2019-02-28,2026-04-30
M000519,鄭欣怡,銀卡,台北市,1973-04-28,2020-03-06,2026-04-30
M000980,洪宗翰,金卡,新北市,1968-06-17,2015-02-15,2026-06-30
M007541,蕭俊宏,金卡,高雄市,1960-10-01,2020-03-22,2026-04-30
M003365,呂俊傑,金卡,新竹市,1986-07-08,2021-01-22,2026-06-30
M006766,蕭家豪,金卡,宜蘭縣,1991-12-15,2024-08-23,2026-04-30
M003865,蘇淑芬,銀卡,台南市,1986-09-12,2017-04-15,2026-04-30
M005847,劉俊傑,白金,高雄市,1968-06-05,2025-01-21,2026-04-30
M005696,蔡冠宇,金卡,台北市,1963-09-17,2017-02-22,2026-06-30
M004856,張冠宇,金卡,高雄市,1994-12-31,2017-06-08,2026-04-30
M005552,林欣怡,銀卡,基隆市,1969-11-12,2017-05-27,2026-04-30
M006415,邱柏翰,金卡,宜蘭縣,1969-11-29,2017-06-04,2026-06-30
M001629,謝美玲,一般,台南市,1993-06-30,2017-06-23,2026-04-30
M000429,劉郁婷,金卡,桃園市,1986-01-05,2015-06-26,2026-04-30
M000709,莊淑芬,銀卡,宜蘭縣,1975-07-12,2019-10-12,2026-04-30
M005034,徐美玲,銀卡,台北市,1982-03-14,2023-09-08,2026-04-30
M006503,江美玲,一般,基隆市,1969-01-03,2025-04-27,2026-04-30
M000304,陳家豪,金卡,彰化縣,1900-01-01,2017-06-27,2026-04-30
M007583,黃彥廷,白金,台北市,2000-01-02,2017-04-06,2026-04-30
M007656,周佩珊,白金,桃園市,1976-03-24,2019-01-27,2026-04-30
M004021,許家豪,白金,N/A,1962-03-24,2015-02-23,2026-04-30
M005794,楊怡君,白金,高雄市,1979-02-03,2021-10-21,2026-04-30
M006342,潘郁婷,金卡,台中市,1967-02-25,2019-05-09,2026-05-31
M001762,蕭雅婷,一般,基隆市,1973-11-24,2015-12-14,2026-04-30
M000335,高淑芬,金卡,高雄市,1995-09-25,2021-01-01,2026-04-30
M000871,何郁婷,白金,新北市,1995-11-10,2020-03-21,2026-04-30
M006277,何詩涵,一般,新竹市,1984-08-11,2015-12-09,2026-05-31
M004101,黃詩涵,銀卡,宜蘭縣,1980-08-09,2024-10-25,2026-04-30
M005929,高欣怡,白金,台北市,1999-08-19,2025-01-10,2026-04-30
M001095,鄭建宏,銀卡,新竹市,1964-10-27,2019-11-26,2026-04-30
M003859,周承翰,白金,高雄市,1965-08-14,2018-05-01,2026-05-31
M007118,郭俊宏,金卡,新北市,1982-04-15,2016-09-08,2026-04-30
M003969,許志明,金卡,彰化縣,1989-06-23,2015-08-21,2026-04-30
M007746,徐佩珊,銀卡,宜蘭縣,1984-01-17,2017-01-18,2026-04-30
M000138,蕭佩珊,一般,新北市,1986-09-14,2020-01-07,2026-04-30
M002920,周家豪,銀卡,新竹市,1960-09-21,2019-03-17,2026-04-30
M003987,林欣怡,金卡,桃園市,1989-08-01,2015-05-20,2026-04-30
M000504,何承翰,一般,宜蘭縣,1973-01-07,2018-12-09,2026-04-30
M005901,李心怡,銀卡,新竹市,1994-06-04,2021-05-12,2026-05-31
M006224,劉欣怡,銀卡,新竹市,1995-01-07,2017-05-15,2026-04-30
M007854,高柏翰,白金,桃園市,2001-12-28,2023-10-16,2026-04-30
M001536,羅俊傑,白金,台中市,1968-07-14,2015-04-05,2026-04-30
M003627,黃雅婷,銀卡,台中市,1993-11-01,2024-02-16,2026-04-30
M006539,郭怡君,銀卡,高雄市,1964-11-29,2025-02-05,2026-04-30
M003880,賴彥廷,白金,高雄市,1982-11-01,2016-07-16,2026-04-30
M001789,徐建宏,銀卡,新竹市,1965-04-09,2020-10-25,2026-04-30
M007335,呂志明,一般,彰化縣,1971-03-21,2024-10-21,2026-04-30
M004349,黃淑芬,銀卡,彰化縣,1964-09-23,2015-07-29,2026-04-30
M005707,謝家豪,金卡,N/A,1963-05-31,2022-01-27,2026-04-30
M004223,徐佩珊,金卡,台南市,1996-01-02,2023-09-06,2026-04-30
M003550,楊志明,銀卡,彰化縣,1996-01-29,2021-06-26,2026-04-30
M001973,周彥廷,銀卡,台南市,1994-04-08,2025-02-26,2026-04-30
M000657,鄭欣怡,一般,新竹市,1982-03-24,2017-07-26,2026-04-30
M001290,楊淑芬,銀卡,新竹市,1963-11-04,2024-05-19,2026-04-30
M004328,賴怡君,一般,高雄市,1984-02-03,2023-12-28,2026-04-30
M002568,王家豪,一般,桃園市,1998-10-19,2025-02-21,2026-04-30
M000210,洪彥廷,一般,桃園市,1998-02-12,2024-05-28,2026-04-30
M005832,王柏翰,銀卡,台南市,1993-04-14,2023-02-25,2026-04-30
M001585,潘俊宏,銀卡,新北市,1990-12-29,2017-11-15,2026-04-30
M001335,莊佩珊,一般,新竹市,1967-05-09,2021-09-23,2026-04-30
M007739,劉承翰,一般,台北市,1977-05-28,2022-07-26,2026-04-30
M004857,何柏翰,銀卡,基隆市,1982-12-24,2023-08-06,2026-04-30
M004553,江冠宇,銀卡,彰化縣,1967-07-27,2020-03-20,2026-04-30
M007842,蘇心怡,一般,台南市,1961-02-27,2017-12-24,2026-06-30
M005322,吳佩珊,金卡,基隆市,1989-12-05,2024-08-10,2026-04-30
M001079,李柏翰,金卡,桃園市,1976-12-21,2021-11-05,2026-06-30
M006059,黃郁婷,金卡,彰化縣,1994-05-18,2021-09-20,2026-04-30
M005273,黃美玲,銀卡,台北市,1985-06-28,2019-04-30,2026-04-30
M002582,蔡宗翰,白金,桃園市,1971-08-31,2017-04-18,2026-04-30
M003013,蔡詩涵,金卡,新竹市,1961-11-22,2018-09-10,2026-04-30
M006660,蕭詩涵,銀卡,高雄市,1987-06-21,2017-02-21,2026-04-30
M004077,王佩珊,白金,桃園市,1992-08-01,2021-11-03,2026-04-30
M002748,鄭詩涵,金卡,宜蘭縣,1991-09-19,2023-01-26,2026-04-30
M006061,廖詩涵,金卡,桃園市,1960-01-18,2024-06-22,2026-04-30
M004290,蘇佩珊,銀卡,桃園市,1981-12-04,2016-09-27,2026-04-30
M000351,林建宏,白金,基隆市,2001-01-21,2019-08-02,2026-04-30
M001646,蕭冠宇,白金,台中市,1987-12-31,2024-12-19,2026-05-31
M003416,王郁婷,白金,桃園市,1988-01-28,2015-12-02,2026-04-30
M007695,陳佩珊,銀卡,彰化縣,1971-07-12,2019-10-24,2026-04-30
M006647,何家豪,金卡,台南市,2003-07-28,2018-12-12,2026-04-30
M005266,劉怡君,一般,桃園市,1961-03-26,2017-05-06,2026-04-30
M000093,鄭詩涵,金卡,新北市,1992-01-08,2025-10-18,2026-04-30
M000347,周心怡,銀卡,台北市,1971-06-25,2017-10-13,2026-04-30
M004429,呂郁婷,一般,新北市,1988-11-30,2022-02-12,2026-04-30
M005935,呂雅雯,一般,台中市,1971-11-26,2017-06-24,2026-04-30
M005795,劉心怡,銀卡,高雄市,2000-10-04,2022-05-01,2026-04-30
M006412,林建宏,金卡,台中市,1984-07-07,2021-06-04,2026-04-30
M002590,蔡彥廷,一般,宜蘭縣,1979-11-27,2025-11-30,2026-05-31
M001983,郭欣怡,金卡,新北市,1995-07-04,2025-02-19,2026-04-30
M005873,李怡君,一般,高雄市,1979-09-27,2022-05-21,2026-04-30
M001690,呂怡君,白金,彰化縣,1972-07-27,2025-08-26,2026-04-30
M000068,江俊宏,白金,宜蘭縣,1970-08-15,2024-09-05,2026-04-30
M005606,劉志明,白金,新北市,1969-01-02,2021-06-20,2026-04-30
M003979,廖欣怡,金卡,新竹市,2003-07-13,2018-07-09,2026-04-30
M007353,廖欣怡,金卡,新竹市,1975-03-22,2017-02-10,2026-04-30
M007641,周美玲,白金,彰化縣,1974-11-04,2018-09-29,2026-05-31
M000719,莊心怡,一般,新竹市,1997-10-09,2017-01-07,2026-04-30
M004369,羅淑芬,金卡,新竹市,1999-12-26,2020-07-21,2026-04-30
M000034,鄭志明,金卡,高雄市,1979-07-19,2023-12-06,2026-04-30
M003977,徐俊傑,白金,高雄市,1983-04-25,2023-06-14,2026-04-30
M004511,蔡建宏,銀卡,台北市,1990-02-15,2025-11-13,2026-04-30
M005910,黃承翰,白金,基隆市,1998-04-01,2022-05-09,2026-05-31
M000839,陳心怡,銀卡,基隆市,1969-11-22,2021-07-17,2026-04-30
M005194,潘詩涵,白金,台中市,1966-06-15,2019-09-06,2026-04-30
M007888,李家豪,銀卡,台北市,1988-11-28,2023-04-18,2026-04-30
M001511,周彥廷,金卡,桃園市,2001-07-11,2020-01-18,2026-04-30
M007726,鄭欣怡,一般,新北市,1969-12-18,2023-05-29,2026-04-30
M002784,曾志明,銀卡,基隆市,1973-02-07,2025-09-01,2026-04-30
M004189,吳佩珊,一般,台南市,1976-04-03,2022-11-01,2026-04-30
M000589,許詩涵,白金,桃園市,1996-03-28,2021-11-07,2026-04-30
M003444,周俊宏,銀卡,高雄市,1965-12-05,2017-07-26,2026-06-30
M003899,李志明,金卡,台南市,1975-05-24,2019-12-27,2026-04-30
M005536,張志明,一般,桃園市,1964-07-04,2018-11-15,2026-04-30
M006802,周欣怡,白金,基隆市,2002-07-14,2018-03-24,2026-04-30
M007131,楊俊宏,一般,高雄市,1986-10-29,2022-10-14,2026-04-30
M003364,潘美玲,金卡,宜蘭縣,1995-04-02,2021-04-03,2026-04-30
M007368,曾怡君,銀卡,基隆市,1997-06-27,2020-02-27,2026-04-30
M006908,徐淑芬,白金,台南市,1969-12-01,2016-09-18,2026-06-30
M006156,陳家豪,金卡,桃園市,1966-07-28,2019-04-17,2026-04-30
M004392,郭心怡,一般,台南市,1988-01-09,2024-07-13,2026-04-30
M002098,葉怡君,一般,台中市,1987-06-04,2021-04-20,2026-04-30
M001535,邱承翰,銀卡,基隆市,1972-07-03,2019-05-08,2026-04-30
M007090,賴家豪,金卡,高雄市,1964-01-05,2025-09-29,2026-04-30
M006189,葉志明,銀卡,新北市,1998-05-04,2025-03-03,2026-04-30
M007246,李欣怡,一般,桃園市,1991-08-08,2022-02-20,2026-04-30
M000834,蕭詩涵,銀卡,宜蘭縣,1967-08-16,2022-01-04,2026-04-30
M006359,劉冠宇,金卡,宜蘭縣,1969-05-09,2025-02-12,2026-04-30
M004893,莊怡君,金卡,宜蘭縣,1985-06-05,2024-02-12,2026-04-30
M006086,陳家豪,白金,台南市,1974-01-03,2018-01-26,2026-04-30
M003593,吳冠宇,白金,高雄市,1984-02-06,2015-12-31,2026-04-30
M004828,張俊傑,一般,台中市,1983-11-05,2021-05-21,2026-04-30
M001304,高彥廷,金卡,新北市,1998-05-05,2022-04-04,2026-04-30
M002186,潘美玲,金卡,高雄市,1960-07-23,2022-07-28,2026-04-30
M006236,江志明,銀卡,基隆市,1962-10-30,2023-12-03,2026-04-30
M004201,洪宗翰,銀卡,台中市,1996-04-22,2016-02-07,2026-04-30
M000866,蕭彥廷,一般,新竹市,1969-07-02,2024-12-04,2026-04-30
M007608,楊心怡,白金,台南市,1960-04-19,2017-05-27,2026-04-30
M007095,高彥廷,銀卡,新竹市,1966-06-23,2018-11-20,2026-04-30
M001801,曾俊傑,銀卡,基隆市,1980-01-13,2023-06-14,2026-04-30
M005658,張郁婷,白金,台北市,1973-05-18,2016-06-12,2026-04-30
M004278,蕭心怡,金卡,台南市,1971-06-09,2019-01-18,2026-04-30
M005952,曾詩涵,金卡,新北市,1990-10-07,2020-10-16,2026-04-30
M004952,楊承翰,一般,彰化縣,1996-07-19,2016-05-21,2026-04-30
M000622,葉建宏,銀卡,台中市,2001-03-28,2021-03-07,2026-06-30
M003003,賴郁婷,金卡,彰化縣,1960-06-11,2022-01-29,2026-04-30
M002825,林郁婷,銀卡,基隆市,1968-12-07,2020-12-14,2026-04-30
M004500,葉心怡,白金,桃園市,1964-03-04,2015-11-25,2026-04-30
M001753,何彥廷,一般,宜蘭縣,1968-06-30,2022-09-12,2026-04-30
M001664,徐佩珊,金卡,高雄市,1996-08-31,2025-02-02,2026-04-30
M004809,高俊傑,金卡,桃園市,1997-10-04,2015-08-29,2026-04-30
M001748,葉宗翰,金卡,彰化縣,1973-12-04,2018-02-10,2026-04-30
M001641,廖俊傑,銀卡,宜蘭縣,1963-06-09,2015-11-24,2026-04-30
M007185,高建宏,銀卡,彰化縣,1984-04-13,2016-03-31,2026-04-30
M007181,何承翰,白金,台中市,1973-10-16,2025-12-05,2026-05-31
M005940,徐淑芬,一般,N/A,1976-01-16,2021-05-14,2026-04-30
M007281,吳宗翰,一般,台南市,1977-11-18,2016-08-23,2026-04-30
M005364,曾欣怡,銀卡,彰化縣,1975-11-25,2021-09-06,2026-04-30
M006607,陳家豪,白金,新北市,1988-01-31,2024-09-05,2026-04-30
M004558,江佩珊,一般,基隆市,1993-04-29,2021-10-28,2026-04-30
M003208,洪俊宏,白金,新北市,1961-05-08,2016-08-22,2026-05-31
M000700,陳俊傑,白金,宜蘭縣,1977-05-05,2022-07-23,2026-05-31
M007907,王美玲,白金,桃園市,2001-04-16,2023-09-16,2026-04-30
M003299,林承翰,白金,高雄市,2001-04-22,2020-06-25,2026-04-30
M006206,鄭雅雯,金卡,台南市,1991-10-17,2018-10-27,2026-05-31
M002015,鄭俊宏,銀卡,台北市,1975-03-16,2019-03-25,2026-04-30
M007569,呂欣怡,一般,新北市,2001-06-01,2018-08-19,2026-04-30
M002697,江詩涵,金卡,新北市,1974-10-30,2025-10-02,2026-04-30
M000609,羅建宏,金卡,台南市,1966-08-09,2015-12-17,2026-04-30
M000665,陳俊宏,一般,新竹市,1987-08-30,2018-09-04,2026-04-30
M007053,李郁婷,一般,台北市,1992-06-22,2016-05-25,2026-04-30
M004834,蘇俊宏,銀卡,新竹市,1992-11-21,2015-03-05,2026-06-30
M002435,高郁婷,一般,台北市,1984-03-04,2021-04-07,2026-04-30
M007343,呂柏翰,一般,台北市,1994-12-03,2016-07-08,2026-04-30
M002390,張彥廷,白金,高雄市,1975-02-28,2023-10-31,2026-06-30
M004660,蕭宗翰,銀卡,台中市,1970-05-22,2022-04-26,2026-04-30
M002811,蕭心怡,銀卡,N/A,1964-02-28,2016-03-06,2026-04-30
M006356,何美玲,銀卡,台中市,1988-09-06,2015-07-11,2026-04-30
M003510,劉雅婷,白金,新竹市,1985-11-05,2021-10-13,2026-05-31
M005230,張郁婷,銀卡,桃園市,1963-01-08,2021-11-07,2026-04-30
M007744,高郁婷,金卡,台中市,1998-05-16,2015-07-29,2026-04-30
M007434,羅雅婷,白金,新北市,1987-04-26,2019-12-08,2026-05-31
M003028,郭志明,銀卡,新北市,1980-11-11,2016-01-04,2026-04-30
M007333,林怡君,一般,台北市,1985-11-06,2022-10-29,2026-04-30
M003960,廖欣怡,一般,桃園市,1990-01-03,2022-12-23,2026-04-30
M001407,葉怡君,一般,新北市,1992-07-25,2023-09-23,2026-04-30
M003473,徐家豪,一般,新竹市,1964-05-06,2017-05-12,2026-04-30
M002123,謝雅婷,一般,基隆市,1982-10-13,2023-09-16,2026-04-30
M003213,葉美玲,銀卡,基隆市,1979-06-26,2016-12-25,2026-04-30
M004435,吳怡君,金卡,桃園市,2000-06-02,2018-07-24,2026-04-30
M001538,黃郁婷,銀卡,台中市,1965-07-16,2015-02-28,2026-04-30
M004945,廖雅婷,白金,宜蘭縣,1984-12-11,2025-11-18,2026-04-30
M006949,黃建宏,白金,宜蘭縣,1900-01-01,2018-08-01,2026-04-30
M003998,陳彥廷,一般,高雄市,1977-05-03,2025-02-22,2026-04-30
M007594,羅欣怡,銀卡,台中市,1985-11-03,2015-01-05,2026-04-30
M004250,江詩涵,銀卡,新北市,1985-01-25,2021-05-08,2026-04-30
M002620,潘淑芬,白金,台南市,1996-04-22,2023-08-29,2026-04-30
M005236,呂柏翰,金卡,基隆市,1967-04-20,2021-08-06,2026-04-30
M002937,林美玲,金卡,高雄市,1991-06-11,2015-08-01,2026-04-30
M006022,周俊傑,銀卡,新竹市,1986-02-03,2022-04-29,2026-04-30
M004347,劉俊宏,銀卡,桃園市,1990-07-06,2017-09-10,2026-04-30
M001887,蘇冠宇,一般,高雄市,1990-07-14,2020-06-03,2026-04-30
M000319,黃宗翰,銀卡,台北市,1960-09-10,2024-12-22,2026-04-30
M006077,何詩涵,銀卡,高雄市,1999-12-06,2020-05-23,2026-04-30
M000550,曾雅婷,金卡,高雄市,1978-04-28,2022-11-17,2026-04-30
M005706,林俊宏,白金,桃園市,1982-09-09,2025-09-17,2026-04-30
M000845,劉宗翰,銀卡,宜蘭縣,2001-03-31,2016-07-21,2026-04-30
M001796,蕭郁婷,金卡,桃園市,1968-02-17,2025-08-11,2026-04-30
M001028,許雅婷,一般,台中市,1978-02-27,2015-05-03,2026-04-30
M000503,周雅雯,金卡,桃園市,1984-04-19,2015-08-29,2026-04-30
M007881,賴佩珊,金卡,新竹市,1970-09-06,2019-12-18,2026-04-30
M006617,劉家豪,白金,台南市,1972-08-30,2024-02-24,2026-04-30
M001235,徐宗翰,金卡,彰化縣,1969-07-02,2024-05-25,2026-04-30
M004866,賴俊傑,一般,高雄市,2000-10-08,2015-07-03,2026-04-30
M007851,陳心怡,金卡,台北市,1965-09-13,2015-06-12,2026-04-30
M005563,徐宗翰,白金,台中市,1990-03-21,2024-03-25,2026-05-31
M004023,蔡承翰,一般,高雄市,1995-05-24,2017-02-19,2026-04-30
M003984,莊美玲,一般,桃園市,2000-03-27,2015-05-03,2026-04-30
M006089,廖家豪,白金,宜蘭縣,1970-11-12,2018-09-20,2026-04-30
M000953,洪家豪,白金,宜蘭縣,1978-02-05,2024-11-14,2026-06-30
M000195,呂美玲,白金,台北市,1972-09-05,2018-07-20,2026-04-30
M004995,陳欣怡,一般,基隆市,1998-05-03,2019-11-12,2026-04-30
M001984,蔡郁婷,金卡,新竹市,1968-05-22,2015-11-08,2026-04-30
M002096,李佩珊,白金,宜蘭縣,2000-02-09,2019-05-30,2026-04-30
M004169,鄭雅雯,白金,台北市,1998-01-18,2016-07-19,2026-04-30
M006016,潘雅雯,銀卡,高雄市,1970-01-19,2021-12-01,2026-04-30
M006859,葉宗翰,金卡,新竹市,1979-10-28,2025-10-13,2026-04-30
M003448,江心怡,白金,台中市,1975-03-11,2015-09-23,2026-04-30
M001693,潘俊宏,金卡,基隆市,1974-04-02,2021-07-23,2026-04-30
M003813,蔡宗翰,白金,宜蘭縣,1984-05-11,2025-01-31,2026-04-30
M004686,賴郁婷,一般,宜蘭縣,1960-02-13,2024-02-11,2026-04-30
M000301,葉欣怡,金卡,宜蘭縣,1984-07-09,2022-10-08,2026-04-30
M000423,羅俊傑,一般,桃園市,1995-02-13,2020-02-08,2026-04-30
M007688,謝志明,白金,彰化縣,1981-06-29,2016-08-22,2026-05-31
M004248,賴志明,一般,高雄市,1960-09-25,2019-08-23,2026-04-30
M002815,何柏翰,白金,高雄市,2001-06-29,2019-05-01,2026-04-30
M003930,江志明,一般,台北市,1999-09-12,2017-07-03,2026-04-30
M004384,蘇郁婷,一般,台北市,1995-11-15,2018-07-04,2026-04-30
M005580,謝俊宏,金卡,宜蘭縣,1999-06-02,2019-09-28,2026-04-30
M004927,陳郁婷,一般,彰化縣,1988-06-16,2022-07-27,2026-04-30
M001990,鄭詩涵,金卡,宜蘭縣,1977-09-30,2019-05-14,2026-04-30
M000208,江怡君,金卡,台南市,1962-06-12,2019-04-09,2026-04-30
M000708,邱佩珊,銀卡,宜蘭縣,1900-01-01,2015-06-10,2026-04-30
M007167,周俊宏,白金,基隆市,1993-04-15,2017-02-05,2026-04-30
M000054,黃柏翰,白金,台北市,1987-06-08,2024-08-17,2026-04-30
M000736,鄭欣怡,金卡,桃園市,1969-04-16,2025-09-03,2026-04-30
M006142,呂怡君,銀卡,基隆市,1963-09-15,2018-06-05,2026-04-30
M003784,何詩涵,金卡,桃園市,1968-06-19,2025-02-13,2026-04-30
M001467,洪佩珊,一般,宜蘭縣,1985-05-22,2018-06-20,2026-04-30
M004383,葉淑芬,金卡,台南市,1987-03-11,2020-01-22,2026-04-30
M001139,高郁婷,銀卡,台中市,1987-09-06,2020-08-25,2026-04-30
M003419,江俊宏,銀卡,宜蘭縣,1971-01-04,2017-01-20,2026-04-30
M007680,蘇柏翰,一般,基隆市,1993-03-11,2022-11-07,2026-04-30
M002658,王雅婷,白金,台中市,1998-10-30,2024-08-17,2026-04-30
M002061,蕭承翰,一般,彰化縣,1973-01-15,2018-09-17,2026-04-30
M000546,陳彥廷,白金,基隆市,1965-08-05,2019-06-11,2026-04-30
M007393,廖建宏,白金,台南市,1984-10-30,2022-01-30,2026-04-30
M002157,廖佩珊,白金,桃園市,1994-01-20,2023-10-01,2026-04-30
M001562,羅建宏,銀卡,台中市,2002-08-09,2015-09-15,2026-04-30
M005393,蘇宗翰,銀卡,新竹市,1981-12-26,2021-04-10,2026-04-30
M006665,林怡君,一般,台中市,1961-11-16,2016-02-27,2026-04-30
M006872,何彥廷,金卡,基隆市,2003-06-25,2019-04-18,2026-04-30
M007015,蕭詩涵,金卡,基隆市,1963-03-02,2022-02-19,2026-04-30
M001589,何淑芬,白金,基隆市,1965-12-05,2023-05-26,2026-04-30
M001329,蕭佩珊,一般,新北市,1962-09-18,2023-08-31,2026-05-31
M000586,鄭雅雯,金卡,基隆市,1979-06-07,2022-09-15,2026-04-30
M004188,徐雅雯,金卡,台中市,1971-01-19,2024-08-23,2026-06-30
M005639,黃雅婷,一般,高雄市,1974-08-15,2019-05-14,2026-05-31
M006960,邱承翰,白金,基隆市,1987-06-16,2020-03-21,2026-04-30
M006092,洪詩涵,銀卡,高雄市,1984-09-11,2021-04-10,2026-04-30
M000375,廖俊宏,白金,基隆市,1988-05-04,2018-02-01,2026-04-30
M005568,黃彥廷,白金,基隆市,1973-05-20,2015-08-03,2026-04-30
M000205,許雅婷,白金,彰化縣,1964-02-09,2018-07-01,2026-05-31
M004851,吳建宏,銀卡,桃園市,1997-03-05,2022-12-09,2026-05-31
M001366,王欣怡,一般,基隆市,1971-02-23,2016-03-01,2026-04-30
M007828,賴美玲,一般,基隆市,1982-11-02,2023-07-20,2026-04-30
M002314,郭詩涵,銀卡,新北市,1965-10-25,2021-09-11,2026-04-30
M002288,蕭佩珊,金卡,桃園市,1994-01-25,2024-12-16,2026-04-30
M003303,廖俊傑,金卡,桃園市,1992-02-02,2025-06-29,2026-06-30
M000152,蘇志明,一般,台北市,1965-08-26,2019-12-13,2026-04-30
M001212,劉佩珊,一般,台南市,1967-10-11,2019-12-23,2026-04-30
M002995,劉美玲,金卡,台中市,1971-11-04,2015-06-26,2026-04-30
M001904,林建宏,白金,台南市,1988-08-19,2016-06-03,2026-04-30
M007239,莊承翰,銀卡,新竹市,1976-11-01,2017-10-20,2026-04-30
M002953,張彥廷,一般,台中市,1965-01-07,2019-01-12,2026-04-30
M004390,徐彥廷,銀卡,宜蘭縣,1979-12-10,2016-03-25,2026-04-30
M002643,莊雅婷,銀卡,桃園市,1991-11-01,2020-03-25,2026-04-30
M007443,陳宗翰,一般,彰化縣,1985-07-20,2022-04-28,2026-04-30
M006860,曾淑芬,一般,桃園市,1991-12-31,2025-08-22,2026-04-30
M004280,曾家豪,一般,台南市,1992-12-02,2020-09-04,2026-04-30
M005435,潘淑芬,一般,台南市,1978-04-16,2023-12-23,2026-04-30
M007908,鄭佩珊,白金,台中市,1993-11-25,2015-05-24,2026-04-30
M003079,謝心怡,銀卡,彰化縣,1991-04-29,2016-07-25,2026-04-30
M004625,李欣怡,白金,新竹市,1995-05-03,2018-04-19,2026-05-31
M003494,蕭俊傑,銀卡,台北市,1995-08-12,2019-08-03,2026-04-30
M004393,賴宗翰,白金,彰化縣,1995-06-13,2025-05-29,2026-04-30
M000631,呂雅雯,白金,台北市,1990-05-22,2025-02-25,2026-04-30
M003243,郭雅婷,銀卡,高雄市,1960-11-03,2021-04-30,2026-04-30
M004109,蕭郁婷,金卡,基隆市,1962-09-04,2025-06-22,2026-04-30
M005080,謝雅雯,一般,台北市,1997-10-21,2024-12-16,2026-04-30
M003729,李柏翰,白金,高雄市,1989-12-04,2016-09-02,2026-04-30
M006722,劉美玲,銀卡,台中市,1994-11-12,2019-02-12,2026-04-30
M001198,蔡建宏,一般,新竹市,1972-04-09,2025-03-31,2026-04-30
M002138,李冠宇,一般,基隆市,1987-11-09,2018-05-06,2026-04-30
M004585,楊淑芬,金卡,宜蘭縣,2002-01-27,2020-04-30,2026-04-30
M005887,劉佩珊,銀卡,彰化縣,1981-09-28,2021-12-12,2026-04-30
M006931,周彥廷,一般,新竹市,2002-11-29,2016-03-03,2026-04-30
M002333,邱詩涵,金卡,宜蘭縣,1988-12-27,2020-10-04,2026-04-30
M005225,何志明,白金,高雄市,1996-05-12,2018-04-04,2026-05-31
M007121,鄭承翰,白金,高雄市,1997-06-18,2016-07-08,2026-04-30
M004860,黃志明,白金,新北市,1997-12-24,2018-06-01,2026-04-30
M007282,謝冠宇,一般,桃園市,1977-07-03,2022-05-20,2026-04-30
M001605,蘇美玲,白金,宜蘭縣,1972-09-25,2015-05-23,2026-04-30
M007560,廖美玲,一般,高雄市,2000-07-04,2022-01-03,2026-04-30
M003223,吳冠宇,一般,彰化縣,1988-05-20,2016-08-10,2026-04-30
M006281,鄭彥廷,金卡,桃園市,1984-08-14,2019-10-01,2026-04-30
M003943,謝宗翰,一般,新竹市,1993-01-01,2017-06-04,2026-04-30
M006336,葉佩珊,金卡,彰化縣,1995-06-21,2018-12-14,2026-04-30
M004810,邱俊傑,白金,新北市,1974-05-24,2025-03-22,2026-04-30
M004071,陳彥廷,一般,桃園市,1981-10-04,2021-02-14,2026-04-30
M002211,李家豪,金卡,高雄市,1989-03-19,2019-01-19,2026-04-30
M006093,陳欣怡,金卡,基隆市,1978-03-05,2019-02-12,2026-06-30
M003925,江雅婷,金卡,台南市,1960-08-10,2025-11-24,2026-04-30
M003734,何詩涵,白金,彰化縣,1996-04-05,2015-10-21,2026-04-30
M002279,劉淑芬,白金,新北市,1972-08-15,2017-09-27,2026-04-30
M001155,吳淑芬,一般,基隆市,1968-01-19,2023-01-13,2026-04-30
M002554,劉詩涵,一般,台北市,1972-08-16,2016-09-24,2026-04-30
M002199,楊家豪,銀卡,彰化縣,1979-11-30,2023-12-23,2026-04-30
M005525,周詩涵,銀卡,新北市,1961-06-21,2025-05-20,2026-04-30
M004663,莊心怡,白金,新北市,2001-01-12,2023-06-13,2026-04-30
M005378,楊美玲,白金,台北市,1970-09-07,2015-10-05,2026-04-30
M000118,黃郁婷,白金,新北市,1964-01-22,2016-02-01,2026-04-30
M001964,李宗翰,金卡,台中市,1983-11-13,2017-12-29,2026-04-30
M006578,邱欣怡,金卡,新北市,1974-03-13,2025-09-14,2026-04-30
M003417,徐俊宏,銀卡,基隆市,1973-02-04,2016-02-05,2026-04-30
M001772,賴俊宏,一般,台中市,1972-02-23,2016-11-10,2026-04-30
M006846,徐心怡,一般,宜蘭縣,1982-12-20,2023-03-28,2026-04-30
M002935,黃佩珊,一般,台中市,1961-01-18,2025-11-04,2026-04-30
M005942,許家豪,銀卡,彰化縣,1975-08-26,2020-04-02,2026-05-31
M006692,蔡冠宇,金卡,台北市,1994-08-26,2019-07-15,2026-04-30
M004235,洪彥廷,銀卡,台南市,1962-10-31,2025-12-05,2026-04-30
M000766,周彥廷,白金,桃園市,1987-09-05,2021-10-03,2026-06-30
M002837,蔡雅雯,銀卡,桃園市,1999-07-01,2024-01-25,2026-04-30
M002087,曾彥廷,白金,桃園市,1986-03-31,2024-01-24,2026-04-30
M005517,李詩涵,白金,彰化縣,1984-08-09,2019-11-06,2026-04-30
M005269,廖俊宏,金卡,彰化縣,1966-07-13,2018-05-22,2026-04-30
M005359,何俊宏,一般,基隆市,1989-02-11,2017-08-05,2026-04-30
M006689,蔡建宏,白金,彰化縣,1997-10-02,2020-05-30,2026-04-30
M005146,劉美玲,銀卡,台中市,1982-07-20,2021-07-11,2026-04-30
M001634,邱彥廷,一般,彰化縣,1999-11-16,2016-08-22,2026-04-30
M007668,潘淑芬,白金,基隆市,2002-08-15,2018-08-07,2026-04-30
M005761,謝怡君,一般,新北市,1995-06-17,2024-05-31,2026-04-30
M004505,曾志明,金卡,新北市,1961-10-27,2016-04-20,2026-04-30
M002959,林柏翰,金卡,基隆市,1969-01-26,2016-08-24,2026-04-30
M005073,葉柏翰,金卡,台南市,1968-11-29,2016-08-18,2026-04-30
M003385,江怡君,金卡,高雄市,1984-07-22,2024-02-04,2026-04-30
M003420,劉俊宏,銀卡,基隆市,1981-12-10,2024-12-11,2026-06-30
M001101,許詩涵,銀卡,台北市,1966-08-07,2021-04-09,2026-04-30
M000739,李淑芬,白金,宜蘭縣,1986-03-24,2022-07-25,2026-06-30
M003591,吳雅婷,金卡,台北市,1993-01-16,2021-02-15,2026-04-30
M006464,蕭雅雯,一般,台南市,1971-10-02,2019-06-15,2026-04-30
M001163,蕭淑芬,金卡,桃園市,1985-12-26,2016-05-17,2026-04-30
M006106,謝彥廷,銀卡,台南市,1972-10-10,2020-02-02,2026-04-30
M003340,江承翰,銀卡,台中市,1973-03-25,2023-01-27,2026-05-31
M006168,高怡君,金卡,桃園市,1996-08-06,2015-03-31,2026-04-30
M006365,張建宏,金卡,新竹市,1961-09-01,2019-09-03,2026-04-30
M007575,葉美玲,銀卡,新竹市,1964-09-15,2022-06-04,2026-04-30
M005687,徐俊宏,一般,台南市,1977-06-21,2023-05-25,2026-04-30
M003190,賴志明,銀卡,新北市,1963-11-13,2020-09-16,2026-04-30
M002235,王俊傑,金卡,桃園市,1986-04-10,2017-04-26,2026-04-30
M006241,廖詩涵,金卡,基隆市,1990-01-25,2015-12-02,2026-04-30
M001533,謝承翰,一般,高雄市,1988-03-21,2021-05-24,2026-04-30
M006560,王雅婷,一般,台北市,1979-07-29,2022-06-08,2026-04-30
M002808,邱郁婷,銀卡,宜蘭縣,1966-06-08,2018-05-19,2026-04-30
M003885,蕭承翰,金卡,台中市,1966-09-24,2017-11-01,2026-04-30
M001727,蕭俊宏,白金,台北市,1973-02-25,2025-12-08,2026-04-30
M006942,張雅雯,金卡,新北市,1974-05-26,2021-11-16,2026-04-30
M002897,廖淑芬,白金,台南市,1965-09-04,2018-11-06,2026-04-30
M000704,楊志明,銀卡,台北市,1999-03-25,2016-03-04,2026-04-30
M000769,高建宏,銀卡,台北市,1991-07-24,2018-08-10,2026-04-30
M007609,謝郁婷,白金,彰化縣,1963-06-10,2021-06-28,2026-04-30
M000078,曾美玲,一般,彰化縣,1960-02-09,2016-03-26,2026-04-30
M001223,潘承翰,白金,桃園市,1963-09-11,2022-12-17,2026-04-30
M005843,王俊傑,白金,基隆市,1989-07-30,2024-08-15,2026-04-30
M003142,邱志明,銀卡,基隆市,1986-10-31,2023-01-22,2026-04-30
M002902,劉俊宏,一般,彰化縣,2002-09-01,2024-09-10,2026-04-30
M000404,王雅婷,金卡,桃園市,1979-12-04,2019-03-02,2026-05-31
M002198,蔡美玲,銀卡,台北市,1979-02-24,2022-06-28,2026-04-30
M005338,謝雅婷,金卡,新北市,1985-11-30,2018-09-29,2026-04-30
M004535,洪志明,白金,彰化縣,1993-09-19,2025-04-13,2026-04-30
M004004,徐承翰,白金,高雄市,1994-10-13,2025-06-22,2026-04-30
M003954,鄭佩珊,一般,宜蘭縣,1989-06-18,2016-09-14,2026-04-30
M002947,呂怡君,一般,台南市,1976-12-14,2016-04-11,2026-04-30
M005108,邱柏翰,白金,彰化縣,1970-09-09,2024-06-09,2026-04-30
M000595,呂彥廷,金卡,台中市,1974-04-30,2017-06-15,2026-04-30
M001855,鄭家豪,金卡,台南市,1997-06-27,2015-02-21,2026-04-30
M005779,呂家豪,銀卡,新北市,1997-01-07,2018-10-09,2026-06-30
M001508,劉俊傑,白金,基隆市,1996-04-27,2023-10-30,2026-04-30
M000446,江雅雯,一般,高雄市,1985-06-28,2021-01-20,2026-06-30
M007793,江彥廷,白金,彰化縣,1974-04-26,2021-07-19,2026-04-30
M004840,許俊宏,一般,宜蘭縣,1970-09-25,2023-02-14,2026-04-30
M003232,何宗翰,一般,彰化縣,1965-10-15,2025-03-20,2026-04-30
M006689,蔡建宏,白金,彰化縣,1997-10-02,2020-05-30,2026-06-30
M004628,葉宗翰,金卡,台北市,1998-06-06,2024-04-13,2026-04-30
M000541,徐怡君,金卡,台中市,1979-12-05,2019-02-28,2026-05-31
M004011,高建宏,銀卡,新北市,1993-10-26,2016-01-30,2026-04-30
M000148,周佩珊,銀卡,新竹市,1960-08-23,2015-12-09,2026-04-30
M007742,莊淑芬,銀卡,彰化縣,1996-07-04,2025-07-19,2026-04-30
M005647,劉志明,銀卡,新北市,1994-01-14,2015-12-25,2026-04-30
M001824,江冠宇,白金,台南市,1966-05-11,2021-06-30,2026-04-30
M000286,高雅雯,白金,台南市,1972-09-18,2019-03-09,2026-04-30
M006631,葉佩珊,金卡,台中市,1961-10-28,2017-02-01,2026-04-30
M007952,王郁婷,銀卡,宜蘭縣,1984-04-03,2021-11-30,2026-04-30
M000753,蕭詩涵,一般,桃園市,1964-06-08,2019-12-07,2026-06-30
M002831,曾俊宏,銀卡,基隆市,1984-02-28,2024-11-30,2026-04-30
M000996,李彥廷,白金,桃園市,1973-06-15,2016-12-26,2026-04-30
M007606,郭淑芬,金卡,新竹市,2003-05-27,2025-03-18,2026-04-30
M006371,莊雅婷,一般,新北市,1978-04-16,2025-11-01,2026-04-30
M004434,陳郁婷,銀卡,新北市,1968-02-28,2024-01-18,2026-04-30
M004954,郭怡君,銀卡,台北市,1962-03-19,2018-08-22,2026-04-30
M002961,李柏翰,銀卡,新竹市,1986-03-22,2024-10-23,2026-04-30
M005649,王心怡,金卡,彰化縣,1970-12-04,2017-07-19,2026-04-30
M004206,謝佩珊,一般,高雄市,1973-05-05,2018-06-19,2026-04-30
M002428,蔡雅婷,金卡,台南市,1970-06-01,2023-09-27,2026-04-30
M007259,李柏翰,白金,台南市,1991-01-09,2025-04-08,2026-04-30
M005900,何建宏,銀卡,彰化縣,1979-06-25,2022-07-28,2026-04-30
M005200,蔡雅雯,一般,基隆市,1991-07-23,2015-07-17,2026-04-30
M003876,鄭雅雯,一般,台北市,1977-05-19,2021-02-22,2026-04-30
M000800,李欣怡,金卡,桃園市,1991-08-17,2015-06-17,2026-04-30
M003040,謝淑芬,金卡,台中市,1963-09-14,2020-04-04,2026-04-30
M007152,何志明,一般,宜蘭縣,1971-08-02,2018-01-15,2026-04-30
M005864,劉志明,銀卡,彰化縣,1986-05-16,2016-05-20,2026-04-30
M003570,謝俊傑,銀卡,新竹市,1993-09-17,2025-10-07,2026-04-30
M003959,郭承翰,金卡,台北市,1961-10-20,2020-06-11,2026-06-30
M007184,許雅雯,金卡,台中市,1974-06-22,2020-02-28,2026-04-30
M006475,鄭怡君,一般,彰化縣,1994-05-12,2021-08-04,2026-04-30
M007655,蕭欣怡,一般,宜蘭縣,1969-03-03,2016-01-05,2026-04-30
M003879,呂建宏,一般,基隆市,1980-12-03,2023-06-08,2026-04-30
M004552,莊冠宇,金卡,台南市,1988-02-19,2017-09-07,2026-04-30
M006863,鄭怡君,金卡,台南市,1974-07-31,2019-07-22,2026-04-30
M002588,葉心怡,金卡,台北市,1977-06-30,2016-08-24,2026-04-30
M001856,蕭宗翰,金卡,新北市,1991-06-21,2020-09-11,2026-04-30
M002474,周承翰,銀卡,高雄市,1983-02-06,2021-04-12,2026-04-30
M004632,陳俊傑,白金,台北市,1973-11-18,2023-12-22,2026-04-30
M002806,邱郁婷,白金,新竹市,2001-07-08,2018-11-29,2026-04-30
M007537,蕭家豪,一般,基隆市,1983-01-10,2025-09-04,2026-04-30
M007918,楊宗翰,金卡,基隆市,1963-01-07,2018-06-15,2026-04-30
M004064,陳宗翰,金卡,高雄市,1973-06-12,2025-05-08,2026-04-30
M006987,陳欣怡,一般,彰化縣,1962-05-28,2023-05-09,2026-04-30
M006343,謝俊傑,金卡,高雄市,1985-03-29,2018-12-09,2026-04-30
M003999,洪美玲,白金,高雄市,1993-01-28,2018-11-20,2026-04-30
M004970,邱淑芬,一般,台北市,1983-11-27,2015-12-09,2026-04-30
M006572,吳冠宇,白金,新竹市,1980-09-30,2023-05-22,2026-04-30
M003207,劉家豪,白金,台南市,1972-07-14,2024-10-08,2026-04-30
M006512,蘇欣怡,一般,新北市,1983-12-22,2023-11-24,2026-04-30
M002922,王承翰,一般,基隆市,1962-11-07,2016-01-09,2026-04-30
M002158,蘇詩涵,金卡,桃園市,1989-03-09,2018-06-23,2026-04-30
M003432,邱彥廷,白金,新竹市,1963-08-07,2021-05-25,2026-04-30
M001678,洪志明,一般,彰化縣,1962-07-30,2025-03-02,2026-04-30
M003924,邱詩涵,銀卡,宜蘭縣,1975-01-24,2021-07-10,2026-04-30
M006383,張家豪,白金,桃園市,1966-08-06,2024-09-21,2026-04-30
M003691,蘇心怡,銀卡,台南市,1967-06-18,2015-10-28,2026-04-30
M003682,蔡家豪,一般,台南市,1966-01-10,2018-10-18,2026-04-30
M007913,劉彥廷,金卡,桃園市,1964-05-01,2019-08-15,2026-04-30
M005599,謝冠宇,金卡,基隆市,2003-01-07,2016-05-31,2026-06-30
M001792,蘇心怡,白金,新北市,1989-03-28,2020-06-27,2026-05-31
M002691,吳宗翰,銀卡,新北市,1993-10-12,2019-07-05,2026-04-30
M004215,葉心怡,金卡,台中市,2000-06-10,2015-06-27,2026-04-30
M006062,邱建宏,白金,新北市,1987-12-09,2021-01-10,2026-04-30
M003903,鄭心怡,白金,新北市,1998-12-12,2018-06-13,2026-04-30
M001289,羅淑芬,白金,台南市,1960-07-19,2024-09-18,2026-04-30
M004806,莊美玲,銀卡,台中市,1966-08-11,2021-04-02,2026-04-30
M001996,賴淑芬,一般,台中市,1984-03-17,2018-01-26,2026-04-30
M003820,蕭建宏,白金,彰化縣,2001-10-22,2018-01-29,2026-04-30
M007457,潘志明,一般,台北市,1989-01-15,2019-10-24,2026-04-30
M003919,劉柏翰,一般,高雄市,1980-02-17,2024-10-18,2026-04-30
M000431,呂彥廷,白金,基隆市,1985-09-27,2017-05-23,2026-04-30
M004782,賴志明,金卡,新竹市,1989-11-02,2021-05-13,2026-04-30
M006245,徐郁婷,一般,彰化縣,1995-10-27,2018-09-05,2026-04-30
M001118,莊柏翰,白金,宜蘭縣,1967-10-08,2017-05-13,2026-04-30
M002257,鄭佩珊,金卡,新竹市,1973-11-30,2020-07-06,2026-04-30
M005340,葉家豪,金卡,新北市,1990-04-05,2022-06-25,2026-04-30
M000794,莊彥廷,白金,宜蘭縣,1986-09-02,2023-09-12,2026-06-30
M006075,林俊宏,白金,基隆市,1962-07-26,2015-10-30,2026-04-30
M004570,高志明,金卡,彰化縣,1990-12-27,2023-02-09,2026-04-30
M002427,王俊宏,金卡,台北市,1966-05-13,2024-12-08,2026-06-30
M000619,羅欣怡,銀卡,宜蘭縣,1999-03-03,2015-01-18,2026-04-30
M007630,高郁婷,白金,宜蘭縣,1961-10-03,2020-04-22,2026-04-30
M001840,何詩涵,白金,桃園市,1961-02-06,2015-08-26,2026-04-30
M005216,張佩珊,銀卡,宜蘭縣,1990-12-30,2024-02-29,2026-04-30
M004725,蕭冠宇,一般,宜蘭縣,2000-07-16,2024-01-16,2026-04-30
M000697,曾宗翰,銀卡,彰化縣,1983-03-31,2023-03-28,2026-04-30
M001284,郭柏翰,白金,N/A,2003-09-17,2021-05-09,2026-04-30
M004088,呂宗翰,白金,新竹市,1999-11-07,2022-09-24,2026-04-30
M002135,邱宗翰,白金,基隆市,1967-04-10,2021-10-30,2026-04-30
M005121,蕭冠宇,金卡,新北市,1980-02-19,2019-06-27,2026-04-30
M000456,李郁婷,白金,彰化縣,1965-06-21,2023-04-20,2026-05-31
M006065,葉怡君,金卡,高雄市,1964-08-19,2023-01-19,2026-04-30
M007909,江雅雯,銀卡,台北市,1969-10-23,2021-04-10,2026-04-30
M006178,周雅雯,金卡,新竹市,1962-07-05,2020-11-14,2026-04-30
M001122,楊詩涵,白金,彰化縣,1968-03-16,2024-06-24,2026-06-30
M006875,張美玲,一般,台中市,1989-10-02,2016-07-18,2026-04-30
M006955,曾冠宇,白金,台北市,1997-02-20,2018-12-16,2026-04-30
M006437,吳詩涵,金卡,宜蘭縣,1985-06-05,2020-12-21,2026-04-30
M007387,陳怡君,白金,新竹市,1966-04-27,2021-08-27,2026-04-30
M007111,周彥廷,銀卡,高雄市,1989-01-24,2016-11-24,2026-04-30
M003517,許欣怡,白金,新北市,1961-12-23,2015-07-30,2026-04-30
M005424,張宗翰,白金,彰化縣,1975-12-11,2019-04-12,2026-04-30
M006673,黃俊傑,銀卡,台南市,1970-02-25,2015-09-01,2026-04-30
M004835,王家豪,銀卡,桃園市,1966-05-11,2022-02-04,2026-04-30
M004089,鄭冠宇,一般,高雄市,1980-02-08,2022-08-07,2026-04-30
M007637,呂美玲,一般,基隆市,2001-02-22,2023-01-30,2026-04-30
M001357,劉佩珊,白金,新竹市,1985-05-11,2019-10-23,2026-04-30
M001759,陳冠宇,白金,台北市,1983-07-02,2018-05-10,2026-04-30
M003823,陳冠宇,白金,台中市,1998-04-27,2015-12-17,2026-04-30
M005710,徐淑芬,銀卡,宜蘭縣,1980-02-23,2020-08-28,2026-04-30
M002412,王美玲,一般,台北市,1982-04-28,2023-12-23,2026-04-30
M002766,郭彥廷,金卡,高雄市,1980-09-02,2019-06-11,2026-04-30
M001915,呂雅雯,銀卡,台南市,1983-05-03,2015-11-27,2026-04-30
M005578,賴詩涵,一般,台中市,1967-02-08,2025-08-06,2026-04-30
M001291,劉柏翰,白金,新北市,1995-06-18,2024-09-22,2026-04-30
M006527,蕭俊宏,白金,高雄市,1967-07-02,2024-11-13,2026-04-30
M003154,謝俊傑,白金,彰化縣,1988-09-25,2017-05-23,2026-04-30
M007145,高承翰,銀卡,台南市,1962-06-12,2023-12-21,2026-04-30
M001024,何欣怡,一般,台南市,1979-10-25,2019-08-28,2026-04-30
M003060,林詩涵,銀卡,台中市,1985-10-08,2025-07-07,2026-04-30
M001909,徐宗翰,金卡,基隆市,1975-12-12,2024-01-22,2026-04-30
M007165,鄭俊傑,一般,基隆市,1978-02-09,2022-04-23,2026-04-30
M007760,潘家豪,白金,台南市,1976-12-21,2015-12-31,2026-04-30
M003077,蘇承翰,白金,宜蘭縣,1964-02-11,2024-07-29,2026-04-30
M006761,莊志明,金卡,台中市,1993-10-10,2016-01-28,2026-04-30
M000145,莊家豪,一般,基隆市,1993-04-17,2020-07-18,2026-04-30
M001553,莊淑芬,白金,桃園市,1961-12-22,2019-10-15,2026-04-30
M005341,謝家豪,金卡,台北市,1997-04-30,2020-11-13,2026-04-30
M004711,蕭家豪,銀卡,宜蘭縣,1971-05-14,2022-09-25,2026-06-30
M002870,羅志明,金卡,台南市,1974-06-02,2025-03-23,2026-04-30
M005994,陳美玲,銀卡,基隆市,1985-07-13,2024-11-24,2026-04-30
M007796,張志明,一般,桃園市,2003-05-26,2024-11-28,2026-04-30
M000944,蘇志明,白金,台中市,1987-12-08,2015-03-05,2026-04-30
M005318,蔡志明,金卡,台南市,2001-08-09,2015-08-15,2026-04-30
M007810,蘇怡君,一般,基隆市,2000-12-18,2021-07-07,2026-04-30
M005499,鄭承翰,白金,基隆市,1983-02-14,2020-06-12,2026-04-30
M003709,葉欣怡,金卡,N/A,2000-01-06,2023-07-28,2026-04-30
M003520,許郁婷,一般,台北市,1985-12-13,2020-07-08,2026-04-30
M004717,莊宗翰,金卡,新北市,2001-11-02,2024-09-02,2026-04-30
M006193,蔡詩涵,銀卡,基隆市,1963-08-07,2018-01-16,2026-04-30
M003322,羅心怡,一般,台南市,1984-06-17,2016-09-21,2026-04-30
M002985,謝建宏,一般,高雄市,1998-08-02,2015-02-20,2026-04-30
M006614,李郁婷,一般,彰化縣,1981-09-10,2018-06-26,2026-04-30
M000512,陳佩珊,銀卡,台中市,2001-03-18,2021-04-22,2026-04-30
M004615,羅美玲,白金,桃園市,1995-12-04,2015-12-13,2026-04-30
M000910,賴建宏,金卡,桃園市,1970-09-06,2017-02-05,2026-04-30
M007088,楊志明,白金,新北市,1996-11-23,2018-12-14,2026-04-30
M001214,邱雅婷,金卡,彰化縣,1982-02-23,2023-08-10,2026-04-30
M006187,黃志明,銀卡,基隆市,1961-10-21,2020-03-15,2026-04-30
M001604,邱欣怡,白金,新竹市,1992-11-02,2018-07-30,2026-04-30
M007439,高宗翰,銀卡,高雄市,1995-06-17,2020-10-22,2026-05-31
M004772,林美玲,白金,新竹市,1978-01-14,2021-01-18,2026-05-31
M000568,陳志明,一般,宜蘭縣,1970-03-15,2021-02-12,2026-06-30
M007811,楊佩珊,金卡,彰化縣,2002-07-02,2020-05-23,2026-06-30
M001245,周怡君,銀卡,桃園市,1988-10-04,2021-03-18,2026-04-30
M007629,黃郁婷,金卡,基隆市,1998-07-12,2022-03-21,2026-04-30
M003047,潘家豪,一般,新北市,1968-10-29,2025-11-26,2026-04-30
M004934,周俊宏,金卡,台北市,1980-10-01,2017-05-01,2026-04-30
M006271,李志明,金卡,台中市,1978-03-23,2018-02-06,2026-05-31
M007220,吳詩涵,一般,高雄市,1970-03-03,2022-09-17,2026-04-30
M001194,黃俊傑,銀卡,高雄市,1999-10-14,2019-09-08,2026-04-30
M005035,張詩涵,白金,宜蘭縣,1969-12-06,2023-09-30,2026-04-30
M007507,林柏翰,一般,彰化縣,1960-06-27,2017-08-15,2026-04-30
M004484,葉雅婷,金卡,新北市,1982-10-13,2018-04-02,2026-04-30
M006593,江佩珊,金卡,台南市,1975-07-14,2023-09-09,2026-04-30
M001848,高美玲,一般,宜蘭縣,1982-04-15,2018-06-04,2026-04-30
M006409,謝家豪,一般,台中市,1968-02-04,2024-11-14,2026-04-30
M006905,陳欣怡,白金,新北市,1991-06-25,2019-03-23,2026-06-30
M001515,李承翰,白金,台北市,1976-09-13,2019-10-25,2026-04-30
M006807,李彥廷,白金,桃園市,1978-07-31,2025-03-30,2026-04-30
M005054,周志明,銀卡,宜蘭縣,1988-02-09,2016-02-14,2026-04-30
M001900,呂志明,銀卡,台北市,1989-10-15,2021-05-09,2026-04-30
M000581,黃建宏,銀卡,桃園市,1987-12-30,2020-09-23,2026-04-30
M000250,曾怡君,銀卡,宜蘭縣,1998-05-16,2020-07-27,2026-04-30
M005530,鄭怡君,一般,基隆市,1991-09-25,2023-03-13,2026-04-30
M003333,劉俊傑,白金,基隆市,1983-10-31,2015-06-07,2026-04-30
M004352,王郁婷,金卡,台中市,1988-04-24,2025-06-09,2026-05-31
M004386,張怡君,白金,新竹市,1986-04-16,2021-05-08,2026-04-30
M007135,羅家豪,白金,台南市,1964-03-30,2017-12-09,2026-04-30
M004937,曾欣怡,一般,彰化縣,1995-09-01,2017-06-08,2026-04-30
M001786,吳美玲,白金,新北市,1976-05-12,2018-10-07,2026-04-30
M006136,徐宗翰,金卡,高雄市,1975-05-19,2023-04-06,2026-06-30
M001241,呂欣怡,銀卡,台南市,1988-04-12,2023-07-02,2026-04-30
M004283,黃佩珊,金卡,台中市,1981-11-05,2020-02-09,2026-04-30
M005816,張詩涵,白金,台北市,1990-05-04,2021-07-30,2026-04-30
M005575,蔡佩珊,銀卡,高雄市,1984-02-15,2025-03-27,2026-04-30
M005539,林柏翰,銀卡,高雄市,1962-07-01,2025-04-02,2026-04-30
M000952,王欣怡,一般,高雄市,1962-02-17,2019-11-23,2026-04-30
M007453,邱詩涵,一般,新北市,1995-07-10,2019-11-20,2026-04-30
M003738,徐美玲,一般,台南市,1961-12-29,2016-02-28,2026-04-30
M006541,葉郁婷,一般,高雄市,1992-12-25,2016-04-19,2026-04-30
M007151,高志明,一般,彰化縣,1979-05-16,2015-11-11,2026-04-30
M003555,吳佩珊,白金,彰化縣,1984-08-06,2016-05-09,2026-04-30
M000187,吳淑芬,銀卡,基隆市,1987-07-23,2022-03-06,2026-04-30
M004401,高雅雯,銀卡,宜蘭縣,1967-07-12,2017-11-14,2026-04-30
M007627,賴佩珊,金卡,新北市,1970-01-04,2021-09-20,2026-04-30
M005943,郭冠宇,一般,新竹市,2002-06-29,2015-07-20,2026-04-30
M007713,葉怡君,金卡,新北市,2000-07-13,2021-04-02,2026-05-31
M005920,周冠宇,一般,台中市,1989-05-09,2019-09-28,2026-04-30
M007836,周雅婷,銀卡,新北市,1969-07-31,2020-01-23,2026-04-30
M001146,呂家豪,白金,彰化縣,1960-07-08,2017-05-18,2026-04-30
M001804,江怡君,銀卡,台北市,1961-11-18,2019-05-25,2026-04-30
M001982,吳佩珊,白金,新竹市,1995-06-23,2019-03-12,2026-04-30
M007955,江美玲,一般,新北市,1961-10-06,2020-11-25,2026-04-30
M003856,江冠宇,金卡,新竹市,1967-12-05,2024-02-09,2026-04-30
M001278,莊雅雯,白金,台北市,1979-06-23,2019-07-19,2026-06-30
M001494,呂淑芬,白金,基隆市,1975-12-02,2020-02-21,2026-04-30
M007212,楊俊宏,一般,彰化縣,1982-09-21,2017-10-21,2026-04-30
M006724,羅冠宇,白金,新北市,1989-06-27,2024-02-12,2026-04-30
M006573,廖詩涵,銀卡,基隆市,1971-11-05,2019-11-27,2026-04-30
M002012,蕭雅婷,銀卡,桃園市,1974-07-17,2021-03-14,2026-04-30
M001014,呂雅雯,銀卡,台中市,1996-08-10,2025-06-20,2026-04-30
M000958,張承翰,銀卡,台北市,1961-08-28,2018-04-25,2026-04-30
M003387,林欣怡,白金,桃園市,1996-04-13,2023-10-19,2026-04-30
M002130,高宗翰,銀卡,基隆市,1969-04-04,2018-12-27,2026-04-30
M003256,李雅雯,金卡,基隆市,1960-10-27,2023-02-04,2026-04-30
M007122,何郁婷,銀卡,宜蘭縣,1900-01-01,2021-10-11,2026-04-30
M006581,郭雅婷,白金,基隆市,1999-07-03,2021-05-05,2026-04-30
M004756,蕭俊宏,一般,台北市,1972-10-06,2021-09-23,2026-04-30
M000591,廖俊傑,白金,新北市,1990-01-29,2018-04-08,2026-04-30
M007340,葉俊傑,一般,台中市,1962-05-08,2020-11-26,2026-04-30
M004742,莊建宏,白金,新北市,1991-06-06,2023-03-15,2026-04-30
M007559,蔡家豪,銀卡,新竹市,1970-10-20,2018-02-05,2026-04-30
M003835,王柏翰,一般,新竹市,1962-10-15,2015-03-23,2026-04-30
M002870,羅志明,白金,台南市,1974-06-02,2025-03-23,2026-06-30
M005467,劉承翰,銀卡,台北市,1992-12-12,2023-03-11,2026-04-30
M001378,江雅雯,金卡,彰化縣,1999-10-21,2018-08-14,2026-04-30
M002281,莊宗翰,銀卡,台南市,1985-06-22,2016-03-09,2026-04-30
M005766,郭家豪,銀卡,台北市,1969-12-09,2016-12-27,2026-06-30
M002756,賴心怡,白金,桃園市,1988-04-19,2015-09-14,2026-04-30
M001348,呂建宏,銀卡,新竹市,1994-04-27,2024-10-16,2026-04-30
M000829,吳俊傑,白金,高雄市,1999-09-19,2015-04-13,2026-04-30
M002411,邱欣怡,銀卡,彰化縣,2000-09-28,2025-07-28,2026-04-30
M005683,羅宗翰,銀卡,桃園市,1967-01-12,2022-06-20,2026-05-31
M005826,呂怡君,一般,台北市,1993-09-09,2022-11-05,2026-04-30
M002999,葉俊宏,一般,基隆市,1960-01-31,2020-02-19,2026-04-30
M005201,洪柏翰,金卡,高雄市,1999-08-25,2021-05-30,2026-04-30
M002962,吳心怡,銀卡,台南市,1969-03-23,2024-03-14,2026-04-30
M004400,呂家豪,金卡,桃園市,1989-02-02,2020-12-11,2026-04-30
M000160,吳家豪,金卡,宜蘭縣,1971-01-20,2021-05-29,2026-04-30
M002318,楊俊宏,金卡,宜蘭縣,1971-11-26,2021-08-02,2026-04-30
M001843,張美玲,一般,新竹市,1962-04-08,2017-02-16,2026-04-30
M000130,蘇美玲,一般,桃園市,1964-01-31,2024-03-17,2026-04-30
M007866,蔡佩珊,白金,高雄市,1994-11-13,2019-07-14,2026-04-30
M005989,許怡君,一般,桃園市,1991-04-23,2016-04-17,2026-04-30
M004438,潘心怡,一般,N/A,1984-11-22,2019-09-26,2026-04-30
M006048,鄭怡君,一般,桃園市,1964-04-10,2020-08-13,2026-04-30
M000696,賴雅雯,白金,宜蘭縣,1982-06-22,2019-12-08,2026-04-30
M004343,曾欣怡,一般,高雄市,1976-03-20,2015-09-19,2026-05-31
M003127,吳佩珊,一般,彰化縣,1968-03-20,2018-08-30,2026-04-30
M005819,張佩珊,金卡,宜蘭縣,1983-05-01,2021-01-11,2026-04-30
M007444,周雅婷,銀卡,台北市,1960-03-13,2022-09-25,2026-04-30
M004447,廖家豪,金卡,高雄市,1980-07-01,2024-01-14,2026-04-30
M002084,何家豪,白金,N/A,1989-06-14,2023-05-29,2026-04-30
M006043,劉柏翰,白金,高雄市,1981-12-29,2024-06-13,2026-04-30
M006866,蔡美玲,一般,台南市,1995-05-08,2020-09-12,2026-04-30
M005646,高家豪,銀卡,彰化縣,1964-02-05,2023-05-02,2026-04-30
M000567,蘇郁婷,金卡,新竹市,1977-11-09,2022-10-18,2026-04-30
M003477,周柏翰,一般,宜蘭縣,1962-08-28,2018-12-22,2026-04-30
M003534,鄭雅雯,一般,桃園市,2001-10-15,2017-12-26,2026-04-30
M007469,謝彥廷,白金,新北市,1981-04-12,2023-06-21,2026-04-30
M001539,蕭柏翰,白金,台中市,1969-02-16,2016-09-13,2026-04-30
M007295,鄭雅雯,金卡,基隆市,1964-12-28,2023-04-25,2026-04-30
M005437,高淑芬,金卡,桃園市,1969-08-25,2015-03-02,2026-04-30
M007117,劉宗翰,一般,桃園市,1973-02-07,2015-11-18,2026-04-30
M000098,蔡雅婷,銀卡,彰化縣,1991-05-01,2024-11-24,2026-04-30
M007857,謝欣怡,金卡,台北市,1964-11-23,2016-09-28,2026-04-30
M003631,高俊傑,一般,高雄市,2001-04-08,2020-05-22,2026-04-30
M003365,呂俊傑,金卡,基隆市,1986-07-08,2021-01-22,2026-04-30
M003841,許心怡,銀卡,台北市,1990-01-11,2019-05-26,2026-06-30
M002361,林美玲,金卡,基隆市,1972-08-12,2020-11-30,2026-04-30
M004595,許俊傑,金卡,新北市,1961-09-02,2019-10-16,2026-04-30
M003307,羅欣怡,金卡,桃園市,1978-07-06,2015-12-17,2026-04-30
M000680,葉志明,金卡,宜蘭縣,1997-10-17,2023-01-30,2026-04-30
M007693,洪詩涵,銀卡,基隆市,1976-11-24,2023-01-07,2026-04-30
M002296,洪柏翰,一般,高雄市,1985-02-25,2019-12-05,2026-04-30
M005293,江怡君,金卡,台北市,1962-03-16,2016-09-14,2026-04-30
M006882,高怡君,一般,新北市,1960-11-16,2015-08-10,2026-04-30
M000685,李怡君,一般,彰化縣,1978-05-05,2016-08-05,2026-04-30
M006597,羅承翰,白金,台中市,1976-08-18,2024-08-26,2026-04-30
M001813,潘淑芬,金卡,新北市,1997-12-21,2015-07-07,2026-04-30
M006998,邱建宏,金卡,彰化縣,1991-08-02,2018-12-07,2026-04-30
M004749,黃詩涵,金卡,台北市,1975-06-10,2017-08-10,2026-04-30
M002689,郭俊宏,白金,台南市,1969-04-03,2021-07-14,2026-04-30
M001115,賴俊宏,一般,台北市,1983-08-01,2016-07-26,2026-04-30
M003770,潘柏翰,金卡,新竹市,1985-03-26,2024-07-05,2026-04-30
M002270,郭美玲,白金,宜蘭縣,1978-07-17,2023-07-14,2026-04-30
M007436,莊怡君,銀卡,宜蘭縣,1980-06-10,2020-11-25,2026-04-30
M002203,江冠宇,白金,台北市,2003-06-14,2016-09-04,2026-04-30
M004209,許淑芬,一般,基隆市,1976-01-19,2015-09-26,2026-04-30
M005506,曾心怡,銀卡,高雄市,1996-08-29,2019-03-03,2026-04-30
M005968,鄭雅雯,白金,基隆市,1978-08-31,2018-08-04,2026-04-30
M005988,謝建宏,一般,基隆市,1992-03-28,2019-08-30,2026-04-30
M007440,黃佩珊,銀卡,高雄市,1995-07-16,2025-06-04,2026-04-30
M005659,周郁婷,銀卡,台北市,1974-05-17,2024-07-27,2026-05-31
M007550,羅淑芬,白金,台南市,2002-09-22,2018-09-09,2026-05-31
M006211,吳怡君,金卡,台中市,1991-09-06,2020-07-15,2026-04-30
M000176,洪家豪,金卡,台南市,1968-08-16,2019-09-23,2026-04-30
M004846,賴郁婷,金卡,台南市,1977-05-19,2018-04-22,2026-06-30
M007177,徐彥廷,金卡,台南市,1985-09-23,2024-06-02,2026-04-30
M002251,許俊宏,白金,基隆市,1981-01-09,2015-11-28,2026-06-30
M007506,鄭志明,銀卡,宜蘭縣,1972-06-25,2019-02-18,2026-04-30
M005829,鄭俊宏,銀卡,台北市,1990-04-10,2015-10-14,2026-04-30
M003323,劉承翰,金卡,高雄市,1981-09-27,2023-08-04,2026-04-30
M004670,許美玲,金卡,高雄市,1969-09-06,2023-09-06,2026-04-30
M007768,鄭雅雯,銀卡,台中市,1978-01-10,2024-12-16,2026-04-30
M007192,賴志明,金卡,桃園市,1983-03-20,2022-09-10,2026-04-30
M001563,吳俊宏,白金,基隆市,1976-01-14,2015-10-03,2026-04-30
M000287,蕭俊宏,金卡,台中市,1982-12-06,2018-08-31,2026-04-30
M000302,陳欣怡,金卡,台北市,1972-01-16,2016-02-21,2026-04-30
M006620,高冠宇,一般,新竹市,1991-10-29,2016-06-18,2026-04-30
M002498,鄭俊傑,一般,高雄市,1967-03-26,2021-07-20,2026-04-30
M002073,徐美玲,金卡,新竹市,1982-08-24,2016-08-09,2026-04-30
M000987,廖怡君,白金,台南市,1964-02-01,2015-03-02,2026-04-30
M004856,張冠宇,金卡,高雄市,1994-12-31,2017-06-08,2026-06-30
M005845,周俊傑,金卡,宜蘭縣,1988-07-25,2015-07-25,2026-04-30
M006275,劉志明,一般,台南市,1978-08-05,2025-03-16,2026-04-30
M004453,張欣怡,一般,新北市,2003-10-11,2019-10-15,2026-05-31
M002165,郭美玲,金卡,基隆市,1977-03-15,2018-02-17,2026-04-30
M004418,郭彥廷,銀卡,高雄市,1977-02-07,2018-06-14,2026-05-31
M006891,陳彥廷,金卡,彰化縣,1976-05-31,2022-09-29,2026-04-30
M006725,呂心怡,白金,N/A,1962-08-24,2022-06-09,2026-04-30
M006387,葉雅婷,一般,高雄市,1989-03-03,2021-10-16,2026-04-30
M003766,林雅婷,金卡,新北市,1988-08-19,2019-07-27,2026-04-30
M002621,莊美玲,金卡,高雄市,1961-01-13,2019-07-01,2026-04-30
M005348,鄭郁婷,白金,台中市,1997-08-30,2019-07-31,2026-04-30
M007416,張承翰,一般,台南市,1968-08-07,2022-10-12,2026-04-30
M005861,葉怡君,銀卡,台中市,1986-06-24,2023-03-24,2026-04-30
M006456,李欣怡,一般,高雄市,1961-02-16,2020-09-20,2026-04-30
M003325,邱怡君,白金,台中市,1961-01-27,2022-03-16,2026-04-30
M000859,徐冠宇,白金,台中市,1987-11-26,2016-05-20,2026-04-30
M001522,郭詩涵,一般,新竹市,1982-07-10,2025-09-08,2026-04-30
M007930,蔡淑芬,一般,桃園市,1968-02-24,2022-11-10,2026-04-30
M002706,廖心怡,金卡,台北市,1990-01-14,2022-01-18,2026-04-30
M004350,江彥廷,白金,彰化縣,1970-01-24,2025-06-15,2026-06-30
M004739,莊俊傑,白金,台北市,1996-04-18,2021-06-07,2026-04-30
M002558,洪怡君,金卡,新竹市,1964-10-04,2023-12-28,2026-04-30
M000585,廖冠宇,銀卡,台南市,1986-03-16,2020-07-13,2026-05-31
M001264,陳建宏,一般,基隆市,1983-06-30,2024-09-30,2026-04-30
M003681,洪佩珊,銀卡,新竹市,1996-04-06,2015-05-11,2026-04-30
M004200,賴怡君,白金,台南市,1989-04-03,2018-03-12,2026-04-30
M004704,吳郁婷,金卡,基隆市,1969-03-24,2015-07-03,2026-04-30
M007334,劉宗翰,銀卡,基隆市,1964-07-17,2023-04-07,2026-04-30
M006719,廖彥廷,銀卡,基隆市,1990-05-28,2024-11-02,2026-04-30
M006001,江志明,金卡,彰化縣,2003-07-16,2015-11-18,2026-04-30
M003454,何欣怡,白金,新北市,1991-07-22,2017-01-01,2026-04-30
M004087,廖宗翰,一般,新北市,1994-03-28,2022-05-06,2026-04-30
M007497,謝宗翰,金卡,高雄市,1963-04-10,2020-07-30,2026-04-30
M000137,潘志明,一般,桃園市,1978-08-22,2023-10-07,2026-04-30
M003686,吳俊宏,銀卡,新北市,1990-12-08,2020-12-10,2026-04-30
M005012,邱雅婷,白金,台北市,1966-02-28,2017-04-12,2026-04-30
M001743,羅柏翰,銀卡,桃園市,1993-09-14,2016-01-14,2026-04-30
M006364,潘宗翰,一般,基隆市,1994-05-02,2020-12-22,2026-04-30
M002246,蕭雅雯,一般,桃園市,1986-12-28,2018-10-10,2026-04-30
M002858,何心怡,金卡,台北市,1981-07-08,2018-09-10,2026-04-30
M003597,黃志明,銀卡,高雄市,2000-11-24,2019-10-27,2026-04-30
M006848,楊彥廷,白金,台北市,1972-08-15,2024-10-20,2026-05-31
M006650,羅彥廷,金卡,宜蘭縣,2001-05-21,2015-06-15,2026-04-30
M001374,何彥廷,白金,新北市,1999-09-18,2015-06-13,2026-04-30
M001152,徐欣怡,銀卡,宜蘭縣,1982-02-27,2025-08-17,2026-04-30
M002581,許建宏,銀卡,彰化縣,1989-11-07,2024-11-10,2026-06-30
M003183,莊冠宇,白金,桃園市,1999-01-06,2018-09-04,2026-04-30
M000169,呂詩涵,金卡,台中市,1985-05-26,2017-08-19,2026-05-31
M000505,賴雅婷,金卡,台南市,1983-03-06,2019-05-02,2026-04-30
M007561,徐宗翰,銀卡,桃園市,1984-09-28,2016-01-20,2026-04-30
M000904,周建宏,金卡,高雄市,1986-04-13,2016-10-18,2026-04-30
M007672,賴承翰,銀卡,宜蘭縣,1988-05-03,2015-10-08,2026-04-30
M000911,呂冠宇,銀卡,台北市,1999-07-20,2021-05-15,2026-04-30
M007409,莊彥廷,一般,N/A,1978-10-21,2017-04-28,2026-04-30
M007871,劉柏翰,一般,基隆市,1977-07-27,2016-04-09,2026-04-30
M003851,曾家豪,金卡,宜蘭縣,1966-03-17,2016-06-25,2026-04-30
M004605,黃詩涵,銀卡,彰化縣,1973-10-01,2021-09-16,2026-04-30
M006006,王詩涵,白金,高雄市,1987-11-01,2025-06-24,2026-04-30
M005031,江心怡,銀卡,基隆市,1960-11-17,2021-02-15,2026-04-30
M007832,許家豪,白金,彰化縣,1967-08-16,2020-01-23,2026-04-30
M006329,廖淑芬,一般,彰化縣,1993-01-06,2024-02-10,2026-04-30
M007781,江俊宏,銀卡,新竹市,1997-10-08,2025-01-06,2026-04-30
M005753,黃承翰,金卡,台南市,1972-10-30,2024-01-26,2026-04-30
M003420,劉俊宏,銀卡,宜蘭縣,1981-12-10,2024-12-11,2026-04-30
M003543,何雅雯,銀卡,台北市,1976-06-08,2019-06-01,2026-04-30
M004153,廖承翰,一般,台南市,1963-11-30,2022-03-20,2026-04-30
M000196,周家豪,白金,基隆市,1991-05-31,2024-11-05,2026-04-30
M001338,黃怡君,一般,台北市,1998-03-18,2016-06-10,2026-04-30
M006125,張承翰,金卡,桃園市,1978-01-31,2024-01-07,2026-04-30
M001755,許建宏,一般,桃園市,1961-03-11,2023-10-26,2026-04-30
M000525,黃承翰,金卡,新北市,1965-11-21,2018-09-27,2026-04-30
M000639,潘彥廷,白金,台北市,1995-04-22,2025-06-17,2026-06-30
M005053,廖佩珊,一般,台中市,1999-04-11,2020-08-19,2026-04-30
M005149,郭美玲,一般,桃園市,1969-06-03,2021-01-30,2026-04-30
M000706,呂柏翰,一般,桃園市,2003-05-24,2023-05-17,2026-04-30
M004904,賴詩涵,白金,台南市,1983-06-12,2018-08-25,2026-04-30
M001879,張美玲,金卡,台北市,1962-10-23,2019-09-16,2026-04-30
M001778,呂郁婷,銀卡,台南市,2002-03-17,2018-06-20,2026-06-30
M007717,周宗翰,一般,彰化縣,1992-09-28,2020-01-14,2026-04-30
M001387,葉佩珊,金卡,新竹市,1984-05-29,2018-10-14,2026-04-30
M003300,林彥廷,一般,桃園市,1971-08-26,2019-04-05,2026-04-30
M002007,潘雅婷,銀卡,新北市,1986-03-06,2023-01-20,2026-04-30
M003965,賴家豪,白金,桃園市,1998-07-22,2023-09-03,2026-04-30
M000682,郭佩珊,白金,新竹市,1983-08-28,2018-10-16,2026-04-30
M007399,許冠宇,銀卡,新北市,1988-12-14,2024-08-08,2026-04-30
M003953,曾彥廷,金卡,新竹市,1997-09-30,2020-11-12,2026-04-30
M000907,徐俊傑,白金,台南市,1990-01-29,2019-04-04,2026-05-31
M001458,謝志明,一般,高雄市,1970-07-01,2017-10-05,2026-04-30
M004216,羅郁婷,一般,桃園市,1976-10-15,2022-11-26,2026-04-30
M000997,李柏翰,白金,台南市,1995-07-20,2024-04-07,2026-04-30
M005457,楊雅雯,銀卡,高雄市,2001-07-03,2024-09-25,2026-04-30
M007782,徐佩珊,一般,台中市,1992-12-25,2019-02-04,2026-04-30
M005224,葉欣怡,金卡,彰化縣,1995-05-31,2025-01-21,2026-04-30
M000045,曾冠宇,銀卡,高雄市,1988-03-24,2018-02-21,2026-04-30
M003230,葉志明,金卡,新北市,1993-05-06,2015-10-05,2026-04-30
M003405,洪淑芬,白金,新竹市,1990-11-11,2015-09-06,2026-04-30
M002998,廖詩涵,一般,高雄市,1990-03-29,2025-09-27,2026-04-30
M007869,呂冠宇,金卡,台南市,1975-05-17,2019-03-18,2026-04-30
M006255,徐彥廷,銀卡,宜蘭縣,1963-09-10,2020-06-20,2026-04-30
M001978,楊柏翰,金卡,台北市,1987-08-15,2020-08-09,2026-04-30
M004678,張佩珊,一般,彰化縣,1975-05-27,2019-09-09,2026-04-30
M003549,楊志明,白金,桃園市,1993-01-27,2024-07-22,2026-04-30
M003629,張宗翰,金卡,彰化縣,1994-09-19,2024-08-28,2026-04-30
M002115,羅家豪,一般,台中市,1973-05-28,2019-05-23,2026-04-30
M006806,許淑芬,銀卡,新北市,1973-03-12,2015-03-07,2026-04-30
M001987,葉雅婷,金卡,新北市,1966-01-17,2015-10-07,2026-04-30
M003760,楊雅婷,金卡,桃園市,1980-08-15,2023-05-02,2026-04-30
M003564,曾詩涵,白金,彰化縣,1964-12-07,2022-09-05,2026-04-30
M005677,曾俊傑,一般,彰化縣,1971-03-28,2021-02-24,2026-04-30
M004597,張雅婷,白金,高雄市,1975-10-16,2016-06-30,2026-05-31
M005737,鄭詩涵,白金,新北市,1970-05-05,2016-10-17,2026-04-30
M006608,高欣怡,一般,台中市,1968-10-23,2024-01-20,2026-04-30
M002100,葉佩珊,金卡,台南市,1967-01-15,2021-08-20,2026-04-30
M006894,張怡君,白金,彰化縣,1989-12-16,2021-07-27,2026-04-30
M005844,吳冠宇,銀卡,新竹市,1992-01-12,2024-04-10,2026-04-30
M002822,徐冠宇,白金,新北市,1984-03-17,2018-12-31,2026-04-30
M006784,鄭彥廷,一般,高雄市,1988-05-25,2018-11-03,2026-04-30
M002873,郭承翰,一般,台南市,1968-10-05,2019-10-25,2026-04-30
M000974,郭心怡,銀卡,新北市,1972-01-31,2024-01-15,2026-04-30
M006750,王宗翰,金卡,基隆市,1984-07-29,2024-10-02,2026-04-30
M004294,江欣怡,銀卡,新北市,1969-11-01,2023-12-16,2026-04-30
M004675,王淑芬,銀卡,宜蘭縣,1998-02-05,2023-02-21,2026-04-30
M007765,邱雅婷,白金,台南市,1996-04-30,2015-04-18,2026-04-30
M000900,李俊宏,白金,基隆市,1999-04-08,2015-08-08,2026-04-30
M005503,陳承翰,金卡,台南市,1973-08-29,2025-04-12,2026-04-30
M004084,蕭建宏,白金,高雄市,1996-05-27,2017-06-01,2026-04-30
M003857,何建宏,金卡,桃園市,2002-03-30,2021-03-25,2026-04-30
M005428,楊郁婷,白金,新北市,1969-10-29,2018-07-08,2026-04-30
M006695,蕭彥廷,一般,基隆市,1975-06-13,2016-05-04,2026-04-30
M006869,黃詩涵,銀卡,台南市,1977-06-26,2015-08-28,2026-05-31
M000581,黃建宏,銀卡,宜蘭縣,1987-12-30,2020-09-23,2026-05-31
M000909,陳家豪,金卡,宜蘭縣,1967-11-22,2022-02-08,2026-04-30
M007215,洪冠宇,銀卡,台北市,1977-08-27,2021-04-01,2026-04-30
M004281,江欣怡,一般,台北市,1960-12-14,2016-03-02,2026-04-30
M000556,呂欣怡,銀卡,台中市,1999-05-08,2018-10-04,2026-04-30
M002974,郭柏翰,白金,基隆市,1960-03-05,2025-07-23,2026-04-30
M000314,呂志明,銀卡,宜蘭縣,1993-08-10,2016-08-06,2026-04-30
M005324,張家豪,銀卡,高雄市,1964-09-20,2020-08-13,2026-04-30
M002769,周詩涵,一般,高雄市,1986-02-04,2019-11-12,2026-04-30
M006978,呂承翰,金卡,桃園市,1963-10-11,2021-10-29,2026-04-30
M001162,羅志明,銀卡,基隆市,1995-02-01,2018-01-26,2026-04-30
M000691,蘇雅婷,一般,桃園市,1965-03-12,2017-06-01,2026-05-31
M004989,曾建宏,白金,宜蘭縣,1975-03-03,2020-03-28,2026-04-30
M001736,蔡詩涵,銀卡,台南市,1960-04-09,2024-03-15,2026-04-30
M002618,郭雅婷,白金,台北市,1969-03-13,2019-04-13,2026-04-30
M006542,葉雅雯,白金,台南市,1971-05-09,2022-09-09,2026-06-30
M005314,李冠宇,白金,台中市,1967-04-12,2020-01-27,2026-04-30
M000913,張詩涵,銀卡,基隆市,1991-03-14,2025-10-26,2026-04-30
M006019,楊怡君,銀卡,宜蘭縣,1967-10-01,2022-01-31,2026-04-30
M006017,洪雅婷,白金,宜蘭縣,1967-03-31,2016-01-31,2026-04-30
M002721,莊雅雯,金卡,彰化縣,1979-02-05,2021-05-01,2026-04-30
M006635,許承翰,金卡,高雄市,1965-02-09,2017-10-05,2026-04-30
M005055,郭建宏,一般,台中市,1974-08-13,2022-03-07,2026-04-30
M003345,蔡家豪,銀卡,彰化縣,1970-08-31,2024-12-21,2026-04-30
M004353,蔡淑芬,一般,高雄市,2001-11-09,2021-08-12,2026-04-30
M005946,羅彥廷,金卡,基隆市,1986-08-04,2019-04-11,2026-04-30
M007657,洪柏翰,白金,宜蘭縣,1992-04-28,2025-10-05,2026-06-30
M006276,何詩涵,一般,基隆市,1961-05-25,2016-05-09,2026-04-30
M005131,何欣怡,白金,台南市,1992-07-18,2022-06-30,2026-04-30
M003000,黃雅婷,一般,台中市,1981-09-09,2019-12-23,2026-05-31
M002140,吳美玲,白金,彰化縣,1996-09-15,2024-02-19,2026-04-30
M006154,廖彥廷,金卡,桃園市,1986-10-03,2020-05-14,2026-04-30
M000030,潘俊宏,銀卡,高雄市,1993-06-14,2021-07-19,2026-04-30
M001185,蔡美玲,一般,台南市,1968-05-30,2020-02-09,2026-04-30
M001175,周冠宇,銀卡,新竹市,1987-05-14,2017-02-09,2026-04-30
M004489,呂柏翰,一般,台北市,1969-12-29,2016-07-18,2026-04-30
M007859,呂雅雯,一般,新北市,1973-03-04,2016-01-19,2026-04-30
M007797,葉佩珊,金卡,彰化縣,2002-12-26,2019-05-12,2026-04-30
M004859,賴雅雯,一般,台北市,1966-10-23,2024-01-05,2026-04-30
M006995,曾俊傑,白金,新竹市,1995-09-13,2023-07-22,2026-04-30
M002492,葉彥廷,銀卡,基隆市,1988-04-10,2019-10-03,2026-04-30
M004902,羅俊宏,白金,台南市,1971-07-16,2019-09-21,2026-04-30
M000927,蘇欣怡,一般,新竹市,1988-09-30,2025-04-30,2026-04-30
M004030,張心怡,金卡,新竹市,1963-06-13,2018-07-15,2026-06-30
M005018,呂欣怡,銀卡,高雄市,1963-10-03,2016-12-25,2026-04-30
M003047,潘家豪,一般,台北市,1968-10-29,2025-11-26,2026-06-30
M004966,周淑芬,金卡,新竹市,1974-11-29,2022-08-27,2026-04-30
M004679,林俊傑,白金,高雄市,1974-02-02,2018-11-19,2026-06-30
M003327,林佩珊,白金,台南市,1975-06-19,2015-06-09,2026-04-30
M007273,許承翰,白金,N/A,1998-05-26,2019-04-18,2026-04-30
M002147,呂佩珊,白金,新北市,1998-07-14,2016-07-07,2026-06-30
M007071,潘宗翰,白金,新竹市,1977-11-06,2020-12-22,2026-04-30
M005274,鄭心怡,一般,台中市,1991-05-08,2020-04-06,2026-04-30
M002898,呂建宏,一般,台中市,1993-01-02,2017-05-22,2026-04-30
M004463,高雅雯,一般,基隆市,1999-05-25,2018-05-13,2026-04-30
M003211,潘淑芬,金卡,高雄市,1972-11-08,2022-08-09,2026-04-30
M005306,賴郁婷,一般,桃園市,1983-03-20,2023-01-31,2026-04-30
M007310,李柏翰,一般,新竹市,1988-04-29,2016-08-20,2026-04-30
M003348,高建宏,白金,台南市,1989-07-18,2019-01-30,2026-04-30
M000816,黃柏翰,白金,台北市,1994-10-09,2024-04-28,2026-04-30
M004249,蘇柏翰,白金,新北市,2001-02-02,2017-08-04,2026-04-30
M002268,李建宏,一般,新北市,1900-01-01,2018-07-12,2026-04-30
M000055,蘇詩涵,一般,台北市,1998-10-13,2019-07-04,2026-04-30
M001647,呂詩涵,銀卡,基隆市,1900-01-01,2023-07-07,2026-06-30
M007837,李美玲,金卡,基隆市,1976-03-23,2015-01-02,2026-04-30
M003252,黃家豪,銀卡,台北市,1997-09-28,2018-08-12,2026-04-30
M007292,劉承翰,一般,新北市,2000-09-02,2015-12-31,2026-04-30
M001612,蔡彥廷,白金,彰化縣,1988-11-14,2015-02-21,2026-04-30
M000714,張承翰,白金,新北市,1999-11-09,2019-12-29,2026-05-31
M000539,潘志明,金卡,台南市,1966-01-27,2015-04-01,2026-04-30
M001084,曾怡君,銀卡,宜蘭縣,1961-04-26,2017-08-05,2026-04-30
M005665,蕭佩珊,銀卡,基隆市,1985-01-09,2018-05-25,2026-04-30
M006270,楊宗翰,金卡,台北市,1972-12-15,2025-08-12,2026-04-30
M000416,楊彥廷,一般,基隆市,1900-01-01,2020-06-06,2026-04-30
M005577,蔡建宏,金卡,台南市,1993-06-08,2019-07-04,2026-04-30
M004892,江家豪,一般,台北市,2002-07-28,2021-03-18,2026-04-30
M007639,高郁婷,金卡,宜蘭縣,1983-04-21,2021-11-29,2026-04-30
M000276,徐怡君,銀卡,新北市,2001-04-08,2016-05-11,2026-04-30
M000877,陳建宏,金卡,新竹市,1988-02-14,2019-12-12,2026-04-30
M002664,葉雅婷,銀卡,台中市,1985-11-16,2019-02-23,2026-05-31
M002581,許建宏,銀卡,新北市,1989-11-07,2024-11-10,2026-04-30
M006072,郭心怡,銀卡,高雄市,1995-03-20,2021-09-25,2026-04-30
M000802,劉雅婷,金卡,宜蘭縣,1996-01-08,2022-08-28,2026-04-30
M006626,曾承翰,銀卡,新竹市,1996-10-27,2025-04-22,2026-04-30
M000686,洪欣怡,銀卡,台中市,1966-08-02,2015-06-21,2026-04-30
M006029,葉建宏,銀卡,高雄市,2003-03-19,2020-08-15,2026-04-30
M005061,潘雅雯,金卡,台南市,1978-07-04,2025-07-07,2026-04-30
M007585,劉美玲,白金,高雄市,2002-01-14,2020-06-20,2026-04-30
M000961,羅佩珊,金卡,彰化縣,2001-10-09,2016-11-03,2026-04-30
M005827,徐家豪,一般,基隆市,1980-02-14,2018-04-23,2026-04-30
M004031,呂郁婷,一般,宜蘭縣,1997-06-07,2020-04-03,2026-04-30
M001798,洪淑芬,白金,高雄市,1970-06-12,2021-11-28,2026-04-30
M006137,高欣怡,一般,台中市,1960-01-12,2016-11-13,2026-04-30
M000765,王怡君,一般,台南市,1968-10-05,2021-09-29,2026-04-30
M001882,林雅婷,銀卡,台南市,1971-09-08,2023-01-02,2026-04-30
M006044,徐建宏,一般,台北市,1967-06-20,2023-10-28,2026-04-30
M000865,陳冠宇,白金,新竹市,1961-01-29,2019-04-01,2026-04-30
M003200,林建宏,銀卡,新北市,2000-08-29,2022-05-15,2026-04-30
M002789,郭淑芬,金卡,宜蘭縣,1970-01-05,2018-01-24,2026-04-30
M000237,何柏翰,金卡,台中市,1984-08-06,2016-11-17,2026-06-30
M006113,謝欣怡,一般,桃園市,1985-06-02,2021-09-20,2026-04-30
M000382,蔡郁婷,白金,台北市,1999-08-27,2024-07-07,2026-04-30
M003578,潘心怡,白金,新北市,1960-08-15,2015-06-10,2026-04-30
M000215,廖彥廷,白金,基隆市,1974-04-01,2015-12-17,2026-04-30
M002596,葉雅婷,白金,台南市,1995-01-24,2023-10-12,2026-06-30
M001473,謝詩涵,一般,台南市,1964-12-07,2025-12-12,2026-04-30
M001761,吳彥廷,一般,台北市,1964-12-29,2025-09-01,2026-04-30
M005949,劉雅雯,一般,新竹市,1999-10-13,2020-01-09,2026-04-30
M001565,曾心怡,一般,彰化縣,1975-04-30,2016-03-12,2026-04-30
M007194,何志明,金卡,桃園市,1977-09-22,2020-08-23,2026-04-30
M006346,曾雅雯,金卡,新竹市,1984-11-28,2017-06-27,2026-06-30
M006746,徐家豪,白金,基隆市,1981-11-02,2023-03-21,2026-04-30
M004305,李詩涵,銀卡,台中市,1969-12-24,2023-12-31,2026-04-30
M002434,洪冠宇,銀卡,基隆市,1965-03-05,2020-10-03,2026-04-30
M002197,徐詩涵,白金,桃園市,1979-08-24,2020-10-13,2026-05-31
M001465,許宗翰,銀卡,基隆市,2001-08-29,2022-08-18,2026-04-30
M003314,吳冠宇,白金,彰化縣,1988-01-02,2025-10-20,2026-06-30
M007704,莊冠宇,一般,台北市,1977-01-02,2015-06-16,2026-04-30
M007454,何詩涵,銀卡,台南市,1968-06-17,2022-12-12,2026-04-30
M003931,謝雅雯,金卡,台北市,1967-11-16,2021-08-08,2026-04-30
M005958,楊欣怡,銀卡,台南市,1971-03-17,2024-11-13,2026-04-30
M003097,何家豪,一般,桃園市,1963-04-29,2020-11-14,2026-04-30
M003982,邱承翰,金卡,基隆市,1991-07-20,2015-11-12,2026-05-31
M000825,郭美玲,白金,台南市,1964-09-04,2016-12-20,2026-04-30
M001411,曾志明,白金,台中市,1960-06-01,2023-03-27,2026-05-31
M004910,曾雅雯,金卡,新竹市,1979-11-18,2019-07-26,2026-04-30
M002879,徐承翰,金卡,宜蘭縣,1990-06-18,2025-09-14,2026-04-30
M003874,邱郁婷,金卡,彰化縣,1993-05-18,2020-02-14,2026-04-30
M001959,潘彥廷,銀卡,基隆市,1966-06-13,2015-10-06,2026-04-30
M002722,吳詩涵,白金,新北市,1978-07-02,2024-12-03,2026-04-30
M000806,潘雅雯,金卡,高雄市,1986-07-22,2021-01-09,2026-06-30
M005185,蕭詩涵,一般,基隆市,1972-09-07,2020-08-13,2026-04-30
M000754,陳志明,白金,宜蘭縣,1991-10-01,2018-02-01,2026-04-30
M001503,呂宗翰,一般,彰化縣,1979-06-12,2017-11-23,2026-04-30
M003489,鄭詩涵,白金,N/A,1966-06-04,2017-06-18,2026-04-30
M005712,潘心怡,銀卡,桃園市,1994-09-07,2024-03-12,2026-04-30
M002713,楊淑芬,一般,新北市,1988-09-26,2016-08-04,2026-04-30
M001340,王建宏,一般,桃園市,1967-02-21,2024-11-01,2026-06-30
M002683,黃建宏,銀卡,宜蘭縣,1974-04-04,2024-12-18,2026-04-30
M006087,吳美玲,銀卡,桃園市,1999-02-01,2016-02-07,2026-04-30
M002259,邱詩涵,白金,宜蘭縣,1982-06-05,2023-03-13,2026-04-30
M005515,謝柏翰,一般,新北市,1971-09-10,2022-11-08,2026-04-30
M007552,吳美玲,一般,台中市,1973-07-03,2025-08-25,2026-04-30
M001446,潘建宏,一般,宜蘭縣,1982-01-22,2016-03-28,2026-04-30
M000824,許美玲,一般,宜蘭縣,1999-10-25,2025-10-21,2026-04-30
M007243,葉志明,金卡,台中市,1987-07-14,2015-03-28,2026-04-30
M004847,葉欣怡,白金,桃園市,1986-09-03,2023-06-22,2026-04-30
M001096,許俊宏,金卡,新北市,1960-04-06,2023-02-05,2026-04-30
M006199,陳彥廷,金卡,台南市,1995-11-17,2020-09-09,2026-04-30
M002119,邱建宏,金卡,台北市,1962-03-21,2023-08-15,2026-06-30
M004506,羅心怡,白金,台北市,1960-03-26,2025-01-31,2026-04-30
M005195,謝雅婷,金卡,台南市,1992-10-04,2018-04-09,2026-04-30
M004205,鄭宗翰,銀卡,桃園市,1987-01-17,2022-08-11,2026-04-30
M004914,王心怡,金卡,N/A,1981-06-08,2024-04-18,2026-04-30
M003272,林郁婷,白金,桃園市,1992-01-31,2016-06-16,2026-04-30
M004329,莊冠宇,一般,新北市,1971-01-22,2020-10-19,2026-04-30
M004224,潘雅婷,白金,桃園市,1982-10-05,2024-06-14,2026-04-30
M004024,周彥廷,銀卡,高雄市,1978-01-24,2018-04-01,2026-04-30
M004823,徐俊傑,銀卡,N/A,1980-07-08,2019-08-14,2026-04-30
M003633,何佩珊,銀卡,台中市,1975-01-29,2015-11-08,2026-04-30
M000775,郭怡君,金卡,台中市,1965-11-13,2016-03-05,2026-04-30
M000327,黃詩涵,白金,新北市,1984-01-06,2021-02-16,2026-04-30
M004543,徐詩涵,一般,宜蘭縣,1965-07-28,2021-02-16,2026-04-30
M001559,張美玲,一般,基隆市,1962-12-27,2023-12-24,2026-04-30
M003462,蕭雅婷,白金,台南市,1997-01-18,2020-04-25,2026-04-30
M001266,蔡建宏,一般,桃園市,1978-03-06,2025-03-13,2026-04-30
M001121,何俊傑,金卡,基隆市,1991-11-01,2015-11-07,2026-04-30
M002836,洪雅雯,金卡,台中市,1987-04-11,2020-12-21,2026-04-30
M006878,徐承翰,金卡,彰化縣,1994-11-23,2015-05-07,2026-04-30
M006601,林柏翰,金卡,宜蘭縣,1975-09-11,2019-03-28,2026-04-30
M006367,曾宗翰,白金,台北市,1980-05-24,2025-09-28,2026-04-30
M004526,洪心怡,銀卡,台南市,1974-06-02,2022-01-08,2026-04-30
M000080,蕭淑芬,金卡,高雄市,2001-09-12,2022-09-16,2026-04-30
M004906,葉俊宏,銀卡,台南市,1990-05-08,2025-02-26,2026-04-30
M006372,賴俊宏,白金,彰化縣,1991-01-18,2022-09-03,2026-04-30
M004385,蘇俊宏,銀卡,台北市,1982-02-21,2015-02-21,2026-05-31
M000853,楊俊宏,金卡,彰化縣,1985-10-06,2017-05-08,2026-04-30
M001593,羅淑芬,一般,基隆市,1975-01-27,2022-07-18,2026-04-30
M003846,蘇美玲,白金,台南市,1984-02-18,2017-02-26,2026-04-30
M001600,呂淑芬,銀卡,彰化縣,1968-01-03,2024-02-14,2026-04-30
M000822,邱心怡,銀卡,新竹市,1984-07-02,2020-11-10,2026-04-30
M001599,蔡俊傑,金卡,台中市,1964-10-11,2016-09-10,2026-04-30
M002430,李彥廷,金卡,彰化縣,1966-10-11,2016-04-09,2026-04-30
M001594,林欣怡,一般,基隆市,1985-07-14,2022-08-24,2026-04-30
M003716,周佩珊,一般,台南市,2000-08-18,2016-09-15,2026-04-30
M004783,鄭彥廷,金卡,新北市,2000-05-24,2017-11-27,2026-04-30
M004591,謝彥廷,金卡,高雄市,1961-07-07,2016-01-29,2026-04-30
M001704,高冠宇,白金,基隆市,1989-01-17,2015-09-24,2026-04-30
M003289,李淑芬,金卡,高雄市,1985-06-12,2019-09-04,2026-04-30
M001656,洪俊宏,白金,新竹市,1991-11-12,2021-06-21,2026-04-30
M002229,蘇俊宏,金卡,彰化縣,1978-01-05,2016-02-19,2026-04-30
M005326,吳雅雯,白金,台北市,1961-07-23,2017-11-25,2026-04-30
M007359,陳郁婷,一般,彰化縣,1992-02-14,2017-02-25,2026-04-30
M007561,徐宗翰,銀卡,宜蘭縣,1984-09-28,2016-01-20,2026-06-30
M004398,張承翰,金卡,新竹市,1962-05-10,2017-08-08,2026-04-30
M005309,洪柏翰,白金,台南市,1971-03-10,2016-07-17,2026-04-30
M001876,莊家豪,一般,宜蘭縣,1982-04-05,2019-01-18,2026-04-30
M002371,周彥廷,金卡,台北市,1961-09-05,2019-10-07,2026-05-31
M001384,何佩珊,白金,基隆市,1985-09-09,2016-03-21,2026-04-30
M001382,羅建宏,金卡,宜蘭縣,1972-12-19,2017-09-03,2026-04-30
M004557,周雅雯,金卡,基隆市,1986-08-29,2025-10-12,2026-06-30
M004750,楊心怡,銀卡,台中市,1988-12-29,2017-04-07,2026-04-30
M005201,洪柏翰,金卡,台北市,1999-08-25,2021-05-30,2026-06-30
M002916,黃雅婷,一般,基隆市,1979-05-22,2024-04-01,2026-04-30
M006713,廖心怡,白金,新北市,1972-11-14,2018-10-04,2026-04-30
M001114,李雅婷,白金,宜蘭縣,1976-07-29,2016-02-01,2026-04-30
M003447,楊雅雯,金卡,彰化縣,1985-08-27,2021-09-24,2026-04-30
M003501,許俊宏,一般,彰化縣,1974-11-22,2017-05-19,2026-04-30
M006558,黃雅婷,金卡,高雄市,1967-01-31,2025-09-18,2026-04-30
M000688,蘇佩珊,金卡,台中市,1981-05-09,2016-04-12,2026-04-30
M000370,鄭佩珊,一般,桃園市,1964-07-07,2018-08-02,2026-04-30
M006736,陳淑芬,白金,新竹市,1982-02-04,2020-07-25,2026-04-30
M003626,蕭雅婷,銀卡,台北市,1989-09-06,2015-08-18,2026-04-30
M006283,高彥廷,銀卡,台中市,1986-02-10,2020-07-24,2026-04-30
M001112,劉詩涵,銀卡,新竹市,1983-05-27,2025-11-01,2026-04-30
M005527,張家豪,金卡,台北市,1979-08-24,2023-07-04,2026-04-30
M001526,曾家豪,一般,高雄市,2002-10-10,2022-12-05,2026-04-30
M005754,廖雅婷,金卡,台北市,1971-06-14,2024-04-05,2026-04-30
M001071,林怡君,銀卡,台中市,2001-09-09,2016-02-29,2026-04-30
M004114,謝建宏,金卡,高雄市,1978-04-28,2024-09-02,2026-04-30
M007628,謝怡君,白金,高雄市,1980-05-03,2017-02-19,2026-04-30
M004833,蕭淑芬,白金,台南市,1981-12-29,2018-11-06,2026-04-30
M003039,張俊宏,白金,台中市,1977-10-12,2018-10-11,2026-04-30
M001074,劉美玲,金卡,宜蘭縣,1961-02-04,2023-07-26,2026-04-30
M000376,羅心怡,銀卡,高雄市,1995-05-31,2015-12-22,2026-04-30
M001365,徐建宏,銀卡,高雄市,1961-12-06,2016-02-08,2026-04-30
M003529,賴俊傑,銀卡,彰化縣,1961-12-13,2023-06-12,2026-04-30
M000126,廖雅雯,銀卡,桃園市,2002-03-09,2017-10-16,2026-04-30
M007277,謝淑芬,一般,高雄市,1987-12-23,2021-05-27,2026-04-30
M006795,高欣怡,一般,彰化縣,1973-01-13,2022-06-20,2026-04-30
M005310,許怡君,一般,基隆市,1977-05-26,2023-12-23,2026-04-30
M003023,邱柏翰,銀卡,台南市,1961-12-05,2016-02-06,2026-06-30
M005667,郭柏翰,白金,新北市,1962-06-22,2017-08-16,2026-06-30
M005181,徐雅雯,一般,桃園市,1968-03-26,2024-05-05,2026-04-30
M006723,周雅雯,一般,台北市,1966-12-04,2019-07-15,2026-04-30
M006036,許郁婷,金卡,桃園市,1981-11-22,2017-08-12,2026-04-30
M007687,賴佩珊,銀卡,台北市,1976-07-01,2025-02-01,2026-04-30
M002863,李雅雯,金卡,彰化縣,1968-03-29,2023-07-18,2026-04-30
M002964,潘美玲,白金,桃園市,1971-03-13,2022-08-24,2026-04-30
M002206,洪郁婷,銀卡,新竹市,1981-12-21,2025-05-01,2026-04-30
M005868,羅雅雯,一般,高雄市,1981-02-08,2017-04-17,2026-04-30
M003315,高宗翰,銀卡,台北市,1985-07-20,2015-01-31,2026-04-30
M004858,劉郁婷,白金,台南市,1989-03-17,2025-06-19,2026-04-30
M001462,潘家豪,一般,台北市,1970-01-04,2020-09-19,2026-04-30
M004777,劉俊宏,白金,台南市,1990-10-04,2023-06-09,2026-04-30
M005252,張雅雯,一般,新竹市,1990-11-28,2025-06-25,2026-04-30
M005283,謝柏翰,銀卡,彰化縣,1981-08-18,2016-03-24,2026-04-30
M002001,林佩珊,銀卡,台北市,1974-10-21,2025-02-03,2026-06-30
M000535,廖怡君,銀卡,台北市,1989-08-31,2025-08-30,2026-04-30
M003687,周俊傑,金卡,台中市,1983-04-23,2017-03-30,2026-04-30
M007508,何雅婷,銀卡,新北市,1968-10-16,2015-08-25,2026-04-30
M001651,黃雅雯,金卡,台北市,1995-07-21,2021-02-28,2026-04-30
M007623,葉淑芬,銀卡,台北市,1989-02-22,2015-05-26,2026-04-30
M000885,周冠宇,白金,台北市,1963-01-07,2023-01-12,2026-04-30
M001842,高冠宇,金卡,桃園市,1970-02-21,2020-05-14,2026-04-30
M003159,吳雅婷,白金,宜蘭縣,1994-05-29,2021-09-16,2026-04-30
M000760,何彥廷,白金,台南市,1992-06-05,2020-12-26,2026-04-30
M000925,蕭冠宇,金卡,宜蘭縣,1971-04-22,2021-06-08,2026-04-30
M003871,許俊宏,銀卡,新竹市,1961-10-14,2025-06-30,2026-04-30
M007102,許雅雯,銀卡,宜蘭縣,1993-05-13,2020-09-08,2026-04-30
M003266,謝雅雯,白金,桃園市,1967-07-14,2021-04-30,2026-04-30
M003768,謝佩珊,銀卡,宜蘭縣,2001-12-23,2018-05-01,2026-05-31
M003084,邱佩珊,白金,彰化縣,1991-12-04,2020-03-22,2026-04-30
M003374,曾雅雯,一般,台中市,2002-09-16,2018-11-17,2026-04-30
M004796,潘承翰,銀卡,基隆市,1994-11-20,2022-09-05,2026-04-30
M006287,洪淑芬,金卡,高雄市,1971-10-02,2021-03-11,2026-04-30
M002804,邱郁婷,一般,台北市,1977-08-13,2019-07-04,2026-04-30
M006381,江雅雯,白金,彰化縣,1989-12-24,2018-07-07,2026-04-30
M001318,洪心怡,白金,新北市,1974-12-18,2022-10-25,2026-05-31
M004597,張雅婷,金卡,高雄市,1975-10-16,2016-06-30,2026-04-30
M004600,江心怡,金卡,基隆市,1963-03-23,2025-08-07,2026-04-30
M002830,謝淑芬,白金,高雄市,1962-07-11,2023-08-23,2026-06-30
M004965,張俊宏,一般,桃園市,1999-10-06,2025-11-22,2026-04-30
M000474,鄭詩涵,金卡,高雄市,1996-12-15,2024-08-22,2026-04-30
M005462,廖欣怡,白金,台南市,1986-11-22,2024-08-17,2026-04-30
M006506,鄭志明,白金,台南市,1969-03-03,2017-05-19,2026-04-30
M000334,潘欣怡,白金,基隆市,1971-05-14,2017-08-27,2026-04-30
M004784,江家豪,銀卡,宜蘭縣,1968-09-28,2017-06-11,2026-04-30
M004544,楊建宏,一般,彰化縣,2003-04-01,2016-06-02,2026-04-30
M004051,徐詩涵,銀卡,台南市,1963-12-23,2022-01-13,2026-04-30
M000620,劉承翰,一般,新竹市,1984-05-28,2024-02-14,2026-04-30
M003959,郭承翰,金卡,宜蘭縣,1961-10-20,2020-06-11,2026-04-30
M007530,高宗翰,金卡,基隆市,1983-08-07,2025-11-09,2026-04-30
M006902,許俊傑,白金,新北市,1983-03-28,2019-01-23,2026-04-30
M001313,張佩珊,金卡,宜蘭縣,1973-03-17,2017-04-28,2026-04-30
M003412,黃美玲,金卡,彰化縣,1998-11-30,2024-07-08,2026-04-30
M000076,葉俊宏,銀卡,桃園市,1996-01-31,2025-09-28,2026-06-30
M002514,賴淑芬,一般,新竹市,1961-02-27,2020-07-07,2026-04-30
M006828,賴詩涵,一般,台南市,1984-03-12,2019-12-15,2026-04-30
M005562,徐詩涵,金卡,彰化縣,1968-01-02,2025-10-14,2026-04-30
M001437,羅雅婷,白金,新北市,1967-02-02,2021-09-18,2026-04-30
M003119,蕭心怡,一般,新北市,1993-07-01,2015-08-27,2026-04-30
M007794,郭俊傑,一般,台南市,1993-08-22,2019-12-03,2026-04-30
M005976,潘淑芬,金卡,基隆市,1960-01-18,2024-12-06,2026-04-30
M003152,曾詩涵,一般,台中市,1997-05-26,2025-09-07,2026-04-30
M002038,何郁婷,銀卡,基隆市,1965-09-07,2022-11-03,2026-04-30
M001461,莊俊宏,一般,高雄市,1994-06-02,2015-05-09,2026-04-30
M005009,郭欣怡,白金,新北市,1976-09-29,2024-04-13,2026-04-30
M004175,曾心怡,金卡,台北市,1968-11-27,2021-12-25,2026-04-30
M002194,郭俊傑,一般,台北市,1963-10-27,2018-03-17,2026-04-30
M002622,羅彥廷,白金,新竹市,2001-07-20,2025-04-03,2026-04-30
M001733,張承翰,金卡,新北市,1981-04-15,2024-10-01,2026-04-30
M005135,蕭詩涵,銀卡,台北市,1980-04-08,2019-02-06,2026-04-30
M005956,王志明,白金,台北市,1964-07-31,2017-12-11,2026-04-30
M006110,廖雅婷,銀卡,彰化縣,1984-09-15,2017-04-09,2026-04-30
M006322,許俊傑,金卡,宜蘭縣,1976-08-11,2018-07-10,2026-04-30
M007840,莊俊宏,金卡,台中市,1963-02-27,2019-03-17,2026-04-30
M005501,吳宗翰,銀卡,基隆市,1980-04-28,2017-01-29,2026-04-30
M004633,潘詩涵,銀卡,桃園市,1988-11-09,2017-03-30,2026-04-30
M006557,葉雅婷,白金,高雄市,2000-11-16,2019-11-13,2026-04-30
M001692,洪彥廷,一般,新竹市,1994-09-10,2017-09-06,2026-04-30
M007254,潘詩涵,金卡,台北市,2001-04-06,2016-04-06,2026-04-30
M006066,楊俊傑,白金,新北市,1989-10-15,2024-07-21,2026-04-30
M007181,何承翰,白金,台北市,1973-10-16,2025-12-05,2026-04-30
M007414,江雅雯,銀卡,台北市,1960-04-30,2019-09-11,2026-04-30
M004451,鄭心怡,白金,桃園市,1978-01-07,2025-07-07,2026-04-30
M001595,高雅婷,金卡,台中市,1981-03-07,2022-07-18,2026-04-30
M001848,高美玲,一般,高雄市,1982-04-15,2018-06-04,2026-06-30
M007678,賴心怡,銀卡,高雄市,1965-02-07,2023-01-16,2026-04-30
M003922,蔡俊宏,一般,台南市,1961-08-04,2017-09-29,2026-04-30
M002070,徐雅婷,銀卡,台中市,1974-08-19,2021-10-20,2026-04-30
M003692,廖雅婷,銀卡,台南市,1993-11-19,2015-07-25,2026-04-30
M005048,徐欣怡,一般,台南市,1994-02-12,2015-05-21,2026-04-30
M005618,劉美玲,銀卡,高雄市,2001-08-15,2019-03-19,2026-04-30
M001765,邱宗翰,銀卡,基隆市,1992-09-25,2019-01-20,2026-04-30
M000664,謝美玲,白金,台南市,1960-12-08,2016-07-23,2026-04-30
M000108,王柏翰,一般,宜蘭縣,1978-12-25,2021-09-21,2026-04-30
M005458,潘宗翰,金卡,新竹市,1993-06-05,2016-07-20,2026-04-30
M000094,鄭雅婷,白金,彰化縣,1992-04-29,2023-12-16,2026-04-30
M004951,林志明,白金,新竹市,1987-05-31,2016-07-04,2026-04-30
M005370,潘柏翰,一般,基隆市,1982-10-27,2016-01-27,2026-04-30
M006153,李雅婷,銀卡,宜蘭縣,1966-01-04,2025-06-09,2026-04-30
M005686,陳淑芬,一般,新竹市,1972-03-11,2024-07-01,2026-04-30
M002501,楊詩涵,一般,台中市,1993-03-13,2022-11-11,2026-04-30
M001814,謝心怡,白金,基隆市,1995-01-28,2015-06-15,2026-04-30
M007903,蘇承翰,銀卡,宜蘭縣,1981-02-27,2015-02-06,2026-05-31
M005798,廖欣怡,金卡,高雄市,1960-07-21,2019-07-31,2026-04-30
M000773,鄭淑芬,白金,高雄市,1992-09-11,2025-11-10,2026-04-30
M004508,高家豪,銀卡,台南市,1986-10-02,2024-08-07,2026-05-31
M001128,賴柏翰,白金,新北市,1984-08-24,2019-05-14,2026-04-30
M007631,呂佩珊,金卡,高雄市,1972-11-23,2019-10-09,2026-04-30
M002292,張雅雯,銀卡,桃園市,1975-07-22,2020-10-14,2026-04-30
M000613,呂冠宇,白金,高雄市,1997-05-02,2025-04-20,2026-04-30
M001166,何志明,一般,宜蘭縣,1976-02-04,2019-12-06,2026-04-30
M006588,葉心怡,白金,宜蘭縣,1970-12-16,2015-07-11,2026-06-30
M007126,鄭詩涵,金卡,新竹市,1972-11-06,2023-02-16,2026-04-30
M004069,何雅雯,白金,桃園市,1980-03-31,2019-11-24,2026-04-30
M006977,羅建宏,金卡,基隆市,1960-08-09,2020-09-21,2026-04-30
M007458,張俊宏,白金,高雄市,1989-12-16,2015-08-04,2026-04-30
M004715,蔡雅婷,白金,基隆市,1996-04-29,2021-10-05,2026-05-31
M002654,陳俊傑,銀卡,基隆市,2003-08-05,2019-08-29,2026-04-30
M005270,江佩珊,一般,台中市,1970-08-02,2025-07-25,2026-04-30
M000742,劉淑芬,白金,彰化縣,1975-06-09,2024-01-21,2026-04-30
M000385,高宗翰,一般,新北市,1996-01-10,2019-10-16,2026-04-30
M006595,鄭怡君,金卡,新北市,1986-05-01,2015-11-16,2026-04-30
M006150,許雅雯,金卡,新北市,1983-06-24,2024-06-24,2026-06-30
M002050,賴俊宏,銀卡,台南市,1992-11-24,2016-05-14,2026-04-30
M001425,高俊傑,銀卡,新竹市,1994-10-26,2015-03-02,2026-06-30
M006708,謝美玲,白金,高雄市,1982-07-31,2019-04-27,2026-04-30
M003242,張淑芬,白金,台北市,2000-11-10,2017-03-01,2026-06-30
M005740,楊淑芬,金卡,彰化縣,1968-08-20,2021-02-26,2026-04-30
M000741,蘇雅雯,一般,宜蘭縣,1978-10-03,2022-10-17,2026-04-30
M004105,賴欣怡,金卡,台北市,1974-09-14,2025-06-18,2026-04-30
M001592,蔡俊傑,白金,台南市,1995-02-28,2018-01-08,2026-06-30
M001641,廖俊傑,金卡,宜蘭縣,1963-06-09,2015-11-24,2026-05-31
M007966,林俊傑,白金,桃園市,1989-08-04,2025-12-04,2026-04-30
M001023,蔡詩涵,銀卡,台中市,1968-06-27,2019-08-20,2026-04-30
M004102,謝怡君,金卡,彰化縣,2001-11-30,2018-06-16,2026-04-30
M004900,黃承翰,白金,桃園市,1980-04-28,2016-04-06,2026-04-30
M003704,潘心怡,金卡,基隆市,1998-09-27,2016-06-18,2026-04-30
M007361,曾彥廷,銀卡,N/A,1998-10-03,2021-10-11,2026-04-30
M000388,陳宗翰,金卡,新竹市,1962-02-14,2015-03-21,2026-04-30
M006108,洪怡君,一般,彰化縣,1973-10-11,2016-02-06,2026-04-30
M003975,蕭俊宏,銀卡,台南市,1969-10-24,2015-02-26,2026-04-30
M002409,蘇詩涵,金卡,高雄市,1973-02-21,2020-07-30,2026-04-30
M003777,許宗翰,一般,台南市,1982-03-05,2018-12-17,2026-04-30
M006170,江郁婷,金卡,宜蘭縣,1969-07-06,2025-08-27,2026-04-30
M005132,周雅婷,銀卡,高雄市,1968-09-12,2016-07-18,2026-04-30
M006027,江佩珊,金卡,台中市,1980-12-12,2019-01-11,2026-04-30
M002716,曾怡君,銀卡,台南市,1968-11-07,2021-01-16,2026-04-30
M003606,周志明,金卡,台南市,1977-11-30,2018-11-19,2026-04-30
M000979,李承翰,一般,桃園市,1987-01-26,2017-09-12,2026-04-30
M000780,江柏翰,金卡,基隆市,1983-04-11,2017-04-27,2026-06-30
M007917,謝郁婷,金卡,基隆市,1960-07-31,2024-01-06,2026-04-30
M001874,張彥廷,金卡,新竹市,2003-07-12,2023-10-04,2026-04-30
M005842,周淑芬,白金,新竹市,1996-12-01,2021-09-30,2026-04-30
M006508,周承翰,金卡,基隆市,1900-01-01,2020-03-12,2026-04-30
M004745,江美玲,白金,台南市,1989-04-14,2023-08-01,2026-04-30
M003674,徐美玲,白金,高雄市,1966-08-17,2017-10-06,2026-04-30
M005468,張淑芬,白金,新竹市,1971-12-16,2019-01-06,2026-04-30
M005436,蔡志明,金卡,新北市,2000-10-17,2022-04-07,2026-04-30
M002944,邱雅雯,一般,基隆市,1996-02-24,2021-08-01,2026-04-30
M005164,黃家豪,金卡,台南市,1991-01-11,2016-07-21,2026-04-30
M000738,高欣怡,一般,台北市,1981-11-20,2024-07-08,2026-06-30
M004190,王雅婷,白金,高雄市,1962-06-13,2023-12-09,2026-04-30
M004222,陳雅雯,銀卡,新北市,1985-07-04,2020-05-02,2026-04-30
M006349,葉志明,銀卡,新竹市,1977-08-30,2021-07-22,2026-04-30
M004928,蕭家豪,金卡,彰化縣,1997-02-21,2020-10-13,2026-06-30
M001780,曾建宏,白金,桃園市,1900-01-01,2023-07-26,2026-04-30
M001732,鄭雅雯,銀卡,基隆市,1973-04-17,2025-02-10,2026-04-30
M002866,林郁婷,白金,高雄市,1999-12-15,2025-08-26,2026-06-30
M007223,潘雅婷,一般,台南市,1964-04-03,2025-03-11,2026-04-30
M005070,蔡雅雯,銀卡,基隆市,1967-01-17,2021-03-21,2026-04-30
M003153,徐雅婷,銀卡,宜蘭縣,1966-04-02,2018-01-15,2026-04-30
M005006,廖欣怡,金卡,彰化縣,1981-09-12,2017-01-13,2026-04-30
M002431,賴雅婷,銀卡,桃園市,2001-10-12,2016-12-28,2026-04-30
M005496,周冠宇,白金,桃園市,1990-03-03,2017-07-03,2026-04-30
M000571,羅承翰,一般,基隆市,1970-09-27,2022-09-27,2026-04-30
M002932,王欣怡,白金,台南市,1970-10-15,2024-07-02,2026-04-30
M006476,吳彥廷,白金,基隆市,1966-12-14,2025-08-04,2026-05-31
M003542,蕭冠宇,金卡,宜蘭縣,1964-10-13,2017-10-10,2026-04-30
M001976,呂彥廷,白金,桃園市,1977-09-29,2025-04-27,2026-04-30
M003057,劉雅雯,一般,彰化縣,1982-12-17,2025-04-16,2026-04-30
M004968,林詩涵,一般,桃園市,1970-01-17,2016-02-11,2026-04-30
M002227,許建宏,金卡,基隆市,2003-09-04,2019-12-06,2026-04-30
M007932,鄭志明,銀卡,台中市,1962-10-20,2015-07-21,2026-05-31
M004716,蕭雅婷,金卡,彰化縣,1972-01-06,2020-10-02,2026-04-30
M006911,高柏翰,金卡,彰化縣,1980-05-06,2020-04-09,2026-04-30
M006239,黃柏翰,金卡,台中市,1965-04-12,2019-07-15,2026-04-30
M005598,高宗翰,一般,高雄市,1900-01-01,2021-10-17,2026-04-30
M005871,莊詩涵,銀卡,彰化縣,1986-03-21,2019-03-09,2026-04-30
M004371,劉俊傑,銀卡,彰化縣,1993-03-29,2021-04-19,2026-04-30
M003587,許宗翰,金卡,桃園市,1998-12-14,2018-02-11,2026-04-30
M003645,許欣怡,白金,台北市,1986-02-26,2020-12-15,2026-06-30
M006146,張佩珊,白金,桃園市,1992-03-30,2021-10-21,2026-05-31
M002881,蕭郁婷,銀卡,台北市,1974-12-05,2024-09-14,2026-04-30
M001777,曾欣怡,銀卡,彰化縣,1985-09-28,2019-02-13,2026-04-30
M006838,張美玲,銀卡,台北市,1974-05-09,2025-10-27,2026-04-30
M001300,蘇詩涵,金卡,新北市,1982-06-18,2022-08-24,2026-04-30
M005150,鄭郁婷,金卡,台中市,1998-11-17,2021-04-01,2026-04-30
M006694,葉家豪,一般,台南市,2003-03-14,2017-05-08,2026-04-30
M006933,洪佩珊,一般,台中市,1971-07-01,2018-07-06,2026-04-30
M003643,呂俊宏,銀卡,高雄市,1968-07-19,2017-06-28,2026-04-30
M003805,鄭雅婷,一般,宜蘭縣,1998-01-23,2017-02-01,2026-04-30
M006288,蕭建宏,金卡,台中市,1998-05-03,2019-07-13,2026-04-30
M003610,潘家豪,金卡,台中市,1967-10-27,2019-12-10,2026-04-30
M007286,羅佩珊,白金,台北市,1960-01-16,2020-11-26,2026-04-30
M000787,王建宏,一般,高雄市,1975-06-23,2018-06-25,2026-04-30
M005368,張美玲,一般,彰化縣,1992-02-03,2018-03-13,2026-04-30
M006728,劉家豪,一般,台北市,1982-01-19,2023-11-09,2026-04-30
M004830,廖建宏,金卡,宜蘭縣,1994-02-28,2019-12-01,2026-04-30
M001788,鄭心怡,金卡,新北市,1977-08-20,2015-08-03,2026-04-30
M000117,黃心怡,金卡,宜蘭縣,1994-11-24,2021-10-30,2026-04-30
M003358,周承翰,金卡,桃園市,1985-02-22,2025-07-12,2026-04-30
M004468,呂俊傑,一般,彰化縣,1981-03-16,2024-11-10,2026-04-30
M002295,楊雅婷,銀卡,台北市,1990-04-19,2021-04-06,2026-04-30
M000387,謝承翰,一般,台南市,1994-12-13,2015-08-21,2026-04-30
M004794,呂雅雯,一般,彰化縣,2003-01-03,2020-03-10,2026-04-30
M007323,曾美玲,金卡,基隆市,1999-07-09,2018-12-25,2026-04-30
M005044,周欣怡,一般,台中市,1969-12-30,2024-12-29,2026-04-30
M004298,楊詩涵,銀卡,彰化縣,1993-08-03,2020-11-01,2026-04-30
M001734,葉雅雯,金卡,新竹市,1979-01-19,2021-01-17,2026-04-30
M004099,呂彥廷,金卡,基隆市,2002-04-03,2021-09-17,2026-04-30
M000329,蕭承翰,金卡,基隆市,1975-06-20,2017-06-10,2026-04-30
M004405,蘇雅婷,金卡,宜蘭縣,2003-10-13,2019-11-28,2026-04-30
M002928,周志明,白金,高雄市,1900-01-01,2015-12-10,2026-04-30
M002829,蔡雅雯,白金,桃園市,1963-05-20,2023-07-19,2026-04-30
M005572,徐怡君,白金,彰化縣,1997-06-14,2022-12-22,2026-04-30
M002809,謝柏翰,白金,桃園市,1992-03-08,2023-07-01,2026-04-30
M000323,許淑芬,白金,桃園市,1971-05-05,2022-01-14,2026-04-30
M004243,潘欣怡,銀卡,桃園市,1967-08-31,2016-11-04,2026-04-30
M007642,郭欣怡,金卡,台中市,1998-02-17,2016-10-24,2026-04-30
M002844,蔡建宏,白金,新北市,1998-08-25,2022-06-10,2026-06-30
M003985,王建宏,白金,桃園市,1999-05-29,2024-03-10,2026-05-31
M000782,周雅雯,銀卡,台中市,1981-05-27,2016-12-26,2026-04-30
M001805,郭心怡,銀卡,新竹市,2002-04-04,2015-03-23,2026-04-30
M003379,郭怡君,金卡,新北市,1974-07-23,2021-05-25,2026-04-30
M004639,邱宗翰,銀卡,桃園市,1961-02-13,2016-09-21,2026-04-30
M001501,曾冠宇,金卡,桃園市,1997-07-24,2020-05-18,2026-06-30
M001450,許郁婷,白金,桃園市,1993-01-05,2016-05-20,2026-04-30
M003487,邱宗翰,銀卡,新竹市,2003-02-10,2020-07-21,2026-04-30
M003002,高淑芬,銀卡,台中市,1995-08-23,2021-10-01,2026-04-30
M001161,蕭怡君,金卡,宜蘭縣,2001-02-16,2018-06-26,2026-04-30
M003971,徐佩珊,一般,桃園市,1900-01-01,2020-10-13,2026-04-30
M000805,蘇俊傑,白金,彰化縣,1973-10-28,2021-11-22,2026-05-31
M004992,高雅雯,白金,桃園市,1969-12-31,2018-09-30,2026-04-30
M005916,何建宏,銀卡,高雄市,2002-04-16,2016-05-27,2026-04-30
M007026,賴俊傑,白金,台南市,1972-03-07,2021-11-03,2026-05-31
M007362,江家豪,白金,台北市,1981-05-09,2021-03-21,2026-04-30
M000506,許彥廷,金卡,高雄市,1990-02-20,2016-11-30,2026-04-30
M005917,高雅婷,銀卡,宜蘭縣,2001-01-03,2017-12-31,2026-04-30
M002147,呂佩珊,白金,新北市,1998-07-14,2016-07-07,2026-04-30
M005641,鄭詩涵,銀卡,基隆市,1963-05-27,2018-07-16,2026-04-30
M004898,邱雅雯,金卡,新竹市,1987-11-30,2022-05-18,2026-04-30
M001408,莊欣怡,銀卡,彰化縣,1997-05-05,2023-08-29,2026-04-30
M007589,邱心怡,一般,新竹市,1982-12-27,2023-10-19,2026-04-30
M000462,黃郁婷,一般,宜蘭縣,1972-12-02,2021-07-26,2026-04-30
M003025,蔡冠宇,一般,新竹市,1968-10-24,2018-02-27,2026-04-30
M001506,莊欣怡,一般,台中市,1980-09-11,2017-04-18,2026-04-30
M005781,江怡君,銀卡,台中市,1973-02-17,2022-10-11,2026-04-30
M002037,潘俊宏,一般,宜蘭縣,1978-07-22,2020-03-25,2026-04-30
M006981,潘詩涵,一般,新竹市,1966-03-17,2023-01-12,2026-04-30
M001012,楊建宏,銀卡,桃園市,1964-07-30,2023-01-06,2026-04-30
M005662,黃淑芬,白金,台中市,1981-06-22,2015-09-17,2026-04-30
M007647,何怡君,金卡,彰化縣,1982-04-14,2018-09-22,2026-04-30
M003605,蘇建宏,金卡,桃園市,1963-01-26,2022-03-23,2026-04-30
M007426,莊欣怡,金卡,台南市,1964-12-30,2017-01-10,2026-04-30
M000324,賴心怡,一般,新竹市,1981-11-11,2017-03-30,2026-04-30
M000933,黃宗翰,銀卡,宜蘭縣,1975-08-05,2022-12-31,2026-04-30
M007171,李欣怡,銀卡,彰化縣,1994-04-15,2015-06-29,2026-04-30
M004073,潘俊傑,金卡,台北市,1978-04-14,2019-06-28,2026-04-30
M006994,黃淑芬,銀卡,台北市,1989-11-01,2015-05-10,2026-04-30
M004916,蕭美玲,銀卡,台中市,1968-12-09,2022-11-08,2026-04-30
M004709,郭建宏,白金,彰化縣,1966-04-29,2015-10-26,2026-04-30
M000410,蘇柏翰,金卡,彰化縣,1999-07-24,2023-02-25,2026-04-30
M006274,何雅雯,銀卡,宜蘭縣,1999-12-15,2025-09-28,2026-04-30
M000450,郭宗翰,白金,台中市,2000-07-12,2023-02-27,2026-05-31
M006769,周欣怡,金卡,新北市,1966-11-24,2024-01-26,2026-04-30
M007620,張俊傑,一般,高雄市,2001-01-12,2018-01-22,2026-04-30
M001828,李俊宏,一般,台南市,1977-05-29,2024-07-14,2026-04-30
M005376,何淑芬,金卡,彰化縣,2003-02-10,2016-06-18,2026-05-31
M002526,李雅雯,白金,桃園市,1987-10-29,2021-12-27,2026-04-30
M002276,高佩珊,金卡,新北市,1984-11-15,2020-03-13,2026-04-30
M006055,高建宏,白金,台中市,1967-01-24,2020-04-13,2026-04-30
M006927,高俊宏,金卡,台北市,1996-03-29,2016-01-07,2026-04-30
M004046,黃雅婷,一般,高雄市,1995-07-03,2021-08-07,2026-04-30
M005943,郭冠宇,銀卡,新竹市,2002-06-29,2015-07-20,2026-06-30
M005854,何美玲,一般,台南市,1983-03-15,2025-10-11,2026-04-30
M007978,陳淑芬,白金,台中市,1980-04-18,2025-08-31,2026-04-30
M000658,何柏翰,銀卡,新北市,1971-01-03,2022-01-13,2026-04-30
M000234,劉雅雯,白金,基隆市,1961-11-08,2022-03-13,2026-04-30
M001603,蔡建宏,一般,台南市,1984-10-06,2022-08-30,2026-04-30
M003536,黃柏翰,金卡,新竹市,1989-12-13,2015-05-25,2026-04-30
M007195,何郁婷,銀卡,新北市,1967-11-04,2017-02-07,2026-04-30
M005771,周志明,一般,高雄市,1967-12-23,2023-03-09,2026-04-30
M004177,王俊傑,金卡,台南市,1961-07-09,2019-09-26,2026-04-30
M003703,潘雅雯,一般,台南市,1976-08-27,2021-12-13,2026-04-30
M003608,鄭欣怡,銀卡,新北市,1994-05-15,2020-10-22,2026-04-30
M002242,劉心怡,銀卡,高雄市,1995-12-01,2024-12-31,2026-04-30
M005186,羅家豪,一般,桃園市,2002-08-17,2018-09-01,2026-04-30
M001220,郭俊宏,白金,彰化縣,1977-04-07,2022-12-26,2026-04-30
M002038,何郁婷,金卡,基隆市,1965-09-07,2022-11-03,2026-06-30
M003944,蔡淑芬,銀卡,基隆市,1985-05-25,2024-12-27,2026-04-30
M006337,羅志明,銀卡,新竹市,1973-06-20,2018-11-30,2026-04-30
M004148,洪欣怡,一般,台中市,2002-04-23,2025-03-23,2026-04-30
M006534,廖美玲,一般,台中市,1991-06-26,2017-12-23,2026-04-30
M006159,楊雅雯,一般,高雄市,1992-03-17,2020-10-07,2026-05-31
M007249,鄭宗翰,一般,新北市,2001-12-29,2024-09-11,2026-04-30
M002535,王俊傑,金卡,彰化縣,1964-10-01,2019-12-19,2026-04-30
M002699,許俊傑,金卡,新竹市,1977-02-09,2018-04-28,2026-04-30
M007947,蕭欣怡,一般,新竹市,1980-10-24,2015-01-10,2026-04-30
M007065,鄭俊傑,銀卡,宜蘭縣,1960-07-22,2020-06-16,2026-04-30
M001230,洪家豪,銀卡,新竹市,1999-03-25,2016-07-22,2026-05-31
M006839,莊彥廷,一般,台南市,1997-03-29,2016-09-01,2026-04-30
M007360,張美玲,白金,台北市,1983-10-03,2017-01-21,2026-04-30
M002630,徐俊宏,銀卡,桃園市,1967-04-23,2021-04-02,2026-04-30
M003357,蔡欣怡,白金,高雄市,1970-01-10,2025-05-07,2026-04-30
M006354,徐建宏,一般,宜蘭縣,1969-01-15,2025-06-18,2026-04-30
M005806,葉欣怡,一般,台北市,1966-05-30,2021-12-19,2026-04-30
M003982,邱承翰,銀卡,基隆市,1991-07-20,2015-11-12,2026-04-30
M001975,劉冠宇,銀卡,基隆市,1968-06-01,2021-04-07,2026-04-30
M004854,徐建宏,白金,新北市,1999-02-04,2015-04-15,2026-04-30
M000225,高彥廷,銀卡,台中市,1988-06-03,2021-07-24,2026-04-30
M004095,呂佩珊,一般,基隆市,1982-05-19,2021-09-07,2026-04-30
M006480,洪建宏,白金,宜蘭縣,1960-08-03,2022-01-19,2026-05-31
M006244,張欣怡,銀卡,新北市,1962-03-25,2019-07-05,2026-04-30
M002549,鄭心怡,金卡,台南市,1984-05-03,2023-07-18,2026-04-30
M000149,陳柏翰,白金,新竹市,1984-09-15,2022-02-11,2026-05-31
M002915,廖彥廷,一般,台南市,1972-04-17,2020-02-16,2026-05-31
M006903,洪志明,一般,桃園市,1985-11-28,2020-05-22,2026-04-30
M002936,呂俊宏,金卡,基隆市,1982-10-09,2021-02-14,2026-04-30
M002169,賴家豪,白金,台北市,1966-11-03,2021-06-29,2026-04-30
M002141,江冠宇,一般,桃園市,1963-01-17,2022-05-04,2026-04-30
M002302,江家豪,一般,桃園市,1982-10-23,2020-06-12,2026-04-30
M003614,黃美玲,一般,彰化縣,2003-05-09,2022-07-10,2026-04-30
M002286,林郁婷,白金,台北市,1972-05-22,2018-06-25,2026-06-30
M006999,廖詩涵,銀卡,台南市,1971-05-16,2015-12-13,2026-04-30
M007855,陳承翰,金卡,桃園市,1969-06-27,2024-05-05,2026-04-30
M003032,曾郁婷,金卡,台南市,1985-08-30,2024-08-29,2026-04-30
M005762,邱淑芬,白金,彰化縣,1978-01-13,2019-04-05,2026-04-30
M001588,許欣怡,銀卡,台北市,1900-01-01,2018-12-12,2026-04-30
M000817,林承翰,銀卡,台北市,1978-07-04,2021-10-15,2026-04-30
M004914,王心怡,白金,台南市,1981-06-08,2024-04-18,2026-06-30
M007893,林建宏,銀卡,桃園市,1982-10-15,2020-11-27,2026-04-30
M007504,李雅婷,白金,新北市,1971-12-12,2022-08-16,2026-04-30
M000561,張怡君,金卡,新北市,1990-02-21,2015-10-28,2026-04-30
M003114,何彥廷,一般,桃園市,1965-10-28,2023-08-27,2026-04-30
M003161,陳雅婷,白金,台中市,1962-06-10,2015-07-18,2026-04-30
M007093,潘欣怡,銀卡,桃園市,1997-10-16,2015-05-10,2026-04-30
M001027,謝俊宏,一般,台南市,1969-07-23,2023-12-22,2026-04-30
M002762,王怡君,白金,新竹市,1973-12-22,2023-05-04,2026-04-30
M007725,葉彥廷,一般,基隆市,1964-10-20,2019-12-16,2026-04-30
M001850,潘怡君,白金,台南市,1975-03-08,2015-06-05,2026-04-30
M002771,呂雅婷,金卡,宜蘭縣,1984-07-29,2018-03-18,2026-04-30
M004232,蘇家豪,白金,高雄市,1962-05-05,2022-06-03,2026-05-31
M004707,羅郁婷,金卡,台中市,1963-01-11,2024-07-26,2026-04-30
M005076,賴心怡,金卡,桃園市,1994-04-26,2025-05-27,2026-05-31
M005591,蘇俊宏,白金,基隆市,1995-09-13,2018-03-11,2026-04-30
M001339,莊怡君,銀卡,台中市,1962-07-15,2021-11-12,2026-04-30
M000202,劉宗翰,一般,彰化縣,1990-09-06,2023-01-22,2026-04-30
M006930,鄭柏翰,銀卡,彰化縣,1977-10-15,2020-11-05,2026-04-30
M001883,鄭心怡,金卡,台南市,1971-04-26,2021-04-22,2026-04-30
M002541,吳志明,銀卡,新北市,1995-01-26,2024-09-23,2026-05-31
M007788,吳俊宏,金卡,高雄市,1975-12-21,2022-12-10,2026-04-30
M004362,洪承翰,金卡,新竹市,1962-02-25,2021-11-01,2026-04-30
M002570,潘詩涵,銀卡,高雄市,1972-05-05,2017-07-10,2026-04-30
M004425,潘雅婷,白金,新竹市,1992-01-30,2022-09-15,2026-04-30
M002128,江俊傑,銀卡,台北市,1981-07-29,2023-03-07,2026-06-30
M006824,呂美玲,白金,新竹市,1999-01-28,2021-11-12,2026-04-30
M007425,鄭承翰,一般,彰化縣,1992-07-06,2023-04-12,2026-04-30
M002992,洪郁婷,金卡,新北市,1987-04-28,2018-09-22,2026-04-30
M000173,曾心怡,一般,台中市,1974-02-09,2025-05-06,2026-04-30
M002367,蘇詩涵,一般,台中市,1985-07-20,2019-03-26,2026-04-30
M000919,林欣怡,一般,彰化縣,1998-12-16,2015-08-03,2026-04-30
M007711,曾俊宏,一般,新北市,1990-12-18,2025-07-27,2026-04-30
M005785,曾佩珊,銀卡,N/A,1980-02-01,2020-12-23,2026-04-30
M005587,謝志明,一般,台中市,1970-10-10,2020-09-13,2026-04-30
M007642,郭欣怡,金卡,高雄市,1998-02-17,2016-10-24,2026-05-31
M001834,許宗翰,金卡,新北市,1988-12-01,2024-08-10,2026-04-30
M002539,羅雅婷,銀卡,桃園市,1963-10-15,2018-11-05,2026-04-30
M004221,黃欣怡,金卡,宜蘭縣,1962-11-20,2020-05-23,2026-04-30
M003836,蕭郁婷,一般,台南市,1983-08-30,2024-06-25,2026-04-30
M007880,周俊宏,白金,桃園市,1980-06-02,2023-06-16,2026-04-30
M004598,蘇宗翰,白金,新北市,1989-07-16,2020-10-26,2026-05-31
M005288,洪詩涵,白金,彰化縣,1969-04-30,2015-02-22,2026-06-30
M005229,蘇承翰,金卡,桃園市,1995-10-06,2021-03-01,2026-04-30
M000540,邱俊傑,一般,彰化縣,1983-01-11,2024-02-01,2026-04-30
M007787,潘柏翰,銀卡,桃園市,1983-06-19,2022-01-30,2026-04-30
M003533,黃家豪,銀卡,台南市,1966-02-21,2018-05-05,2026-04-30
M002163,葉志明,金卡,高雄市,1965-04-17,2017-05-22,2026-04-30
M004045,呂承翰,金卡,桃園市,1966-05-11,2022-01-22,2026-04-30
M005111,何承翰,一般,台北市,1963-09-12,2024-09-17,2026-04-30
M005090,呂怡君,銀卡,新竹市,1980-04-10,2017-04-21,2026-04-30
M003746,鄭家豪,一般,新北市,1964-05-28,2019-05-15,2026-04-30
M005990,呂冠宇,白金,台南市,1965-03-20,2023-07-01,2026-04-30
M002845,葉淑芬,白金,基隆市,1976-11-24,2019-08-14,2026-04-30
M002650,羅郁婷,白金,高雄市,1963-11-28,2021-04-29,2026-04-30
M002057,李欣怡,金卡,新北市,1972-01-13,2020-11-09,2026-04-30
M003700,鄭彥廷,金卡,彰化縣,2000-09-19,2023-10-26,2026-04-30
M000593,郭淑芬,白金,台中市,1997-08-06,2015-06-13,2026-04-30
M002149,周淑芬,白金,台中市,1963-02-18,2024-03-27,2026-04-30
M001669,蕭詩涵,一般,台北市,1994-10-27,2023-09-29,2026-04-30
M006422,鄭俊傑,金卡,高雄市,1971-12-15,2016-11-28,2026-04-30
M001642,江怡君,金卡,彰化縣,1967-10-26,2016-02-07,2026-04-30
M005254,陳志明,金卡,宜蘭縣,1999-08-16,2017-05-31,2026-04-30
M003781,高雅婷,一般,彰化縣,1972-09-24,2015-04-01,2026-04-30
M005913,蘇彥廷,一般,高雄市,1962-03-04,2015-05-13,2026-04-30
M006148,徐宗翰,金卡,台中市,1986-05-13,2021-12-01,2026-04-30
M003304,洪欣怡,銀卡,彰化縣,1971-02-09,2021-10-22,2026-06-30
M000915,何淑芬,一般,彰化縣,1979-06-05,2020-06-11,2026-04-30
M002060,王志明,銀卡,桃園市,1983-02-16,2025-03-03,2026-04-30
M005445,謝雅婷,白金,N/A,2001-02-12,2015-01-11,2026-04-30
M002556,黃彥廷,一般,台北市,1999-09-06,2022-07-24,2026-04-30
M007767,李郁婷,金卡,台南市,1978-07-27,2021-02-05,2026-04-30
M004737,郭建宏,白金,台中市,1971-09-26,2015-12-15,2026-04-30
M001205,周心怡,銀卡,新竹市,1984-07-28,2024-10-07,2026-04-30
M001027,謝俊宏,一般,宜蘭縣,1969-07-23,2023-12-22,2026-05-31
M001621,王承翰,一般,台南市,1998-04-09,2022-05-15,2026-04-30
M003855,何俊宏,一般,新北市,1980-06-30,2022-07-03,2026-04-30
M006666,張郁婷,銀卡,台中市,1966-02-19,2017-10-20,2026-04-30
M002576,江彥廷,一般,台中市,1991-02-16,2019-10-19,2026-04-30
M002585,蔡美玲,銀卡,台中市,1966-03-23,2022-04-11,2026-04-30
M004874,蕭淑芬,金卡,台南市,1960-07-09,2018-06-02,2026-04-30
M005652,林欣怡,白金,彰化縣,2002-09-25,2023-05-16,2026-04-30
M005388,謝宗翰,金卡,高雄市,1981-02-26,2021-10-30,2026-04-30
M000043,羅美玲,一般,台中市,1981-11-16,2022-07-03,2026-04-30
M006360,廖欣怡,白金,台南市,1972-12-06,2022-04-23,2026-04-30
M000490,蘇佩珊,一般,基隆市,1970-08-03,2023-09-09,2026-04-30
M004171,吳建宏,白金,彰化縣,1979-05-26,2021-02-24,2026-06-30
M001869,郭雅雯,金卡,台中市,1988-11-22,2025-02-13,2026-04-30
M004018,江承翰,銀卡,新竹市,1998-12-11,2015-04-19,2026-04-30
M007381,洪建宏,一般,高雄市,1981-12-11,2016-10-09,2026-04-30
M004391,鄭雅婷,金卡,台中市,2000-08-28,2024-01-26,2026-04-30
M003294,劉欣怡,銀卡,台北市,1983-11-10,2019-01-17,2026-04-30
M003623,張俊傑,銀卡,彰化縣,1994-11-02,2025-05-29,2026-04-30
M001844,高心怡,金卡,台中市,1970-03-01,2022-12-22,2026-04-30
M005471,吳俊傑,白金,台北市,1983-03-05,2017-06-01,2026-04-30
M001847,江冠宇,白金,彰化縣,1990-07-30,2023-05-17,2026-04-30
M000388,陳宗翰,銀卡,新竹市,1962-02-14,2015-03-21,2026-04-30
M005433,莊淑芬,金卡,台南市,1976-03-14,2018-09-03,2026-04-30
M004056,邱心怡,白金,高雄市,1968-09-30,2024-02-11,2026-04-30
M002952,莊佩珊,銀卡,桃園市,1964-05-08,2017-07-27,2026-04-30
M005973,周宗翰,白金,新竹市,1978-01-10,2017-06-15,2026-04-30
M001229,張家豪,白金,台北市,1966-11-19,2021-07-27,2026-04-30
M001861,邱冠宇,一般,台南市,1976-04-19,2016-10-23,2026-04-30
M005145,賴俊宏,一般,桃園市,2000-07-06,2018-11-22,2026-04-30
M004279,王俊宏,金卡,台北市,1994-11-18,2018-04-08,2026-04-30
M007274,張家豪,銀卡,新北市,1986-11-01,2017-06-13,2026-04-30
M004694,曾家豪,一般,基隆市,1967-07-20,2023-01-31,2026-04-30
M007413,林宗翰,金卡,台中市,1980-06-06,2015-03-15,2026-04-30
M001818,羅雅婷,銀卡,基隆市,1990-12-21,2017-12-19,2026-04-30
M007278,王彥廷,金卡,宜蘭縣,1983-12-07,2017-08-10,2026-04-30
M007950,何詩涵,金卡,新竹市,1992-02-06,2023-07-31,2026-04-30
M002640,徐宗翰,一般,基隆市,1984-05-05,2021-06-10,2026-04-30
M001995,廖欣怡,金卡,台北市,1973-12-23,2015-05-21,2026-04-30
M007813,張郁婷,白金,新竹市,1995-08-26,2021-09-05,2026-04-30
M002027,何建宏,白金,台中市,1964-11-06,2022-09-30,2026-04-30
M001199,潘詩涵,白金,基隆市,1981-02-07,2017-04-22,2026-04-30
M002529,邱欣怡,一般,桃園市,1981-06-10,2016-07-19,2026-04-30
M006934,高怡君,金卡,新竹市,1988-03-24,2018-07-15,2026-04-30
M004415,陳宗翰,一般,基隆市,1987-09-23,2020-07-10,2026-04-30
M000842,張建宏,金卡,高雄市,1978-11-25,2015-10-16,2026-04-30
M002927,廖彥廷,銀卡,基隆市,1964-01-23,2025-12-13,2026-04-30
M000020,王彥廷,金卡,台北市,1982-10-19,2016-06-04,2026-04-30
M005307,鄭詩涵,銀卡,高雄市,1993-05-12,2024-06-25,2026-04-30
M004688,林淑芬,金卡,桃園市,1982-09-06,2020-07-22,2026-06-30
M005460,鄭郁婷,一般,新竹市,1974-06-15,2024-11-10,2026-04-30
M006380,洪俊傑,金卡,台南市,1968-10-03,2024-01-04,2026-04-30
M003525,謝志明,白金,台中市,1995-04-06,2017-04-20,2026-04-30
M004032,劉欣怡,銀卡,宜蘭縣,1969-05-18,2016-12-06,2026-04-30
M002997,呂俊宏,銀卡,台北市,1961-05-12,2023-12-27,2026-04-30
M003475,吳欣怡,金卡,高雄市,2003-07-21,2015-01-07,2026-04-30
M001681,邱承翰,白金,基隆市,1965-08-19,2017-04-14,2026-04-30
M005936,陳志明,一般,彰化縣,1964-09-12,2018-09-22,2026-04-30
M003041,許欣怡,銀卡,桃園市,1974-10-08,2024-08-24,2026-04-30
M000758,賴承翰,金卡,彰化縣,1980-06-29,2023-09-25,2026-06-30
M003297,蕭建宏,白金,台中市,1980-06-04,2016-09-25,2026-04-30
M006772,蘇心怡,一般,台北市,1966-09-18,2024-04-22,2026-04-30
M004094,楊家豪,白金,台南市,1968-11-06,2024-01-22,2026-04-30
M003560,周詩涵,一般,新北市,1982-01-25,2015-06-02,2026-04-30
M007314,蔡淑芬,銀卡,高雄市,1986-04-29,2015-09-18,2026-06-30
M002797,何彥廷,金卡,宜蘭縣,1993-03-18,2020-01-18,2026-04-30
M007394,葉俊宏,金卡,台南市,2001-09-04,2024-01-10,2026-04-30
M006310,徐佩珊,銀卡,高雄市,1974-09-24,2019-04-16,2026-04-30
M002271,許心怡,一般,高雄市,1986-11-12,2024-12-31,2026-04-30
M007825,江家豪,金卡,新竹市,1997-02-06,2018-04-21,2026-04-30
M003391,周承翰,一般,新北市,1986-06-02,2024-12-03,2026-04-30
M001924,吳建宏,白金,新竹市,1988-10-06,2017-06-22,2026-04-30
M005540,賴郁婷,白金,新北市,1973-09-20,2021-10-01,2026-04-30
M002360,郭雅雯,金卡,彰化縣,1991-10-19,2020-01-02,2026-05-31
M000602,徐建宏,一般,台南市,1980-08-15,2016-10-24,2026-04-30
M006231,莊家豪,銀卡,高雄市,1965-03-22,2022-02-14,2026-04-30
M004699,羅美玲,一般,彰化縣,1963-06-08,2017-05-22,2026-04-30
M001237,許彥廷,白金,高雄市,1972-12-17,2023-04-02,2026-04-30
M003219,劉志明,金卡,桃園市,1962-02-01,2025-03-20,2026-05-31
M007572,李宗翰,白金,基隆市,1984-10-26,2025-06-06,2026-04-30
M006658,謝雅雯,銀卡,台中市,1969-04-22,2023-05-27,2026-04-30
M007318,張郁婷,一般,基隆市,1978-07-23,2019-05-02,2026-04-30
M001637,賴家豪,金卡,彰化縣,1973-08-09,2015-06-16,2026-04-30
M003036,江彥廷,白金,宜蘭縣,1967-09-24,2018-01-14,2026-04-30
M001344,劉家豪,白金,宜蘭縣,1967-12-15,2024-09-08,2026-04-30
M004941,王宗翰,一般,台中市,1980-12-20,2021-04-20,2026-04-30
M001223,潘承翰,白金,台南市,1963-09-11,2022-12-17,2026-05-31
M004922,江雅雯,銀卡,桃園市,1974-06-14,2018-12-31,2026-04-30
M002128,江俊傑,銀卡,台中市,1981-07-29,2023-03-07,2026-04-30
M002679,何郁婷,銀卡,桃園市,1986-08-29,2022-11-15,2026-04-30
M000537,楊怡君,銀卡,台南市,1984-08-24,2017-05-09,2026-04-30
M004145,郭冠宇,金卡,台中市,1970-10-30,2023-09-21,2026-04-30
M006941,高俊宏,金卡,台北市,1968-10-28,2018-05-30,2026-04-30
M007106,何宗翰,銀卡,宜蘭縣,1972-11-18,2018-10-13,2026-04-30
M007802,林郁婷,金卡,新竹市,2001-05-14,2017-11-18,2026-04-30
M004621,江建宏,一般,桃園市,1976-12-16,2015-05-02,2026-04-30
M006731,黃詩涵,白金,新北市,1984-01-02,2023-04-29,2026-04-30
M004841,蘇彥廷,一般,彰化縣,2001-09-27,2024-01-29,2026-04-30
M007422,曾怡君,一般,彰化縣,2001-11-20,2023-03-15,2026-04-30
M007016,蘇怡君,白金,高雄市,1973-03-04,2016-04-14,2026-04-30
M007481,楊怡君,白金,基隆市,1967-10-06,2025-01-05,2026-04-30
M003705,蘇心怡,白金,台南市,1993-05-22,2015-10-05,2026-04-30
M000190,李美玲,金卡,台北市,1975-11-23,2018-04-04,2026-04-30
M003558,李欣怡,金卡,新北市,1993-10-06,2015-03-26,2026-04-30
M003064,黃雅雯,一般,台北市,2002-04-25,2024-05-28,2026-04-30
M003912,蕭宗翰,金卡,新北市,1969-12-27,2019-10-22,2026-04-30
M000240,許志明,白金,台北市,1984-04-28,2025-01-28,2026-04-30
M005488,周怡君,金卡,台中市,1985-03-30,2020-04-17,2026-04-30
M005742,謝承翰,銀卡,宜蘭縣,1986-12-05,2024-12-23,2026-04-30
M001489,蕭詩涵,銀卡,彰化縣,1987-09-02,2019-12-13,2026-04-30
M007539,林彥廷,銀卡,基隆市,1982-12-17,2019-02-20,2026-04-30
M001821,邱郁婷,白金,彰化縣,2000-12-31,2024-07-01,2026-04-30
M003804,鄭俊傑,金卡,高雄市,1978-04-02,2020-12-14,2026-04-30
M004883,黃俊傑,一般,台中市,1988-05-07,2016-03-07,2026-04-30
M004387,賴佩珊,銀卡,宜蘭縣,1900-01-01,2019-01-10,2026-04-30
M000143,黃彥廷,一般,新北市,1968-12-23,2016-03-03,2026-04-30
M006653,邱雅雯,金卡,台南市,2000-08-31,2022-04-12,2026-04-30
M007826,鄭俊傑,白金,桃園市,1985-09-05,2021-06-24,2026-04-30
M004712,賴雅婷,金卡,桃園市,1986-12-03,2022-01-26,2026-04-30
M003073,蔡郁婷,金卡,彰化縣,1982-04-23,2022-12-20,2026-04-30
M004225,楊冠宇,金卡,台南市,1981-08-15,2021-08-26,2026-04-30
M003474,劉俊宏,銀卡,彰化縣,1967-04-29,2024-04-30,2026-04-30
M005237,羅詩涵,金卡,新竹市,1985-05-07,2019-05-14,2026-06-30
M003590,蘇雅婷,白金,新竹市,1965-03-15,2023-05-30,2026-04-30
M000766,周彥廷,白金,桃園市,1987-09-05,2021-10-03,2026-04-30
M005020,曾美玲,銀卡,台北市,1987-09-21,2021-12-07,2026-04-30
M003902,徐怡君,一般,基隆市,1963-05-11,2018-01-17,2026-04-30
M005246,王心怡,金卡,桃園市,1963-06-06,2017-02-15,2026-04-30
M007023,郭心怡,一般,彰化縣,1970-09-21,2023-02-22,2026-04-30
M001712,廖彥廷,一般,桃園市,1992-08-12,2024-12-29,2026-04-30
M004825,王怡君,銀卡,高雄市,2000-04-01,2016-04-17,2026-04-30
M007355,王宗翰,白金,新北市,1982-04-18,2017-02-09,2026-05-31
M007973,李心怡,銀卡,台北市,1900-01-01,2016-02-10,2026-04-30
M002696,江詩涵,白金,宜蘭縣,1970-05-30,2020-03-23,2026-04-30
M007042,潘雅婷,白金,台北市,1966-06-23,2020-10-04,2026-04-30
M001057,洪淑芬,銀卡,高雄市,1993-01-19,2017-07-03,2026-04-30
M002665,張怡君,銀卡,基隆市,1970-01-28,2022-11-16,2026-04-30
M007313,廖承翰,白金,新北市,1963-10-07,2016-01-03,2026-04-30
M002256,莊心怡,銀卡,桃園市,1999-10-10,2022-11-06,2026-04-30
M002901,周承翰,金卡,高雄市,1963-09-07,2015-12-12,2026-04-30
M004293,林雅婷,金卡,高雄市,2000-03-01,2024-04-24,2026-04-30
M002553,呂志明,金卡,桃園市,1989-10-27,2020-04-01,2026-04-30
M003469,呂俊傑,金卡,新竹市,2003-08-12,2015-07-18,2026-05-31
M000125,許詩涵,金卡,宜蘭縣,1972-12-12,2019-03-17,2026-04-30
M004538,高雅婷,銀卡,彰化縣,1983-10-26,2025-07-09,2026-04-30
M004726,潘冠宇,一般,宜蘭縣,1997-05-26,2020-01-19,2026-04-30
M002029,許家豪,銀卡,桃園市,1980-09-29,2022-09-19,2026-04-30
M000027,張柏翰,銀卡,台北市,1985-02-13,2022-05-04,2026-04-30
M006604,蘇郁婷,白金,高雄市,2001-03-17,2015-11-25,2026-05-31
M006026,蘇俊傑,金卡,新北市,1983-03-12,2024-11-27,2026-04-30
M004728,潘雅婷,銀卡,台南市,1963-12-28,2015-11-30,2026-05-31
M002090,洪郁婷,白金,高雄市,1969-06-27,2020-03-04,2026-05-31
M005247,潘美玲,金卡,桃園市,1994-06-15,2015-12-03,2026-04-30
M007774,劉柏翰,金卡,新北市,1997-12-13,2024-07-11,2026-04-30
M003394,莊郁婷,銀卡,彰化縣,1995-01-06,2016-04-03,2026-04-30
M004846,賴郁婷,金卡,台北市,1977-05-19,2018-04-22,2026-04-30
M000095,李冠宇,金卡,台中市,1980-03-17,2025-10-22,2026-04-30
M004950,王俊宏,白金,基隆市,1972-03-30,2016-11-14,2026-06-30
M002693,陳美玲,白金,台北市,1988-03-29,2022-02-01,2026-04-30
M003891,蘇怡君,白金,台北市,1978-07-23,2015-10-28,2026-04-30
M003817,張郁婷,銀卡,桃園市,1986-11-06,2021-10-07,2026-04-30
M000799,潘建宏,銀卡,彰化縣,1997-01-08,2015-09-17,2026-04-30
M003176,蕭冠宇,一般,台南市,1970-10-22,2016-10-28,2026-04-30
M000159,潘雅雯,銀卡,新北市,1977-09-07,2022-11-11,2026-04-30
M005961,徐家豪,銀卡,台南市,2002-07-24,2020-05-23,2026-04-30
M006252,劉心怡,白金,彰化縣,1971-04-07,2016-08-12,2026-04-30
M000801,林彥廷,一般,基隆市,1989-02-06,2016-11-22,2026-04-30
M002187,曾志明,一般,桃園市,2001-05-26,2019-11-19,2026-04-30
M004647,廖美玲,一般,台南市,1998-10-10,2023-03-04,2026-04-30
M002184,張美玲,白金,台中市,1993-12-18,2019-02-18,2026-04-30
M003330,周冠宇,銀卡,台北市,1979-11-11,2020-05-19,2026-04-30
M002017,謝彥廷,一般,高雄市,1984-04-09,2019-06-23,2026-04-30
M002480,郭志明,白金,台南市,1964-12-28,2021-03-24,2026-05-31
M001590,葉雅婷,金卡,台南市,2002-08-17,2018-07-15,2026-06-30
M004379,洪雅婷,銀卡,彰化縣,2000-05-09,2016-11-24,2026-04-30
M002341,呂志明,白金,高雄市,1972-05-11,2025-04-27,2026-04-30
M005102,許柏翰,金卡,台南市,1998-03-20,2024-12-29,2026-04-30
M005967,鄭宗翰,金卡,新竹市,1994-03-21,2018-12-01,2026-04-30
M001195,洪承翰,銀卡,台中市,1960-11-25,2024-08-02,2026-04-30
M001703,邱詩涵,銀卡,彰化縣,1965-11-11,2016-10-29,2026-05-31
M006461,黃冠宇,金卡,新北市,2002-11-25,2023-10-22,2026-06-30
M001100,劉怡君,金卡,基隆市,1971-05-18,2024-02-28,2026-04-30
M003144,鄭柏翰,一般,高雄市,1972-11-28,2018-10-24,2026-04-30
M004214,楊冠宇,白金,桃園市,1975-05-29,2022-11-10,2026-04-30
M000964,陳心怡,白金,台北市,1984-04-24,2015-12-23,2026-04-30
M002304,江宗翰,白金,台南市,1970-10-21,2016-06-29,2026-06-30
M005352,莊怡君,一般,基隆市,1981-11-17,2015-10-25,2026-04-30
M000459,吳郁婷,白金,高雄市,1987-06-28,2022-03-17,2026-04-30
M005099,蔡宗翰,銀卡,彰化縣,1972-08-18,2025-10-08,2026-04-30
M004314,郭志明,金卡,台南市,1960-02-25,2016-07-25,2026-04-30
M005268,郭心怡,銀卡,桃園市,2002-09-30,2017-03-11,2026-06-30
M002702,郭雅雯,白金,桃園市,2003-02-08,2015-12-23,2026-04-30
M006569,張佩珊,銀卡,台北市,2001-03-16,2024-09-04,2026-04-30
M004386,張怡君,白金,新竹市,1986-04-16,2021-05-08,2026-06-30
M000091,蔡美玲,金卡,基隆市,1991-06-21,2018-05-25,2026-05-31
M004259,劉美玲,白金,台北市,1979-07-24,2017-03-05,2026-05-31
M003228,陳俊宏,金卡,基隆市,1981-10-19,2024-02-10,2026-04-30
M004529,高冠宇,白金,台南市,1988-11-19,2024-05-11,2026-04-30
M002309,劉彥廷,白金,台北市,1984-03-09,2022-04-24,2026-05-31
M000855,羅淑芬,白金,台北市,1989-04-18,2019-03-17,2026-04-30
M000260,羅佩珊,金卡,桃園市,1993-02-07,2017-04-01,2026-04-30
M002955,何雅婷,銀卡,台中市,1960-02-12,2022-05-20,2026-04-30
M000677,潘郁婷,銀卡,新竹市,1988-10-08,2020-09-06,2026-04-30
M000037,周承翰,一般,新北市,1997-11-24,2022-06-30,2026-04-30
M003413,許宗翰,銀卡,台中市,1997-04-18,2023-09-03,2026-04-30
M002547,曾欣怡,銀卡,基隆市,1993-10-27,2016-06-12,2026-04-30
M005384,呂心怡,金卡,台南市,1962-11-20,2015-10-01,2026-04-30
M003581,邱雅婷,一般,台南市,1964-04-03,2020-05-11,2026-04-30
M000075,曾俊傑,一般,台中市,1977-05-18,2022-02-01,2026-04-30
M004673,楊詩涵,銀卡,台中市,1982-05-28,2022-12-12,2026-04-30
M006415,邱柏翰,金卡,彰化縣,1969-11-29,2017-06-04,2026-04-30
M001189,劉雅婷,白金,宜蘭縣,1996-06-05,2022-05-19,2026-04-30
M007240,徐柏翰,金卡,高雄市,1986-11-18,2018-11-07,2026-04-30
M002451,何宗翰,白金,台北市,1976-12-15,2019-11-17,2026-04-30
M005156,何雅雯,白金,台中市,1988-07-16,2023-09-03,2026-04-30
M000854,廖冠宇,金卡,台中市,1967-06-20,2025-04-22,2026-04-30
M006862,何雅雯,白金,台南市,1994-03-18,2023-09-11,2026-05-31
M007587,高雅婷,一般,桃園市,1998-07-01,2022-04-01,2026-04-30
M007977,江心怡,一般,新北市,1977-02-10,2022-10-04,2026-04-30
M002326,李彥廷,金卡,宜蘭縣,1982-06-20,2015-03-17,2026-04-30
M002649,江建宏,白金,桃園市,1981-02-21,2021-06-04,2026-04-30
M003370,王家豪,一般,桃園市,1981-09-15,2022-08-15,2026-04-30
M000371,羅彥廷,白金,高雄市,1991-10-31,2023-11-19,2026-04-30
M001717,鄭承翰,白金,N/A,1985-06-18,2018-04-25,2026-04-30
M007455,林淑芬,金卡,彰化縣,1984-05-16,2021-09-10,2026-04-30
M005859,許怡君,銀卡,新北市,2000-04-25,2019-05-10,2026-04-30
M000838,周雅婷,銀卡,台中市,1983-03-03,2018-05-01,2026-04-30
M003868,呂建宏,白金,桃園市,1995-11-12,2017-06-02,2026-05-31
M006771,蔡冠宇,金卡,彰化縣,1983-03-18,2017-07-09,2026-04-30
M005841,高冠宇,銀卡,台中市,1962-10-21,2024-08-16,2026-04-30
M006182,郭建宏,金卡,台南市,2003-06-21,2024-11-26,2026-04-30
M006436,曾佩珊,一般,彰化縣,2001-10-15,2025-10-21,2026-05-31
M001768,羅心怡,一般,基隆市,1973-03-29,2024-02-09,2026-04-30
M006817,賴淑芬,白金,台南市,1985-08-14,2024-01-27,2026-04-30
M007591,曾柏翰,白金,新竹市,1975-04-17,2022-10-01,2026-04-30
M002653,邱欣怡,銀卡,基隆市,1967-02-22,2024-03-25,2026-04-30
M007539,林彥廷,金卡,基隆市,1982-12-17,2019-02-20,2026-05-31
M001174,曾佩珊,銀卡,台北市,1968-02-27,2025-11-27,2026-04-30
M002067,鄭俊傑,金卡,高雄市,1982-09-13,2025-12-12,2026-04-30
M005444,張雅婷,一般,高雄市,1987-05-30,2018-01-07,2026-04-30
M007631,呂佩珊,白金,高雄市,1972-11-23,2019-10-09,2026-04-30
M005125,楊欣怡,金卡,台中市,2002-04-10,2015-02-16,2026-04-30
M000549,蕭宗翰,金卡,新北市,1960-01-03,2021-08-14,2026-04-30
M005394,曾詩涵,金卡,新竹市,1985-03-09,2018-06-30,2026-04-30
M006109,呂柏翰,白金,台北市,1982-12-19,2024-02-08,2026-04-30
M005021,郭彥廷,一般,宜蘭縣,1971-07-24,2025-07-22,2026-04-30
M007965,蕭俊傑,銀卡,台中市,1989-08-17,2016-05-05,2026-04-30
M002735,高雅婷,銀卡,高雄市,1982-08-12,2025-11-24,2026-04-30
M007696,洪家豪,金卡,基隆市,1972-08-01,2021-03-31,2026-04-30
M004252,蘇詩涵,金卡,宜蘭縣,1977-06-13,2023-12-14,2026-04-30
M002694,蘇雅婷,白金,桃園市,1986-09-08,2018-06-06,2026-04-30
M001338,黃怡君,一般,宜蘭縣,1998-03-18,2016-06-10,2026-06-30
M001210,陳俊宏,金卡,台北市,1971-01-01,2019-08-09,2026-04-30
M005432,謝承翰,白金,台南市,1978-01-01,2021-03-14,2026-05-31
M007801,潘詩涵,金卡,基隆市,1962-11-18,2020-11-12,2026-04-30
M006586,李心怡,一般,高雄市,1993-08-06,2016-09-06,2026-04-30
M004738,邱心怡,白金,彰化縣,1992-08-05,2020-12-12,2026-04-30
M003538,呂志明,一般,宜蘭縣,2000-09-30,2022-07-14,2026-04-30
M001352,邱志明,一般,宜蘭縣,1978-01-11,2025-10-18,2026-04-30
M002567,何美玲,白金,桃園市,1985-05-29,2019-07-21,2026-04-30
M002269,徐美玲,白金,新竹市,1969-02-21,2021-09-12,2026-05-31
M006961,呂宗翰,金卡,台北市,1983-10-26,2017-04-17,2026-04-30
M004230,葉雅婷,銀卡,台北市,1974-01-27,2019-08-13,2026-04-30
M006291,鄭家豪,一般,基隆市,2002-02-07,2024-10-23,2026-04-30
M006751,蘇冠宇,一般,新竹市,1974-10-12,2020-08-13,2026-04-30
M005160,張承翰,銀卡,基隆市,1966-08-11,2016-04-01,2026-04-30
M001863,蘇心怡,銀卡,台南市,1960-07-18,2023-07-13,2026-04-30
M007939,潘宗翰,銀卡,新北市,1997-08-16,2017-09-18,2026-04-30
M003220,劉建宏,銀卡,基隆市,1995-12-18,2023-10-03,2026-04-30
M005065,吳志明,白金,基隆市,2001-06-12,2015-09-26,2026-04-30
M006605,黃美玲,銀卡,新竹市,1970-11-08,2016-06-03,2026-04-30
M006140,李宗翰,金卡,台中市,1975-01-02,2023-09-26,2026-04-30
M000608,周淑芬,一般,高雄市,2002-07-04,2022-03-08,2026-04-30
M001022,張怡君,銀卡,台北市,1970-02-06,2019-09-29,2026-04-30
M000269,周建宏,白金,台中市,1961-02-03,2021-06-25,2026-04-30
M002708,郭家豪,一般,宜蘭縣,2001-01-21,2017-09-19,2026-04-30
M004244,洪柏翰,白金,宜蘭縣,1991-08-15,2019-08-04,2026-04-30
M007388,何佩珊,白金,新北市,1983-03-20,2020-09-09,2026-04-30
M002436,謝柏翰,一般,桃園市,1992-05-20,2019-12-04,2026-04-30
M004019,謝詩涵,一般,新北市,1987-05-20,2022-01-30,2026-04-30
M002672,林家豪,金卡,台中市,1968-12-14,2021-01-27,2026-04-30
M002652,王詩涵,一般,台南市,1962-05-25,2017-03-30,2026-04-30
M000142,蘇彥廷,白金,新北市,2000-04-19,2017-08-14,2026-04-30
M002478,何雅雯,白金,桃園市,1981-10-27,2018-07-17,2026-04-30
M004432,徐俊傑,金卡,台北市,1989-06-12,2023-05-14,2026-04-30
M005081,李冠宇,一般,新北市,1975-07-04,2021-03-02,2026-04-30
M005346,江詩涵,銀卡,高雄市,1983-11-12,2015-04-27,2026-04-30
M001903,洪彥廷,白金,台北市,1976-12-16,2018-11-17,2026-05-31
M002911,楊郁婷,金卡,台中市,1966-02-03,2020-09-19,2026-04-30
M004345,蕭雅雯,白金,台中市,1972-11-07,2019-07-05,2026-04-30
M007150,陳淑芬,金卡,新竹市,1965-08-19,2024-04-29,2026-04-30
M000153,邱詩涵,金卡,台中市,1966-01-14,2024-12-19,2026-04-30
M001944,吳淑芬,金卡,台中市,1991-03-02,2022-09-22,2026-04-30
M007100,賴佩珊,一般,台北市,1985-08-02,2024-11-18,2026-04-30
M002155,葉雅雯,銀卡,宜蘭縣,1968-05-08,2017-05-20,2026-04-30
M005092,郭俊宏,白金,新北市,1993-08-20,2016-12-17,2026-04-30
M004561,賴欣怡,金卡,桃園市,1981-04-11,2017-01-19,2026-04-30
M001280,洪郁婷,銀卡,新北市,2001-12-01,2015-01-12,2026-04-30
M006417,李郁婷,金卡,桃園市,1992-10-04,2017-12-15,2026-04-30
M007865,謝彥廷,金卡,桃園市,1990-02-14,2016-12-30,2026-04-30
M000103,陳冠宇,一般,台北市,1972-08-25,2025-04-09,2026-04-30
M003793,鄭欣怡,一般,基隆市,1978-05-27,2016-09-02,2026-04-30
M004572,賴柏翰,銀卡,台南市,1972-07-22,2017-12-01,2026-04-30
M005640,賴俊傑,白金,基隆市,1991-08-14,2021-07-14,2026-04-30
M005329,徐心怡,白金,台南市,1988-05-14,2021-03-18,2026-04-30
M003008,蘇淑芬,銀卡,新竹市,1963-06-17,2021-09-18,2026-04-30
M005260,廖家豪,白金,宜蘭縣,1962-03-16,2024-07-03,2026-06-30
M006032,張怡君,金卡,新竹市,1966-11-28,2016-10-20,2026-05-31
M001170,何郁婷,一般,桃園市,1988-05-19,2025-11-17,2026-04-30
M006133,鄭欣怡,銀卡,台中市,1987-04-05,2022-06-09,2026-04-30
M006332,徐宗翰,銀卡,彰化縣,1980-11-01,2022-04-13,2026-04-30
M007163,葉冠宇,金卡,桃園市,2003-04-16,2015-08-15,2026-04-30
M003699,曾宗翰,一般,彰化縣,1973-08-11,2021-03-03,2026-04-30
M001259,郭美玲,銀卡,台中市,1986-10-05,2025-06-30,2026-04-30
M000618,蕭雅婷,銀卡,台北市,1999-01-20,2019-09-20,2026-04-30
M002682,曾彥廷,銀卡,新北市,1968-04-07,2019-11-28,2026-04-30
M006482,潘美玲,白金,台北市,1997-01-14,2015-02-18,2026-05-31
M003404,鄭淑芬,銀卡,新竹市,1961-09-02,2020-09-04,2026-04-30
M006928,高彥廷,一般,桃園市,1995-09-20,2016-08-15,2026-04-30
M002244,葉佩珊,金卡,宜蘭縣,1991-12-29,2017-01-29,2026-04-30
M003457,許建宏,一般,新竹市,1993-03-03,2022-01-18,2026-05-31
M004000,江冠宇,一般,宜蘭縣,1968-10-28,2017-12-08,2026-04-30
M002059,潘柏翰,銀卡,彰化縣,1997-09-04,2024-04-02,2026-04-30
M005948,賴怡君,白金,彰化縣,1968-09-24,2019-07-01,2026-06-30
M002376,蕭美玲,一般,台南市,1965-03-08,2025-05-11,2026-04-30
M005231,郭柏翰,銀卡,桃園市,1962-08-07,2021-07-12,2026-04-30
M005093,潘冠宇,銀卡,高雄市,1967-06-26,2015-05-09,2026-04-30
M007482,廖冠宇,白金,新竹市,1982-04-08,2015-02-06,2026-04-30
M001061,黃彥廷,白金,新北市,1981-08-10,2023-05-06,2026-04-30
M006221,何柏翰,金卡,宜蘭縣,1990-02-21,2024-10-20,2026-04-30
M003757,楊承翰,白金,新北市,1971-09-11,2015-01-08,2026-04-30
M004935,潘家豪,銀卡,台南市,2002-09-08,2016-02-14,2026-04-30
M004303,張雅雯,白金,台中市,1964-05-21,2017-09-14,2026-04-30
M007241,周雅雯,銀卡,台南市,1965-01-04,2025-04-05,2026-04-30
M004529,高冠宇,白金,台南市,1988-11-19,2024-05-11,2026-06-30
M001098,江雅婷,銀卡,彰化縣,1960-06-11,2023-05-01,2026-04-30
M001097,呂彥廷,一般,桃園市,1996-05-06,2023-01-24,2026-04-30
M003088,廖家豪,一般,桃園市,1994-07-12,2024-07-31,2026-04-30
M003645,許欣怡,白金,台北市,1986-02-26,2020-12-15,2026-04-30
M000427,周淑芬,一般,高雄市,1997-11-20,2022-10-28,2026-04-30
M006536,呂欣怡,金卡,基隆市,1982-05-09,2015-11-17,2026-04-30
M006169,莊怡君,金卡,台北市,1984-09-01,2023-01-06,2026-04-30
M005902,徐俊宏,白金,N/A,1979-10-07,2018-02-25,2026-04-30
M007005,賴美玲,銀卡,新竹市,1967-06-18,2017-04-08,2026-04-30
M006273,賴宗翰,銀卡,基隆市,1977-07-03,2020-12-30,2026-04-30
M000771,葉冠宇,銀卡,台北市,1992-09-07,2025-06-07,2026-04-30
M003113,江美玲,白金,新北市,1995-12-01,2025-02-27,2026-04-30
M005672,廖俊傑,金卡,台南市,1981-09-03,2016-11-28,2026-04-30
M006701,蔡怡君,金卡,彰化縣,1998-11-11,2019-10-16,2026-04-30
M000552,林建宏,銀卡,新北市,1900-01-01,2019-10-18,2026-04-30
M001825,潘淑芬,一般,新竹市,1994-11-08,2023-08-12,2026-04-30
M005043,林承翰,銀卡,彰化縣,1964-09-07,2022-08-24,2026-04-30
M007033,呂淑芬,一般,新竹市,1976-10-09,2019-10-11,2026-04-30
M007833,劉承翰,銀卡,桃園市,1969-11-05,2016-02-27,2026-04-30
M004938,莊心怡,銀卡,基隆市,1977-02-02,2020-07-03,2026-04-30
M002641,葉郁婷,金卡,宜蘭縣,1969-05-25,2018-04-25,2026-04-30
M004495,江心怡,銀卡,台南市,1998-04-29,2020-06-10,2026-04-30
M007262,呂心怡,一般,新竹市,1968-06-04,2020-06-15,2026-04-30
M007470,蘇志明,白金,新北市,1971-12-27,2024-12-17,2026-04-30
M003029,鄭怡君,一般,台北市,1989-10-09,2018-05-03,2026-04-30
M000247,曾柏翰,金卡,基隆市,1989-09-24,2024-01-26,2026-04-30
M005636,何雅雯,銀卡,新竹市,1990-06-27,2016-07-16,2026-04-30
M003313,曾冠宇,金卡,基隆市,1968-07-21,2025-10-08,2026-04-30
M002018,江雅婷,白金,基隆市,1991-10-19,2025-04-08,2026-04-30
M000029,林宗翰,白金,新竹市,1980-11-21,2020-11-25,2026-04-30
M000239,江詩涵,一般,台南市,1995-02-16,2020-07-02,2026-04-30
M000977,黃淑芬,白金,台南市,2001-03-31,2025-12-12,2026-04-30
M002755,呂俊宏,金卡,台北市,1993-10-21,2016-04-19,2026-04-30
M003238,謝雅婷,金卡,新竹市,1971-04-03,2021-03-14,2026-04-30
M007808,洪美玲,銀卡,基隆市,1995-04-19,2022-12-12,2026-04-30
M004368,蕭彥廷,金卡,台北市,1993-07-16,2018-01-22,2026-04-30
M004509,高宗翰,白金,桃園市,1974-05-25,2025-07-13,2026-04-30
M003442,許俊傑,金卡,台中市,1995-08-12,2018-11-21,2026-04-30
M006792,葉雅雯,銀卡,宜蘭縣,1970-01-09,2021-01-05,2026-04-30
M005022,吳欣怡,白金,彰化縣,1981-11-11,2018-08-16,2026-04-30
M003287,周雅雯,金卡,新北市,1999-07-28,2017-01-17,2026-04-30
M000155,郭俊傑,白金,新北市,1988-11-22,2016-01-27,2026-04-30
M004997,蔡建宏,金卡,宜蘭縣,1966-12-14,2018-08-08,2026-04-30
M005234,蕭郁婷,金卡,彰化縣,1978-10-31,2015-10-18,2026-06-30
M003312,廖承翰,金卡,高雄市,1971-07-21,2017-07-28,2026-04-30
M006738,陳俊傑,銀卡,彰化縣,1986-06-19,2015-09-07,2026-04-30
M003818,林宗翰,銀卡,新竹市,1988-07-10,2024-07-02,2026-05-31
M004342,呂淑芬,一般,高雄市,1983-05-16,2019-10-19,2026-05-31
M004380,林彥廷,白金,基隆市,1965-02-21,2024-05-05,2026-04-30
M005763,許淑芬,銀卡,N/A,1987-12-20,2017-05-01,2026-05-31
M007230,張雅婷,一般,台北市,1972-01-26,2022-04-09,2026-05-31
M000294,林美玲,銀卡,彰化縣,2001-01-26,2023-03-26,2026-04-30
M000052,江建宏,白金,台中市,1992-02-02,2019-03-12,2026-04-30
M005119,黃淑芬,銀卡,台北市,1996-06-11,2025-02-09,2026-04-30
M005377,莊詩涵,白金,台中市,1983-09-12,2018-03-18,2026-04-30
M001333,張柏翰,金卡,新竹市,1962-03-17,2020-03-02,2026-04-30
M006216,林佩珊,銀卡,宜蘭縣,1960-01-14,2016-09-20,2026-04-30
M003685,許冠宇,銀卡,高雄市,1996-02-26,2017-03-31,2026-04-30
M002069,許冠宇,金卡,台北市,1977-09-03,2024-01-08,2026-04-30
M001268,蘇柏翰,一般,台中市,2000-07-01,2022-05-29,2026-04-30
M001225,呂彥廷,白金,彰化縣,1995-07-23,2022-02-22,2026-05-31
M001614,高俊宏,金卡,台北市,1993-03-22,2022-07-24,2026-04-30
M004844,鄭美玲,一般,桃園市,1979-01-02,2017-05-09,2026-04-30
M004646,江怡君,金卡,基隆市,1975-07-23,2024-10-06,2026-04-30
M006961,呂宗翰,白金,台北市,1983-10-26,2017-04-17,2026-05-31
M005656,廖詩涵,一般,彰化縣,1989-11-19,2016-07-17,2026-04-30
M000809,張欣怡,金卡,台中市,1985-08-23,2024-11-16,2026-04-30
M002195,林冠宇,白金,高雄市,2001-12-07,2018-02-12,2026-04-30
M002903,張宗翰,金卡,新竹市,1978-05-02,2022-10-19,2026-04-30
M003333,劉俊傑,白金,新竹市,1983-10-31,2015-06-07,2026-05-31
M001317,廖雅雯,一般,高雄市,1962-01-23,2020-10-04,2026-04-30
M000203,何家豪,銀卡,台北市,1985-11-18,2018-10-08,2026-04-30
M007554,陳佩珊,銀卡,台北市,2002-12-08,2017-06-24,2026-04-30
M004093,周淑芬,一般,基隆市,1970-05-28,2025-04-09,2026-04-30
M000640,蕭建宏,金卡,高雄市,1998-08-15,2024-07-12,2026-04-30
M005055,郭建宏,銀卡,台中市,1974-08-13,2022-03-07,2026-05-31
M006024,楊柏翰,白金,高雄市,1966-02-23,2018-05-12,2026-04-30
M003285,蕭柏翰,一般,台中市,1977-02-12,2023-05-17,2026-04-30
M002086,蘇淑芬,金卡,宜蘭縣,1976-08-09,2016-08-25,2026-04-30
M002273,莊怡君,金卡,宜蘭縣,1969-11-23,2023-12-29,2026-04-30
M003393,賴雅婷,金卡,高雄市,1966-04-13,2024-08-16,2026-04-30
M003455,陳欣怡,銀卡,新北市,1976-09-19,2023-01-31,2026-04-30
M005369,李雅婷,銀卡,高雄市,1994-09-03,2015-06-22,2026-04-30
M000778,呂雅雯,白金,彰化縣,1969-06-21,2022-01-24,2026-06-30
M000312,廖淑芬,一般,新竹市,1990-08-25,2019-02-13,2026-04-30
M002040,李建宏,白金,台中市,1965-12-05,2021-06-24,2026-04-30
M004912,洪宗翰,一般,高雄市,2002-10-20,2017-09-20,2026-04-30
M000554,許詩涵,金卡,高雄市,1972-11-18,2023-07-30,2026-04-30
M003906,莊冠宇,金卡,新北市,1992-10-05,2023-12-12,2026-06-30
M005775,黃柏翰,金卡,台南市,1999-11-30,2019-10-12,2026-04-30
M000314,呂志明,銀卡,台中市,1993-08-10,2016-08-06,2026-06-30
M003318,蕭心怡,一般,宜蘭縣,1980-01-10,2016-10-15,2026-04-30
M004118,陳家豪,白金,宜蘭縣,1979-06-18,2017-10-01,2026-04-30
M001576,郭建宏,白金,高雄市,1972-12-05,2015-02-04,2026-04-30
M006521,江冠宇,一般,桃園市,1981-02-01,2021-03-30,2026-04-30
M001109,江佩珊,金卡,基隆市,1998-08-15,2019-12-22,2026-04-30
M000710,郭家豪,白金,桃園市,1961-08-13,2018-09-21,2026-04-30
M002286,林郁婷,白金,新北市,1972-05-22,2018-06-25,2026-04-30
M000295,林淑芬,金卡,台北市,2001-02-18,2022-03-31,2026-04-30
M006333,徐心怡,白金,新北市,1992-03-27,2019-11-20,2026-04-30
M005625,洪彥廷,一般,台北市,1960-04-20,2025-11-18,2026-04-30
M001846,蕭雅雯,白金,台南市,1976-09-21,2022-04-15,2026-04-30
M003234,謝宗翰,一般,基隆市,2002-12-03,2025-03-14,2026-04-30
M007938,蔡志明,白金,彰化縣,1982-09-20,2024-06-09,2026-04-30
M006861,蔡宗翰,銀卡,高雄市,1961-11-16,2023-10-11,2026-04-30
M002494,王宗翰,銀卡,台南市,2000-01-03,2015-04-30,2026-04-30
M001073,郭郁婷,金卡,基隆市,1965-07-26,2018-12-29,2026-04-30
M004714,謝郁婷,金卡,台南市,1982-06-20,2022-06-30,2026-06-30
M001430,潘冠宇,一般,宜蘭縣,1998-08-28,2024-03-05,2026-04-30
M000003,莊冠宇,銀卡,台南市,1972-05-01,2015-10-08,2026-06-30
M007242,洪心怡,白金,彰化縣,1976-10-01,2023-03-07,2026-04-30
M004953,蘇美玲,白金,宜蘭縣,1963-12-21,2022-07-01,2026-04-30
M007886,蔡怡君,銀卡,新竹市,1964-09-25,2022-07-14,2026-04-30
M003905,邱建宏,銀卡,新北市,1986-10-19,2016-07-02,2026-04-30
M000059,李詩涵,金卡,基隆市,1976-08-18,2020-11-21,2026-06-30
M003108,江欣怡,金卡,台北市,1967-05-10,2022-10-28,2026-04-30
M006159,楊雅雯,一般,新竹市,1992-03-17,2020-10-07,2026-04-30
M003316,潘建宏,白金,新北市,1983-01-02,2015-01-25,2026-04-30
M000097,黃冠宇,銀卡,彰化縣,2001-12-25,2017-12-04,2026-04-30
M006417,李郁婷,金卡,新北市,1992-10-04,2017-12-15,2026-05-31
M003557,高俊傑,白金,新北市,1970-01-07,2025-06-02,2026-04-30
M005380,周心怡,銀卡,宜蘭縣,1964-12-18,2022-10-22,2026-04-30
M005711,高宗翰,銀卡,宜蘭縣,2001-12-24,2025-09-13,2026-04-30
M007473,蕭宗翰,白金,高雄市,1993-10-15,2022-04-19,2026-04-30
M003569,吳建宏,金卡,基隆市,2002-04-10,2025-01-29,2026-04-30
M000163,陳雅婷,白金,高雄市,1998-07-17,2025-07-11,2026-04-30
M000611,徐柏翰,白金,新北市,1978-08-02,2021-02-23,2026-04-30
M006190,邱冠宇,銀卡,桃園市,1982-02-18,2024-12-21,2026-04-30
M004565,楊詩涵,銀卡,桃園市,1973-03-31,2020-11-13,2026-04-30
M000914,高怡君,銀卡,高雄市,1988-09-11,2015-10-01,2026-04-30
M002893,呂建宏,金卡,台中市,1970-03-08,2023-03-01,2026-04-30
M004345,蕭雅雯,白金,桃園市,1972-11-07,2019-07-05,2026-05-31
M003227,高建宏,一般,桃園市,1973-08-03,2024-10-06,2026-04-30
M007601,賴承翰,銀卡,新北市,1962-02-03,2016-03-25,2026-04-30
M007648,羅淑芬,金卡,新竹市,2002-12-27,2018-06-19,2026-04-30
M005638,周欣怡,金卡,台中市,2000-06-14,2015-11-13,2026-04-30
M001584,蔡宗翰,一般,台南市,1974-04-21,2025-07-23,2026-04-30
M005162,蘇俊傑,銀卡,台北市,1965-01-30,2023-11-26,2026-04-30
M001238,蔡雅婷,白金,宜蘭縣,1995-07-22,2019-10-16,2026-04-30
M001298,羅宗翰,白金,桃園市,1965-08-10,2018-08-14,2026-04-30
M002571,郭建宏,白金,桃園市,1983-01-19,2021-06-15,2026-04-30
M003893,林淑芬,金卡,台南市,1960-09-17,2016-04-20,2026-04-30
M003786,廖俊傑,金卡,宜蘭縣,1996-09-07,2019-05-03,2026-05-31
M005965,葉淑芬,白金,高雄市,1990-04-06,2021-01-15,2026-04-30
M001497,賴彥廷,白金,基隆市,1993-08-28,2018-09-12,2026-04-30
M000253,賴俊傑,白金,基隆市,1999-06-29,2022-12-03,2026-04-30
M007921,葉俊宏,金卡,宜蘭縣,1976-02-16,2016-10-21,2026-04-30
M006445,呂宗翰,白金,彰化縣,1983-07-15,2024-03-23,2026-06-30
M007480,蔡俊傑,白金,新竹市,1966-05-13,2022-07-26,2026-04-30
M005475,黃佩珊,銀卡,桃園市,1995-04-09,2025-07-10,2026-04-30
M003515,洪詩涵,白金,新竹市,1978-05-06,2018-05-15,2026-04-30
M007732,曾淑芬,銀卡,宜蘭縣,1990-09-02,2018-07-23,2026-04-30
M007378,謝淑芬,銀卡,台南市,1990-05-20,2024-11-26,2026-06-30
M006668,高欣怡,白金,桃園市,1999-09-07,2022-08-28,2026-05-31
M001183,鄭欣怡,金卡,台南市,1998-09-23,2019-02-02,2026-04-30
M001650,羅志明,銀卡,新北市,1965-11-22,2025-02-21,2026-04-30
M001129,江雅雯,金卡,彰化縣,1989-12-17,2016-01-23,2026-04-30
M004459,潘家豪,銀卡,台北市,1960-07-27,2020-11-16,2026-04-30
M007431,許美玲,一般,台中市,1962-07-24,2018-05-21,2026-04-30
M006313,陳建宏,金卡,台中市,1962-08-16,2015-12-30,2026-04-30
M006107,賴柏翰,銀卡,台北市,1970-10-02,2020-02-25,2026-04-30
M006377,謝欣怡,金卡,彰化縣,1994-07-15,2021-01-09,2026-04-30
M001125,高建宏,一般,高雄市,1986-07-25,2021-07-14,2026-04-30
M004455,曾俊傑,銀卡,彰化縣,1962-02-05,2024-10-30,2026-04-30
M003884,葉承翰,白金,基隆市,1984-06-25,2020-10-19,2026-04-30
M005414,徐柏翰,銀卡,桃園市,1993-01-29,2024-06-03,2026-05-31
M001540,莊雅雯,一般,桃園市,1992-10-11,2025-02-09,2026-04-30
M007730,曾家豪,一般,台北市,2000-11-09,2021-10-01,2026-04-30
M001938,王郁婷,銀卡,基隆市,1960-04-14,2019-05-06,2026-04-30
M004791,江雅雯,白金,新竹市,1993-10-05,2017-11-23,2026-04-30
M007762,鄭建宏,金卡,桃園市,2001-11-14,2024-11-08,2026-04-30
M006808,高雅雯,金卡,新北市,1964-06-24,2016-09-27,2026-04-30
M007722,潘美玲,一般,新北市,1977-08-14,2020-11-23,2026-04-30
M000255,郭詩涵,銀卡,彰化縣,1963-12-19,2022-01-20,2026-04-30
M002746,周家豪,金卡,基隆市,1994-01-12,2021-08-08,2026-04-30
M005050,羅冠宇,白金,新竹市,1985-06-26,2017-08-26,2026-04-30
M004917,劉淑芬,銀卡,宜蘭縣,1962-02-02,2021-05-21,2026-04-30
M005791,莊欣怡,金卡,台南市,1960-12-04,2018-07-18,2026-04-30
M006334,吳雅婷,銀卡,新竹市,1989-01-13,2024-12-23,2026-04-30
M003309,賴宗翰,白金,新竹市,1996-12-23,2025-05-30,2026-04-30
M003749,蕭佩珊,銀卡,新竹市,1979-12-13,2016-05-03,2026-04-30
M003624,呂俊宏,金卡,高雄市,2003-03-03,2019-12-01,2026-04-30
M003797,吳怡君,一般,彰化縣,1976-01-19,2023-02-15,2026-04-30
M003822,劉淑芬,金卡,台南市,1982-10-25,2018-04-06,2026-04-30
M001418,羅志明,白金,台南市,1965-07-20,2017-12-12,2026-04-30
M005193,洪俊宏,白金,高雄市,1965-04-07,2015-11-08,2026-04-30
M002251,許俊宏,白金,台北市,1981-01-09,2015-11-28,2026-04-30
M007876,蕭承翰,一般,新北市,1983-07-06,2015-05-26,2026-04-30
M003730,蕭建宏,一般,新北市,1962-11-30,2018-05-26,2026-04-30
M001234,徐冠宇,金卡,台南市,2000-11-03,2019-07-30,2026-04-30
M004715,蔡雅婷,白金,桃園市,1996-04-29,2021-10-05,2026-04-30
M000115,潘欣怡,一般,台中市,1988-07-15,2016-03-09,2026-04-30
M001308,許欣怡,白金,宜蘭縣,1998-04-25,2018-10-31,2026-04-30
M002433,邱美玲,一般,彰化縣,1989-04-09,2020-12-10,2026-04-30
M005720,楊詩涵,白金,台北市,1999-11-16,2025-04-13,2026-06-30
M004664,周怡君,銀卡,高雄市,2003-06-05,2022-06-26,2026-04-30
M004671,楊欣怡,白金,彰化縣,1986-07-27,2017-06-15,2026-04-30
M003354,郭淑芬,一般,高雄市,1995-07-10,2025-07-10,2026-04-30
M001682,羅詩涵,白金,N/A,1969-03-13,2021-04-20,2026-05-31
M003875,莊家豪,一般,彰化縣,1962-03-21,2015-05-03,2026-04-30
M004082,郭詩涵,白金,台北市,1969-12-21,2023-02-24,2026-04-30
M001490,蔡淑芬,銀卡,台南市,1970-05-18,2016-01-15,2026-04-30
M000345,謝心怡,金卡,高雄市,1970-08-11,2016-12-03,2026-04-30
M005563,徐宗翰,白金,台中市,1990-03-21,2024-03-25,2026-04-30
M007584,郭郁婷,銀卡,基隆市,1968-04-17,2019-10-21,2026-04-30
M003478,張佩珊,一般,高雄市,1966-09-23,2018-02-28,2026-04-30
M002442,許淑芬,銀卡,台南市,1990-04-04,2022-08-03,2026-04-30
M006532,謝宗翰,銀卡,台中市,1976-10-07,2015-10-15,2026-04-30
M002797,何彥廷,金卡,桃園市,1993-03-18,2020-01-18,2026-06-30
M004981,蕭佩珊,一般,新北市,1972-02-26,2021-12-06,2026-04-30
M007745,鄭柏翰,白金,台北市,1997-04-13,2018-03-21,2026-04-30
M004831,何詩涵,金卡,宜蘭縣,1975-04-07,2024-07-06,2026-04-30
M004020,劉淑芬,一般,桃園市,1994-06-01,2022-03-07,2026-04-30
M007462,陳彥廷,白金,高雄市,1976-05-08,2019-05-19,2026-04-30
M005379,王淑芬,白金,台南市,1963-08-27,2025-02-25,2026-04-30
M000604,劉怡君,一般,新竹市,1991-09-14,2021-11-21,2026-04-30
M000140,劉欣怡,一般,新北市,1994-08-02,2021-06-05,2026-04-30
M002228,江欣怡,銀卡,彰化縣,1969-01-31,2019-07-02,2026-04-30
M001735,賴郁婷,一般,台中市,1975-03-21,2022-05-08,2026-04-30
M007084,葉柏翰,金卡,台北市,1962-07-11,2024-12-02,2026-04-30
M003164,潘冠宇,一般,台北市,1968-07-19,2020-06-01,2026-04-30
M006468,蘇柏翰,白金,台南市,1966-03-16,2024-02-24,2026-04-30
M003730,蕭建宏,一般,高雄市,1962-11-30,2018-05-26,2026-05-31
M001372,林詩涵,銀卡,基隆市,1989-05-16,2022-09-11,2026-06-30
M004996,謝俊宏,白金,彰化縣,1975-12-18,2017-11-24,2026-04-30
M000434,潘柏翰,金卡,新竹市,1984-09-02,2018-12-10,2026-04-30
M006658,謝雅雯,銀卡,新北市,1969-04-22,2023-05-27,2026-05-31
M002552,蘇彥廷,金卡,新竹市,1971-06-21,2020-09-06,2026-04-30
M000081,高建宏,金卡,新竹市,1963-05-23,2021-01-01,2026-04-30
M004227,郭家豪,銀卡,台中市,1966-05-13,2023-01-02,2026-04-30
M005008,郭俊傑,一般,台中市,1968-12-04,2022-05-04,2026-04-30
M002459,吳詩涵,一般,台中市,1977-02-05,2023-01-09,2026-04-30
M005590,吳俊宏,一般,新竹市,2001-02-11,2020-01-08,2026-04-30
M003842,王承翰,金卡,新竹市,1900-01-01,2020-10-14,2026-05-31
M000191,徐俊傑,一般,台南市,1995-04-22,2021-07-18,2026-04-30
M007134,潘心怡,一般,台北市,1967-08-16,2017-05-10,2026-04-30
M007474,呂志明,金卡,彰化縣,1980-07-22,2024-05-27,2026-04-30
M007155,劉冠宇,金卡,宜蘭縣,1979-10-11,2025-08-19,2026-04-30
M006892,徐宗翰,一般,新竹市,1983-02-14,2015-04-25,2026-04-30
M007799,邱雅婷,白金,台南市,1987-12-15,2023-01-29,2026-05-31
M001325,李俊宏,銀卡,高雄市,1978-12-21,2022-12-18,2026-04-30
M007971,謝詩涵,一般,高雄市,1974-06-28,2022-04-10,2026-04-30
M006269,蕭心怡,一般,台北市,1970-05-09,2017-11-21,2026-04-30
M001410,呂冠宇,一般,新竹市,1964-06-19,2024-01-08,2026-04-30
M004849,李詩涵,金卡,新北市,2002-05-16,2016-08-12,2026-04-30
M004658,江佩珊,金卡,宜蘭縣,1995-05-08,2016-07-06,2026-04-30
M006632,蕭彥廷,銀卡,新竹市,1980-10-03,2023-06-12,2026-04-30
M007039,楊怡君,一般,桃園市,1969-03-03,2020-03-02,2026-04-30
M005066,劉建宏,銀卡,宜蘭縣,1988-03-19,2021-04-26,2026-04-30
M006516,徐家豪,金卡,新北市,1997-12-19,2022-06-03,2026-04-30
M004123,葉家豪,銀卡,宜蘭縣,1982-08-17,2017-07-07,2026-04-30
M002303,謝建宏,一般,新北市,1977-09-17,2024-12-26,2026-04-30
M004525,郭怡君,銀卡,台南市,1978-08-17,2023-09-16,2026-04-30
M002615,林雅雯,一般,桃園市,1977-10-11,2024-12-09,2026-04-30
M001191,廖淑芬,銀卡,新北市,1983-11-27,2017-06-26,2026-04-30
M004396,何怡君,一般,台南市,2003-03-11,2015-12-02,2026-04-30
M007253,莊怡君,銀卡,台南市,1960-08-18,2020-04-11,2026-04-30
M006346,曾雅雯,銀卡,新竹市,1984-11-28,2017-06-27,2026-04-30
M007363,林郁婷,白金,宜蘭縣,1962-01-13,2022-03-20,2026-04-30
M004060,鄭心怡,金卡,台中市,1966-08-14,2020-01-27,2026-04-30
M000916,陳美玲,一般,高雄市,1984-08-08,2020-10-15,2026-04-30
M006035,許建宏,白金,台中市,1984-03-10,2017-05-06,2026-04-30
M006165,羅建宏,一般,台南市,1962-02-07,2015-10-06,2026-04-30
M005303,郭建宏,一般,新北市,1997-12-12,2017-02-02,2026-04-30
M002577,潘雅雯,銀卡,高雄市,2000-03-23,2023-08-14,2026-04-30
M006743,高雅雯,一般,桃園市,1989-12-09,2025-12-05,2026-04-30
M003096,蔡柏翰,銀卡,台北市,2000-11-24,2023-04-05,2026-06-30
M000713,邱郁婷,一般,桃園市,1982-05-23,2024-01-12,2026-04-30
M006671,林柏翰,一般,新北市,1982-03-13,2018-12-20,2026-04-30
M007496,吳俊傑,一般,新北市,1990-12-05,2017-12-25,2026-04-30
M007140,洪心怡,白金,高雄市,1965-03-19,2015-06-13,2026-04-30
M002266,何雅婷,銀卡,新竹市,1976-09-19,2017-02-05,2026-04-30
M002204,羅俊傑,金卡,高雄市,1973-07-23,2023-08-09,2026-04-30
M003151,潘心怡,銀卡,桃園市,1988-05-16,2021-02-11,2026-04-30
M002751,王彥廷,一般,彰化縣,1961-02-16,2023-07-11,2026-04-30
M000594,蘇佩珊,白金,宜蘭縣,1998-10-11,2017-09-07,2026-04-30
M002666,鄭郁婷,金卡,新北市,1961-03-05,2023-11-25,2026-04-30
M001211,邱宗翰,金卡,新竹市,1999-12-24,2025-01-09,2026-04-30
M002569,劉美玲,銀卡,新竹市,1982-08-30,2023-03-10,2026-04-30
M003181,邱柏翰,白金,新竹市,1962-01-06,2023-04-25,2026-04-30
M004998,羅淑芬,白金,台中市,1980-03-18,2025-07-20,2026-05-31
M006773,江俊傑,白金,高雄市,1998-11-05,2024-10-02,2026-04-30
M001373,賴心怡,銀卡,桃園市,1975-08-08,2024-12-26,2026-04-30
M002315,李俊宏,金卡,高雄市,1998-01-26,2018-08-22,2026-04-30
M005659,周郁婷,一般,台北市,1974-05-17,2024-07-27,2026-04-30
M001230,洪家豪,一般,新竹市,1999-03-25,2016-07-22,2026-04-30
M003628,邱俊傑,白金,新北市,1973-01-23,2015-11-29,2026-04-30
M002044,高彥廷,白金,宜蘭縣,1963-11-29,2018-12-07,2026-04-30
M003850,潘郁婷,金卡,基隆市,1969-05-13,2025-02-14,2026-04-30
M002729,莊心怡,一般,新北市,1966-09-11,2021-12-18,2026-04-30
M002051,鄭建宏,銀卡,高雄市,1960-12-29,2023-12-03,2026-04-30
M002508,葉佩珊,銀卡,宜蘭縣,1980-12-21,2016-01-15,2026-04-30
M001716,廖宗翰,白金,台北市,1970-11-29,2016-04-24,2026-04-30
M002849,曾冠宇,一般,基隆市,1977-02-03,2025-11-08,2026-04-30
M005872,何承翰,白金,高雄市,1999-12-08,2025-07-19,2026-04-30
M001665,林柏翰,一般,台北市,1982-10-22,2021-06-21,2026-04-30
M004430,洪雅婷,金卡,新竹市,1963-11-07,2017-03-24,2026-04-30
M000356,林怡君,銀卡,桃園市,1962-10-04,2018-05-30,2026-04-30
M007408,呂彥廷,銀卡,台中市,1964-10-16,2018-12-11,2026-04-30
M004569,周家豪,一般,新竹市,1980-08-08,2016-10-04,2026-04-30
M007683,呂俊傑,金卡,台中市,1967-04-25,2022-08-15,2026-06-30
M005893,劉怡君,金卡,台南市,1981-09-27,2023-04-23,2026-04-30
M000343,陳冠宇,金卡,N/A,1976-11-14,2019-10-29,2026-04-30
M001068,蘇美玲,金卡,彰化縣,1962-03-15,2024-08-21,2026-04-30
M006564,張彥廷,白金,新北市,1978-04-14,2017-12-11,2026-04-30
M001354,張宗翰,金卡,彰化縣,1997-11-30,2019-03-12,2026-04-30
M005056,江冠宇,金卡,宜蘭縣,2000-10-15,2020-01-22,2026-05-31
M003632,吳柏翰,金卡,高雄市,2001-03-22,2019-08-27,2026-04-30
M005545,羅建宏,白金,高雄市,1985-10-24,2015-08-31,2026-06-30
M002487,葉志明,白金,新北市,2001-11-11,2021-10-13,2026-04-30
M006542,葉雅雯,白金,台南市,1971-05-09,2022-09-09,2026-04-30
M005046,林彥廷,白金,台北市,1982-07-14,2022-07-06,2026-04-30
M004971,郭詩涵,金卡,高雄市,1967-03-26,2022-11-06,2026-04-30
M007122,何郁婷,銀卡,彰化縣,1968-07-28,2021-10-11,2026-05-31
M005852,洪怡君,金卡,新北市,1981-05-05,2023-02-10,2026-04-30
M000564,蔡承翰,銀卡,宜蘭縣,1968-01-11,2016-02-07,2026-04-30
M004950,王俊宏,白金,基隆市,1972-03-30,2016-11-14,2026-04-30
M006071,徐彥廷,一般,新竹市,1971-07-12,2024-03-09,2026-04-30
M004165,郭冠宇,一般,台南市,1981-01-31,2022-04-06,2026-04-30
M004439,謝建宏,銀卡,台中市,2001-08-03,2022-08-10,2026-04-30
M007800,廖志明,白金,台南市,1977-07-30,2022-07-18,2026-04-30
M004873,洪俊傑,白金,宜蘭縣,1997-06-12,2021-05-15,2026-04-30
M001397,蔡郁婷,銀卡,台中市,1981-10-16,2018-08-28,2026-04-30
M006568,黃佩珊,白金,桃園市,1979-12-08,2020-09-05,2026-04-30
M000947,葉冠宇,銀卡,台北市,1993-02-03,2024-01-07,2026-04-30
M005899,謝冠宇,銀卡,台中市,1999-05-30,2021-10-31,2026-04-30
M005154,羅彥廷,一般,基隆市,1992-05-18,2022-12-16,2026-04-30
M005191,蘇郁婷,金卡,宜蘭縣,1964-05-02,2017-06-26,2026-04-30
M006091,高欣怡,白金,高雄市,1996-08-09,2023-10-14,2026-06-30
M005455,謝怡君,白金,台北市,1987-05-11,2022-08-14,2026-04-30
M005397,許雅雯,金卡,彰化縣,1981-12-15,2019-08-29,2026-04-30
M006398,鄭冠宇,金卡,桃園市,1980-05-04,2024-04-28,2026-05-31
M004549,王美玲,一般,新北市,1999-11-17,2024-09-27,2026-04-30
M003710,王建宏,銀卡,新北市,1977-07-27,2024-06-25,2026-04-30
M000150,劉家豪,銀卡,新北市,1977-06-09,2019-10-31,2026-04-30
M003034,潘彥廷,銀卡,新竹市,1993-08-02,2023-08-19,2026-04-30
M005708,莊淑芬,白金,彰化縣,1975-09-07,2022-04-30,2026-04-30
M004642,王美玲,金卡,台中市,1978-08-18,2015-05-14,2026-04-30
M005337,賴郁婷,銀卡,台中市,1969-08-31,2018-04-09,2026-04-30
M003731,郭心怡,白金,桃園市,1982-09-15,2024-06-04,2026-05-31
M006494,徐詩涵,金卡,彰化縣,1965-04-16,2025-05-03,2026-04-30
M005644,林雅婷,銀卡,彰化縣,1970-04-17,2018-03-19,2026-04-30
M000757,廖志明,白金,彰化縣,1971-07-14,2019-07-04,2026-04-30
M000400,林雅婷,銀卡,新竹市,1984-02-27,2024-08-13,2026-04-30
M002056,洪佩珊,金卡,基隆市,1990-09-22,2021-01-31,2026-04-30
M002129,李雅雯,金卡,新竹市,1960-06-21,2021-05-19,2026-04-30
M006925,賴雅婷,銀卡,台中市,1963-11-04,2015-04-13,2026-04-30
M004619,林彥廷,銀卡,台中市,1965-02-10,2020-02-04,2026-04-30
M003935,葉冠宇,金卡,高雄市,1985-07-12,2020-12-25,2026-04-30
M002044,高彥廷,白金,宜蘭縣,1963-11-29,2018-12-07,2026-05-31
M000006,曾心怡,金卡,桃園市,1968-09-30,2017-02-22,2026-04-30
M001853,葉怡君,一般,台北市,1979-10-01,2016-09-25,2026-04-30
M006649,郭冠宇,一般,宜蘭縣,1981-02-25,2021-08-09,2026-04-30
M007197,郭俊傑,白金,新北市,1973-01-20,2016-03-04,2026-04-30
M003889,高心怡,一般,桃園市,1996-03-11,2019-06-11,2026-04-30
M002136,張詩涵,銀卡,台北市,2000-07-02,2024-04-11,2026-04-30
M007064,蘇俊宏,金卡,新竹市,1994-05-15,2016-11-26,2026-04-30
M003985,王建宏,白金,宜蘭縣,1999-05-29,2024-03-10,2026-04-30
M001269,張承翰,白金,新北市,1974-10-14,2017-06-14,2026-04-30
M002525,鄭承翰,銀卡,新竹市,1965-01-15,2017-09-16,2026-04-30
M006570,謝美玲,銀卡,台北市,1967-07-02,2016-07-06,2026-04-30
M006499,莊俊傑,金卡,新北市,1969-03-25,2024-11-12,2026-04-30
M005702,潘詩涵,銀卡,基隆市,1990-09-28,2018-11-27,2026-04-30
M000960,賴俊宏,白金,基隆市,2002-11-27,2019-11-24,2026-04-30
M005286,楊志明,金卡,彰化縣,2002-08-10,2019-07-19,2026-05-31
M004098,王彥廷,一般,台中市,1981-12-16,2018-07-26,2026-04-30
M001710,邱淑芬,一般,新北市,1981-03-30,2020-03-13,2026-04-30
M006633,劉冠宇,白金,台南市,1969-04-06,2017-02-25,2026-04-30
M005897,王柏翰,一般,N/A,1973-09-19,2021-06-13,2026-04-30
M004406,鄭心怡,一般,台中市,1983-07-29,2021-09-27,2026-04-30
M006900,莊俊傑,銀卡,台中市,1986-01-23,2017-09-29,2026-04-30
M005498,蘇俊宏,金卡,台南市,1979-02-28,2017-02-05,2026-06-30
M003695,郭佩珊,金卡,新竹市,2001-05-20,2023-05-15,2026-04-30
M006973,呂雅婷,一般,台北市,1969-08-27,2019-10-28,2026-04-30
M002545,劉俊傑,白金,高雄市,1984-09-27,2022-06-01,2026-04-30
M005872,何承翰,白金,高雄市,1999-12-08,2025-07-19,2026-05-31
M005969,江志明,金卡,台南市,1996-07-11,2019-02-25,2026-04-30
M004411,陳美玲,銀卡,台北市,1991-05-31,2016-10-12,2026-04-30
M002496,劉彥廷,白金,宜蘭縣,1993-04-19,2024-11-07,2026-04-30
M005448,鄭家豪,金卡,桃園市,1964-10-26,2018-07-01,2026-04-30
M000249,郭承翰,白金,台中市,1973-04-29,2022-08-10,2026-04-30
M000067,吳承翰,一般,高雄市,1986-03-09,2018-05-05,2026-04-30
M002166,郭冠宇,一般,宜蘭縣,1973-01-16,2025-10-16,2026-04-30
M002371,周彥廷,銀卡,台北市,1961-09-05,2019-10-07,2026-04-30
M001351,謝柏翰,一般,台中市,1980-03-26,2022-04-08,2026-04-30
M006379,劉美玲,一般,台南市,1975-04-17,2024-01-24,2026-04-30
M004813,郭雅雯,金卡,台中市,1993-10-06,2016-11-22,2026-04-30
M000821,邱志明,銀卡,台北市,1969-04-29,2018-03-17,2026-04-30
M000122,莊怡君,金卡,基隆市,1966-04-17,2024-09-01,2026-04-30
M003615,陳雅婷,白金,台南市,1978-03-12,2023-02-19,2026-06-30
M001644,呂雅婷,一般,台北市,2000-01-04,2022-08-29,2026-04-30
M006146,張佩珊,金卡,桃園市,1992-03-30,2021-10-21,2026-04-30
M007741,羅心怡,一般,台中市,1966-07-12,2021-10-20,2026-04-30
M001318,洪心怡,金卡,新北市,1974-12-18,2022-10-25,2026-04-30
M006972,王承翰,一般,彰化縣,1972-02-20,2021-07-21,2026-04-30
M003027,蕭柏翰,一般,高雄市,1981-12-31,2021-06-23,2026-04-30
M006756,廖雅婷,白金,新竹市,1992-08-22,2019-01-28,2026-04-30
M004586,謝柏翰,白金,新北市,1963-10-24,2022-08-05,2026-04-30
M000860,賴雅婷,金卡,桃園市,1966-05-14,2016-07-20,2026-04-30
M000607,蕭俊宏,銀卡,新竹市,1982-11-27,2016-05-24,2026-04-30
M006063,呂彥廷,銀卡,彰化縣,1997-07-05,2017-09-16,2026-04-30
M005542,王家豪,金卡,台北市,1970-08-27,2023-04-17,2026-04-30
M001626,郭俊宏,白金,基隆市,1971-09-19,2018-02-18,2026-04-30
M004872,羅美玲,金卡,台中市,1999-08-22,2015-12-25,2026-04-30
M002152,李詩涵,銀卡,新北市,1983-03-21,2017-12-20,2026-04-30
M003725,呂雅婷,金卡,台中市,1963-09-03,2021-10-06,2026-04-30
M003428,江柏翰,金卡,台北市,1964-08-08,2015-02-05,2026-04-30
M002941,張柏翰,銀卡,宜蘭縣,1997-04-16,2025-04-14,2026-04-30
M003653,蕭家豪,白金,高雄市,1983-03-01,2019-06-26,2026-06-30
M007841,徐美玲,一般,台北市,1985-06-21,2019-12-06,2026-04-30
M004047,郭心怡,銀卡,新北市,1900-01-01,2017-03-06,2026-04-30
M007298,何美玲,金卡,台北市,1963-03-22,2019-05-29,2026-04-30
M001251,廖雅婷,白金,新竹市,1991-04-10,2017-02-20,2026-04-30
M003293,呂怡君,金卡,高雄市,1966-05-11,2019-09-03,2026-04-30
M003881,蘇承翰,白金,高雄市,1971-04-30,2017-10-13,2026-04-30
M001345,高雅雯,銀卡,彰化縣,1997-08-24,2024-03-07,2026-04-30
M002343,楊俊傑,白金,高雄市,1993-05-20,2024-03-27,2026-04-30
M003205,謝雅雯,一般,宜蘭縣,1976-08-06,2020-08-06,2026-04-30
M004779,邱宗翰,白金,台南市,1985-09-03,2021-05-15,2026-04-30
M005582,謝郁婷,金卡,宜蘭縣,1975-07-20,2021-01-06,2026-04-30
M006297,潘承翰,銀卡,基隆市,1980-12-02,2019-04-20,2026-04-30
M000437,邱俊宏,金卡,高雄市,1985-07-23,2017-09-18,2026-04-30
M003063,林冠宇,銀卡,基隆市,2003-04-09,2019-09-21,2026-04-30
M004286,鄭建宏,白金,基隆市,1989-03-24,2018-07-12,2026-04-30
M003430,羅怡君,金卡,宜蘭縣,1976-06-17,2021-05-01,2026-04-30
M002860,賴建宏,金卡,宜蘭縣,1987-07-01,2019-09-27,2026-04-30
M000465,邱詩涵,金卡,高雄市,1987-02-07,2017-01-11,2026-06-30
M003480,呂怡君,一般,宜蘭縣,1997-09-14,2024-01-28,2026-04-30
M003453,林宗翰,金卡,基隆市,1965-04-13,2024-09-22,2026-04-30
M005392,劉彥廷,銀卡,高雄市,1976-01-09,2024-12-20,2026-04-30
M002458,郭詩涵,銀卡,宜蘭縣,1971-09-02,2025-10-14,2026-04-30
M000412,葉郁婷,白金,台北市,2001-04-08,2022-08-12,2026-04-30
M005663,何俊傑,銀卡,新北市,1973-08-15,2020-09-07,2026-04-30
M006577,王志明,銀卡,彰化縣,1997-12-07,2019-03-06,2026-04-30
M006739,王俊傑,金卡,新北市,1986-11-20,2017-12-13,2026-04-30
M001707,蕭志明,一般,台北市,1990-04-05,2024-12-30,2026-04-30
M001208,蘇承翰,金卡,台中市,1985-10-06,2022-09-04,2026-04-30
M005628,賴心怡,銀卡,新北市,1977-01-27,2017-12-15,2026-04-30
M004527,羅淑芬,白金,彰化縣,1972-11-22,2017-03-02,2026-04-30
M001187,江俊傑,銀卡,彰化縣,1980-02-25,2016-03-04,2026-04-30
M004608,洪柏翰,銀卡,彰化縣,1964-08-30,2019-07-25,2026-04-30
M003647,江俊宏,白金,彰化縣,1970-04-07,2022-04-28,2026-04-30
M002082,洪志明,銀卡,宜蘭縣,1984-04-21,2016-11-07,2026-04-30
M005534,謝承翰,白金,基隆市,1976-04-18,2016-11-25,2026-04-30
M003120,陳佩珊,金卡,宜蘭縣,1967-09-20,2015-09-06,2026-04-30
M003259,蔡俊傑,金卡,彰化縣,1982-04-16,2018-09-29,2026-04-30
M002416,高佩珊,金卡,宜蘭縣,2000-05-17,2019-01-19,2026-04-30
M002524,吳建宏,銀卡,宜蘭縣,1992-07-18,2016-11-27,2026-04-30
M006842,郭俊宏,一般,彰化縣,2002-06-26,2022-07-20,2026-04-30
M007398,何承翰,銀卡,彰化縣,1962-09-12,2020-11-08,2026-04-30
M002513,江美玲,白金,新北市,1974-02-04,2019-02-22,2026-04-30
M004366,蕭志明,金卡,高雄市,1983-10-07,2021-07-20,2026-04-30
M005904,蘇志明,一般,台南市,1968-10-22,2024-03-03,2026-04-30
M006522,黃承翰,一般,彰化縣,1994-09-01,2017-05-19,2026-04-30
M001341,許彥廷,銀卡,宜蘭縣,1986-07-21,2017-01-20,2026-04-30
M004351,羅柏翰,白金,台中市,1985-12-19,2020-11-16,2026-04-30
M007108,高欣怡,一般,彰化縣,1975-02-23,2023-06-11,2026-04-30
M004048,徐佩珊,銀卡,台中市,1979-03-29,2023-09-16,2026-04-30
M005807,王俊傑,白金,台北市,1985-10-06,2015-01-27,2026-04-30
M003814,林志明,白金,台南市,1969-10-19,2023-01-26,2026-04-30
M007180,潘志明,金卡,基隆市,1967-03-01,2024-01-25,2026-04-30
M004876,潘欣怡,銀卡,宜蘭縣,1967-08-07,2015-12-15,2026-04-30
M007450,葉欣怡,白金,桃園市,1980-05-28,2024-05-27,2026-05-31
M003829,邱郁婷,一般,N/A,1978-03-27,2019-04-27,2026-04-30
M001981,徐俊宏,白金,新竹市,1972-08-09,2015-01-02,2026-04-30
M003940,許郁婷,金卡,新竹市,1960-10-24,2017-05-30,2026-05-31
M007210,徐俊傑,一般,桃園市,1980-01-25,2022-06-12,2026-04-30
M005153,李宗翰,白金,台中市,1977-02-17,2015-11-03,2026-04-30
M002889,潘雅雯,金卡,台南市,1983-01-23,2022-01-24,2026-04-30
M004357,羅佩珊,一般,宜蘭縣,1984-09-05,2022-06-20,2026-04-30
M003485,劉柏翰,銀卡,台中市,1987-05-24,2022-04-30,2026-04-30
M006588,葉心怡,白金,宜蘭縣,1970-12-16,2015-07-11,2026-04-30
M002557,王郁婷,白金,台南市,1980-10-16,2018-10-24,2026-04-30
M003343,劉雅婷,白金,台北市,2003-09-06,2022-02-12,2026-04-30
M001955,高佩珊,金卡,桃園市,1986-03-25,2020-11-30,2026-06-30
M006127,蕭家豪,一般,彰化縣,1970-08-14,2022-08-06,2026-04-30
M002637,楊雅婷,銀卡,高雄市,1998-06-01,2015-08-27,2026-04-30
M003045,潘俊宏,銀卡,宜蘭縣,1993-01-17,2020-03-31,2026-04-30
M007634,曾雅婷,白金,台南市,1974-01-28,2021-11-26,2026-04-30
M000955,蔡詩涵,白金,新北市,1974-11-29,2017-01-03,2026-04-30
M004523,蘇美玲,金卡,台南市,1960-08-27,2018-08-02,2026-04-30
M004729,江家豪,一般,基隆市,1977-11-21,2019-06-30,2026-04-30
M002973,吳家豪,銀卡,宜蘭縣,1984-05-06,2015-01-18,2026-04-30
M003576,王心怡,白金,宜蘭縣,1973-12-30,2018-04-28,2026-06-30
M005117,周詩涵,一般,台北市,1967-04-12,2023-04-04,2026-04-30
M006099,許家豪,白金,彰化縣,1992-07-13,2024-04-07,2026-05-31
M000111,洪心怡,銀卡,宜蘭縣,1979-08-04,2022-12-10,2026-04-30
M002413,葉冠宇,金卡,宜蘭縣,1975-04-29,2021-03-28,2026-04-30
M006276,何詩涵,一般,宜蘭縣,1961-05-25,2016-05-09,2026-05-31
M006953,洪欣怡,一般,彰化縣,1966-02-25,2023-08-09,2026-04-30
M004522,黃宗翰,銀卡,宜蘭縣,1980-01-22,2024-09-01,2026-04-30
M007610,莊承翰,金卡,基隆市,1966-02-13,2019-04-07,2026-04-30
M001811,吳俊宏,銀卡,基隆市,1988-01-06,2025-02-19,2026-04-30
M002732,吳美玲,白金,基隆市,1960-08-05,2025-02-06,2026-04-30
M007138,周詩涵,白金,台中市,1979-08-01,2017-09-03,2026-04-30
M002499,王詩涵,白金,台中市,1992-09-05,2020-12-30,2026-04-30
M004233,潘俊傑,銀卡,新北市,1966-05-14,2020-05-13,2026-04-30
M003519,廖冠宇,一般,基隆市,1962-01-04,2015-12-18,2026-04-30
M001753,何彥廷,銀卡,宜蘭縣,1968-06-30,2022-09-12,2026-06-30
M004503,周俊傑,白金,基隆市,1992-11-15,2016-03-13,2026-04-30
M003134,郭雅雯,銀卡,宜蘭縣,1970-03-02,2015-10-17,2026-04-30
M003444,周俊宏,一般,高雄市,1965-12-05,2017-07-26,2026-04-30
M000330,劉詩涵,一般,基隆市,1991-03-18,2024-09-08,2026-04-30
M003337,陳俊傑,銀卡,台中市,1965-06-25,2023-07-18,2026-04-30
M006974,高彥廷,金卡,高雄市,1992-02-22,2022-07-18,2026-04-30
M007284,洪俊宏,白金,台中市,1966-09-02,2024-04-03,2026-04-30
M005276,葉心怡,金卡,台南市,2003-03-14,2020-09-29,2026-04-30
M000007,謝佩珊,一般,新北市,1973-12-25,2021-12-22,2026-04-30
M003264,蘇佩珊,白金,桃園市,1975-10-04,2016-12-30,2026-04-30
M004237,邱怡君,銀卡,台北市,1979-05-10,2022-08-20,2026-04-30
M000114,蕭心怡,金卡,基隆市,1999-09-13,2023-08-07,2026-04-30
M007316,賴家豪,白金,台南市,1993-05-22,2025-01-06,2026-04-30
M000238,賴彥廷,銀卡,新竹市,1972-07-06,2022-11-28,2026-04-30
M007203,許心怡,銀卡,新竹市,2000-12-25,2016-05-16,2026-06-30
M004471,羅俊傑,一般,新竹市,1991-07-06,2022-11-03,2026-04-30
M004110,邱俊傑,白金,新竹市,1986-03-15,2023-04-17,2026-04-30
M001463,王淑芬,白金,新北市,1975-10-07,2017-10-20,2026-04-30
M003722,蘇心怡,金卡,台北市,1982-01-22,2021-04-10,2026-04-30
M002362,邱俊宏,白金,台南市,1985-02-26,2020-09-05,2026-04-30
M002462,莊怡君,銀卡,基隆市,1975-04-11,2025-03-04,2026-04-30
M000963,賴雅婷,金卡,台中市,1971-10-27,2021-02-07,2026-04-30
M007526,邱欣怡,一般,台北市,1978-07-07,2020-09-12,2026-04-30
M000467,張怡君,銀卡,彰化縣,1960-11-18,2019-07-28,2026-06-30
M000002,林美玲,一般,新北市,1973-10-07,2020-02-13,2026-04-30
M003738,徐美玲,一般,台北市,1961-12-29,2016-02-28,2026-05-31
M003524,陳雅雯,白金,高雄市,1992-08-21,2019-10-28,2026-04-30
M001555,許心怡,一般,新北市,1977-11-16,2016-07-18,2026-04-30
M000291,張雅雯,白金,基隆市,1977-05-05,2018-11-15,2026-04-30
M002709,林美玲,銀卡,新北市,1978-03-18,2023-01-19,2026-04-30
M005901,李心怡,一般,新竹市,1994-06-04,2021-05-12,2026-04-30
M001686,羅俊傑,一般,新北市,1978-04-28,2024-04-01,2026-04-30
M003602,楊欣怡,一般,新竹市,2002-12-20,2019-08-08,2026-04-30
M005980,賴欣怡,金卡,新竹市,1966-07-30,2020-07-30,2026-04-30
M004815,何雅雯,銀卡,彰化縣,1983-09-22,2021-04-06,2026-04-30
M005265,林欣怡,銀卡,宜蘭縣,2003-05-31,2021-02-18,2026-06-30
M003383,劉詩涵,一般,宜蘭縣,1960-08-03,2025-09-28,2026-04-30
M001457,葉承翰,一般,宜蘭縣,1993-07-05,2016-07-06,2026-04-30
M001609,莊淑芬,銀卡,彰化縣,2002-02-25,2019-10-25,2026-04-30
M002575,葉欣怡,銀卡,基隆市,1971-09-22,2020-05-25,2026-05-31
M001550,邱柏翰,銀卡,高雄市,2001-04-24,2023-01-11,2026-04-30
M002340,張家豪,一般,宜蘭縣,1996-02-10,2021-10-12,2026-04-30
M005474,蔡俊宏,白金,基隆市,1961-08-28,2025-07-07,2026-04-30
M001907,江美玲,白金,台南市,1971-11-09,2020-11-02,2026-06-30
M005500,陳俊宏,銀卡,彰化縣,1975-11-19,2025-08-25,2026-04-30
M005741,蔡柏翰,金卡,新竹市,1984-12-01,2015-06-05,2026-04-30
M000117,黃心怡,金卡,台南市,1994-11-24,2021-10-30,2026-06-30
M001256,高佩珊,一般,台北市,1999-11-26,2019-10-12,2026-04-30
M002906,何俊宏,銀卡,新竹市,1977-11-23,2015-05-15,2026-04-30
M004466,陳郁婷,銀卡,彰化縣,1978-01-07,2019-01-10,2026-04-30
M006414,徐心怡,白金,桃園市,1971-04-26,2022-04-07,2026-04-30
M005472,蕭柏翰,白金,桃園市,1981-03-26,2022-04-25,2026-04-30
M000651,羅佩珊,白金,彰化縣,1960-06-15,2015-05-18,2026-04-30
M000278,呂淑芬,白金,宜蘭縣,1983-05-15,2022-11-18,2026-04-30
M006455,林建宏,金卡,桃園市,1997-12-24,2021-08-21,2026-04-30
M007402,周詩涵,金卡,新竹市,1961-05-03,2019-11-22,2026-04-30
M002977,江家豪,金卡,高雄市,1979-02-27,2022-02-09,2026-04-30
M004423,王俊傑,白金,新北市,1967-05-31,2024-12-27,2026-04-30
M005007,郭雅雯,銀卡,新北市,1974-09-16,2019-02-11,2026-04-30
M007867,黃詩涵,金卡,新竹市,1974-02-21,2023-01-22,2026-04-30
M003468,王冠宇,白金,基隆市,1987-02-11,2020-01-03,2026-04-30
M007407,楊志明,銀卡,桃園市,1989-03-29,2019-07-03,2026-04-30
M006391,楊雅婷,銀卡,高雄市,1987-12-10,2020-02-20,2026-04-30
M000221,蔡美玲,白金,基隆市,1963-10-09,2017-04-15,2026-04-30
M004458,王冠宇,白金,新竹市,1900-01-01,2018-01-18,2026-04-30
M002765,張雅雯,一般,新竹市,1987-07-23,2019-08-07,2026-04-30
M004263,鄭冠宇,金卡,基隆市,1990-09-26,2018-04-02,2026-04-30
M007356,曾怡君,一般,台中市,1988-06-24,2025-01-19,2026-04-30
M007317,黃詩涵,銀卡,高雄市,1900-01-01,2018-02-19,2026-04-30
M005580,謝俊宏,金卡,新竹市,1999-06-02,2019-09-28,2026-06-30
M006729,林承翰,金卡,桃園市,1966-01-18,2019-08-01,2026-04-30
M001388,謝家豪,白金,高雄市,1974-03-21,2015-01-25,2026-04-30
M006243,賴宗翰,一般,新北市,1968-09-06,2025-02-07,2026-04-30
M001107,陳志明,金卡,台南市,1972-11-04,2016-08-29,2026-04-30
M004513,李郁婷,金卡,台中市,1986-06-08,2015-02-09,2026-04-30
M001008,陳詩涵,一般,高雄市,1974-12-20,2019-07-14,2026-04-30
M005479,邱柏翰,白金,彰化縣,2001-12-28,2025-05-30,2026-04-30
M000174,林佩珊,一般,高雄市,1963-11-14,2020-10-31,2026-04-30
M007074,潘怡君,金卡,桃園市,1982-01-07,2020-04-13,2026-04-30
M003129,廖欣怡,白金,桃園市,1992-06-02,2021-06-29,2026-04-30
M003175,廖美玲,銀卡,新北市,1995-08-18,2017-06-04,2026-04-30
M005631,曾淑芬,銀卡,彰化縣,1977-09-28,2018-12-25,2026-04-30
M005986,張俊傑,銀卡,基隆市,1977-12-10,2022-10-23,2026-04-30
M005825,莊美玲,銀卡,台中市,1983-07-19,2017-08-17,2026-04-30
M002143,吳俊傑,一般,基隆市,1970-12-02,2020-12-29,2026-04-30
M001920,徐承翰,白金,桃園市,2003-05-12,2017-04-02,2026-06-30
M007653,廖雅雯,一般,高雄市,1963-03-07,2018-10-27,2026-04-30
M003513,徐心怡,白金,基隆市,1974-07-06,2016-12-19,2026-04-30
M006709,何佩珊,一般,新竹市,1962-04-03,2018-09-28,2026-04-30
M003401,陳承翰,銀卡,宜蘭縣,1996-02-07,2015-02-16,2026-04-30
M001182,李彥廷,金卡,新北市,2001-12-31,2015-02-14,2026-04-30
M007153,李怡君,金卡,新竹市,1966-02-04,2025-01-07,2026-04-30
M006382,林彥廷,金卡,新竹市,1969-05-05,2018-04-14,2026-04-30
M001809,何宗翰,金卡,彰化縣,1979-09-18,2018-12-11,2026-04-30
M006657,吳冠宇,銀卡,新竹市,1961-02-06,2018-08-31,2026-04-30
M002174,吳佩珊,一般,新竹市,1969-09-10,2020-02-08,2026-04-30
M003990,劉家豪,金卡,台北市,1999-12-12,2019-07-25,2026-04-30
M001529,賴心怡,白金,高雄市,1962-09-04,2015-12-03,2026-04-30
M002278,邱雅婷,白金,宜蘭縣,1976-11-22,2022-05-30,2026-04-30
M001136,吳佩珊,一般,台南市,2003-03-07,2018-02-21,2026-04-30
M004397,張雅婷,一般,高雄市,1977-11-27,2022-07-11,2026-04-30
M007495,潘雅婷,白金,台中市,1987-07-19,2023-12-03,2026-04-30
M001792,蘇心怡,金卡,新北市,1989-03-28,2020-06-27,2026-04-30
M004421,江淑芬,金卡,高雄市,1984-10-25,2021-04-19,2026-04-30
M003116,羅柏翰,白金,宜蘭縣,1970-05-15,2017-06-05,2026-04-30
M000627,劉承翰,白金,新竹市,1994-11-05,2022-06-10,2026-06-30
M004730,吳心怡,銀卡,新竹市,1991-03-21,2022-06-21,2026-04-30
M001453,莊彥廷,銀卡,基隆市,1990-02-15,2016-02-18,2026-05-31
M002282,周雅雯,銀卡,高雄市,1987-06-04,2022-11-09,2026-04-30
M000087,周欣怡,金卡,宜蘭縣,1971-06-18,2022-05-09,2026-04-30
M005719,蔡志明,一般,桃園市,1989-12-31,2020-11-21,2026-04-30
M007173,潘彥廷,白金,新竹市,1978-09-12,2025-04-04,2026-04-30
M004894,羅雅雯,一般,新竹市,1986-06-01,2017-12-16,2026-04-30
M007948,王郁婷,一般,新北市,1960-10-28,2016-07-09,2026-04-30
M004120,楊怡君,一般,桃園市,1968-06-28,2021-12-14,2026-04-30
M007959,黃怡君,一般,宜蘭縣,1966-09-17,2016-06-24,2026-04-30
M001414,廖冠宇,一般,新竹市,1960-12-02,2024-01-30,2026-04-30
M007036,羅心怡,一般,台中市,1983-03-24,2023-04-04,2026-04-30
M001887,蘇冠宇,銀卡,高雄市,1990-07-14,2020-06-03,2026-05-31
M000070,邱美玲,白金,宜蘭縣,1998-02-06,2024-12-22,2026-04-30
M007957,郭家豪,金卡,基隆市,1970-09-09,2024-07-15,2026-05-31
M005936,陳志明,銀卡,彰化縣,1964-09-12,2018-09-22,2026-06-30
M001209,吳淑芬,銀卡,新竹市,1990-07-16,2024-11-06,2026-04-30
M007045,周雅雯,一般,台北市,2002-07-09,2019-12-27,2026-04-30
M004851,吳建宏,一般,桃園市,1997-03-05,2022-12-09,2026-04-30
M006099,許家豪,白金,彰化縣,1992-07-13,2024-04-07,2026-04-30
M004629,何家豪,銀卡,宜蘭縣,1995-08-25,2020-04-14,2026-04-30
M005660,賴怡君,銀卡,高雄市,1983-11-01,2022-05-15,2026-04-30
M000942,徐佩珊,金卡,台南市,1996-02-10,2025-05-23,2026-04-30
M006339,葉佩珊,白金,台南市,1964-09-21,2023-12-15,2026-05-31
M005765,蘇詩涵,金卡,桃園市,1986-08-30,2024-02-12,2026-04-30
M001820,黃佩珊,金卡,台南市,1983-11-10,2015-01-10,2026-04-30
M005653,莊郁婷,銀卡,彰化縣,1987-03-27,2016-10-10,2026-04-30
M005726,曾詩涵,金卡,宜蘭縣,2001-10-31,2024-01-18,2026-04-30
M001770,許俊傑,金卡,基隆市,1973-03-02,2015-05-31,2026-04-30
M007712,莊欣怡,一般,台中市,1983-05-10,2022-05-28,2026-04-30
M007518,王志明,銀卡,台中市,1995-01-25,2022-09-06,2026-04-30
M001989,呂怡君,金卡,台南市,1985-10-06,2021-03-08,2026-04-30
M000500,謝詩涵,金卡,台中市,1989-11-25,2025-10-28,2026-04-30
M007324,賴淑芬,銀卡,台北市,1995-03-14,2016-03-28,2026-06-30
M000666,羅美玲,金卡,桃園市,1973-05-27,2020-01-19,2026-04-30
M002261,洪俊傑,白金,N/A,1979-05-07,2015-04-12,2026-04-30
M005697,林心怡,銀卡,台南市,1995-12-18,2016-09-09,2026-04-30
M002629,江心怡,金卡,基隆市,1980-04-25,2019-07-25,2026-04-30
M002612,莊雅雯,銀卡,新北市,2000-11-18,2019-05-16,2026-04-30
M006813,楊美玲,金卡,新竹市,1977-05-28,2021-12-25,2026-04-30
M006164,葉雅雯,白金,台南市,1999-05-21,2015-02-24,2026-04-30
M000883,羅淑芬,銀卡,新北市,1969-05-02,2017-05-17,2026-06-30
M005664,黃冠宇,銀卡,新竹市,1999-04-16,2025-08-29,2026-04-30
M000128,徐郁婷,白金,桃園市,1996-06-21,2021-07-16,2026-04-30
M005543,洪承翰,金卡,台北市,1987-08-17,2021-03-16,2026-04-30
M005410,鄭詩涵,金卡,桃園市,1996-11-20,2022-10-04,2026-04-30
M005187,謝雅婷,白金,基隆市,1965-11-25,2020-05-26,2026-04-30
M004972,李佩珊,金卡,台南市,1968-01-23,2021-11-14,2026-04-30
M002587,曾柏翰,白金,台北市,1972-03-08,2018-01-15,2026-04-30
M007890,王俊傑,金卡,新竹市,1960-08-19,2025-07-31,2026-06-30
M006363,李詩涵,一般,桃園市,1965-09-13,2017-01-27,2026-04-30
M005932,郭雅雯,白金,宜蘭縣,1971-10-07,2025-08-01,2026-04-30
M005747,蘇俊傑,白金,新北市,1990-04-14,2020-07-29,2026-04-30
M003075,曾承翰,金卡,台南市,1974-07-31,2023-09-15,2026-04-30
M004853,謝怡君,一般,基隆市,1967-01-14,2020-12-18,2026-04-30
M001131,蘇美玲,銀卡,台中市,1969-03-14,2016-12-09,2026-04-30
M005938,洪郁婷,銀卡,高雄市,1962-06-24,2023-11-08,2026-04-30
M005925,蕭俊傑,白金,台北市,1960-09-15,2025-12-06,2026-04-30
M001492,呂冠宇,白金,宜蘭縣,1973-02-11,2019-02-24,2026-04-30
M005977,許怡君,銀卡,彰化縣,1972-09-21,2021-12-01,2026-04-30
M000781,郭建宏,白金,台北市,1964-08-06,2016-01-24,2026-04-30
M005962,謝志明,一般,高雄市,1967-06-30,2023-12-23,2026-04-30
M007168,蘇詩涵,一般,台南市,1963-10-27,2017-04-05,2026-04-30
M001247,洪美玲,金卡,台中市,1978-10-29,2022-11-23,2026-04-30
M004804,林雅婷,金卡,桃園市,1998-06-04,2022-05-09,2026-04-30
M007789,陳建宏,銀卡,新竹市,1998-08-27,2024-09-15,2026-04-30
M006158,謝郁婷,一般,新竹市,1967-10-06,2023-12-20,2026-04-30
M005100,王宗翰,一般,新竹市,1983-01-17,2019-04-30,2026-04-30
M006457,陳承翰,白金,新竹市,1993-07-09,2018-03-04,2026-04-30
M005670,蘇俊宏,金卡,彰化縣,2001-11-20,2024-10-11,2026-04-30
M004339,林郁婷,一般,彰化縣,1984-08-22,2020-06-25,2026-04-30
M003678,黃俊傑,金卡,新北市,1967-09-06,2025-01-06,2026-04-30
M005588,謝彥廷,白金,台北市,1964-09-01,2015-05-19,2026-04-30
M002486,洪怡君,金卡,桃園市,1987-03-10,2021-10-08,2026-04-30
M004679,林俊傑,金卡,高雄市,1974-02-02,2018-11-19,2026-04-30
M006037,郭美玲,一般,台中市,1996-08-14,2021-07-25,2026-04-30
M006501,陳俊傑,金卡,高雄市,1970-10-18,2016-05-28,2026-04-30
M002800,廖志明,銀卡,台南市,2002-12-09,2016-07-19,2026-04-30
M003992,莊冠宇,白金,高雄市,1977-11-27,2021-04-10,2026-04-30
M003101,王淑芬,銀卡,台北市,1989-06-03,2023-03-19,2026-06-30
M000681,許雅雯,金卡,基隆市,1966-01-27,2016-05-10,2026-04-30
M000726,羅美玲,一般,彰化縣,1975-06-24,2019-06-08,2026-04-30
M001301,張冠宇,一般,彰化縣,1900-01-01,2022-12-12,2026-04-30
M002350,李志明,一般,新竹市,1960-10-29,2020-04-21,2026-04-30
M007029,吳詩涵,銀卡,高雄市,1988-12-12,2019-07-14,2026-04-30
M007127,江俊傑,金卡,高雄市,1980-06-24,2023-06-06,2026-04-30
M005558,鄭詩涵,金卡,彰化縣,1987-07-01,2018-05-14,2026-04-30
M007475,邱怡君,銀卡,宜蘭縣,1994-01-31,2015-12-17,2026-04-30
M005979,洪冠宇,白金,基隆市,1999-05-30,2022-12-17,2026-04-30
M006852,李欣怡,一般,新竹市,1979-03-12,2020-09-06,2026-04-30
M004490,徐郁婷,銀卡,高雄市,1973-09-19,2016-01-17,2026-04-30
M000936,陳俊宏,白金,台南市,1980-07-30,2019-10-09,2026-04-30
M002156,謝宗翰,白金,台南市,1994-09-24,2018-05-19,2026-04-30
M006384,洪淑芬,白金,高雄市,1973-04-18,2023-10-06,2026-04-30
M001097,呂彥廷,銀卡,桃園市,1996-05-06,2023-01-24,2026-06-30
M002290,楊志明,白金,桃園市,1995-09-27,2018-05-09,2026-04-30
M005792,李彥廷,一般,高雄市,1997-06-23,2018-06-29,2026-04-30
M007901,曾柏翰,白金,台中市,1968-11-13,2018-12-25,2026-04-30
M005642,徐冠宇,銀卡,台中市,1998-01-31,2022-12-12,2026-04-30
M004964,張淑芬,一般,高雄市,1975-10-25,2019-06-13,2026-04-30
M007997,郭雅雯,一般,台中市,1979-03-07,2018-02-02,2026-04-30
M001436,洪家豪,白金,彰化縣,1981-09-12,2024-10-09,2026-04-30
M002840,何冠宇,一般,台南市,1981-09-30,2025-05-04,2026-04-30
M007784,周柏翰,白金,新竹市,1988-07-01,2025-11-21,2026-04-30
M000182,吳彥廷,白金,台北市,2003-09-30,2017-05-26,2026-04-30
M000121,江佩珊,金卡,高雄市,1998-08-23,2021-09-30,2026-04-30
M002960,羅怡君,白金,台中市,1981-04-11,2016-04-13,2026-04-30
M001149,蔡承翰,一般,基隆市,1997-10-12,2020-10-16,2026-04-30
M004185,周美玲,白金,新北市,1987-12-30,2016-05-02,2026-04-30
M004879,廖家豪,白金,N/A,1966-09-12,2017-01-02,2026-04-30
M001367,蕭志明,白金,台南市,1971-09-17,2024-05-06,2026-04-30
M005799,蔡建宏,白金,高雄市,1970-01-02,2020-03-04,2026-04-30
M004322,莊承翰,銀卡,台中市,1986-08-18,2022-03-11,2026-04-30
M006853,許美玲,銀卡,宜蘭縣,1981-03-29,2021-08-28,2026-04-30
M000169,呂詩涵,銀卡,台中市,1985-05-26,2017-08-19,2026-04-30
M000507,廖欣怡,銀卡,台南市,1970-03-26,2021-08-12,2026-04-30
M003718,徐家豪,金卡,彰化縣,1988-10-16,2015-03-28,2026-04-30
M001026,高詩涵,白金,台北市,1998-01-06,2022-06-14,2026-06-30
M004457,郭雅婷,白金,新竹市,1960-12-23,2020-05-01,2026-04-30
M007297,蕭宗翰,金卡,桃園市,1971-09-16,2016-07-13,2026-04-30
M007683,呂俊傑,金卡,新竹市,1967-04-25,2022-08-15,2026-04-30
M000827,黃俊傑,白金,基隆市,2003-08-15,2015-02-02,2026-05-31
M002328,林郁婷,銀卡,宜蘭縣,1985-02-17,2023-05-27,2026-04-30
M005817,許郁婷,金卡,台北市,1960-06-11,2025-11-28,2026-06-30
M005593,黃雅婷,一般,台南市,2002-05-29,2016-06-15,2026-04-30
M000133,蘇冠宇,金卡,彰化縣,1998-04-09,2022-03-03,2026-04-30
M007751,張心怡,一般,彰化縣,1960-07-24,2016-06-21,2026-04-30
M002482,莊志明,一般,宜蘭縣,1973-09-30,2017-04-15,2026-04-30
M000019,徐詩涵,銀卡,台南市,2001-09-16,2023-05-10,2026-04-30
M006785,劉柏翰,金卡,彰化縣,1994-03-10,2023-07-05,2026-04-30
M004330,蔡家豪,白金,台北市,1992-12-19,2015-03-04,2026-04-30
M004496,吳心怡,金卡,台中市,1965-02-21,2021-11-06,2026-04-30
M004076,劉家豪,白金,彰化縣,1964-12-15,2018-08-29,2026-04-30
M003854,黃欣怡,銀卡,桃園市,1998-01-01,2020-11-02,2026-04-30
M004528,張俊宏,一般,基隆市,1980-08-04,2021-12-08,2026-04-30
M000447,蔡承翰,金卡,新竹市,1967-08-19,2022-05-04,2026-04-30
M004444,陳承翰,一般,高雄市,1984-11-10,2018-09-20,2026-04-30
M007000,劉淑芬,銀卡,台中市,1964-12-02,2016-04-19,2026-04-30
M006509,吳怡君,白金,新北市,1978-04-25,2022-02-26,2026-04-30
M007934,謝欣怡,白金,宜蘭縣,1972-11-30,2023-11-08,2026-04-30
M001918,羅建宏,銀卡,彰化縣,2000-01-15,2015-09-29,2026-04-30
M000432,張彥廷,一般,高雄市,1971-03-29,2021-02-08,2026-04-30
M005037,吳宗翰,銀卡,宜蘭縣,1987-09-05,2025-01-19,2026-04-30
M007542,洪俊傑,金卡,宜蘭縣,1991-02-28,2019-06-21,2026-04-30
M003081,莊柏翰,銀卡,新竹市,1900-01-01,2015-12-14,2026-04-30
M001145,林詩涵,銀卡,桃園市,2002-09-01,2025-08-06,2026-04-30
M006914,賴欣怡,金卡,台北市,1987-10-10,2019-01-12,2026-04-30
M003740,高柏翰,銀卡,桃園市,1992-04-11,2018-04-25,2026-04-30
M004991,郭冠宇,銀卡,新北市,1980-12-14,2022-05-14,2026-04-30
M006782,廖欣怡,白金,基隆市,1968-05-12,2019-08-29,2026-04-30
M006529,周欣怡,一般,基隆市,1995-05-23,2020-04-12,2026-04-30
M005558,鄭詩涵,白金,彰化縣,1987-07-01,2018-05-14,2026-05-31
M006492,賴佩珊,金卡,宜蘭縣,1999-11-15,2023-08-29,2026-04-30
M001034,潘詩涵,銀卡,高雄市,1994-01-14,2024-11-29,2026-04-30
M003693,羅俊傑,一般,新北市,1996-06-15,2021-10-21,2026-04-30
M007849,洪雅婷,金卡,台北市,1970-03-22,2024-08-22,2026-04-30
M004533,張宗翰,白金,台南市,1968-04-04,2025-01-05,2026-06-30
M007714,陳俊傑,金卡,台北市,1975-12-20,2017-11-10,2026-04-30
M004689,王雅雯,金卡,基隆市,1985-10-12,2023-04-16,2026-04-30
M000573,邱詩涵,銀卡,新竹市,1966-07-07,2015-06-28,2026-04-30
M000522,林俊傑,金卡,台中市,1963-10-29,2022-09-24,2026-04-30
M005487,呂郁婷,金卡,基隆市,1900-01-01,2018-07-06,2026-04-30
M001886,江詩涵,金卡,新北市,1969-03-22,2017-12-08,2026-04-30
M004732,莊心怡,銀卡,高雄市,1990-07-22,2016-04-28,2026-04-30
M001069,郭美玲,白金,高雄市,1976-01-30,2018-03-13,2026-04-30
M000494,何柏翰,銀卡,新竹市,1984-01-29,2017-03-06,2026-04-30
M005369,李雅婷,一般,高雄市,1994-09-03,2015-06-22,2026-04-30
M005197,廖美玲,金卡,新竹市,1969-12-06,2024-07-05,2026-04-30
M000982,徐郁婷,白金,新北市,1993-10-22,2018-03-01,2026-04-30
M004848,林雅婷,銀卡,桃園市,1985-06-14,2023-12-31,2026-04-30
M000403,郭美玲,銀卡,台南市,1974-04-28,2021-05-15,2026-04-30
M003304,洪欣怡,一般,彰化縣,1971-02-09,2021-10-22,2026-04-30
M007494,曾郁婷,金卡,新北市,1989-04-23,2024-04-19,2026-04-30
M001343,鄭美玲,白金,基隆市,1983-12-14,2021-01-15,2026-04-30
M007113,葉志明,白金,宜蘭縣,1973-04-10,2021-10-03,2026-04-30
M006853,許美玲,銀卡,彰化縣,1981-03-29,2021-08-28,2026-06-30
M003582,周家豪,銀卡,新竹市,1976-10-07,2023-12-06,2026-04-30
M002980,蕭淑芬,一般,台中市,1990-12-05,2020-08-12,2026-04-30
M000362,蕭美玲,一般,高雄市,1976-05-17,2018-12-30,2026-04-30
M006814,何俊傑,銀卡,彰化縣,1995-06-27,2021-05-17,2026-04-30
M000334,潘欣怡,白金,宜蘭縣,1971-05-14,2017-08-27,2026-05-31
M003001,蔡淑芬,白金,宜蘭縣,1992-04-20,2021-09-05,2026-05-31
M002406,呂怡君,金卡,彰化縣,1995-08-21,2022-10-23,2026-04-30
M004081,李家豪,白金,新北市,1996-12-12,2022-02-03,2026-04-30
M001797,蘇美玲,白金,基隆市,1971-01-10,2016-01-13,2026-04-30
M004166,劉欣怡,白金,新北市,1967-09-27,2023-03-23,2026-04-30
M001891,劉建宏,金卡,高雄市,1996-05-29,2015-01-17,2026-04-30
M007207,江彥廷,白金,桃園市,1986-04-02,2016-02-06,2026-04-30
M004478,周冠宇,白金,高雄市,1990-04-22,2021-02-15,2026-06-30
M001078,周家豪,白金,宜蘭縣,1972-05-14,2021-12-09,2026-04-30
M000887,蔡宗翰,一般,新竹市,1960-08-16,2018-02-08,2026-04-30
M001624,莊建宏,一般,新竹市,1964-09-14,2024-04-07,2026-04-30
M005190,陳雅雯,白金,新竹市,1961-09-20,2022-02-16,2026-04-30
M007602,江佩珊,金卡,宜蘭縣,1992-07-22,2017-02-19,2026-04-30
M006485,許宗翰,金卡,台北市,1984-06-23,2021-06-23,2026-04-30
M005911,謝建宏,一般,台北市,1969-07-04,2025-06-08,2026-04-30
M004078,李雅婷,一般,基隆市,2002-09-22,2015-11-08,2026-04-30
M000139,潘彥廷,白金,桃園市,1985-07-30,2020-12-29,2026-04-30
M003753,羅俊傑,銀卡,台中市,1996-09-17,2022-07-03,2026-04-30
M000063,何郁婷,金卡,高雄市,1981-10-22,2023-11-27,2026-04-30
M001375,吳承翰,一般,基隆市,1972-04-17,2017-04-05,2026-04-30
M003170,曾詩涵,白金,台北市,1988-01-29,2020-09-11,2026-04-30
M006150,許雅雯,銀卡,新北市,1983-06-24,2024-06-24,2026-04-30
M002891,吳雅婷,白金,基隆市,1972-09-30,2019-05-27,2026-04-30
M002671,李怡君,金卡,桃園市,1965-01-30,2023-06-05,2026-04-30
M001685,葉美玲,金卡,高雄市,1965-01-02,2017-10-26,2026-04-30
M006480,洪建宏,白金,宜蘭縣,1960-08-03,2022-01-19,2026-04-30
M006143,蕭佩珊,銀卡,台北市,1990-08-18,2020-06-17,2026-04-30
M005151,賴欣怡,金卡,台北市,2002-09-18,2021-06-15,2026-04-30
M002045,莊美玲,一般,台中市,1900-01-01,2015-10-20,2026-04-30
M006002,王心怡,金卡,宜蘭縣,1994-05-16,2025-08-04,2026-06-30
M001994,高心怡,金卡,台中市,1999-08-14,2015-01-22,2026-04-30
M000837,張心怡,金卡,台中市,1987-01-10,2018-01-21,2026-04-30
M001422,呂冠宇,白金,台南市,1993-02-06,2019-07-12,2026-04-30
M001092,羅郁婷,一般,彰化縣,1970-07-25,2017-11-23,2026-04-30
M005068,黃志明,金卡,台中市,1973-03-06,2022-03-19,2026-06-30
M000172,林建宏,銀卡,新北市,1979-07-24,2025-09-22,2026-06-30
M007977,江心怡,銀卡,新北市,1977-02-10,2022-10-04,2026-05-31
M001217,謝雅雯,銀卡,彰化縣,2003-07-09,2015-03-09,2026-04-30
M001051,徐家豪,金卡,宜蘭縣,1993-02-28,2019-09-19,2026-04-30
M002726,莊志明,一般,台南市,1971-05-22,2016-04-07,2026-04-30
M002730,楊怡君,一般,台南市,1966-04-17,2019-05-27,2026-04-30
M006552,蕭雅雯,一般,台南市,1963-09-12,2023-10-07,2026-04-30
M006052,蕭詩涵,銀卡,彰化縣,1970-01-30,2022-11-04,2026-05-31
M000297,曾淑芬,銀卡,基隆市,1988-02-22,2019-05-25,2026-05-31
M002835,林家豪,一般,彰化縣,1972-04-05,2019-05-30,2026-04-30
M004475,許柏翰,金卡,台中市,1982-04-12,2024-10-05,2026-04-30
M001799,曾冠宇,白金,台北市,1985-05-27,2023-02-03,2026-04-30
M006685,何宗翰,白金,新竹市,1970-06-24,2015-06-14,2026-04-30
M003390,蔡淑芬,白金,高雄市,1996-10-16,2015-04-21,2026-04-30
M004375,江彥廷,銀卡,台中市,1998-07-13,2020-10-25,2026-04-30
M000690,謝家豪,銀卡,高雄市,1965-08-22,2025-11-23,2026-04-30
M001231,張淑芬,金卡,桃園市,1968-04-28,2024-05-29,2026-04-30
M005152,郭宗翰,銀卡,新竹市,1993-07-27,2015-12-27,2026-04-30
M003099,黃宗翰,銀卡,新北市,1976-05-06,2018-01-11,2026-05-31
M007146,陳欣怡,一般,高雄市,1976-03-28,2016-11-14,2026-04-30
M000847,江彥廷,一般,桃園市,2001-07-15,2018-04-27,2026-04-30
M001839,江彥廷,白金,宜蘭縣,1967-04-23,2024-07-28,2026-04-30
M005026,羅俊宏,白金,新北市,1993-10-03,2022-03-05,2026-04-30
M004045,呂承翰,金卡,台北市,1966-05-11,2022-01-22,2026-05-31
M002347,劉俊宏,白金,宜蘭縣,1970-03-27,2023-05-01,2026-06-30
M005504,楊詩涵,白金,基隆市,1982-01-23,2022-09-17,2026-04-30
M005674,廖柏翰,白金,新北市,1978-01-06,2020-06-07,2026-04-30
M006114,賴佩珊,一般,台中市,2000-11-21,2020-09-07,2026-04-30
M003406,鄭雅雯,金卡,新竹市,1981-10-11,2015-12-17,2026-04-30
M003070,劉淑芬,銀卡,宜蘭縣,2002-03-04,2016-12-10,2026-04-30
M007274,張家豪,金卡,新北市,1986-11-01,2017-06-13,2026-06-30
M002912,邱俊宏,銀卡,基隆市,1989-02-13,2022-07-12,2026-06-30
M002032,潘志明,白金,桃園市,1974-06-11,2017-12-21,2026-04-30
M003366,林建宏,銀卡,台中市,1991-10-22,2015-04-12,2026-06-30
M007892,洪雅雯,白金,桃園市,1976-03-28,2015-05-08,2026-04-30
M000605,蘇淑芬,一般,新竹市,1991-03-11,2018-01-19,2026-04-30
M002926,葉承翰,一般,彰化縣,1996-11-03,2024-10-20,2026-04-30
M006530,莊家豪,一般,桃園市,1963-01-11,2019-08-15,2026-04-30
M006203,潘淑芬,金卡,台南市,1960-03-31,2016-08-19,2026-04-30
M001276,周美玲,一般,高雄市,1978-02-19,2018-08-15,2026-04-30
M005094,謝家豪,一般,宜蘭縣,1981-02-04,2022-01-14,2026-04-30
M002146,謝宗翰,金卡,台北市,1993-08-19,2023-09-28,2026-04-30
M006703,江欣怡,白金,台北市,1974-02-14,2016-11-24,2026-04-30
M005651,李冠宇,銀卡,新北市,2001-02-16,2023-09-03,2026-04-30
M002475,郭雅婷,銀卡,新北市,1988-03-29,2023-05-29,2026-04-30
M001013,莊俊傑,白金,彰化縣,1976-09-11,2019-07-11,2026-04-30
M007991,李俊傑,一般,基隆市,1998-11-18,2020-01-16,2026-04-30
M007946,蘇志明,金卡,台北市,1976-03-23,2021-08-13,2026-04-30
M000521,黃俊傑,金卡,台南市,1993-11-12,2015-12-07,2026-04-30
M000395,呂心怡,白金,宜蘭縣,1998-04-01,2016-02-03,2026-06-30
M000305,吳詩涵,白金,台南市,1969-05-04,2016-09-23,2026-04-30
M005898,黃俊傑,白金,桃園市,1987-03-05,2018-12-25,2026-04-30
M003099,黃宗翰,銀卡,宜蘭縣,1976-05-06,2018-01-11,2026-04-30
M001143,蘇建宏,銀卡,桃園市,1978-04-01,2015-02-28,2026-04-30
M000967,何冠宇,金卡,台北市,1980-02-02,2025-05-23,2026-04-30
M005062,洪俊傑,金卡,台北市,1971-10-31,2019-03-31,2026-04-30
M001709,莊詩涵,一般,基隆市,2003-07-15,2015-08-06,2026-04-30
M000162,楊佩珊,銀卡,台南市,1974-06-23,2019-09-29,2026-04-30
M005261,鄭欣怡,白金,新竹市,1984-07-03,2015-12-10,2026-04-30
M004680,蘇宗翰,白金,新竹市,1968-01-14,2023-08-16,2026-04-30
M002782,吳美玲,金卡,台中市,2000-11-12,2022-03-25,2026-04-30
M001666,謝俊傑,銀卡,基隆市,1976-09-05,2021-06-10,2026-04-30
M001502,廖俊傑,金卡,台南市,1976-02-10,2019-03-15,2026-04-30
M001499,許柏翰,金卡,宜蘭縣,1984-11-13,2023-03-26,2026-06-30
M001271,葉家豪,一般,桃園市,1999-07-04,2016-02-07,2026-04-30
M000219,高彥廷,一般,台北市,1982-01-18,2017-03-31,2026-04-30
M002417,李建宏,一般,新竹市,1999-10-03,2015-05-20,2026-04-30
M003701,蔡美玲,金卡,桃園市,1998-05-10,2022-01-25,2026-04-30
M000807,邱彥廷,銀卡,台北市,1984-06-25,2022-08-09,2026-04-30
M006825,李郁婷,一般,新竹市,1979-01-10,2016-10-29,2026-04-30
M002743,許淑芬,金卡,新北市,1960-09-02,2021-05-20,2026-04-30
M006447,羅美玲,一般,基隆市,1988-11-25,2018-03-16,2026-04-30
M004376,邱淑芬,銀卡,桃園市,1963-05-18,2022-09-23,2026-04-30
M005725,羅志明,白金,新竹市,2000-04-19,2024-11-06,2026-04-30
M006436,曾佩珊,一般,台中市,2001-10-15,2025-10-21,2026-04-30
M006525,江詩涵,銀卡,台北市,1978-04-06,2022-09-29,2026-04-30
M002489,蔡柏翰,一般,高雄市,1974-04-10,2021-05-13,2026-04-30
M004816,林詩涵,銀卡,台南市,1960-04-23,2023-09-02,2026-04-30
M004755,蘇冠宇,銀卡,基隆市,1968-10-13,2020-04-05,2026-04-30
M004181,曾心怡,白金,彰化縣,1967-12-09,2017-04-12,2026-04-30
M006248,楊雅婷,銀卡,台南市,2001-01-03,2016-06-22,2026-05-31
M003638,潘淑芬,銀卡,台北市,1970-06-08,2018-12-22,2026-04-30
M000575,高柏翰,銀卡,台南市,1970-05-24,2024-05-04,2026-04-30
M003864,林詩涵,一般,台中市,2003-02-12,2020-08-03,2026-04-30
M000050,蘇家豪,白金,台南市,1961-12-22,2017-11-12,2026-04-30
M004920,謝建宏,白金,基隆市,1982-11-30,2015-03-08,2026-04-30
M007178,謝雅婷,白金,宜蘭縣,1984-01-25,2025-07-09,2026-04-30
M006255,徐彥廷,金卡,宜蘭縣,1963-09-10,2020-06-20,2026-05-31
M006858,陳雅雯,白金,台北市,1962-02-14,2024-02-02,2026-04-30
M006031,邱欣怡,一般,宜蘭縣,1982-03-01,2021-10-04,2026-04-30
M002936,呂俊宏,白金,基隆市,1982-10-09,2021-02-14,2026-06-30
M005402,莊俊宏,銀卡,台北市,1966-11-20,2021-05-07,2026-04-30
M001808,蘇柏翰,白金,台中市,1993-06-27,2018-02-19,2026-04-30
M001482,高心怡,銀卡,台南市,1980-09-07,2015-10-11,2026-04-30
M007689,蔡雅雯,銀卡,台北市,2002-08-04,2020-06-06,2026-04-30
M005178,何郁婷,白金,桃園市,1979-07-22,2021-06-05,2026-04-30
M000136,陳志明,金卡,台南市,1967-03-03,2020-08-24,2026-04-30
M007743,廖雅婷,金卡,台北市,2003-05-23,2020-10-05,2026-04-30
M000896,潘欣怡,一般,基隆市,1992-03-28,2023-04-13,2026-04-30
M001960,高宗翰,一般,台南市,1979-08-26,2022-03-11,2026-04-30
M001417,楊俊宏,金卡,台北市,1988-01-16,2018-08-02,2026-04-30
M007472,呂俊宏,一般,台南市,1974-08-12,2024-01-04,2026-04-30
M002122,王彥廷,白金,彰化縣,1983-01-04,2025-01-02,2026-04-30
M003637,蔡承翰,銀卡,台南市,1963-04-17,2025-05-01,2026-04-30
M005226,林雅雯,金卡,基隆市,1967-10-09,2025-02-04,2026-06-30
M004862,廖彥廷,金卡,新竹市,1991-09-20,2017-07-28,2026-04-30
M000526,劉志明,銀卡,台北市,1982-05-14,2024-03-25,2026-04-30
M003250,曾冠宇,金卡,台中市,1986-03-22,2017-04-14,2026-06-30
M001053,邱美玲,一般,彰化縣,1983-10-26,2025-04-20,2026-04-30
M004801,高俊傑,金卡,彰化縣,1983-05-31,2020-12-25,2026-04-30
M003010,郭俊傑,白金,新北市,2003-06-24,2024-06-12,2026-04-30
M002182,張郁婷,白金,台北市,1992-01-27,2018-05-12,2026-04-30
M006341,林建宏,白金,台北市,1998-10-24,2019-07-04,2026-04-30
M002262,羅建宏,白金,新北市,2000-09-07,2018-05-11,2026-04-30
M001262,高志明,一般,桃園市,2002-06-20,2024-07-24,2026-04-30
M005331,林俊宏,銀卡,台北市,1971-05-24,2022-07-25,2026-05-31
M000271,高淑芬,金卡,宜蘭縣,1977-02-25,2019-06-10,2026-04-30
M005632,江家豪,銀卡,桃園市,1972-08-05,2023-09-06,2026-04-30
M007553,羅彥廷,銀卡,彰化縣,1993-03-28,2016-06-19,2026-04-30
M001285,潘彥廷,一般,台中市,1969-02-27,2024-10-29,2026-04-30
M004875,周家豪,銀卡,基隆市,1985-04-24,2022-06-17,2026-04-30
M001063,郭怡君,一般,基隆市,2000-08-23,2024-07-01,2026-04-30
M005760,張佩珊,白金,彰化縣,1993-08-30,2021-01-01,2026-04-30
M001347,郭美玲,一般,基隆市,1997-02-03,2016-02-24,2026-04-30
M005450,蕭彥廷,一般,高雄市,1974-05-26,2024-05-26,2026-04-30
M006344,鄭俊宏,銀卡,基隆市,1995-02-10,2017-09-06,2026-04-30
M002967,王家豪,一般,新竹市,1975-01-08,2017-10-08,2026-04-30
M001702,羅詩涵,銀卡,台北市,1989-01-17,2018-12-18,2026-04-30
M002961,李柏翰,銀卡,桃園市,1986-03-22,2024-10-23,2026-05-31
M007831,何欣怡,金卡,高雄市,1900-01-01,2020-09-17,2026-04-30
M007662,黃詩涵,金卡,基隆市,1993-11-26,2018-11-08,2026-04-30
M005882,呂詩涵,金卡,基隆市,1986-02-12,2019-09-09,2026-04-30
M003305,蔡郁婷,銀卡,彰化縣,1991-10-04,2021-05-23,2026-05-31
M003490,李雅雯,金卡,彰化縣,1975-09-19,2023-07-07,2026-04-30
M001500,羅彥廷,一般,台北市,2002-06-29,2015-01-11,2026-04-30
M001253,郭俊宏,白金,基隆市,1968-10-23,2022-10-15,2026-04-30
M004939,江俊傑,白金,新北市,1971-08-16,2024-07-10,2026-04-30
M001320,曾志明,一般,桃園市,1972-08-31,2023-07-14,2026-04-30
M000752,劉雅雯,金卡,彰化縣,1979-06-23,2020-03-11,2026-04-30
M000674,何彥廷,銀卡,基隆市,1988-02-25,2021-09-24,2026-04-30
M003967,洪美玲,白金,新竹市,1962-07-07,2022-01-04,2026-04-30
M003845,吳心怡,一般,台中市,1969-07-18,2022-04-25,2026-04-30
M005730,林欣怡,一般,新竹市,1974-04-22,2023-02-14,2026-04-30
M005047,邱詩涵,一般,基隆市,1973-10-07,2020-01-29,2026-04-30
M006805,賴佩珊,白金,台南市,1987-08-11,2025-08-24,2026-06-30
M002191,邱志明,白金,基隆市,1986-07-13,2022-07-26,2026-04-30
M003163,王俊傑,金卡,彰化縣,1965-08-22,2025-06-16,2026-04-30
M006174,謝俊宏,金卡,高雄市,1964-09-17,2024-02-04,2026-04-30
M006450,王志明,銀卡,彰化縣,1992-08-07,2021-07-19,2026-04-30
M002940,吳柏翰,白金,台北市,1971-03-16,2015-11-19,2026-04-30
M000435,蔡心怡,白金,新北市,1989-01-27,2023-04-09,2026-04-30
M007892,洪雅雯,白金,高雄市,1976-03-28,2015-05-08,2026-06-30
M005699,林欣怡,金卡,台北市,1983-01-20,2020-12-23,2026-04-30
M001305,李彥廷,白金,宜蘭縣,1977-10-28,2015-06-18,2026-05-31
M006937,蔡美玲,一般,彰化縣,1989-12-18,2015-02-04,2026-04-30
M002368,李雅婷,金卡,新竹市,1965-10-25,2018-02-15,2026-04-30
M002075,洪欣怡,白金,台南市,1972-08-19,2023-02-22,2026-05-31
M005355,黃佩珊,白金,基隆市,1987-03-11,2018-01-31,2026-04-30
M007786,張郁婷,一般,新竹市,1987-11-29,2025-09-21,2026-04-30
M000476,劉宗翰,一般,台北市,1962-08-28,2025-07-05,2026-04-30
M000028,江俊宏,白金,基隆市,1997-10-18,2021-03-08,2026-04-30
M000032,洪俊宏,銀卡,桃園市,1980-11-27,2016-04-14,2026-04-30
M004479,蕭雅婷,白金,高雄市,2001-07-21,2015-08-05,2026-04-30
M006491,葉美玲,白金,台南市,1965-11-25,2022-01-19,2026-04-30
M005414,徐柏翰,一般,桃園市,1900-01-01,2024-06-03,2026-04-30
M004781,呂雅婷,一般,台南市,1966-02-11,2018-07-28,2026-04-30
M002823,葉郁婷,白金,桃園市,1994-04-05,2020-10-04,2026-06-30
M001547,許雅婷,金卡,宜蘭縣,1973-10-18,2021-02-06,2026-04-30
M002590,蔡彥廷,一般,高雄市,1979-11-27,2025-11-30,2026-04-30
M003080,羅建宏,白金,台北市,1996-07-14,2019-06-28,2026-04-30
M004271,葉宗翰,白金,台中市,1961-07-11,2024-07-09,2026-04-30
M000299,邱雅婷,一般,桃園市,1990-01-17,2016-10-30,2026-04-30
M006328,陳建宏,銀卡,宜蘭縣,1966-09-02,2019-01-30,2026-04-30
M001127,李建宏,金卡,N/A,1973-12-30,2019-03-26,2026-04-30
M000148,周佩珊,銀卡,高雄市,1960-08-23,2015-12-09,2026-05-31
M000509,廖美玲,白金,基隆市,1987-03-07,2025-06-23,2026-04-30
M007879,許柏翰,白金,台南市,1968-11-21,2020-08-08,2026-04-30
M007698,蔡建宏,白金,台中市,1980-09-01,2015-06-25,2026-06-30
M003199,廖承翰,白金,台南市,2003-01-18,2018-07-03,2026-04-30
M005221,洪志明,一般,桃園市,1984-03-14,2022-06-14,2026-06-30
M005184,洪承翰,一般,基隆市,1971-02-23,2024-07-20,2026-04-30
M007439,高宗翰,一般,高雄市,1995-06-17,2020-10-22,2026-04-30
M003830,何詩涵,銀卡,新竹市,2000-04-28,2024-02-04,2026-04-30
M001835,莊彥廷,銀卡,新竹市,1967-07-24,2021-05-01,2026-04-30
M000092,鄭宗翰,銀卡,台中市,1998-12-26,2020-08-20,2026-04-30
M001019,蔡俊傑,金卡,台南市,1990-02-07,2022-07-04,2026-04-30
M003317,蔡俊宏,白金,新北市,1982-08-13,2020-10-24,2026-04-30
M000241,張志明,一般,基隆市,1982-04-05,2016-03-04,2026-04-30
M002528,郭雅婷,白金,基隆市,1971-07-10,2017-09-27,2026-04-30
M006533,曾建宏,白金,新北市,1962-06-01,2016-07-03,2026-05-31
M000840,呂俊宏,銀卡,基隆市,1960-04-18,2021-04-22,2026-04-30
M005682,江俊傑,一般,桃園市,1977-12-05,2015-06-21,2026-04-30
M005859,許怡君,金卡,新北市,2000-04-25,2019-05-10,2026-05-31
M005695,周美玲,金卡,新北市,1989-05-21,2021-01-14,2026-04-30
M006875,張美玲,白金,台中市,1989-10-02,2016-07-18,2026-04-30
M002023,曾俊宏,銀卡,桃園市,1999-08-23,2021-03-29,2026-04-30
M005616,蘇怡君,白金,台南市,2001-07-22,2016-04-08,2026-06-30
M005680,郭詩涵,一般,基隆市,1982-04-24,2024-02-29,2026-04-30
M005538,蔡建宏,一般,台北市,1967-03-14,2024-04-03,2026-04-30
M006935,賴雅雯,白金,基隆市,1993-03-29,2025-12-10,2026-04-30
M001427,張雅婷,銀卡,桃園市,1975-08-13,2018-03-18,2026-04-30
M004701,葉怡君,金卡,新竹市,1980-11-25,2020-08-26,2026-04-30
M001934,呂郁婷,金卡,基隆市,2001-08-15,2023-05-07,2026-04-30
M005849,王彥廷,銀卡,宜蘭縣,1970-08-22,2018-06-29,2026-04-30
M000280,葉郁婷,白金,宜蘭縣,1977-04-27,2024-04-09,2026-04-30
M007981,潘柏翰,白金,台中市,1977-02-04,2023-02-22,2026-04-30
M002974,郭柏翰,白金,新北市,1960-03-05,2025-07-23,2026-05-31
M004313,鄭淑芬,一般,新北市,1997-03-02,2025-08-15,2026-04-30
M001124,周雅雯,金卡,台北市,1981-09-12,2025-08-10,2026-04-30
M005581,謝心怡,金卡,基隆市,1985-08-11,2025-03-28,2026-04-30
M003863,郭欣怡,金卡,台中市,1993-02-08,2025-05-04,2026-04-30
M001014,呂雅雯,金卡,台中市,1996-08-10,2025-06-20,2026-05-31
M002761,黃宗翰,一般,新竹市,1990-05-31,2021-08-30,2026-04-30
M000333,黃詩涵,金卡,基隆市,2002-02-12,2022-10-02,2026-04-30
M002826,潘承翰,銀卡,高雄市,1960-07-22,2024-06-16,2026-04-30
M004792,黃淑芬,銀卡,高雄市,1966-04-19,2016-04-09,2026-04-30
M002374,楊詩涵,金卡,台北市,2001-01-21,2024-04-30,2026-04-30
M003456,吳冠宇,白金,桃園市,1967-11-27,2021-09-27,2026-04-30
M002484,楊雅婷,銀卡,桃園市,1988-12-04,2016-09-09,2026-06-30
M001169,蔡俊宏,一般,台南市,1988-04-02,2016-12-13,2026-04-30
M003098,李家豪,金卡,新竹市,1976-04-27,2022-02-28,2026-04-30
M002515,劉志明,銀卡,桃園市,1989-07-08,2015-07-10,2026-04-30
M003929,蕭怡君,金卡,新竹市,1989-11-25,2021-09-06,2026-04-30
M004006,劉淑芬,銀卡,新竹市,1989-08-08,2025-03-30,2026-04-30
M006402,曾怡君,金卡,新竹市,1985-05-23,2023-09-27,2026-04-30
M007010,劉冠宇,白金,桃園市,1968-03-02,2020-05-17,2026-04-30
M005060,劉宗翰,金卡,高雄市,1970-05-05,2024-12-02,2026-04-30
M006396,呂俊宏,銀卡,新竹市,1974-12-30,2024-05-03,2026-04-30
M002668,王怡君,金卡,台南市,2003-02-13,2021-09-04,2026-04-30
M006799,曾雅雯,白金,台南市,1973-01-20,2019-05-02,2026-04-30
M003426,呂柏翰,白金,桃園市,1961-03-13,2016-04-28,2026-06-30
M007829,潘彥廷,銀卡,基隆市,1979-02-20,2018-10-17,2026-04-30
M002925,蕭佩珊,白金,台北市,1962-11-12,2021-03-12,2026-04-30
M003169,謝彥廷,金卡,新北市,2000-06-13,2018-01-01,2026-04-30
M007136,何雅雯,白金,新北市,1987-10-08,2019-09-28,2026-04-30
M004065,潘柏翰,白金,台北市,1979-03-09,2025-05-09,2026-04-30
M002295,楊雅婷,金卡,台北市,1990-04-19,2021-04-06,2026-06-30
M002502,周家豪,一般,基隆市,1994-03-02,2025-10-20,2026-04-30
M005143,潘佩珊,白金,台北市,1981-02-25,2022-01-04,2026-04-30
M000746,林俊傑,銀卡,新竹市,1983-02-27,2023-06-07,2026-04-30
M006905,陳欣怡,金卡,新北市,1991-06-25,2019-03-23,2026-04-30
M002660,劉雅雯,金卡,宜蘭縣,1977-07-08,2016-07-27,2026-04-30
M004107,張冠宇,銀卡,台北市,1967-08-17,2025-05-26,2026-04-30
M002480,郭志明,白金,台南市,1964-12-28,2021-03-24,2026-04-30
M004530,蕭郁婷,一般,高雄市,1969-11-13,2023-09-12,2026-04-30
M001505,黃欣怡,白金,宜蘭縣,1989-08-05,2017-02-20,2026-04-30
M003145,黃欣怡,一般,桃園市,1970-11-22,2019-07-13,2026-04-30
M005395,郭彥廷,一般,新竹市,1981-05-31,2016-12-14,2026-04-30
M007236,王怡君,金卡,高雄市,1972-11-22,2022-12-11,2026-06-30
M004780,吳志明,銀卡,新北市,1972-02-07,2024-12-20,2026-04-30
M007206,許雅婷,銀卡,高雄市,2001-08-24,2015-07-14,2026-04-30
M006362,蕭佩珊,金卡,宜蘭縣,1999-02-21,2017-03-15,2026-04-30
M003690,張承翰,銀卡,桃園市,1965-03-30,2015-07-07,2026-04-30
M001833,許雅雯,白金,彰化縣,1998-09-27,2016-10-10,2026-04-30
M005751,羅承翰,金卡,桃園市,1972-09-26,2015-04-09,2026-04-30
M006131,曾冠宇,一般,新竹市,1960-02-29,2024-10-02,2026-04-30
M006316,郭俊傑,金卡,宜蘭縣,1996-04-22,2024-07-11,2026-04-30
M007988,羅俊傑,一般,基隆市,1961-05-27,2016-07-27,2026-04-30
M002975,王俊宏,白金,桃園市,1969-09-16,2023-02-04,2026-04-30
M001225,呂彥廷,白金,桃園市,1995-07-23,2022-02-22,2026-04-30
M006926,葉家豪,一般,宜蘭縣,1976-07-27,2025-09-24,2026-04-30
M003104,洪承翰,銀卡,桃園市,1977-05-15,2023-06-09,2026-04-30
M001190,洪心怡,金卡,桃園市,1990-05-19,2015-04-19,2026-04-30
M000574,劉郁婷,一般,基隆市,1994-07-12,2025-07-09,2026-04-30
M007545,何宗翰,金卡,台中市,1977-02-12,2016-09-01,2026-04-30
M007364,張佩珊,金卡,新北市,1977-06-30,2022-04-08,2026-04-30
M007049,林詩涵,銀卡,宜蘭縣,1986-06-04,2024-09-27,2026-04-30
M002311,羅欣怡,銀卡,台中市,1977-11-18,2016-01-05,2026-04-30
M001953,羅家豪,銀卡,台北市,1960-02-07,2022-12-27,2026-04-30
M005141,蕭俊宏,一般,台中市,1982-04-08,2021-06-23,2026-04-30
M003219,劉志明,銀卡,桃園市,1962-02-01,2025-03-20,2026-04-30
M006257,蘇欣怡,金卡,台中市,2001-02-19,2024-04-28,2026-04-30
M007815,王怡君,一般,新北市,1960-09-26,2016-11-02,2026-04-30
M005207,劉雅婷,金卡,台北市,1977-05-24,2025-10-02,2026-04-30
M007405,謝冠宇,一般,宜蘭縣,2000-09-05,2021-06-03,2026-04-30
M001218,賴家豪,銀卡,高雄市,1974-12-23,2023-07-09,2026-04-30
M001640,何彥廷,一般,台中市,1994-02-05,2022-08-05,2026-04-30
M007682,賴詩涵,銀卡,台中市,1990-10-26,2017-11-07,2026-04-30
M005701,莊雅雯,白金,彰化縣,1900-01-01,2017-01-29,2026-04-30
M000762,鄭家豪,銀卡,新竹市,1990-02-18,2020-07-14,2026-04-30
M007734,蕭宗翰,金卡,宜蘭縣,1965-06-24,2018-05-18,2026-05-31
M006690,何詩涵,白金,台中市,1994-06-19,2019-05-12,2026-04-30
M006583,周志明,白金,桃園市,1990-07-02,2022-12-08,2026-05-31
M006567,蔡雅婷,金卡,新北市,2002-11-13,2018-02-01,2026-04-30
M004880,鄭佩珊,銀卡,新北市,1965-06-24,2017-01-03,2026-04-30
M007891,許佩珊,金卡,新北市,1961-08-06,2024-10-16,2026-04-30
M002781,潘雅婷,一般,台中市,1998-03-24,2017-01-13,2026-04-30
M002425,劉俊宏,白金,台北市,1971-11-11,2023-09-06,2026-04-30
M003932,黃柏翰,銀卡,彰化縣,1984-12-04,2020-12-24,2026-04-30
M003483,呂詩涵,金卡,台南市,1960-12-12,2021-02-20,2026-04-30
M003572,陳郁婷,銀卡,桃園市,1991-08-24,2018-08-26,2026-04-30
M005251,蕭柏翰,金卡,新竹市,1983-04-25,2024-04-29,2026-04-30
M006385,黃欣怡,金卡,新北市,1998-10-01,2020-07-08,2026-06-30
M002214,邱雅婷,一般,彰化縣,1976-11-04,2023-08-27,2026-04-30
M004194,劉雅雯,一般,宜蘭縣,1971-06-19,2019-08-13,2026-04-30
M007060,陳建宏,白金,宜蘭縣,2000-01-31,2020-08-31,2026-04-30
M006589,周彥廷,一般,基隆市,1966-06-16,2023-12-16,2026-04-30
M007588,羅雅雯,金卡,台中市,1984-07-22,2022-07-10,2026-04-30
M000242,劉冠宇,金卡,彰化縣,1994-07-23,2022-06-07,2026-04-30
M004013,吳建宏,銀卡,台北市,2000-01-15,2024-05-07,2026-04-30
M005158,許宗翰,銀卡,台北市,1999-02-06,2023-06-23,2026-04-30
M004656,邱彥廷,白金,彰化縣,1984-03-04,2018-11-10,2026-04-30
M003599,劉佩珊,白金,新竹市,1991-10-09,2016-12-09,2026-04-30
M001844,高心怡,白金,台中市,1970-03-01,2022-12-22,2026-06-30
M001089,廖淑芬,金卡,新北市,1976-01-30,2024-10-10,2026-04-30
M007031,劉家豪,金卡,桃園市,1961-07-03,2016-05-24,2026-04-30
M007382,蔡佩珊,金卡,基隆市,1960-04-01,2022-05-22,2026-04-30
M000156,呂欣怡,銀卡,新北市,1989-01-21,2017-06-17,2026-04-30
M003507,黃郁婷,一般,宜蘭縣,1978-01-11,2024-11-18,2026-04-30
M007611,蕭志明,白金,高雄市,1973-07-21,2018-10-09,2026-04-30
M002795,徐郁婷,一般,宜蘭縣,1975-09-20,2017-07-15,2026-04-30
M000679,莊志明,金卡,桃園市,1977-03-10,2020-07-09,2026-04-30
M001202,江雅婷,一般,新竹市,1985-04-04,2024-09-14,2026-04-30
M000627,劉承翰,金卡,新竹市,1994-11-05,2022-06-10,2026-04-30
M000918,楊建宏,銀卡,基隆市,1989-10-06,2022-04-24,2026-04-30
M004711,蕭家豪,銀卡,台南市,1971-05-14,2022-09-25,2026-04-30
M003552,曾佩珊,白金,台中市,1984-08-23,2015-07-28,2026-04-30
M005930,高宗翰,一般,台中市,1960-05-10,2016-10-15,2026-04-30
M002188,高詩涵,一般,新北市,1995-12-09,2016-11-22,2026-04-30
M000833,郭柏翰,銀卡,台南市,1964-06-12,2020-10-04,2026-04-30
M000371,羅彥廷,白金,台中市,1991-10-31,2023-11-19,2026-06-30
M002336,邱冠宇,銀卡,台南市,1980-03-07,2017-01-01,2026-04-30
M005067,曾美玲,銀卡,彰化縣,1967-10-10,2019-09-17,2026-04-30
M000237,何柏翰,銀卡,台中市,1984-08-06,2016-11-17,2026-04-30
M005313,高彥廷,一般,新竹市,1990-07-12,2019-10-22,2026-04-30
M005265,林欣怡,一般,宜蘭縣,2003-05-31,2021-02-18,2026-04-30
M003033,陳郁婷,一般,新北市,2003-04-26,2022-05-21,2026-04-30
M007238,葉詩涵,白金,彰化縣,1979-05-29,2023-05-10,2026-04-30
M000747,蘇詩涵,一般,新竹市,1986-11-24,2015-05-08,2026-04-30
M004210,鄭美玲,一般,台北市,1985-05-23,2021-01-05,2026-04-30
M003580,蔡家豪,金卡,高雄市,1976-08-11,2025-11-03,2026-04-30
M005002,楊怡君,一般,宜蘭縣,1988-05-09,2021-02-21,2026-04-30
M006533,曾建宏,金卡,新北市,1962-06-01,2016-07-03,2026-04-30
M007307,徐詩涵,銀卡,高雄市,1988-04-27,2015-09-07,2026-04-30
M004986,張柏翰,白金,彰化縣,1992-07-08,2016-11-23,2026-04-30
M007352,莊佩珊,金卡,台北市,1974-05-03,2018-10-03,2026-04-30
M001389,郭建宏,銀卡,台中市,1974-08-18,2023-06-24,2026-04-30
M001079,李柏翰,金卡,基隆市,1976-12-21,2021-11-05,2026-04-30
M005373,鄭怡君,金卡,新竹市,1985-05-16,2015-03-27,2026-04-30
M002172,郭宗翰,金卡,彰化縣,1985-09-04,2020-08-11,2026-04-30
M005752,高怡君,一般,台中市,1986-04-04,2022-06-05,2026-04-30
M004718,陳郁婷,銀卡,桃園市,1992-08-27,2020-05-26,2026-04-30
M004119,陳承翰,銀卡,台北市,1984-08-25,2021-02-21,2026-04-30
M002230,何承翰,金卡,台南市,1972-03-23,2018-03-04,2026-04-30
M001041,周佩珊,白金,高雄市,1973-08-18,2019-06-16,2026-04-30
M001295,蕭俊傑,白金,台南市,1984-04-08,2024-10-13,2026-04-30
M007344,何俊宏,金卡,彰化縣,1999-03-19,2021-08-13,2026-04-30
M001564,高彥廷,一般,宜蘭縣,1992-03-14,2017-11-11,2026-04-30
M003751,洪承翰,銀卡,宜蘭縣,1994-06-06,2019-12-05,2026-04-30
M003465,羅俊宏,金卡,基隆市,1981-10-30,2022-01-29,2026-04-30
M006214,吳欣怡,銀卡,桃園市,1981-12-06,2015-11-09,2026-04-30
M005483,洪怡君,白金,新竹市,1994-05-29,2016-07-10,2026-04-30
M001474,曾美玲,銀卡,高雄市,1990-05-14,2016-08-20,2026-04-30
M003178,許佩珊,銀卡,新竹市,1963-07-19,2015-04-23,2026-04-30
M001616,楊家豪,銀卡,新北市,1971-05-05,2025-04-15,2026-04-30
M004364,陳心怡,銀卡,高雄市,1994-11-26,2024-07-07,2026-04-30
M006490,郭建宏,一般,桃園市,1988-09-26,2021-04-28,2026-06-30
M000342,洪美玲,白金,宜蘭縣,1979-07-13,2015-06-22,2026-04-30
M006305,潘彥廷,一般,宜蘭縣,1988-12-25,2024-08-07,2026-04-30
M004208,潘柏翰,金卡,台北市,1992-06-05,2025-05-31,2026-06-30
M003378,徐淑芬,銀卡,台中市,2003-05-09,2025-10-08,2026-04-30
M000600,陳宗翰,銀卡,台北市,1964-08-14,2023-09-18,2026-04-30
M002181,賴欣怡,一般,台北市,1987-09-11,2016-02-09,2026-04-30
M002103,蔡心怡,銀卡,台南市,1962-03-20,2015-07-02,2026-04-30
M007141,蔡彥廷,金卡,新北市,1997-04-16,2021-04-13,2026-04-30
M004723,何俊傑,金卡,台南市,1996-01-04,2025-01-15,2026-04-30
M006194,葉冠宇,白金,新竹市,1978-04-06,2023-11-28,2026-04-30
M006574,呂佩珊,白金,台中市,1971-07-30,2023-10-01,2026-04-30
M002503,林雅雯,一般,台南市,1963-04-07,2023-06-08,2026-04-30
M006139,郭欣怡,銀卡,台中市,1991-04-24,2024-07-15,2026-04-30
M006880,陳建宏,銀卡,台南市,1967-03-09,2018-09-02,2026-04-30
M006587,楊家豪,銀卡,彰化縣,1978-09-22,2020-03-02,2026-04-30
M006278,陳建宏,銀卡,新北市,1993-09-14,2021-09-11,2026-04-30
M002437,許柏翰,金卡,高雄市,1900-01-01,2025-06-03,2026-04-30
M001721,鄭雅雯,白金,新竹市,1997-02-06,2015-02-01,2026-04-30
M001411,曾志明,白金,台中市,1960-06-01,2023-03-27,2026-04-30
M002363,王佩珊,白金,台南市,1990-03-17,2024-12-29,2026-04-30
M007870,謝欣怡,一般,高雄市,1983-09-14,2021-08-22,2026-04-30
M002139,廖欣怡,一般,台中市,1986-02-27,2025-02-03,2026-04-30
M000059,李詩涵,銀卡,基隆市,1976-08-18,2020-11-21,2026-04-30
M007947,蕭欣怡,銀卡,新竹市,1980-10-24,2015-01-10,2026-05-31
M000186,蕭雅婷,一般,台中市,1963-11-12,2025-04-29,2026-04-30
M004424,黃郁婷,銀卡,台南市,1971-05-19,2017-02-16,2026-04-30
M000384,陳俊傑,金卡,彰化縣,2000-07-18,2022-01-24,2026-04-30
M004714,謝郁婷,銀卡,台南市,1982-06-20,2022-06-30,2026-04-30
M005941,廖建宏,銀卡,新北市,2001-07-26,2021-02-17,2026-04-30
M002133,謝郁婷,一般,新北市,1961-04-04,2022-04-19,2026-04-30
M006515,賴怡君,白金,基隆市,1990-04-18,2019-09-09,2026-04-30
M000157,潘怡君,白金,新竹市,1988-09-28,2015-01-10,2026-04-30
M003429,陳詩涵,白金,台中市,2001-07-03,2021-03-05,2026-04-30
M004933,曾宗翰,金卡,基隆市,1968-07-23,2017-10-29,2026-04-30
M001329,蕭佩珊,一般,台南市,1962-09-18,2023-08-31,2026-04-30
M004881,張美玲,銀卡,台北市,1999-02-19,2023-07-09,2026-04-30
M006286,羅雅婷,一般,新竹市,1969-01-10,2020-06-10,2026-04-30
M007271,鄭雅雯,一般,桃園市,1993-08-07,2024-10-31,2026-04-30
M005325,洪郁婷,一般,新北市,1974-07-04,2020-07-29,2026-04-30
M005745,葉承翰,銀卡,台南市,1991-09-30,2017-04-05,2026-04-30
M004946,曾承翰,銀卡,宜蘭縣,2000-06-27,2015-04-29,2026-04-30
M006215,吳怡君,一般,台南市,1975-06-29,2023-08-31,2026-04-30
M005284,楊承翰,金卡,桃園市,1997-08-03,2025-04-20,2026-04-30
M001400,王心怡,白金,台中市,1964-05-09,2022-07-22,2026-04-30
M002327,楊詩涵,銀卡,新北市,1965-03-06,2024-03-25,2026-04-30
M001314,林家豪,銀卡,台南市,1982-02-12,2025-10-17,2026-04-30
M007285,黃俊宏,白金,宜蘭縣,1999-09-02,2018-12-12,2026-04-30
M005851,劉冠宇,銀卡,新北市,1989-08-11,2019-10-12,2026-04-30
M000207,鄭宗翰,金卡,新竹市,1970-08-28,2019-01-15,2026-04-30
M000970,潘美玲,銀卡,新竹市,1970-03-11,2015-07-23,2026-04-30
M003089,何承翰,金卡,彰化縣,1991-10-30,2023-07-25,2026-04-30
M000603,邱欣怡,銀卡,新竹市,1961-03-09,2021-05-30,2026-04-30
M002846,呂佩珊,銀卡,新竹市,1963-11-24,2025-04-25,2026-04-30
M003067,李志明,一般,台北市,1998-11-09,2025-03-30,2026-04-30
M007320,吳宗翰,一般,新竹市,1996-07-18,2016-05-25,2026-04-30
M002685,鄭佩珊,一般,桃園市,1992-02-23,2025-09-08,2026-04-30
M002850,謝佩珊,金卡,高雄市,1983-11-05,2023-10-13,2026-04-30
M005443,周冠宇,金卡,台中市,1998-03-15,2017-10-06,2026-04-30
M002574,王彥廷,白金,台中市,1964-04-05,2021-08-31,2026-04-30
M007805,吳彥廷,金卡,台南市,1984-01-25,2024-03-27,2026-04-30
M007912,劉建宏,白金,高雄市,2000-03-11,2019-09-11,2026-04-30
M003189,洪志明,金卡,高雄市,1965-08-04,2019-10-10,2026-04-30
M003576,王心怡,白金,新竹市,1973-12-30,2018-04-28,2026-04-30
M000951,蔡家豪,一般,新竹市,1991-10-26,2025-07-22,2026-04-30
M003386,潘怡君,金卡,台北市,2003-03-14,2022-12-15,2026-04-30
M001606,呂雅婷,白金,台南市,1999-12-31,2020-01-14,2026-04-30
M001895,曾俊宏,一般,高雄市,1992-12-12,2017-09-05,2026-04-30
M003620,郭佩珊,金卡,基隆市,1998-07-18,2018-08-21,2026-04-30
M006976,潘詩涵,白金,台南市,1994-06-05,2021-03-15,2026-04-30
M004817,蘇郁婷,金卡,桃園市,1962-04-18,2022-08-25,2026-04-30
M004112,謝淑芬,銀卡,台南市,1998-09-05,2023-04-07,2026-04-30
M002448,劉郁婷,金卡,新北市,1962-06-17,2018-10-27,2026-04-30
M000785,葉雅雯,白金,桃園市,2001-12-15,2023-03-15,2026-04-30
M001930,邱雅婷,一般,基隆市,1962-10-25,2017-01-22,2026-04-30
M007987,王宗翰,銀卡,桃園市,1967-09-17,2015-11-18,2026-04-30
M006357,許雅婷,銀卡,新北市,1973-11-03,2020-04-23,2026-04-30
M007646,江柏翰,白金,台中市,1996-08-14,2017-09-06,2026-04-30
M005758,莊淑芬,銀卡,N/A,1987-06-17,2019-07-29,2026-04-30
M006202,羅怡君,一般,台中市,1993-11-10,2023-06-12,2026-04-30
M002783,蕭郁婷,金卡,台北市,1967-01-17,2020-09-23,2026-04-30
M006282,林心怡,一般,台北市,1963-09-11,2019-02-20,2026-04-30
M006285,吳郁婷,金卡,台南市,1979-11-28,2024-07-25,2026-05-31
M003188,莊詩涵,白金,新北市,1962-04-05,2023-02-01,2026-04-30
M005915,賴佩珊,一般,彰化縣,2000-10-09,2016-05-13,2026-04-30
M002588,葉心怡,白金,台北市,1977-06-30,2016-08-24,2026-05-31
M005316,廖建宏,白金,桃園市,1992-05-18,2022-05-11,2026-04-30
M004672,葉淑芬,一般,彰化縣,1975-07-21,2019-08-07,2026-04-30
M000599,劉宗翰,銀卡,宜蘭縣,1988-09-18,2021-01-28,2026-04-30
M003296,謝怡君,一般,台南市,1983-08-14,2025-08-26,2026-04-30
M001469,李家豪,一般,新竹市,1996-06-22,2019-01-17,2026-04-30
M003229,郭雅雯,白金,宜蘭縣,1990-12-22,2021-02-04,2026-04-30
M004884,潘欣怡,一般,台中市,1998-03-03,2019-12-05,2026-04-30
M003241,許柏翰,一般,台中市,1987-02-04,2017-04-21,2026-04-30
M005039,邱怡君,白金,基隆市,1966-04-09,2025-12-12,2026-04-30
M000813,曾淑芬,白金,台中市,1963-03-08,2021-12-21,2026-04-30
M004308,曾怡君,白金,新竹市,1974-05-21,2023-12-14,2026-04-30
M001893,蕭承翰,金卡,高雄市,1991-05-07,2018-03-01,2026-04-30
M001033,潘佩珊,白金,台南市,1994-07-04,2024-10-21,2026-04-30
M002205,蔡俊宏,一般,彰化縣,1963-03-31,2019-11-30,2026-04-30
M000230,徐佩珊,一般,桃園市,1997-12-02,2017-05-20,2026-04-30
M007098,鄭心怡,銀卡,新北市,1976-01-01,2016-12-21,2026-04-30
M001631,洪冠宇,白金,桃園市,1998-03-05,2020-05-18,2026-04-30
M006798,潘冠宇,銀卡,高雄市,1972-02-02,2020-11-04,2026-04-30
M002249,周志明,一般,高雄市,1986-04-03,2018-06-27,2026-04-30
M006049,呂建宏,一般,桃園市,1998-03-08,2017-09-30,2026-06-30
M006992,莊彥廷,白金,新竹市,1968-03-08,2022-11-04,2026-04-30
M005621,葉佩珊,銀卡,新北市,1990-05-10,2015-02-16,2026-05-31
M007969,葉佩珊,金卡,宜蘭縣,1979-07-13,2025-10-10,2026-04-30
M006120,黃家豪,白金,基隆市,1974-06-03,2019-10-02,2026-04-30
M003808,蔡建宏,一般,彰化縣,1976-12-12,2018-09-21,2026-04-30
M001443,陳詩涵,一般,高雄市,1968-11-30,2022-04-20,2026-04-30
M005109,徐雅雯,一般,新北市,1960-12-03,2022-12-25,2026-04-30
M002724,謝雅雯,一般,新竹市,1983-01-15,2025-12-01,2026-04-30
M003410,羅家豪,一般,彰化縣,1977-04-25,2019-02-28,2026-04-30
M007975,王心怡,銀卡,宜蘭縣,1963-05-09,2022-10-14,2026-04-30
M006885,潘雅婷,白金,宜蘭縣,1970-08-09,2016-09-12,2026-04-30
M001246,潘美玲,金卡,台南市,1986-12-12,2016-03-18,2026-04-30
M002321,曾承翰,一般,基隆市,1989-01-21,2022-06-27,2026-04-30
M005905,楊彥廷,一般,宜蘭縣,1973-03-15,2020-06-20,2026-04-30
M007017,呂佩珊,銀卡,新北市,2002-01-11,2023-08-21,2026-04-30
M004053,蕭家豪,銀卡,台中市,1987-06-27,2023-01-20,2026-04-30
M007485,謝雅雯,銀卡,宜蘭縣,1988-12-10,2021-08-27,2026-04-30
M007928,黃雅雯,一般,台南市,1969-12-16,2025-09-19,2026-04-30
M001837,賴彥廷,金卡,宜蘭縣,1997-02-05,2019-03-23,2026-04-30
M003098,李家豪,白金,新竹市,1976-04-27,2022-02-28,2026-06-30
M001656,洪俊宏,一般,新竹市,1991-11-12,2021-06-21,2026-04-30
M004744,蕭淑芬,白金,台南市,1987-11-10,2015-03-12,2026-04-30
M003397,林宗翰,白金,基隆市,1965-05-31,2022-09-04,2026-05-31
M006735,邱佩珊,一般,台中市,1979-09-30,2015-02-09,2026-04-30
M001680,李詩涵,白金,台中市,1993-02-01,2019-10-04,2026-04-30
M002841,廖承翰,白金,新北市,1973-08-29,2025-12-10,2026-04-30
M005805,徐承翰,金卡,N/A,2003-05-31,2020-06-25,2026-04-30
M005759,王柏翰,一般,台南市,1979-06-19,2017-11-12,2026-04-30
M001418,羅志明,白金,台南市,1965-07-20,2017-12-12,2026-05-31
M006993,曾柏翰,銀卡,新竹市,1970-11-20,2025-08-17,2026-04-30
M000366,賴俊傑,銀卡,台南市,1995-10-02,2024-12-16,2026-04-30
M007161,謝建宏,一般,新北市,1900-01-01,2023-05-23,2026-04-30
M004799,徐淑芬,白金,高雄市,1964-07-10,2024-01-26,2026-04-30
M002466,徐冠宇,銀卡,宜蘭縣,1993-10-20,2020-08-06,2026-04-30
M007824,林柏翰,銀卡,桃園市,1976-08-12,2024-04-23,2026-04-30
M007371,徐雅婷,銀卡,高雄市,1967-12-11,2021-02-25,2026-04-30
M002693,陳美玲,白金,台南市,1988-03-29,2022-02-01,2026-05-31
M005635,王雅雯,銀卡,新北市,1974-07-09,2020-10-13,2026-04-30
M006583,周志明,白金,桃園市,1990-07-02,2022-12-08,2026-04-30
M005088,潘俊傑,一般,宜蘭縣,1993-02-19,2021-01-28,2026-04-30
M003968,潘欣怡,白金,桃園市,1982-07-10,2017-01-20,2026-04-30
M007291,曾郁婷,一般,新北市,1989-08-11,2021-08-12,2026-04-30
M005622,羅柏翰,銀卡,台中市,1995-10-20,2021-05-18,2026-04-30
M004455,曾俊傑,金卡,彰化縣,1962-02-05,2024-10-30,2026-05-31
M006432,李柏翰,白金,彰化縣,1971-06-22,2018-08-18,2026-04-30
M002025,王俊宏,金卡,N/A,1977-10-16,2024-03-26,2026-04-30
M006459,蕭宗翰,一般,新竹市,1961-01-25,2022-12-26,2026-04-30
M001632,廖宗翰,一般,基隆市,1966-03-23,2025-10-06,2026-04-30
M005003,吳建宏,一般,基隆市,1973-02-10,2016-10-28,2026-04-30
M004316,洪冠宇,金卡,台南市,1900-01-01,2022-02-25,2026-04-30
M002893,呂建宏,金卡,宜蘭縣,1970-03-08,2023-03-01,2026-05-31
M002457,郭宗翰,一般,新竹市,1997-04-08,2024-10-28,2026-04-30
M002852,賴詩涵,金卡,台北市,1998-08-27,2016-04-15,2026-04-30
M004431,蔡雅婷,銀卡,桃園市,1981-07-23,2025-10-13,2026-04-30
M007484,羅冠宇,金卡,桃園市,1976-03-05,2017-04-25,2026-04-30
M003403,周心怡,白金,新北市,1985-03-06,2023-05-17,2026-04-30
M000537,楊怡君,金卡,台南市,1984-08-24,2017-05-09,2026-05-31
M004040,呂彥廷,銀卡,台北市,1977-01-23,2024-08-22,2026-04-30
M000830,謝淑芬,金卡,台北市,1963-04-09,2025-11-07,2026-06-30
M005287,洪家豪,金卡,新竹市,1979-11-26,2017-04-05,2026-04-30
M000924,何雅雯,白金,台中市,1973-05-11,2023-04-05,2026-04-30
M001402,莊家豪,銀卡,台南市,1985-04-17,2018-12-29,2026-04-30
M000457,王怡君,銀卡,基隆市,1984-01-12,2017-02-23,2026-04-30
M000279,王雅雯,一般,新竹市,1993-10-01,2021-09-14,2026-04-30
M006229,謝雅雯,金卡,台南市,1967-09-08,2016-07-22,2026-04-30
M006106,謝彥廷,銀卡,台南市,1972-10-10,2020-02-02,2026-06-30
M000587,許彥廷,白金,桃園市,1990-10-17,2022-10-14,2026-06-30
M002774,鄭佩珊,白金,基隆市,1970-11-23,2025-11-06,2026-04-30
M000973,林美玲,銀卡,台北市,1963-09-12,2015-03-22,2026-04-30
M004428,蕭彥廷,一般,高雄市,1976-09-19,2019-07-03,2026-04-30
M001399,吳郁婷,銀卡,台北市,1973-02-21,2021-04-15,2026-04-30
M003651,廖俊傑,金卡,台南市,1996-03-28,2019-02-20,2026-04-30
M001188,黃怡君,白金,宜蘭縣,1961-01-24,2016-09-12,2026-04-30
M005052,江承翰,金卡,彰化縣,1977-03-26,2017-11-05,2026-04-30
M002219,陳雅雯,一般,彰化縣,1977-11-06,2020-10-10,2026-04-30
M000264,黃雅雯,一般,新竹市,2002-11-23,2024-07-31,2026-04-30
M000714,張承翰,白金,新北市,1999-11-09,2019-12-29,2026-04-30
M004091,羅志明,一般,桃園市,1965-10-06,2017-11-10,2026-04-30
M000497,賴冠宇,一般,台南市,1978-07-01,2022-03-14,2026-04-30
M002133,謝郁婷,銀卡,新北市,1961-04-04,2022-04-19,2026-05-31
M005934,曾家豪,白金,桃園市,2002-12-23,2021-02-13,2026-04-30
M000356,林怡君,銀卡,基隆市,1962-10-04,2018-05-30,2026-05-31
M004297,謝郁婷,一般,宜蘭縣,1975-05-16,2017-05-21,2026-04-30
M005617,楊欣怡,銀卡,彰化縣,1967-04-29,2021-09-30,2026-04-30
M004163,許俊宏,銀卡,台北市,1967-01-20,2024-02-25,2026-04-30
M004456,潘雅雯,銀卡,彰化縣,1969-04-02,2021-05-31,2026-04-30
M003622,蕭家豪,金卡,新北市,1981-11-30,2015-05-28,2026-04-30
M005311,許家豪,銀卡,基隆市,2003-02-10,2017-12-07,2026-04-30
M002400,黃心怡,一般,宜蘭縣,1982-12-27,2025-04-29,2026-04-30
M003773,蘇郁婷,一般,宜蘭縣,2002-04-01,2017-03-08,2026-04-30
M004536,林宗翰,銀卡,彰化縣,1973-10-02,2024-12-16,2026-04-30
M001773,賴柏翰,銀卡,彰化縣,1991-09-17,2020-09-13,2026-04-30
M003858,廖建宏,白金,台中市,1992-07-17,2016-06-11,2026-04-30
M000989,陳雅婷,金卡,台南市,1974-08-07,2022-01-16,2026-04-30
M006687,葉淑芬,一般,宜蘭縣,1996-01-27,2024-11-05,2026-04-30
M002579,林心怡,白金,新北市,1977-10-12,2023-12-10,2026-04-30
M006848,楊彥廷,白金,台北市,1972-08-15,2024-10-20,2026-04-30
M003216,蕭俊傑,金卡,台中市,1994-08-24,2015-08-23,2026-04-30
M006812,曾雅雯,白金,台中市,1981-06-24,2018-05-22,2026-04-30
M001358,謝雅雯,一般,台南市,1989-01-20,2022-01-12,2026-04-30
M003037,潘建宏,金卡,彰化縣,1995-03-02,2018-07-11,2026-04-30
M006881,周承翰,一般,宜蘭縣,1999-03-23,2022-01-03,2026-04-30
M000436,莊郁婷,白金,桃園市,2000-03-18,2020-01-21,2026-04-30
M000899,邱承翰,金卡,台中市,1971-12-18,2018-06-14,2026-04-30
M004417,邱俊傑,白金,台中市,1996-11-10,2025-10-14,2026-04-30
M006698,王冠宇,一般,高雄市,1991-03-14,2021-09-30,2026-04-30
M005584,廖家豪,金卡,宜蘭縣,1965-11-21,2021-11-26,2026-04-30
M004450,羅柏翰,白金,高雄市,1986-07-04,2021-07-27,2026-04-30
M002675,洪欣怡,金卡,台北市,1993-09-14,2015-08-16,2026-04-30
M007204,謝詩涵,白金,桃園市,1974-12-13,2022-10-06,2026-04-30
M000185,江建宏,金卡,台中市,1961-09-12,2024-09-06,2026-04-30
M001484,周承翰,銀卡,新竹市,1995-12-27,2023-12-21,2026-04-30
M004740,何淑芬,一般,新北市,1996-02-14,2016-11-25,2026-04-30
M002768,許宗翰,金卡,台中市,1999-05-13,2015-01-16,2026-04-30
M006453,李美玲,一般,宜蘭縣,1961-06-16,2017-10-27,2026-04-30
M007341,蘇佩珊,金卡,宜蘭縣,1999-07-19,2020-04-01,2026-04-30
M001798,洪淑芬,白金,N/A,1970-06-12,2021-11-28,2026-06-30
M004028,廖淑芬,一般,彰化縣,1993-04-16,2020-01-13,2026-04-30
M000066,蕭怡君,白金,高雄市,1991-02-11,2016-06-10,2026-04-30
M005510,吳志明,一般,高雄市,1999-03-10,2018-05-23,2026-04-30
M004746,蘇雅婷,白金,台中市,1968-05-25,2016-04-22,2026-04-30
M001475,許俊傑,金卡,基隆市,1967-06-08,2015-04-06,2026-04-30
M006021,葉宗翰,白金,宜蘭縣,1975-02-24,2017-01-14,2026-04-30
M000336,羅志明,銀卡,高雄市,1961-10-08,2025-01-09,2026-04-30
M007054,林郁婷,銀卡,台中市,1972-10-31,2017-02-17,2026-04-30
M003675,蔡家豪,銀卡,台南市,1963-01-17,2018-01-28,2026-04-30
M000077,蘇俊宏,一般,高雄市,1983-07-28,2019-10-05,2026-04-30
M006834,蔡志明,銀卡,台北市,1975-02-21,2020-06-01,2026-04-30
M007498,潘淑芬,白金,彰化縣,1970-10-11,2021-04-07,2026-04-30
M007605,賴俊宏,銀卡,台南市,1976-01-30,2023-05-04,2026-04-30
M001726,劉志明,金卡,台北市,1988-12-22,2022-04-14,2026-04-30
M002089,江俊傑,一般,桃園市,1974-08-20,2023-03-25,2026-04-30
M002934,蕭雅雯,金卡,新竹市,1964-04-24,2020-09-18,2026-04-30
M002137,郭欣怡,白金,台中市,1984-11-03,2021-06-22,2026-04-30
M006141,謝心怡,白金,彰化縣,2001-10-09,2019-01-14,2026-04-30
M001866,潘建宏,金卡,宜蘭縣,1972-04-10,2019-09-17,2026-04-30
M001396,高詩涵,白金,高雄市,1978-03-24,2020-11-05,2026-04-30
M006042,潘冠宇,金卡,新竹市,1962-09-04,2021-11-28,2026-04-30
M001353,陳詩涵,一般,基隆市,1989-10-25,2021-03-04,2026-04-30
M004394,何宗翰,金卡,台北市,1972-08-20,2024-12-07,2026-04-30
M000116,蔡詩涵,一般,彰化縣,1989-11-18,2022-07-10,2026-04-30
M006684,潘雅雯,白金,台南市,1964-09-08,2019-09-10,2026-04-30
M004531,莊宗翰,一般,台中市,1998-07-28,2021-12-19,2026-04-30
M005422,葉柏翰,金卡,台中市,1984-10-27,2015-11-10,2026-04-30
M007203,許心怡,一般,新竹市,2000-12-25,2016-05-16,2026-04-30
M004111,李心怡,金卡,新竹市,1974-09-17,2015-12-08,2026-04-30
M007844,葉家豪,銀卡,新竹市,1967-04-05,2025-04-26,2026-04-30
M005351,高佩珊,白金,彰化縣,1992-08-26,2020-06-19,2026-04-30
M005756,蕭承翰,金卡,桃園市,1975-06-11,2017-08-30,2026-04-30
M004027,李彥廷,一般,高雄市,1965-10-13,2017-08-10,2026-04-30
M001775,蘇詩涵,銀卡,彰化縣,1993-11-27,2020-01-06,2026-04-30
M007445,張淑芬,一般,桃園市,1970-08-19,2021-01-14,2026-04-30
M005838,葉美玲,白金,高雄市,1979-07-28,2022-11-09,2026-04-30
M004344,李心怡,銀卡,桃園市,1991-06-20,2019-03-09,2026-04-30
M004693,莊心怡,銀卡,台北市,1989-12-18,2024-06-06,2026-04-30
M003744,許美玲,白金,桃園市,1981-08-21,2015-04-04,2026-04-30
M000585,廖冠宇,一般,台南市,1986-03-16,2020-07-13,2026-04-30
M005478,鄭詩涵,白金,基隆市,1964-11-15,2015-11-19,2026-04-30
M002198,蔡美玲,金卡,台北市,1979-02-24,2022-06-28,2026-05-31
M003225,周彥廷,銀卡,新北市,1996-02-20,2021-05-05,2026-04-30
M000630,陳彥廷,白金,台中市,1972-01-04,2021-09-06,2026-04-30
M000204,林宗翰,銀卡,新竹市,1962-01-12,2024-02-25,2026-04-30
M006119,鄭欣怡,金卡,高雄市,1983-08-14,2015-05-19,2026-04-30
M004469,張彥廷,白金,台南市,1966-10-13,2016-02-04,2026-04-30
M004692,邱美玲,銀卡,台南市,1995-10-14,2021-12-31,2026-04-30
M001706,王家豪,金卡,桃園市,1979-09-18,2024-08-17,2026-04-30
M000337,廖淑芬,白金,基隆市,1983-12-03,2019-11-29,2026-04-30
M005180,廖承翰,一般,基隆市,1983-07-12,2017-07-03,2026-04-30
M001234,徐冠宇,金卡,台中市,2000-11-03,2019-07-30,2026-05-31
M005566,葉郁婷,銀卡,高雄市,2002-08-23,2023-06-29,2026-04-30
M006644,林建宏,金卡,台北市,1967-03-04,2015-04-25,2026-04-30
M000124,周心怡,銀卡,高雄市,1979-07-25,2022-01-31,2026-04-30
M007349,林家豪,金卡,台南市,1980-08-30,2017-08-13,2026-04-30
M004957,江雅婷,銀卡,新北市,1991-10-06,2022-04-02,2026-04-30
M006565,潘欣怡,銀卡,新北市,2001-02-14,2021-04-07,2026-04-30
M001790,賴俊宏,金卡,台南市,1982-06-19,2024-06-18,2026-04-30
M002734,曾宗翰,白金,宜蘭縣,1988-11-24,2017-08-18,2026-04-30
M001460,羅柏翰,金卡,彰化縣,1976-09-25,2023-12-21,2026-04-30
M005655,廖欣怡,金卡,宜蘭縣,1998-05-03,2019-06-08,2026-04-30
M002950,黃詩涵,銀卡,宜蘭縣,1982-09-26,2025-10-23,2026-04-30
M005245,何俊宏,一般,新北市,1964-05-03,2020-06-24,2026-04-30
M001649,謝俊宏,銀卡,高雄市,1995-03-16,2025-03-06,2026-04-30
M000203,何家豪,金卡,台北市,1985-11-18,2018-10-08,2026-06-30
M005643,王家豪,一般,彰化縣,1961-10-01,2021-12-15,2026-04-30
M003918,謝家豪,銀卡,彰化縣,1994-06-08,2015-03-12,2026-04-30
M007233,徐欣怡,一般,桃園市,1988-08-20,2015-05-05,2026-04-30
M005567,蔡承翰,一般,彰化縣,1982-07-28,2024-05-23,2026-04-30
M006092,洪詩涵,銀卡,台南市,1984-09-11,2021-04-10,2026-06-30
M002372,莊心怡,金卡,台南市,1983-11-07,2022-02-10,2026-04-30
M002346,何心怡,一般,新北市,1971-02-27,2025-07-13,2026-04-30
M007442,江俊宏,金卡,新北市,1961-03-27,2015-07-10,2026-04-30
M003376,賴彥廷,金卡,基隆市,1983-10-06,2020-11-01,2026-04-30
M000648,江怡君,一般,宜蘭縣,1999-02-28,2024-05-24,2026-04-30
M004651,陳承翰,金卡,N/A,1966-12-27,2022-05-13,2026-04-30
M005431,王怡君,銀卡,台北市,1990-07-08,2015-09-20,2026-04-30
M006246,洪彥廷,銀卡,台北市,2003-02-03,2020-02-09,2026-05-31
M002153,潘淑芬,銀卡,新竹市,1991-09-19,2018-11-25,2026-04-30
M006548,陳俊宏,銀卡,桃園市,1986-01-18,2024-05-14,2026-04-30
M001117,許宗翰,白金,宜蘭縣,2003-09-13,2021-06-03,2026-04-30
M001854,劉美玲,白金,桃園市,1987-09-20,2022-03-08,2026-04-30
M006084,許志明,一般,台北市,1963-10-17,2022-08-28,2026-04-30
M000248,曾柏翰,一般,高雄市,1971-04-11,2023-02-04,2026-04-30
M004389,曾詩涵,金卡,台北市,1978-03-23,2025-08-02,2026-04-30
M001991,潘淑芬,一般,台南市,1970-12-05,2015-11-18,2026-04-30
M004593,葉郁婷,一般,台南市,1960-11-16,2024-06-20,2026-04-30
M003901,周怡君,銀卡,新北市,1980-08-06,2023-05-17,2026-04-30
M000669,張郁婷,金卡,彰化縣,1962-04-23,2017-12-27,2026-04-30
M001671,郭怡君,白金,新竹市,1968-05-01,2025-11-27,2026-04-30
M006247,蔡美玲,一般,宜蘭縣,1980-12-16,2015-05-17,2026-04-30
M005778,吳志明,一般,桃園市,1965-04-17,2018-11-19,2026-04-30
M005776,高心怡,金卡,新北市,1988-11-27,2020-09-02,2026-04-30
M001370,徐心怡,金卡,高雄市,1961-01-01,2024-02-09,2026-04-30
M006884,周冠宇,金卡,新竹市,1967-07-07,2019-11-09,2026-04-30
M003758,張美玲,一般,新竹市,1975-02-06,2022-02-27,2026-04-30
M006763,何欣怡,銀卡,台中市,1984-01-30,2024-09-20,2026-04-30
M007087,廖家豪,白金,新竹市,1985-06-26,2025-07-05,2026-04-30
M006946,洪雅雯,銀卡,彰化縣,1983-05-29,2020-05-27,2026-04-30
M005234,蕭郁婷,金卡,新竹市,1978-10-31,2015-10-18,2026-04-30
M000662,郭家豪,金卡,桃園市,2002-06-14,2022-06-09,2026-04-30
M001524,蕭怡君,金卡,宜蘭縣,1961-10-24,2022-02-24,2026-04-30
M007809,江俊宏,白金,基隆市,1985-04-09,2025-12-08,2026-04-30
M004953,蘇美玲,白金,宜蘭縣,1963-12-21,2022-07-01,2026-05-31
M003041,許欣怡,銀卡,台中市,1974-10-08,2024-08-24,2026-06-30
M004146,蔡俊傑,金卡,台中市,1988-11-13,2015-03-09,2026-04-30
M004138,呂建宏,白金,台北市,1990-06-25,2023-02-07,2026-04-30
M005440,潘冠宇,銀卡,台北市,1989-05-01,2023-08-26,2026-04-30
M007925,呂佩珊,金卡,新竹市,1993-09-20,2019-10-18,2026-04-30
M001810,王彥廷,白金,桃園市,1974-12-02,2024-03-24,2026-04-30
M001971,黃俊傑,一般,桃園市,1999-07-14,2021-05-30,2026-04-30
M001689,陳郁婷,一般,新北市,1973-05-12,2015-12-31,2026-04-30
M005153,李宗翰,白金,桃園市,1977-02-17,2015-11-03,2026-06-30
M002464,江彥廷,白金,台北市,1999-10-29,2016-04-19,2026-04-30
M000252,何建宏,一般,宜蘭縣,2000-11-05,2021-05-07,2026-04-30
M006796,蔡欣怡,銀卡,宜蘭縣,1979-02-22,2015-05-20,2026-04-30
M005855,吳怡君,白金,新北市,1975-06-16,2018-06-08,2026-04-30
M004292,周心怡,銀卡,台南市,1971-11-10,2025-04-24,2026-04-30
M004306,鄭雅雯,金卡,台中市,1973-02-17,2022-04-27,2026-04-30
M007343,呂柏翰,銀卡,台北市,1994-12-03,2016-07-08,2026-06-30
M007677,陳承翰,白金,台北市,1995-06-12,2022-01-22,2026-04-30
M004332,曾家豪,銀卡,N/A,1989-12-30,2021-12-14,2026-04-30
M002213,黃承翰,銀卡,宜蘭縣,1962-04-21,2015-04-08,2026-04-30
M007878,高佩珊,金卡,台北市,1963-06-07,2017-04-25,2026-04-30
M004247,周心怡,一般,台中市,1994-01-29,2017-12-16,2026-04-30
M006271,李志明,金卡,高雄市,1978-03-23,2018-02-06,2026-04-30
M001701,徐柏翰,金卡,台北市,1977-03-04,2025-11-30,2026-04-30
M007842,蘇心怡,一般,桃園市,1961-02-27,2017-12-24,2026-04-30
M004698,廖志明,銀卡,宜蘭縣,1995-08-01,2023-12-20,2026-04-30
M007839,陳宗翰,白金,台南市,1977-11-28,2016-07-10,2026-04-30
M004788,何俊傑,白金,宜蘭縣,1998-01-29,2020-12-01,2026-04-30
M007858,江建宏,金卡,彰化縣,1985-07-15,2017-09-06,2026-04-30
M007428,謝怡君,金卡,新竹市,1964-01-04,2021-10-05,2026-04-30
M003346,蕭淑芬,白金,新北市,1998-03-17,2025-06-09,2026-06-30
M007812,邱雅婷,白金,台北市,1980-01-02,2022-11-19,2026-04-30
M001070,林建宏,白金,高雄市,1986-04-12,2017-07-25,2026-04-30
M005609,廖淑芬,白金,N/A,1966-07-09,2016-09-28,2026-04-30
M001610,謝冠宇,一般,桃園市,1972-10-22,2020-09-07,2026-04-30
M001441,何建宏,金卡,新竹市,1974-01-18,2017-05-06,2026-04-30
M007110,張怡君,銀卡,新北市,1994-05-27,2024-12-25,2026-04-30
M006427,何美玲,銀卡,宜蘭縣,2001-07-26,2017-03-03,2026-06-30
M007302,許郁婷,一般,基隆市,1973-12-07,2023-08-12,2026-04-30
M001627,周佩珊,銀卡,桃園市,2001-05-18,2024-02-29,2026-04-30
M002758,羅家豪,銀卡,台南市,1980-05-05,2025-03-18,2026-04-30
M000561,張怡君,金卡,宜蘭縣,1990-02-21,2015-10-28,2026-06-30
M007079,羅雅雯,白金,新北市,1983-08-31,2019-08-08,2026-04-30
M007076,黃俊傑,白金,台南市,1962-03-17,2020-01-11,2026-04-30
M002447,呂詩涵,一般,台南市,1967-10-03,2023-06-30,2026-04-30
M003789,蔡欣怡,金卡,基隆市,1973-10-12,2016-12-24,2026-04-30
M000354,洪建宏,白金,台中市,1980-04-15,2024-11-09,2026-04-30
M004657,曾淑芬,銀卡,台北市,1979-02-01,2025-08-21,2026-04-30
M001890,曾志明,白金,高雄市,1983-12-29,2021-01-29,2026-04-30
M006172,賴俊傑,白金,台南市,1977-10-01,2020-04-06,2026-04-30
M002599,賴佩珊,一般,新北市,1999-12-03,2024-07-28,2026-04-30
M000283,何彥廷,金卡,彰化縣,1972-11-14,2021-07-06,2026-06-30
M000244,謝俊宏,金卡,彰化縣,1983-03-17,2025-04-12,2026-05-31
M000183,謝柏翰,銀卡,桃園市,1987-01-08,2024-04-23,2026-04-30
M006155,蔡家豪,白金,台中市,1961-12-15,2016-07-02,2026-06-30
M003840,張宗翰,銀卡,高雄市,2003-06-06,2024-09-07,2026-04-30
M005689,劉俊傑,一般,基隆市,1982-06-30,2015-05-25,2026-04-30
M005485,周郁婷,白金,新竹市,1994-08-25,2018-10-30,2026-04-30
M001156,許俊傑,銀卡,桃園市,1982-12-02,2016-08-16,2026-04-30
M003038,蘇冠宇,銀卡,基隆市,1974-06-30,2021-04-05,2026-04-30
M000891,鄭心怡,一般,台北市,1993-07-08,2017-06-06,2026-04-30
M005271,周欣怡,一般,宜蘭縣,2000-06-06,2017-01-31,2026-04-30
M007258,江郁婷,銀卡,基隆市,1984-08-01,2018-07-20,2026-04-30
M006753,郭家豪,白金,基隆市,1981-06-17,2017-12-26,2026-04-30
M004937,曾欣怡,銀卡,彰化縣,1995-09-01,2017-06-08,2026-06-30
M004443,何欣怡,白金,宜蘭縣,2002-07-26,2017-06-06,2026-04-30
M001479,洪俊宏,一般,台南市,1986-04-22,2017-04-17,2026-04-30
M001816,葉雅婷,白金,彰化縣,1962-03-22,2020-06-09,2026-04-30
M002261,洪俊傑,白金,台中市,1979-05-07,2015-04-12,2026-06-30
M007956,鄭詩涵,金卡,台中市,2001-12-28,2025-01-29,2026-04-30
M004687,蕭淑芬,金卡,台北市,1970-03-08,2020-06-30,2026-04-30
M002252,羅佩珊,銀卡,宜蘭縣,1990-10-19,2025-06-17,2026-04-30
M005451,黃冠宇,白金,彰化縣,1996-08-15,2018-08-03,2026-04-30
M005123,葉淑芬,一般,基隆市,1992-03-17,2021-05-12,2026-04-30
M003270,莊雅婷,一般,新竹市,1969-08-11,2022-10-18,2026-04-30
M003052,賴欣怡,一般,基隆市,1965-01-05,2024-08-14,2026-04-30
M002957,李雅雯,白金,新竹市,1976-07-04,2017-05-11,2026-05-31
M004035,鄭心怡,白金,新竹市,1976-05-24,2023-04-19,2026-04-30
M004978,劉宗翰,一般,新竹市,1972-09-16,2025-02-20,2026-04-30
M007638,許志明,金卡,台南市,1963-09-30,2023-10-01,2026-04-30
M007980,謝詩涵,金卡,台中市,1968-04-20,2017-02-11,2026-04-30
M004601,洪雅婷,銀卡,彰化縣,1999-08-03,2023-01-07,2026-04-30
M007143,曾雅雯,一般,台中市,1976-10-22,2020-12-18,2026-04-30
M006962,蔡淑芬,白金,台南市,1994-03-29,2024-09-25,2026-06-30
M003048,陳郁婷,白金,新北市,1978-09-07,2024-01-23,2026-04-30
M003930,江志明,銀卡,台北市,1999-09-12,2017-07-03,2026-05-31
M004264,徐彥廷,金卡,台南市,1967-05-06,2025-02-03,2026-04-30
M002004,潘雅雯,金卡,新竹市,1960-03-26,2024-02-06,2026-04-30
M000707,徐郁婷,一般,桃園市,2003-09-26,2015-09-14,2026-04-30
M004193,謝建宏,金卡,台中市,1990-04-27,2023-04-07,2026-04-30
M002383,鄭柏翰,白金,台中市,1960-03-21,2018-06-14,2026-04-30
M003595,郭淑芬,白金,新竹市,1989-07-16,2025-03-23,2026-04-30
M004074,鄭淑芬,金卡,台中市,1979-11-19,2025-04-21,2026-04-30
M005122,洪家豪,白金,台中市,1990-08-31,2025-02-24,2026-04-30
M003559,曾怡君,白金,新竹市,1996-02-15,2022-07-29,2026-06-30
M001113,周宗翰,一般,彰化縣,1991-07-27,2023-08-07,2026-04-30
M000639,潘彥廷,金卡,台北市,1995-04-22,2025-06-17,2026-04-30
M000395,呂心怡,金卡,宜蘭縣,1998-04-01,2016-02-03,2026-04-30
M006986,黃志明,白金,高雄市,1962-09-27,2025-05-31,2026-04-30
M001819,李美玲,一般,新竹市,1998-09-13,2020-11-05,2026-04-30
M006745,高雅雯,銀卡,高雄市,1969-08-11,2025-09-20,2026-04-30
M007669,曾欣怡,一般,彰化縣,1964-12-31,2022-11-18,2026-04-30
M005441,潘彥廷,一般,台南市,1970-03-04,2018-02-19,2026-04-30
M006732,蕭淑芬,白金,彰化縣,1989-09-22,2024-01-21,2026-04-30
M000733,蕭俊宏,金卡,基隆市,1972-04-23,2022-01-11,2026-06-30
M006656,何柏翰,金卡,台北市,2001-11-12,2018-07-04,2026-05-31
M000211,洪欣怡,金卡,基隆市,1969-04-01,2015-05-04,2026-04-30
M007862,郭柏翰,金卡,基隆市,1969-04-02,2025-04-26,2026-04-30
M000353,邱郁婷,銀卡,新竹市,1984-09-30,2016-06-04,2026-04-30
M000471,李柏翰,一般,台北市,1968-12-23,2020-10-22,2026-04-30
M000047,蘇美玲,銀卡,彰化縣,1988-09-07,2020-01-04,2026-04-30
M001899,高宗翰,一般,高雄市,1985-12-01,2022-09-23,2026-04-30
M003418,呂詩涵,銀卡,高雄市,1977-08-02,2024-03-25,2026-04-30
M006579,林欣怡,金卡,基隆市,1982-05-27,2024-09-28,2026-04-30
M007783,林宗翰,金卡,高雄市,1984-01-17,2018-03-01,2026-04-30
M004462,葉郁婷,銀卡,台中市,1997-07-26,2021-08-31,2026-04-30
M007702,陳家豪,白金,桃園市,1971-06-30,2024-06-22,2026-04-30
M006816,洪宗翰,白金,新竹市,1983-09-29,2025-06-25,2026-05-31
M001587,廖承翰,銀卡,新北市,1980-01-06,2025-11-22,2026-04-30
M001767,曾雅雯,白金,新竹市,1998-02-03,2019-08-26,2026-04-30
M007606,郭淑芬,金卡,宜蘭縣,2003-05-27,2025-03-18,2026-06-30
M000705,吳郁婷,一般,彰化縣,1992-08-30,2025-03-18,2026-04-30
M002234,李詩涵,銀卡,台北市,1991-01-10,2024-10-30,2026-04-30
M004842,李柏翰,白金,台中市,1999-11-28,2025-04-17,2026-04-30
M003277,洪怡君,銀卡,桃園市,1989-05-12,2025-12-05,2026-04-30
M002404,蕭俊宏,白金,台中市,1993-04-11,2021-07-13,2026-04-30
M006297,潘承翰,金卡,基隆市,1980-12-02,2019-04-20,2026-06-30
M005494,葉淑芬,一般,高雄市,1970-10-26,2021-01-14,2026-04-30
M005412,謝家豪,一般,宜蘭縣,1966-07-28,2024-09-11,2026-04-30
M001925,江怡君,銀卡,彰化縣,1976-04-07,2020-08-10,2026-04-30
M006661,陳怡君,銀卡,新北市,1978-02-18,2015-05-13,2026-04-30
M005921,王家豪,一般,彰化縣,2000-12-12,2017-11-23,2026-04-30
M006683,許欣怡,白金,高雄市,1982-10-18,2025-08-31,2026-04-30
M007999,吳美玲,銀卡,桃園市,1965-06-30,2022-05-11,2026-04-30
M005963,鄭怡君,白金,台中市,1980-10-04,2023-07-17,2026-04-30
M005490,莊雅婷,白金,台南市,1983-11-28,2022-04-08,2026-04-30
M003320,李柏翰,金卡,彰化縣,1964-08-09,2016-07-09,2026-04-30
M006827,楊俊宏,金卡,桃園市,1980-05-28,2019-07-07,2026-05-31
M000515,潘欣怡,銀卡,新北市,1983-09-27,2019-03-20,2026-04-30
M002866,林郁婷,白金,高雄市,1999-12-15,2025-08-26,2026-04-30
M003552,曾佩珊,白金,台中市,1984-08-23,2015-07-28,2026-06-30
M005334,張冠宇,一般,基隆市,1997-11-09,2024-02-03,2026-04-30
M001598,蘇柏翰,銀卡,台北市,1961-01-18,2016-08-16,2026-04-30
M004377,李心怡,一般,台中市,1986-03-27,2017-01-11,2026-04-30
M004684,鄭俊傑,銀卡,台北市,1982-10-21,2015-10-14,2026-04-30
M005244,蔡承翰,銀卡,台中市,1964-01-27,2019-07-17,2026-04-30
M002669,陳俊宏,銀卡,桃園市,1977-03-04,2015-03-21,2026-04-30
M002418,江志明,白金,新北市,1976-08-07,2020-09-25,2026-04-30
M000985,蔡雅雯,銀卡,新竹市,1988-12-08,2022-04-19,2026-04-30
M003873,謝冠宇,一般,高雄市,1978-12-06,2020-05-02,2026-04-30
M001226,邱雅婷,一般,高雄市,1978-09-24,2025-11-06,2026-05-31
M005056,江冠宇,銀卡,宜蘭縣,2000-10-15,2020-01-22,2026-04-30
M005639,黃雅婷,一般,桃園市,1974-08-15,2019-05-14,2026-04-30
M005057,潘冠宇,銀卡,新北市,1981-06-04,2023-03-12,2026-04-30
M007547,林宗翰,一般,台中市,1994-09-27,2022-11-22,2026-04-30
M000151,蕭建宏,白金,台南市,2003-03-14,2024-11-15,2026-04-30
M005592,江郁婷,白金,宜蘭縣,1990-05-29,2020-03-03,2026-04-30
M006369,高心怡,白金,基隆市,1984-01-14,2015-07-10,2026-04-30
M007470,蘇志明,白金,新竹市,1971-12-27,2024-12-17,2026-05-31
M007293,楊宗翰,一般,新竹市,1963-02-07,2018-05-15,2026-04-30
M004108,黃佩珊,一般,台北市,1986-01-22,2025-07-24,2026-04-30
M006013,許佩珊,一般,台南市,1977-05-27,2020-08-07,2026-04-30
M006970,邱俊傑,白金,高雄市,1962-12-05,2020-07-26,2026-04-30
M002455,江心怡,金卡,基隆市,1966-11-24,2019-07-07,2026-04-30
M005822,葉承翰,金卡,台北市,1994-06-25,2023-08-21,2026-04-30
M006011,邱建宏,金卡,高雄市,1967-02-25,2018-01-24,2026-04-30
M003196,張郁婷,銀卡,高雄市,1977-01-08,2021-03-01,2026-04-30
M002536,劉志明,銀卡,新北市,1984-10-01,2024-11-05,2026-04-30
M004488,潘彥廷,銀卡,新竹市,1985-08-10,2015-10-18,2026-04-30
M005366,呂佩珊,銀卡,基隆市,1992-02-04,2016-08-04,2026-04-30
M004259,劉美玲,白金,台北市,1979-07-24,2017-03-05,2026-04-30
M000804,廖心怡,一般,宜蘭縣,1982-07-22,2024-04-04,2026-04-30
M002076,郭俊傑,白金,台南市,1978-01-19,2015-10-14,2026-04-30
M005840,黃淑芬,金卡,彰化縣,1991-09-08,2019-05-14,2026-06-30
M003827,曾雅婷,白金,台北市,1984-05-22,2019-12-18,2026-04-30
M007915,蕭承翰,金卡,桃園市,1999-12-25,2022-04-02,2026-04-30
M005630,廖雅雯,金卡,桃園市,1995-03-07,2019-09-10,2026-04-30
M001602,王承翰,金卡,宜蘭縣,1975-07-28,2020-05-21,2026-04-30
M006706,楊怡君,白金,高雄市,2003-10-13,2025-02-14,2026-04-30
M001832,洪雅雯,白金,台中市,1960-07-05,2024-06-12,2026-04-30
M007679,葉淑芬,金卡,宜蘭縣,1978-06-15,2025-07-29,2026-04-30
M006023,洪淑芬,金卡,新竹市,1985-03-12,2023-01-07,2026-04-30
M006640,李心怡,金卡,高雄市,1960-12-01,2021-06-13,2026-04-30
M006544,廖佩珊,一般,桃園市,1983-11-16,2023-08-22,2026-04-30
M001030,周承翰,銀卡,新竹市,1990-03-18,2024-08-11,2026-04-30
M000001,莊雅婷,銀卡,宜蘭縣,1963-11-26,2025-08-12,2026-04-30
M005870,高心怡,白金,台中市,1962-05-13,2022-05-20,2026-06-30
M007780,蘇雅婷,金卡,台南市,1979-09-16,2025-04-22,2026-05-31
M002965,蕭佩珊,金卡,宜蘭縣,1999-05-06,2018-11-29,2026-04-30
M005423,謝俊傑,銀卡,台北市,1994-01-16,2019-04-18,2026-04-30
M005939,楊承翰,一般,新竹市,1992-04-06,2019-03-19,2026-04-30
M002389,陳冠宇,金卡,新竹市,1999-01-25,2024-04-08,2026-04-30
M004302,莊建宏,一般,高雄市,1986-08-14,2019-01-15,2026-04-30
M007268,蘇家豪,一般,台中市,1997-05-19,2023-02-15,2026-04-30
M004802,李怡君,金卡,宜蘭縣,1900-01-01,2020-12-08,2026-04-30
M001968,曾柏翰,銀卡,台南市,1988-06-15,2023-12-08,2026-04-30
M005784,莊淑芬,一般,台南市,1969-11-19,2017-11-26,2026-04-30
M001633,江俊傑,白金,新竹市,1967-09-14,2018-12-08,2026-04-30
M005850,許淑芬,金卡,高雄市,1962-09-11,2020-06-18,2026-04-30
M003283,呂心怡,白金,高雄市,1971-12-16,2024-03-09,2026-04-30
M004412,曾佩珊,一般,台北市,1993-04-25,2018-11-22,2026-04-30
M000280,葉郁婷,白金,宜蘭縣,1977-04-27,2024-04-09,2026-06-30
M000779,劉承翰,銀卡,新竹市,1977-04-14,2023-01-14,2026-04-30
M006968,王柏翰,金卡,高雄市,1987-10-14,2023-12-08,2026-04-30
M006388,賴宗翰,銀卡,高雄市,1963-02-18,2015-03-18,2026-04-30
M006715,葉志明,銀卡,新北市,1988-05-07,2017-07-02,2026-04-30
M006621,葉雅雯,一般,彰化縣,1960-08-09,2023-12-16,2026-04-30
M005550,莊郁婷,金卡,彰化縣,1970-11-21,2021-11-23,2026-04-30
M005463,曾淑芬,銀卡,高雄市,1976-03-30,2018-10-24,2026-04-30
M003381,洪欣怡,金卡,基隆市,1966-12-06,2020-11-09,2026-04-30
M004566,張心怡,金卡,台南市,1961-08-19,2021-04-12,2026-04-30
M004118,陳家豪,白金,宜蘭縣,1979-06-18,2017-10-01,2026-05-31
M000235,許建宏,白金,彰化縣,2000-11-11,2016-12-08,2026-04-30
M004668,陳心怡,銀卡,宜蘭縣,1971-11-17,2015-09-22,2026-04-30
M001730,賴柏翰,銀卡,台中市,1962-07-19,2025-03-13,2026-04-30
M000443,張彥廷,金卡,台中市,1970-04-06,2025-04-28,2026-04-30
M005576,吳詩涵,金卡,高雄市,1981-11-16,2022-11-17,2026-04-30
M002819,蘇宗翰,一般,宜蘭縣,1961-10-03,2021-04-14,2026-04-30
M006053,羅建宏,白金,彰化縣,1989-06-14,2016-03-31,2026-04-30
M004559,王郁婷,銀卡,台中市,1992-12-09,2023-11-07,2026-04-30
M004033,陳淑芬,一般,新竹市,1994-08-09,2017-09-19,2026-04-30
M007520,羅冠宇,金卡,新竹市,1991-05-02,2024-11-29,2026-04-30
M001507,廖柏翰,金卡,桃園市,1984-05-24,2019-07-24,2026-04-30
M003514,李心怡,白金,宜蘭縣,1965-11-12,2025-06-27,2026-04-30
M002512,蘇淑芬,銀卡,基隆市,1966-12-29,2017-12-13,2026-04-30
M003973,曾志明,一般,桃園市,1971-10-07,2023-02-05,2026-04-30
M001312,洪心怡,銀卡,新北市,1980-11-21,2024-05-15,2026-04-30
M006714,何美玲,白金,基隆市,1985-05-22,2015-10-26,2026-04-30
M003659,羅宗翰,一般,新竹市,1961-07-26,2016-03-08,2026-04-30
M005232,葉雅雯,銀卡,基隆市,1962-06-18,2023-04-03,2026-04-30
M005926,何雅婷,銀卡,高雄市,1980-10-13,2021-01-24,2026-04-30
M005228,蔡美玲,一般,台中市,1963-10-02,2018-04-20,2026-04-30
M000676,李詩涵,金卡,台北市,1996-02-29,2023-03-31,2026-04-30
M003981,黃怡君,一般,高雄市,1982-10-10,2023-03-04,2026-04-30
M005264,洪家豪,銀卡,宜蘭縣,1960-06-24,2020-08-02,2026-04-30
M000995,何欣怡,白金,台北市,1999-12-14,2019-04-03,2026-04-30
M006923,蕭志明,銀卡,基隆市,2001-05-17,2023-07-18,2026-04-30
M003055,黃志明,一般,台北市,1999-09-07,2017-12-30,2026-04-30
M006977,羅建宏,金卡,新竹市,1960-08-09,2020-09-21,2026-05-31
M004554,黃志明,金卡,高雄市,1999-05-12,2024-09-23,2026-04-30
M005951,李詩涵,白金,彰化縣,1962-08-28,2025-02-08,2026-04-30
M003997,江雅婷,銀卡,彰化縣,1993-02-12,2022-08-12,2026-04-30
M004207,徐淑芬,白金,台中市,2001-09-11,2020-03-02,2026-04-30
M001620,王郁婷,金卡,高雄市,1965-09-03,2017-10-06,2026-04-30
M001235,徐宗翰,白金,彰化縣,1969-07-02,2024-05-25,2026-06-30
M007887,蔡柏翰,白金,彰化縣,1989-04-19,2018-07-11,2026-04-30
M002673,潘怡君,金卡,台北市,1980-05-15,2023-07-02,2026-04-30
M003372,蔡承翰,銀卡,台北市,1964-07-03,2018-12-25,2026-04-30
M006590,廖詩涵,金卡,台中市,1988-11-18,2021-09-28,2026-04-30
M006502,羅雅婷,金卡,彰化縣,2001-01-29,2015-10-16,2026-04-30
M006519,蕭心怡,金卡,宜蘭縣,1999-07-29,2023-07-16,2026-05-31
M002472,吳建宏,白金,新北市,1964-04-25,2017-01-16,2026-04-30
M001740,張美玲,金卡,基隆市,1979-11-08,2024-07-17,2026-04-30
M000316,鄭志明,銀卡,新北市,1985-02-02,2025-05-09,2026-04-30
M005170,許雅婷,一般,宜蘭縣,1983-12-26,2022-04-18,2026-04-30
M004761,劉淑芬,白金,彰化縣,1964-12-23,2024-03-30,2026-04-30
M000717,潘佩珊,金卡,桃園市,1972-11-02,2018-03-12,2026-04-30
M005072,林冠宇,金卡,高雄市,1981-04-04,2025-04-15,2026-04-30
M005363,林俊宏,銀卡,台中市,1977-07-19,2021-08-25,2026-04-30
M000702,吳淑芬,銀卡,台南市,1979-10-30,2025-10-31,2026-04-30
M002862,江郁婷,金卡,宜蘭縣,1992-04-13,2020-05-14,2026-04-30
M000337,廖淑芬,白金,彰化縣,1983-12-03,2019-11-29,2026-05-31
M003115,高家豪,銀卡,桃園市,1965-04-10,2021-09-20,2026-04-30
M004643,周俊宏,白金,桃園市,1984-12-26,2017-09-08,2026-04-30
M000498,謝柏翰,金卡,桃園市,1982-12-10,2019-08-04,2026-05-31
M005828,王怡君,白金,桃園市,1984-08-23,2015-12-01,2026-04-30
M006314,黃建宏,一般,台中市,1998-09-09,2025-01-10,2026-04-30
M003792,劉郁婷,一般,桃園市,1968-06-03,2021-05-10,2026-04-30
M002113,林志明,白金,彰化縣,1995-01-06,2021-01-15,2026-04-30
M005454,呂宗翰,一般,基隆市,1997-05-01,2021-01-10,2026-04-30
M006250,莊雅雯,金卡,台中市,1974-10-15,2023-02-03,2026-05-31
M000797,何俊宏,金卡,新竹市,1996-03-16,2019-02-28,2026-04-30
M001674,劉冠宇,白金,宜蘭縣,1999-06-05,2023-12-23,2026-06-30
M002483,葉志明,金卡,基隆市,1964-09-16,2024-08-10,2026-04-30
M001453,莊彥廷,一般,基隆市,1990-02-15,2016-02-18,2026-04-30
M003086,曾雅婷,一般,新北市,1998-11-25,2016-10-06,2026-04-30
M005214,陳建宏,白金,桃園市,1999-03-15,2024-11-20,2026-05-31
M001002,黃建宏,一般,基隆市,1990-12-30,2016-08-22,2026-04-30
M000123,莊詩涵,白金,基隆市,1979-08-29,2025-10-20,2026-04-30
M007636,劉建宏,金卡,基隆市,1993-06-23,2016-11-14,2026-04-30
M003640,吳柏翰,銀卡,台南市,1994-10-10,2024-02-02,2026-04-30
M002180,鄭心怡,銀卡,新竹市,1977-05-24,2022-02-01,2026-04-30
M003182,李彥廷,銀卡,新北市,1974-07-29,2015-09-15,2026-04-30
M006809,林詩涵,白金,彰化縣,1970-06-18,2023-07-15,2026-04-30
M002391,莊美玲,白金,新北市,1985-05-11,2022-03-31,2026-04-30
M006932,蕭雅婷,白金,台南市,2003-08-01,2023-05-02,2026-04-30
M004054,何冠宇,白金,基隆市,2000-06-12,2025-08-28,2026-04-30
M004795,郭郁婷,一般,桃園市,1983-10-02,2022-10-16,2026-04-30
M006392,許宗翰,白金,基隆市,2001-10-14,2022-02-22,2026-04-30
M000154,呂家豪,白金,高雄市,2002-05-15,2016-09-29,2026-05-31
M000889,賴柏翰,金卡,高雄市,1986-02-09,2017-04-17,2026-04-30
M007516,吳佩珊,金卡,新竹市,1981-11-16,2020-03-27,2026-04-30
M001010,徐冠宇,銀卡,台中市,1960-02-18,2025-06-06,2026-04-30
M006081,陳佩珊,銀卡,台中市,1987-08-23,2021-03-25,2026-04-30
M004869,洪美玲,一般,宜蘭縣,1985-04-19,2023-06-13,2026-04-30
M007075,高宗翰,一般,台南市,1979-08-10,2016-04-22,2026-04-30
M007883,蔡雅雯,銀卡,高雄市,1969-04-04,2025-01-02,2026-04-30
M001456,何彥廷,金卡,台北市,1991-02-08,2023-04-05,2026-04-30
M004407,楊彥廷,一般,台北市,1964-10-03,2018-01-13,2026-04-30
M007119,吳佩珊,一般,彰化縣,1983-12-25,2020-09-03,2026-04-30
M001364,陳怡君,金卡,新竹市,1999-07-12,2015-11-03,2026-04-30
M000806,潘雅雯,銀卡,高雄市,1986-07-22,2021-01-09,2026-04-30
M002189,張佩珊,一般,新北市,1965-12-08,2015-03-02,2026-04-30
M002542,周家豪,白金,桃園市,1998-06-13,2022-06-20,2026-05-31
M000272,鄭雅婷,一般,基隆市,2000-06-18,2019-02-28,2026-04-30
M000805,蘇俊傑,白金,新北市,1973-10-28,2021-11-22,2026-04-30
M002711,潘俊宏,白金,基隆市,1961-04-05,2025-08-16,2026-04-30
M006696,蘇柏翰,白金,彰化縣,1989-02-12,2021-06-03,2026-04-30
M003384,賴欣怡,金卡,台中市,1963-06-05,2019-05-10,2026-04-30
M001561,謝冠宇,白金,新北市,1970-11-22,2021-07-16,2026-04-30
M003535,蔡家豪,金卡,新竹市,1976-05-10,2021-04-14,2026-04-30
M002646,呂美玲,金卡,台北市,1992-11-13,2016-05-06,2026-04-30
M007889,邱心怡,金卡,台中市,1996-05-02,2020-05-20,2026-04-30
M005947,劉雅雯,白金,新竹市,1978-12-21,2023-12-11,2026-04-30
M005912,許郁婷,金卡,彰化縣,1969-03-31,2019-04-04,2026-04-30
M006259,徐心怡,金卡,新竹市,1993-02-21,2020-06-09,2026-04-30
M007308,潘家豪,一般,新竹市,1967-01-18,2021-02-11,2026-04-30
M002885,林淑芬,銀卡,基隆市,1969-07-18,2017-01-10,2026-04-30
M003321,邱彥廷,白金,彰化縣,1968-03-26,2019-09-15,2026-04-30
M003082,葉柏翰,金卡,台北市,1960-02-15,2017-07-26,2026-04-30
M007310,李柏翰,銀卡,新竹市,1988-04-29,2016-08-20,2026-06-30
M002616,蕭雅婷,白金,台南市,1989-11-16,2024-07-16,2026-04-30
M004034,鄭怡君,白金,台北市,1969-11-11,2022-08-03,2026-04-30
M002222,鄭俊傑,金卡,桃園市,1962-05-07,2021-01-18,2026-04-30
M001827,洪宗翰,金卡,彰化縣,1997-08-25,2017-09-30,2026-06-30
M002613,周志明,金卡,台南市,1978-10-20,2020-06-25,2026-04-30
M003475,吳欣怡,白金,高雄市,2003-07-21,2015-01-07,2026-05-31
M006948,廖雅婷,白金,台北市,1985-03-27,2020-02-27,2026-06-30
M003711,王承翰,一般,新竹市,1980-02-09,2016-08-15,2026-04-30
M005042,邱家豪,銀卡,新竹市,1976-09-22,2017-10-01,2026-04-30
M000079,劉淑芬,白金,台南市,1964-10-19,2020-12-25,2026-04-30
M000725,黃承翰,銀卡,桃園市,1967-02-08,2018-02-11,2026-04-30
M000724,葉欣怡,銀卡,台中市,1995-02-05,2023-06-07,2026-04-30
M006564,張彥廷,白金,新北市,1978-04-14,2017-12-11,2026-05-31
M001659,潘承翰,白金,台中市,1967-12-01,2025-01-03,2026-04-30
M003915,江雅婷,金卡,新北市,1982-06-11,2017-08-12,2026-04-30
M002981,邱心怡,白金,彰化縣,1986-07-16,2021-05-27,2026-04-30
M005739,劉宗翰,一般,新北市,1973-09-23,2017-01-14,2026-04-30
M006490,郭建宏,一般,基隆市,1988-09-26,2021-04-28,2026-04-30
M003260,謝佩珊,金卡,彰化縣,2002-08-03,2015-07-11,2026-04-30
M004669,潘淑芬,金卡,台南市,1986-06-12,2016-07-16,2026-04-30
M004014,黃郁婷,白金,新竹市,1967-05-06,2015-07-18,2026-04-30
M000212,周承翰,一般,基隆市,1963-11-12,2024-04-05,2026-04-30
M002907,林俊傑,白金,新竹市,1980-08-23,2022-12-01,2026-04-30
M005507,潘志明,白金,新竹市,1981-11-13,2023-06-15,2026-04-30
M000246,楊雅婷,一般,高雄市,1987-11-09,2017-06-24,2026-04-30
M004414,廖怡君,白金,彰化縣,1969-12-31,2022-10-19,2026-04-30
M002009,何美玲,銀卡,桃園市,1987-10-31,2021-02-19,2026-04-30
M003653,蕭家豪,白金,高雄市,1983-03-01,2019-06-26,2026-04-30
M005188,周建宏,一般,宜蘭縣,1985-03-27,2018-09-21,2026-04-30
M001167,蔡詩涵,白金,台南市,1998-09-25,2023-09-23,2026-04-30
M007020,廖家豪,白金,台南市,1963-04-26,2024-03-08,2026-04-30
M000201,徐冠宇,白金,新北市,1967-03-04,2025-08-04,2026-04-30
M007644,廖俊傑,金卡,基隆市,1995-12-19,2018-05-06,2026-04-30
M004027,李彥廷,銀卡,高雄市,1965-10-13,2017-08-10,2026-06-30
M006630,江冠宇,金卡,台南市,1990-04-19,2022-12-03,2026-04-30
M005606,劉志明,白金,新北市,1969-01-02,2021-06-20,2026-05-31
M006826,呂雅婷,銀卡,台南市,1993-09-13,2024-06-11,2026-04-30
M000414,楊冠宇,白金,基隆市,1971-10-29,2025-06-15,2026-04-30
M007404,周郁婷,金卡,宜蘭縣,1964-04-08,2021-04-20,2026-04-30
M000485,李美玲,金卡,基隆市,1965-10-13,2021-05-12,2026-04-30
M005763,許淑芬,一般,桃園市,1987-12-20,2017-05-01,2026-04-30
M001265,曾志明,白金,彰化縣,2001-07-12,2024-10-10,2026-04-30
M005243,江建宏,金卡,新北市,1971-01-04,2015-06-08,2026-04-30
M000160,吳家豪,白金,宜蘭縣,1971-01-20,2021-05-29,2026-05-31
M000784,莊志明,一般,高雄市,2001-08-30,2024-05-01,2026-04-30
M000673,蔡雅婷,一般,新北市,1968-03-11,2016-10-26,2026-04-30
M001913,葉志明,銀卡,新北市,1966-09-11,2017-11-30,2026-05-31
M006028,林欣怡,一般,台中市,1963-08-16,2022-04-24,2026-04-30
M001056,謝美玲,金卡,彰化縣,1975-01-28,2017-03-24,2026-04-30
M004754,潘淑芬,一般,高雄市,1978-07-01,2015-08-18,2026-04-30
M006408,張志明,金卡,彰化縣,1974-02-03,2022-02-12,2026-04-30
M006100,郭俊宏,銀卡,彰化縣,1967-03-01,2017-06-25,2026-04-30
M005982,王彥廷,金卡,桃園市,1960-05-28,2019-02-18,2026-04-30
M003652,陳欣怡,白金,新北市,1960-05-25,2021-04-07,2026-04-30
M005404,楊俊宏,白金,基隆市,1972-05-23,2018-01-05,2026-04-30
M004022,呂詩涵,一般,宜蘭縣,1998-10-31,2025-01-05,2026-04-30
M003961,何家豪,白金,台北市,1986-08-21,2020-07-02,2026-04-30
M001046,謝佩珊,金卡,台中市,1964-02-07,2023-03-31,2026-04-30
M003806,郭詩涵,一般,台南市,1982-03-20,2015-05-21,2026-04-30
M000690,謝家豪,銀卡,彰化縣,1965-08-22,2025-11-23,2026-06-30
M004894,羅雅雯,銀卡,新竹市,1986-06-01,2017-12-16,2026-06-30
M005644,林雅婷,金卡,彰化縣,1970-04-17,2018-03-19,2026-06-30
M002167,賴怡君,銀卡,高雄市,1969-09-21,2021-07-05,2026-04-30
M005614,莊彥廷,金卡,新北市,1966-02-18,2020-11-22,2026-04-30
M004453,張欣怡,一般,宜蘭縣,2003-10-11,2019-10-15,2026-04-30
M002329,潘雅雯,一般,新北市,1970-07-12,2022-09-22,2026-04-30
M003810,江俊傑,銀卡,基隆市,1979-06-05,2025-05-06,2026-04-30
M006327,林佩珊,金卡,宜蘭縣,1986-02-19,2022-10-21,2026-04-30
M003500,呂雅婷,銀卡,新竹市,1960-04-08,2024-02-15,2026-04-30
M003568,賴郁婷,銀卡,彰化縣,1963-08-04,2015-05-03,2026-04-30
M002680,張雅雯,一般,台南市,1969-10-29,2024-11-07,2026-04-30
M001493,楊建宏,白金,台南市,1991-09-16,2017-09-04,2026-04-30
M002088,賴雅婷,金卡,新竹市,1976-12-15,2019-02-13,2026-04-30
M005720,楊詩涵,金卡,台北市,1999-11-16,2025-04-13,2026-04-30
M002705,潘家豪,金卡,新竹市,1978-03-25,2016-04-20,2026-04-30
M003868,呂建宏,白金,桃園市,1995-11-12,2017-06-02,2026-04-30
M005097,何雅雯,白金,台北市,1964-12-04,2018-01-13,2026-05-31
M002917,王郁婷,白金,桃園市,1967-10-26,2021-03-18,2026-04-30
M005409,郭家豪,一般,新北市,1989-09-01,2019-08-29,2026-04-30
M004236,廖建宏,金卡,桃園市,1973-10-02,2019-03-10,2026-04-30
M005010,蘇淑芬,銀卡,新竹市,1968-07-17,2025-01-02,2026-04-30
M003836,蕭郁婷,銀卡,台南市,1983-08-30,2024-06-25,2026-06-30
M004058,邱詩涵,一般,宜蘭縣,1991-10-08,2023-09-11,2026-06-30
M005509,李欣怡,一般,桃園市,2001-03-07,2017-03-07,2026-04-30
M001939,葉宗翰,白金,高雄市,1986-02-12,2018-06-24,2026-04-30
M002798,楊俊傑,銀卡,宜蘭縣,1966-08-31,2024-05-08,2026-04-30
M005222,葉冠宇,銀卡,基隆市,1976-01-15,2020-01-05,2026-06-30
M001085,劉詩涵,金卡,新北市,1977-11-09,2019-09-30,2026-04-30
M003887,周家豪,金卡,新竹市,2002-09-13,2022-09-20,2026-04-30
M001830,潘欣怡,白金,高雄市,1995-11-16,2025-11-13,2026-04-30
M007030,邱家豪,一般,高雄市,1966-02-02,2022-11-15,2026-04-30
M001746,楊志明,銀卡,台中市,1973-12-18,2024-11-22,2026-04-30
M006652,蘇詩涵,白金,新北市,1998-10-29,2022-07-25,2026-04-30
M001428,曾建宏,金卡,基隆市,1966-04-30,2018-05-10,2026-04-30
M004771,鄭承翰,金卡,N/A,1984-05-09,2025-05-20,2026-05-31
M004630,許志明,金卡,宜蘭縣,1976-03-15,2020-08-12,2026-04-30
M000322,謝雅婷,白金,新竹市,1970-04-09,2015-10-27,2026-04-30
M006462,呂詩涵,白金,基隆市,1977-12-16,2025-08-27,2026-04-30
M000489,黃彥廷,銀卡,基隆市,1999-02-04,2022-11-30,2026-04-30
M004147,黃承翰,一般,宜蘭縣,1982-12-08,2024-02-27,2026-04-30
M006976,潘詩涵,白金,台南市,1994-06-05,2021-03-15,2026-06-30
M001833,許雅雯,白金,彰化縣,1998-09-27,2016-10-10,2026-06-30
M001948,廖雅雯,金卡,新北市,1989-04-08,2017-12-20,2026-04-30
M007920,呂承翰,白金,新竹市,1987-02-23,2017-06-03,2026-04-30
M002423,王淑芬,白金,宜蘭縣,1989-11-24,2025-09-04,2026-04-30
M007962,蕭詩涵,銀卡,桃園市,1961-10-21,2021-11-30,2026-04-30
M002011,何怡君,金卡,宜蘭縣,1979-08-10,2024-03-12,2026-04-30
M000695,潘家豪,白金,桃園市,2002-06-29,2022-01-30,2026-04-30
M000659,蕭建宏,金卡,新北市,1969-03-24,2021-07-10,2026-04-30
M001699,高宗翰,一般,台中市,1962-10-18,2024-08-01,2026-04-30
M007397,蘇柏翰,一般,台北市,1971-07-26,2019-06-14,2026-04-30
M003914,謝宗翰,白金,桃園市,1991-10-30,2024-09-24,2026-04-30
M006079,江欣怡,金卡,基隆市,1978-02-20,2023-04-12,2026-04-30
M000386,陳俊宏,一般,新北市,1994-02-11,2015-08-03,2026-05-31
M001016,周建宏,銀卡,桃園市,1973-04-27,2024-09-14,2026-04-30
M000493,許俊宏,白金,台北市,1980-05-28,2020-11-14,2026-04-30
M005286,楊志明,銀卡,彰化縣,2002-08-10,2019-07-19,2026-04-30
M004459,潘家豪,金卡,台北市,1960-07-27,2020-11-16,2026-05-31
M002201,劉彥廷,銀卡,台中市,1983-08-19,2022-10-10,2026-04-30
M003449,廖柏翰,白金,彰化縣,1988-08-04,2018-09-08,2026-04-30
M001901,葉彥廷,一般,基隆市,1995-01-24,2018-01-30,2026-04-30
M001316,楊彥廷,金卡,台南市,1968-10-15,2019-12-27,2026-04-30
M000975,蕭俊傑,一般,宜蘭縣,1970-07-03,2025-10-19,2026-04-30
M000407,劉建宏,白金,台中市,2001-10-15,2020-03-08,2026-05-31
M004752,陳心怡,一般,桃園市,1991-01-05,2015-07-05,2026-04-30
M005497,林柏翰,銀卡,彰化縣,2001-09-29,2017-12-22,2026-04-30
M002779,周佩珊,銀卡,台中市,1999-10-27,2022-02-15,2026-04-30
M006488,賴欣怡,一般,高雄市,1983-08-24,2021-04-13,2026-04-30
M002727,賴家豪,金卡,台北市,1976-11-27,2025-02-04,2026-04-30
M003694,黃柏翰,銀卡,台南市,1992-08-29,2015-05-28,2026-04-30
M000233,王彥廷,銀卡,台中市,1979-11-23,2021-03-15,2026-04-30
M007079,羅雅雯,白金,新北市,1983-08-31,2019-08-08,2026-06-30
M003562,江佩珊,白金,台南市,1999-09-05,2024-02-06,2026-04-30
M005613,蔡建宏,白金,台中市,1970-10-25,2021-10-31,2026-04-30
M003604,郭冠宇,金卡,高雄市,1987-06-15,2019-02-14,2026-04-30
M000397,王詩涵,白金,台南市,1977-03-12,2015-07-19,2026-04-30
M006300,劉怡君,白金,台北市,1993-02-25,2021-04-03,2026-04-30
M000777,楊承翰,銀卡,台北市,1960-01-17,2020-09-30,2026-04-30
M004099,呂彥廷,金卡,台南市,2002-04-03,2021-09-17,2026-05-31
M006670,賴美玲,一般,桃園市,1969-08-14,2025-02-28,2026-04-30
M002322,何欣怡,金卡,桃園市,1977-05-12,2016-01-17,2026-04-30
M005349,謝冠宇,銀卡,台南市,1965-06-17,2016-11-07,2026-04-30
M006623,張欣怡,一般,台中市,1966-06-20,2020-01-26,2026-04-30
M006799,曾雅雯,白金,台南市,1973-01-20,2019-05-02,2026-05-31
M005466,羅雅雯,金卡,台北市,1984-03-28,2024-03-16,2026-04-30
M004226,江建宏,金卡,高雄市,2001-10-19,2018-09-10,2026-04-30
M003517,許欣怡,白金,新北市,1961-12-23,2015-07-30,2026-05-31
M007465,羅詩涵,一般,桃園市,1991-02-20,2017-07-30,2026-04-30
M003926,劉郁婷,金卡,新竹市,1997-11-04,2019-09-28,2026-04-30
M005718,莊詩涵,銀卡,高雄市,1972-09-05,2025-11-19,2026-06-30
M005407,高欣怡,金卡,宜蘭縣,1989-07-07,2023-07-16,2026-06-30
M005399,江彥廷,一般,桃園市,1961-07-29,2019-02-21,2026-04-30
M003107,張雅婷,金卡,彰化縣,1980-01-21,2024-07-13,2026-04-30
M002237,蘇雅雯,一般,基隆市,1985-01-31,2024-05-14,2026-04-30
M002304,江宗翰,白金,高雄市,1970-10-21,2016-06-29,2026-04-30
M004625,李欣怡,白金,宜蘭縣,1995-05-03,2018-04-19,2026-04-30
M002594,邱欣怡,一般,台中市,1977-08-19,2024-10-05,2026-04-30
M003062,許家豪,一般,基隆市,1999-03-21,2017-04-08,2026-04-30
M006004,李雅婷,金卡,台中市,1997-08-29,2022-07-03,2026-04-30
M005323,吳志明,金卡,台中市,1974-12-18,2016-01-28,2026-04-30
M000292,張欣怡,白金,台南市,1975-03-02,2019-01-14,2026-04-30
M004312,謝建宏,白金,新北市,1969-09-05,2017-09-25,2026-06-30
M000292,張欣怡,白金,桃園市,1975-03-02,2019-01-14,2026-06-30
M002888,洪佩珊,白金,彰化縣,1986-11-27,2024-04-25,2026-04-30
M006487,楊詩涵,一般,台中市,1972-09-10,2015-04-22,2026-04-30
M006712,高承翰,一般,新竹市,1972-12-19,2016-01-19,2026-04-30
M000413,賴淑芬,白金,彰化縣,1973-09-17,2019-08-09,2026-06-30
M003136,王柏翰,白金,新北市,1970-05-08,2017-12-07,2026-05-31
M000053,林心怡,金卡,宜蘭縣,1961-06-08,2017-05-07,2026-04-30
M003566,蘇承翰,白金,高雄市,1982-07-12,2016-01-14,2026-04-30
M002272,蕭俊宏,白金,高雄市,1965-08-21,2023-08-20,2026-04-30
M007176,郭怡君,金卡,桃園市,1989-07-04,2018-12-25,2026-04-30
M007633,廖佩珊,金卡,台北市,1981-06-05,2021-04-29,2026-04-30
M000290,謝淑芬,金卡,桃園市,1979-02-08,2017-12-26,2026-04-30
M005486,陳俊宏,金卡,高雄市,1966-12-12,2015-12-13,2026-04-30
M002631,徐俊宏,金卡,台北市,1999-12-18,2025-01-18,2026-04-30
M001750,林雅雯,一般,新竹市,1994-01-06,2024-11-16,2026-04-30
M001181,羅雅婷,銀卡,台中市,1980-07-06,2017-06-16,2026-04-30
M007132,江建宏,白金,台中市,1970-04-21,2020-06-28,2026-04-30
M002184,張美玲,白金,台中市,1993-12-18,2019-02-18,2026-06-30
M001459,鄭雅婷,白金,基隆市,1997-03-24,2017-12-04,2026-04-30
M004889,羅建宏,金卡,高雄市,1977-04-21,2024-03-18,2026-06-30
M006759,呂承翰,一般,新北市,1983-12-18,2022-05-04,2026-04-30
M000789,蔡郁婷,一般,新竹市,1968-04-08,2018-10-28,2026-04-30
M007834,羅俊傑,金卡,台南市,1989-12-17,2018-04-07,2026-04-30
M005881,郭雅婷,一般,新北市,1989-07-21,2023-09-12,2026-04-30
M007860,李心怡,白金,宜蘭縣,1977-01-20,2015-12-08,2026-04-30
M005300,蘇怡君,白金,新竹市,1990-05-29,2019-01-27,2026-04-30
M007985,鄭柏翰,銀卡,宜蘭縣,1993-10-03,2025-06-21,2026-04-30
M000720,郭淑芬,白金,台北市,1995-02-16,2022-04-08,2026-04-30
M002013,楊詩涵,白金,宜蘭縣,1964-08-13,2025-08-26,2026-04-30
M000731,蘇俊傑,白金,台北市,1998-06-02,2016-12-26,2026-04-30
M004640,林彥廷,銀卡,新北市,1984-06-08,2017-04-24,2026-04-30
M003540,莊心怡,銀卡,新北市,1971-07-05,2016-12-31,2026-04-30
M007861,曾詩涵,白金,高雄市,1960-11-20,2019-01-30,2026-04-30
M005328,蘇美玲,白金,桃園市,1974-10-20,2023-08-15,2026-04-30
M003157,劉宗翰,白金,桃園市,1979-02-20,2024-01-30,2026-04-30
M006688,陳郁婷,白金,基隆市,1982-07-15,2017-09-14,2026-04-30
M007529,周彥廷,白金,台中市,1996-03-08,2020-12-14,2026-04-30
M006827,楊俊宏,銀卡,桃園市,1980-05-28,2019-07-07,2026-04-30
M002028,郭宗翰,一般,桃園市,2000-08-15,2022-04-02,2026-04-30
M004955,羅雅雯,銀卡,基隆市,1968-01-28,2020-07-28,2026-04-30
M005755,高志明,銀卡,台中市,1961-09-24,2024-04-03,2026-04-30
M007523,楊冠宇,白金,台北市,1965-08-31,2022-12-22,2026-04-30
M007051,黃怡君,銀卡,新竹市,2002-01-19,2025-05-13,2026-04-30
M001888,蘇俊宏,銀卡,台北市,1992-11-04,2020-12-11,2026-04-30
M003012,葉詩涵,白金,台南市,1987-06-03,2023-12-06,2026-04-30
M007993,李佩珊,銀卡,台中市,1996-08-12,2019-05-21,2026-04-30
M000753,蕭詩涵,一般,台北市,1964-06-08,2019-12-07,2026-04-30
M002861,羅佩珊,銀卡,宜蘭縣,1971-04-20,2023-11-02,2026-04-30
M007555,莊心怡,銀卡,彰化縣,1997-05-24,2018-01-05,2026-04-30
M003162,莊美玲,銀卡,高雄市,1987-06-19,2023-08-20,2026-04-30
M001875,蘇美玲,白金,台北市,1971-03-25,2015-11-23,2026-04-30
M003741,廖柏翰,白金,桃園市,1982-03-03,2015-04-16,2026-04-30
M006479,江彥廷,金卡,新竹市,1987-06-01,2019-03-21,2026-04-30
M007753,陳雅婷,銀卡,新北市,1990-08-05,2015-06-13,2026-04-30
M004645,郭承翰,金卡,台南市,1992-01-31,2022-12-07,2026-04-30
M001424,陳怡君,一般,台北市,1980-05-08,2017-03-25,2026-04-30
M001657,潘志明,銀卡,新北市,1964-08-27,2023-05-02,2026-04-30
M005019,葉雅雯,白金,新竹市,1986-03-25,2021-02-02,2026-04-30
M000637,賴淑芬,白金,新北市,1989-10-25,2017-05-23,2026-04-30
M003303,廖俊傑,銀卡,桃園市,1992-02-02,2025-06-29,2026-04-30
M002874,廖宗翰,金卡,彰化縣,1981-01-10,2018-10-07,2026-04-30
M003146,廖詩涵,金卡,桃園市,2001-12-30,2017-03-23,2026-04-30
M006428,蕭欣怡,白金,基隆市,1978-07-01,2021-12-15,2026-04-30
M003939,黃俊傑,銀卡,高雄市,1900-01-01,2015-03-30,2026-04-30
M006253,羅宗翰,銀卡,彰化縣,1970-09-07,2018-05-25,2026-04-30
M006962,蔡淑芬,白金,台南市,1994-03-29,2024-09-25,2026-04-30
M000626,呂俊宏,一般,基隆市,2001-01-16,2025-03-28,2026-04-30
M005594,謝冠宇,一般,台北市,1970-11-26,2017-12-09,2026-04-30
M007798,潘詩涵,一般,基隆市,1994-09-18,2020-01-15,2026-04-30
M007103,鄭彥廷,一般,基隆市,1975-12-16,2024-05-02,2026-04-30
M007395,賴詩涵,一般,基隆市,1981-12-01,2022-04-04,2026-04-30
M006465,曾郁婷,銀卡,基隆市,2002-08-31,2025-10-30,2026-04-30
M001435,李志明,金卡,桃園市,1976-09-22,2022-08-19,2026-04-30
M007165,鄭俊傑,一般,宜蘭縣,1978-02-09,2022-04-23,2026-06-30
M004665,蕭佩珊,一般,基隆市,1900-01-01,2015-08-29,2026-04-30
M007383,何欣怡,銀卡,高雄市,1987-01-09,2022-08-10,2026-04-30
M001221,蘇郁婷,白金,台北市,1973-10-31,2020-05-12,2026-04-30
M001255,蔡家豪,銀卡,彰化縣,1978-10-12,2019-07-16,2026-04-30
M004545,王建宏,銀卡,高雄市,1991-03-19,2024-12-15,2026-04-30
M002692,楊佩珊,銀卡,台北市,1969-06-27,2019-07-23,2026-04-30
M000810,徐冠宇,一般,宜蘭縣,1985-03-29,2021-03-10,2026-04-30
M002602,高宗翰,一般,桃園市,1986-12-10,2023-07-16,2026-04-30
M004492,林承翰,銀卡,基隆市,1960-03-20,2020-05-09,2026-04-30
M004575,蕭淑芬,銀卡,新北市,1977-10-22,2016-11-28,2026-04-30
M001421,呂俊傑,白金,基隆市,1974-12-22,2020-06-27,2026-04-30
M007260,呂美玲,金卡,高雄市,1986-06-25,2022-10-06,2026-04-30
M001450,許郁婷,白金,桃園市,1993-01-05,2016-05-20,2026-06-30
M006312,邱怡君,金卡,新北市,1970-12-19,2024-02-10,2026-04-30
M004416,曾家豪,銀卡,宜蘭縣,1993-07-04,2016-12-16,2026-04-30
M003658,張承翰,白金,桃園市,1983-01-05,2015-08-25,2026-04-30
M003005,莊美玲,白金,台中市,1985-03-14,2018-08-25,2026-04-30
M002087,曾彥廷,一般,桃園市,1986-03-31,2024-01-24,2026-04-30
M001900,呂志明,金卡,台北市,1989-10-15,2021-05-09,2026-06-30
M000110,周冠宇,銀卡,台北市,1984-04-04,2024-08-30,2026-04-30
M005225,何志明,金卡,高雄市,1996-05-12,2018-04-04,2026-04-30
M001911,劉美玲,金卡,宜蘭縣,2000-06-08,2021-04-10,2026-04-30
M003511,蘇雅婷,一般,高雄市,1971-12-22,2022-03-31,2026-04-30
M003112,徐淑芬,銀卡,高雄市,1984-01-15,2024-12-23,2026-06-30
M007509,呂雅婷,銀卡,台中市,1998-02-22,2016-08-22,2026-04-30
M003519,廖冠宇,一般,台中市,1962-01-04,2015-12-18,2026-06-30
M003780,郭彥廷,一般,台中市,1992-03-17,2025-10-10,2026-04-30
M002399,郭柏翰,一般,新竹市,1968-11-30,2017-12-03,2026-04-30
M000548,張俊宏,銀卡,台中市,1972-09-26,2022-04-10,2026-04-30
M000146,羅詩涵,銀卡,宜蘭縣,1962-11-05,2024-03-22,2026-04-30
M007990,廖柏翰,金卡,宜蘭縣,1977-02-03,2021-05-26,2026-04-30
M000170,張俊宏,金卡,新竹市,2000-04-19,2019-10-09,2026-04-30
M000745,何建宏,一般,宜蘭縣,1999-03-24,2016-08-07,2026-04-30
M003043,廖詩涵,一般,新北市,1975-03-21,2018-08-05,2026-04-30
M001332,洪美玲,一般,新竹市,1965-10-06,2017-07-22,2026-04-30
M002775,林雅雯,金卡,台北市,1975-04-08,2024-11-27,2026-04-30
M000229,廖淑芬,銀卡,宜蘭縣,1962-11-21,2015-07-04,2026-04-30
M005330,王宗翰,一般,新竹市,2002-08-16,2016-10-06,2026-04-30
M000491,曾俊宏,金卡,桃園市,1997-01-17,2017-08-19,2026-04-30
M007698,蔡建宏,白金,台中市,1980-09-01,2015-06-25,2026-04-30
M003764,蘇宗翰,一般,彰化縣,1970-08-10,2016-03-02,2026-04-30
M000031,郭雅婷,白金,桃園市,1972-09-03,2020-12-16,2026-04-30
M002737,江雅雯,一般,台南市,1993-09-27,2020-11-22,2026-04-30
M002939,莊郁婷,金卡,台中市,1989-08-03,2022-10-10,2026-04-30
M000636,羅俊宏,銀卡,新竹市,1983-10-14,2023-12-02,2026-04-30
M005208,楊佩珊,一般,N/A,1996-09-05,2019-12-11,2026-04-30
M000450,郭宗翰,白金,台中市,2000-07-12,2023-02-27,2026-04-30
M004192,潘怡君,金卡,彰化縣,1975-07-11,2023-11-19,2026-04-30
M005498,蘇俊宏,銀卡,台南市,1979-02-28,2017-02-05,2026-04-30
M003547,黃彥廷,白金,台南市,1994-02-18,2022-02-24,2026-04-30
M006500,曾雅雯,白金,新北市,1963-04-23,2016-09-24,2026-04-30
M007315,王心怡,銀卡,高雄市,1969-06-10,2015-09-03,2026-04-30
M002542,周家豪,白金,新竹市,1998-06-13,2022-06-20,2026-04-30
M000357,潘心怡,銀卡,基隆市,1983-02-13,2020-04-14,2026-04-30
M000872,廖美玲,銀卡,台北市,1963-05-11,2018-05-03,2026-04-30
M000311,謝詩涵,金卡,新北市,1992-04-22,2020-08-26,2026-04-30
M002293,呂家豪,金卡,宜蘭縣,1983-01-26,2024-07-10,2026-04-30
M004622,郭承翰,金卡,新竹市,1979-01-15,2022-07-11,2026-04-30
M007949,潘淑芬,金卡,彰化縣,2000-04-05,2020-12-06,2026-04-30
M003669,莊欣怡,銀卡,新北市,1900-01-01,2016-10-16,2026-04-30
M002522,黃柏翰,一般,台北市,1994-09-24,2017-11-22,2026-04-30
M002192,蔡欣怡,一般,台中市,1967-01-17,2025-06-01,2026-04-30
M004055,周宗翰,一般,宜蘭縣,1978-09-27,2015-09-30,2026-04-30
M000649,林詩涵,銀卡,台北市,1996-10-29,2019-11-12,2026-04-30
M007906,吳彥廷,銀卡,彰化縣,1966-05-09,2025-11-06,2026-06-30
M007607,呂彥廷,金卡,高雄市,1973-10-29,2023-07-03,2026-04-30
M001472,王承翰,一般,台中市,1982-10-05,2019-12-20,2026-04-30
M004039,曾志明,金卡,新北市,1988-02-03,2020-06-08,2026-04-30
M007166,莊宗翰,白金,宜蘭縣,1986-10-15,2016-09-19,2026-04-30
M003736,呂冠宇,金卡,桃園市,1987-09-06,2023-02-25,2026-04-30
M003841,許心怡,一般,台北市,1990-01-11,2019-05-26,2026-04-30
M000971,李俊宏,一般,基隆市,1992-11-10,2015-06-14,2026-04-30
M002747,楊志明,金卡,台北市,1978-10-24,2025-06-20,2026-04-30
M004963,許心怡,白金,台中市,1995-08-25,2018-02-28,2026-04-30
M006837,許美玲,金卡,高雄市,1992-04-08,2022-02-21,2026-04-30
M006376,楊冠宇,銀卡,台南市,1989-12-25,2024-06-28,2026-04-30
M001004,林雅婷,一般,宜蘭縣,1989-10-26,2020-10-24,2026-04-30
M007992,廖承翰,白金,高雄市,1977-02-25,2024-06-29,2026-04-30
M007652,郭佩珊,銀卡,高雄市,1999-05-27,2021-12-10,2026-05-31
M006010,羅彥廷,白金,台中市,1965-05-28,2022-09-26,2026-04-30
M003561,呂詩涵,銀卡,高雄市,1989-12-15,2023-01-24,2026-04-30
M003165,吳家豪,銀卡,台中市,1994-07-13,2020-06-03,2026-04-30
M005000,潘雅婷,一般,高雄市,1970-09-01,2020-08-07,2026-04-30
M003268,王冠宇,金卡,基隆市,1997-10-04,2023-08-11,2026-04-30
M005214,陳建宏,白金,桃園市,1999-03-15,2024-11-20,2026-04-30
M000408,賴建宏,金卡,台中市,1966-11-13,2018-04-27,2026-04-30
M007737,鄭雅婷,金卡,台南市,1967-08-31,2021-11-09,2026-04-30
M000303,周彥廷,白金,台南市,1982-09-09,2017-01-12,2026-04-30
M002918,鄭宗翰,金卡,高雄市,1966-03-23,2017-07-27,2026-04-30
M001391,鄭佩珊,白金,基隆市,1964-07-16,2025-08-30,2026-04-30
M005481,葉欣怡,銀卡,彰化縣,1972-02-18,2015-07-15,2026-04-30
M003078,潘雅婷,白金,宜蘭縣,1977-06-04,2025-10-29,2026-04-30
M006774,王宗翰,白金,彰化縣,1984-08-17,2019-06-04,2026-04-30
M004485,楊建宏,一般,新北市,1979-08-22,2021-10-08,2026-04-30
M007367,李淑芬,銀卡,桃園市,1973-04-01,2020-07-14,2026-04-30
M002560,廖柏翰,銀卡,台南市,1986-11-12,2016-03-17,2026-04-30
M006009,羅欣怡,銀卡,新竹市,1983-04-20,2015-12-26,2026-04-30
M003689,莊冠宇,一般,宜蘭縣,1982-12-19,2016-10-12,2026-06-30
M006433,吳俊傑,金卡,彰化縣,1999-10-02,2015-08-23,2026-04-30
M003441,洪淑芬,一般,新北市,1982-11-21,2017-09-06,2026-04-30
M007586,莊心怡,金卡,台北市,1996-03-09,2015-12-13,2026-04-30
M005883,許建宏,一般,台北市,1997-02-25,2023-04-24,2026-04-30
M004449,潘雅婷,金卡,台南市,1996-12-08,2024-03-10,2026-04-30
M002900,鄭彥廷,一般,桃園市,1996-01-07,2019-06-27,2026-04-30
M007142,何欣怡,銀卡,高雄市,1983-07-24,2021-09-14,2026-04-30
M000141,徐柏翰,銀卡,台南市,2000-07-16,2025-07-08,2026-04-30
M006223,李俊傑,銀卡,宜蘭縣,1991-08-12,2019-11-13,2026-04-30
M007505,江淑芬,一般,台中市,1988-10-04,2022-05-05,2026-04-30
M003972,潘心怡,銀卡,台北市,1978-11-08,2017-10-30,2026-04-30
M001920,徐承翰,金卡,桃園市,2003-05-12,2017-04-02,2026-04-30
M003842,王承翰,銀卡,新竹市,1999-09-01,2020-10-14,2026-04-30
M005951,李詩涵,白金,彰化縣,1962-08-28,2025-02-08,2026-05-31
M003917,謝俊傑,銀卡,高雄市,2001-02-04,2020-11-10,2026-04-30
M005556,何建宏,銀卡,新北市,1990-12-31,2015-11-15,2026-04-30
M000250,曾怡君,銀卡,高雄市,1998-05-16,2020-07-27,2026-05-31
M000693,賴冠宇,金卡,台北市,1989-11-11,2015-07-09,2026-04-30
M003009,呂俊傑,一般,新北市,1992-06-21,2016-10-07,2026-04-30
M003809,黃俊宏,一般,台中市,1967-07-30,2016-04-22,2026-04-30
M007904,潘詩涵,一般,基隆市,1984-03-11,2020-12-08,2026-04-30
M001480,羅志明,白金,彰化縣,1975-08-19,2020-03-14,2026-04-30
M003946,廖俊宏,金卡,台北市,1963-09-19,2019-12-14,2026-04-30
M005430,潘俊宏,一般,高雄市,2001-06-30,2016-05-07,2026-04-30
M003516,蘇雅雯,金卡,基隆市,1992-12-09,2022-04-01,2026-04-30
M002993,邱淑芬,白金,桃園市,1977-03-25,2016-03-27,2026-04-30
M002267,邱家豪,一般,新北市,1981-12-09,2017-08-20,2026-04-30
M003594,莊怡君,金卡,台北市,1968-09-26,2025-06-21,2026-04-30
M001444,吳柏翰,金卡,桃園市,1976-02-02,2017-06-05,2026-04-30
M006280,呂志明,金卡,桃園市,2003-03-08,2019-11-21,2026-04-30
M002968,周柏翰,白金,新竹市,1993-08-14,2024-01-03,2026-04-30
M001521,王詩涵,一般,高雄市,1975-08-25,2024-09-20,2026-04-30
M005347,陳心怡,銀卡,新北市,2000-09-23,2020-07-02,2026-04-30
M000972,洪怡君,白金,彰化縣,1978-09-07,2017-08-25,2026-04-30
M004547,林柏翰,金卡,台北市,1992-10-21,2021-02-22,2026-04-30
M005437,高淑芬,白金,桃園市,1969-08-25,2015-03-02,2026-06-30
M003735,高心怡,一般,新北市,1999-08-12,2021-04-19,2026-04-30
M000042,謝雅婷,銀卡,新竹市,1996-09-28,2018-02-12,2026-04-30
M004502,曾淑芬,白金,高雄市,1977-03-26,2020-05-13,2026-04-30
M000732,楊心怡,銀卡,新竹市,1961-09-15,2015-10-14,2026-04-30
M006613,洪建宏,銀卡,高雄市,1984-01-29,2018-06-17,2026-04-30
M004568,許志明,金卡,桃園市,1979-02-28,2021-10-16,2026-04-30
M004318,呂家豪,白金,台南市,1997-01-01,2020-03-26,2026-04-30
M001940,林志明,銀卡,台北市,1965-07-21,2022-11-20,2026-04-30
M003650,吳郁婷,銀卡,高雄市,1986-03-16,2022-09-13,2026-04-30
M005698,賴俊傑,白金,高雄市,1977-11-14,2022-03-06,2026-06-30
M006747,邱郁婷,銀卡,高雄市,1982-05-25,2020-08-30,2026-04-30
M004891,羅心怡,金卡,彰化縣,1971-01-11,2022-01-23,2026-04-30
M002218,高欣怡,銀卡,宜蘭縣,1960-04-19,2020-08-31,2026-04-30
M004599,高美玲,一般,台南市,1981-01-19,2023-06-30,2026-04-30
M003577,周宗翰,銀卡,基隆市,1991-05-28,2017-10-03,2026-04-30
M002263,楊心怡,銀卡,新北市,2002-02-16,2018-01-29,2026-04-30
M001433,林雅雯,一般,高雄市,1963-08-15,2025-06-22,2026-04-30
M007708,李承翰,銀卡,基隆市,2000-12-21,2018-12-29,2026-04-30
M003747,郭詩涵,一般,宜蘭縣,1987-08-13,2015-01-20,2026-04-30
M003172,謝彥廷,銀卡,宜蘭縣,1982-03-15,2018-08-17,2026-04-30
M006175,蘇俊傑,一般,台南市,2000-02-03,2015-07-29,2026-06-30
M006200,許冠宇,白金,宜蘭縣,1990-01-26,2022-11-29,2026-04-30
M004896,蘇俊宏,一般,新竹市,1966-02-11,2020-04-13,2026-04-30
M000285,劉淑芬,一般,宜蘭縣,1961-10-09,2015-05-13,2026-04-30
M007222,周怡君,銀卡,台北市,1966-04-01,2019-08-08,2026-04-30
M005259,廖志明,一般,台北市,1961-10-25,2015-07-24,2026-04-30
M000289,莊柏翰,一般,彰化縣,1988-03-24,2022-09-18,2026-04-30
M001227,廖雅婷,金卡,新北市,1963-02-16,2024-12-08,2026-04-30
M000129,廖怡君,一般,彰化縣,2002-02-11,2023-06-03,2026-04-30
M006924,葉佩珊,白金,新竹市,1996-06-24,2019-03-14,2026-04-30
M007467,謝雅雯,銀卡,桃園市,1990-12-17,2021-05-13,2026-04-30
M002283,張詩涵,金卡,桃園市,1995-12-21,2022-09-03,2026-04-30
M006898,蕭建宏,一般,桃園市,1991-11-07,2020-04-06,2026-04-30
M005966,劉美玲,一般,桃園市,1992-09-30,2017-12-06,2026-04-30
M004107,張冠宇,金卡,台北市,1967-08-17,2025-05-26,2026-06-30
M002380,羅佩珊,銀卡,宜蘭縣,2003-02-16,2023-04-09,2026-04-30
M007673,江冠宇,銀卡,台北市,1988-08-28,2015-07-20,2026-05-31
M007247,張建宏,白金,宜蘭縣,1999-02-17,2017-07-18,2026-04-30
M006339,葉佩珊,白金,台南市,1964-09-21,2023-12-15,2026-04-30
M003352,謝美玲,一般,台南市,1960-08-17,2015-03-25,2026-04-30
M001080,邱柏翰,銀卡,新竹市,2000-04-28,2015-09-05,2026-04-30
M006822,曾欣怡,一般,台南市,1966-03-18,2024-12-16,2026-04-30
M004681,高志明,白金,基隆市,1993-09-27,2020-12-19,2026-04-30
M004677,許家豪,金卡,高雄市,1986-05-16,2022-03-27,2026-04-30
M004208,潘柏翰,銀卡,台北市,1992-06-05,2025-05-31,2026-04-30
M007290,潘俊傑,金卡,彰化縣,1991-07-27,2017-08-20,2026-04-30
M006768,陳詩涵,銀卡,宜蘭縣,1992-04-23,2017-01-02,2026-04-30
M005759,王柏翰,銀卡,台南市,1979-06-19,2017-11-12,2026-04-30
M002301,王欣怡,一般,高雄市,1968-04-14,2018-09-04,2026-04-30
M001050,葉佩珊,銀卡,台北市,1968-01-18,2022-09-16,2026-04-30
M005914,李彥廷,銀卡,新竹市,1981-04-06,2022-03-14,2026-04-30
M003224,呂詩涵,金卡,新竹市,1964-06-12,2024-06-07,2026-04-30
M006867,李家豪,銀卡,彰化縣,1983-02-18,2020-02-24,2026-06-30
M000975,蕭俊傑,一般,桃園市,1970-07-03,2025-10-19,2026-05-31
M004560,李雅雯,金卡,新竹市,1980-07-16,2018-07-31,2026-04-30
M006290,高雅婷,一般,宜蘭縣,1966-11-18,2022-11-11,2026-04-30
M006163,鄭郁婷,金卡,台南市,1968-06-23,2025-02-02,2026-04-30
M005526,徐怡君,金卡,台南市,1964-02-08,2025-03-16,2026-04-30
M006326,蔡柏翰,白金,高雄市,1960-02-23,2024-01-20,2026-04-30
M005105,廖志明,金卡,新竹市,1981-10-26,2023-12-04,2026-04-30
M000419,黃詩涵,白金,高雄市,1960-12-15,2024-06-29,2026-04-30
M002034,楊俊傑,銀卡,基隆市,1999-10-01,2023-08-11,2026-04-30
M003217,何建宏,銀卡,基隆市,1995-06-19,2023-06-16,2026-04-30
M007014,許佩珊,一般,高雄市,1967-01-14,2020-05-28,2026-04-30
M001278,莊雅雯,白金,台北市,1979-06-23,2019-07-19,2026-04-30
M002373,高俊宏,銀卡,高雄市,1978-11-21,2022-12-19,2026-04-30
M006498,陳佩珊,一般,桃園市,1991-12-22,2025-09-29,2026-05-31
M001488,陳冠宇,一般,高雄市,1967-10-19,2018-02-17,2026-04-30
M003963,吳志明,銀卡,台南市,1987-10-17,2018-11-10,2026-04-30
M002398,葉俊傑,銀卡,桃園市,1986-02-25,2018-07-24,2026-05-31
M003832,莊怡君,銀卡,台中市,1968-03-06,2021-10-20,2026-04-30
M001365,徐建宏,金卡,高雄市,1961-12-06,2016-02-08,2026-05-31
M007059,許冠宇,一般,桃園市,1986-04-10,2024-12-24,2026-04-30
M003506,葉建宏,金卡,桃園市,1987-03-22,2020-12-18,2026-04-30
M007688,謝志明,白金,彰化縣,1981-06-29,2016-08-22,2026-04-30
M007579,呂柏翰,銀卡,宜蘭縣,1975-12-21,2015-03-01,2026-04-30
M002277,王彥廷,白金,新竹市,1981-07-02,2020-02-25,2026-04-30
M004186,呂雅雯,金卡,彰化縣,1961-11-06,2018-07-10,2026-06-30
M005120,蕭詩涵,金卡,新北市,1990-12-07,2016-08-03,2026-04-30
M003492,徐詩涵,金卡,新北市,1984-10-11,2015-05-28,2026-04-30
M004501,謝俊宏,一般,台北市,1965-04-20,2021-09-16,2026-04-30
M005218,謝欣怡,金卡,宜蘭縣,1978-10-20,2016-08-01,2026-04-30
M004623,廖俊宏,一般,彰化縣,1971-05-08,2016-05-15,2026-04-30
M007581,葉宗翰,白金,桃園市,1991-03-16,2020-08-16,2026-04-30
M002490,江欣怡,白金,新竹市,1974-07-01,2020-04-06,2026-04-30
M004476,周欣怡,白金,基隆市,1978-12-15,2024-01-01,2026-04-30
M003565,王柏翰,白金,基隆市,1961-02-06,2023-08-28,2026-04-30
M006906,葉彥廷,銀卡,台中市,1978-06-05,2025-06-13,2026-04-30
M004551,李心怡,白金,新竹市,1999-08-11,2015-10-15,2026-04-30
M006389,李柏翰,一般,彰化縣,2002-01-20,2018-12-27,2026-04-30
M004178,李淑芬,金卡,台北市,2000-12-10,2021-12-19,2026-06-30
M002694,蘇雅婷,白金,台中市,1986-09-08,2018-06-06,2026-05-31
M003340,江承翰,一般,台中市,1973-03-25,2023-01-27,2026-04-30
M007868,劉柏翰,白金,彰化縣,1975-01-01,2021-12-03,2026-04-30
M006416,林佩珊,金卡,台北市,1981-01-21,2016-03-18,2026-06-30
M006117,徐欣怡,銀卡,桃園市,1992-09-29,2016-05-10,2026-04-30
M004437,李宗翰,一般,新竹市,1995-07-03,2025-02-05,2026-04-30
M006082,賴承翰,銀卡,台南市,1984-08-21,2016-05-09,2026-04-30
M000535,廖怡君,銀卡,台南市,1989-08-31,2025-08-30,2026-06-30
M004936,江雅婷,金卡,宜蘭縣,2001-09-07,2023-07-09,2026-04-30
M001203,葉怡君,銀卡,基隆市,1994-09-14,2016-03-03,2026-04-30
M002389,陳冠宇,金卡,彰化縣,1999-01-25,2024-04-08,2026-05-31
M005512,郭詩涵,金卡,高雄市,1961-03-31,2017-10-17,2026-04-30
M007721,蔡建宏,銀卡,新竹市,1984-05-28,2018-02-09,2026-04-30
M005406,莊欣怡,白金,N/A,2003-08-29,2022-01-14,2026-04-30
M001379,徐建宏,銀卡,桃園市,1982-04-18,2023-09-18,2026-04-30
M002467,莊怡君,一般,台北市,1978-04-26,2015-05-04,2026-04-30
M006575,葉宗翰,一般,台北市,1993-09-02,2020-12-15,2026-04-30
M006553,謝雅雯,金卡,台中市,1960-09-01,2017-02-03,2026-04-30
M000962,徐雅婷,銀卡,台中市,1992-02-13,2020-03-14,2026-04-30
M006444,江柏翰,一般,台中市,1988-05-25,2018-12-30,2026-04-30
M001549,陳雅雯,白金,基隆市,1987-04-09,2020-11-10,2026-04-30
M002299,謝俊傑,一般,台南市,1989-06-02,2019-12-03,2026-04-30
M000831,何家豪,銀卡,宜蘭縣,1969-07-13,2022-09-09,2026-04-30
M006289,蔡怡君,白金,彰化縣,1972-08-15,2024-01-16,2026-04-30
M006416,林佩珊,銀卡,台北市,1981-01-21,2016-03-18,2026-04-30
M001705,高雅雯,銀卡,彰化縣,1966-01-20,2015-09-03,2026-04-30
M006646,徐彥廷,銀卡,台南市,1995-06-20,2020-01-27,2026-04-30
M000361,洪郁婷,金卡,桃園市,1985-09-22,2017-11-28,2026-04-30
M001741,徐郁婷,銀卡,台南市,1967-11-29,2020-04-05,2026-04-30
M001431,蔡彥廷,白金,高雄市,1980-11-24,2023-12-31,2026-04-30
M007097,蔡美玲,一般,台中市,1999-07-21,2022-04-11,2026-04-30
M004378,江雅婷,金卡,台中市,1970-12-30,2025-07-11,2026-04-30
M001979,莊冠宇,銀卡,彰化縣,1986-08-09,2015-07-29,2026-04-30
M003180,陳心怡,白金,高雄市,1961-12-28,2025-09-10,2026-04-30
M002208,楊欣怡,白金,新北市,1985-09-05,2015-09-23,2026-04-30
M000772,劉雅雯,銀卡,台北市,1991-12-10,2020-11-14,2026-04-30
M005290,邱建宏,金卡,新竹市,1996-09-04,2025-07-24,2026-04-30
M006042,潘冠宇,白金,新竹市,1962-09-04,2021-11-28,2026-06-30
M006446,王怡君,白金,宜蘭縣,1992-09-19,2017-11-25,2026-06-30
M007140,洪心怡,白金,宜蘭縣,1965-03-19,2015-06-13,2026-05-31
M007657,洪柏翰,白金,宜蘭縣,1992-04-28,2025-10-05,2026-04-30
M007817,洪詩涵,白金,台中市,1979-11-02,2018-06-20,2026-04-30
M002681,何怡君,金卡,桃園市,2002-11-16,2025-10-25,2026-04-30
M007755,蔡佩珊,銀卡,基隆市,1974-04-06,2016-07-27,2026-04-30
M003945,張柏翰,銀卡,基隆市,1976-01-29,2021-04-27,2026-04-30
M007109,廖俊宏,一般,彰化縣,1981-12-18,2020-01-31,2026-04-30
M003860,賴志明,銀卡,台北市,1964-09-28,2025-05-17,2026-04-30
M007386,劉雅雯,白金,宜蘭縣,1990-10-29,2017-05-24,2026-04-30
M006474,羅淑芬,銀卡,新竹市,1964-11-28,2019-12-29,2026-04-30
M002619,張雅婷,一般,彰化縣,1991-04-20,2019-01-24,2026-04-30
M006186,徐怡君,金卡,高雄市,1999-11-28,2016-11-27,2026-04-30
M004085,蘇冠宇,一般,台北市,1990-09-11,2018-08-31,2026-04-30
M005890,邱彥廷,白金,彰化縣,1994-11-08,2023-01-09,2026-04-30
M000109,吳俊傑,銀卡,基隆市,1999-05-15,2019-08-15,2026-04-30
M006995,曾俊傑,白金,彰化縣,1995-09-13,2023-07-22,2026-06-30
M000478,羅宗翰,白金,基隆市,1979-07-12,2021-07-13,2026-04-30
M005398,邱彥廷,白金,彰化縣,1997-05-14,2021-07-18,2026-04-30
M005419,何彥廷,金卡,台中市,1966-08-15,2023-04-09,2026-04-30
M006078,莊欣怡,白金,台中市,1900-01-01,2016-09-20,2026-04-30
M000617,廖家豪,銀卡,高雄市,1963-04-12,2015-04-20,2026-04-30
M004763,蘇宗翰,金卡,新北市,1983-01-25,2017-01-07,2026-04-30
M002217,賴雅雯,銀卡,新竹市,2001-11-11,2024-02-08,2026-04-30
M000313,廖宗翰,金卡,桃園市,1967-08-07,2024-03-09,2026-04-30
M001523,張志明,銀卡,台中市,1984-10-23,2020-04-12,2026-04-30
M007503,張俊傑,銀卡,新北市,2001-06-30,2022-01-05,2026-04-30
M003579,蔡柏翰,白金,新竹市,1900-01-01,2023-04-25,2026-04-30
M002469,莊欣怡,一般,基隆市,1964-10-14,2022-12-13,2026-04-30
M006700,呂俊傑,白金,台南市,1982-12-14,2024-01-10,2026-04-30
M007806,楊心怡,金卡,台北市,1965-08-11,2017-03-27,2026-04-30
M004705,洪佩珊,白金,基隆市,1966-10-29,2015-02-03,2026-04-30
M007047,劉怡君,一般,台中市,1960-07-04,2025-06-30,2026-04-30
M006624,楊冠宇,銀卡,桃園市,1987-11-19,2020-07-14,2026-04-30
M001718,高淑芬,銀卡,宜蘭縣,1986-10-06,2016-11-02,2026-04-30
M000477,李志明,銀卡,桃園市,1987-10-25,2021-01-09,2026-04-30
M004242,謝佩珊,白金,基隆市,1991-03-12,2015-03-12,2026-04-30
M002388,許佩珊,銀卡,桃園市,1993-04-20,2022-04-09,2026-04-30
M004578,曾佩珊,銀卡,台南市,1976-11-30,2025-01-26,2026-04-30
M000340,王彥廷,白金,桃園市,1987-01-31,2020-02-17,2026-04-30
M007322,劉詩涵,白金,彰化縣,1998-03-04,2018-07-04,2026-04-30
M002212,張冠宇,白金,彰化縣,1970-06-25,2019-01-07,2026-06-30
M004139,何建宏,金卡,宜蘭縣,1974-02-23,2021-10-16,2026-04-30
M005812,許宗翰,一般,宜蘭縣,1998-05-11,2019-02-13,2026-04-30
M004005,李建宏,白金,新北市,1982-02-12,2022-04-09,2026-04-30
M003298,邱俊宏,銀卡,台北市,1964-05-10,2019-06-18,2026-04-30
M007658,黃雅雯,金卡,台北市,1982-08-15,2023-11-01,2026-06-30
M002054,郭詩涵,金卡,台南市,1975-02-20,2023-07-03,2026-04-30
M000300,洪俊宏,金卡,新竹市,1991-07-28,2023-09-27,2026-04-30
M003402,鄭怡君,一般,基隆市,1998-01-05,2019-11-14,2026-04-30
M006829,蔡建宏,白金,宜蘭縣,1964-05-25,2018-12-27,2026-04-30
M001067,蘇雅婷,銀卡,台南市,1990-05-26,2020-10-11,2026-04-30
M001173,李詩涵,白金,新北市,1984-09-28,2020-04-16,2026-04-30
M000538,葉怡君,一般,桃園市,1967-03-23,2021-03-17,2026-04-30
M006350,蕭俊傑,金卡,台北市,1963-08-04,2020-07-18,2026-04-30
M005691,張美玲,一般,台南市,1963-02-03,2019-03-27,2026-04-30
M001937,江承翰,金卡,宜蘭縣,1972-08-29,2025-04-17,2026-04-30
M006638,謝佩珊,金卡,宜蘭縣,1962-04-02,2016-11-12,2026-04-30
M005766,郭家豪,一般,台北市,1969-12-09,2016-12-27,2026-04-30
M006967,林建宏,銀卡,台中市,1969-04-24,2024-03-18,2026-04-30
M007179,楊宗翰,金卡,高雄市,1962-01-10,2018-11-25,2026-04-30
M000071,蕭佩珊,金卡,台中市,1982-06-03,2016-05-17,2026-04-30
M007234,吳詩涵,白金,新北市,1966-01-25,2019-07-28,2026-04-30
M003553,邱柏翰,銀卡,新竹市,1984-08-22,2022-11-30,2026-04-30
M006204,劉淑芬,一般,桃園市,1996-12-27,2025-01-13,2026-04-30
M004272,周承翰,金卡,新竹市,1965-05-05,2018-05-17,2026-04-30
M003263,許淑芬,銀卡,台北市,1964-07-22,2018-11-20,2026-04-30
M007435,廖雅婷,銀卡,新北市,1988-08-13,2017-10-30,2026-04-30
M006052,蕭詩涵,一般,彰化縣,1970-01-30,2022-11-04,2026-04-30
M005011,葉俊傑,一般,高雄市,1971-09-18,2025-05-10,2026-04-30
M000142,蘇彥廷,白金,新北市,2000-04-19,2017-08-14,2026-05-31
M003471,潘美玲,金卡,基隆市,1993-12-18,2024-03-01,2026-04-30
M006842,郭俊宏,銀卡,彰化縣,2002-06-26,2022-07-20,2026-05-31
M003644,謝志明,白金,彰化縣,1960-06-19,2019-02-27,2026-04-30
M005601,高詩涵,金卡,新竹市,1976-08-20,2021-07-29,2026-04-30
M004121,黃淑芬,銀卡,台南市,1982-02-26,2020-12-01,2026-04-30
M003657,鄭心怡,一般,台中市,1978-10-29,2021-02-27,2026-04-30
M000060,莊冠宇,白金,台北市,2002-09-18,2020-11-29,2026-04-30
M004980,呂俊傑,一般,台北市,1987-04-24,2021-06-30,2026-04-30
M004460,羅郁婷,白金,彰化縣,1992-11-26,2016-04-23,2026-04-30
M007582,潘志明,白金,高雄市,1995-10-08,2023-12-20,2026-04-30
M001966,陳美玲,銀卡,台北市,1965-01-23,2016-11-05,2026-04-30
M003847,羅淑芬,金卡,新竹市,1990-02-07,2025-08-09,2026-04-30
M005202,陳佩珊,銀卡,桃園市,1977-06-15,2018-01-07,2026-04-30
M003375,黃冠宇,一般,台中市,1966-07-14,2016-08-21,2026-04-30
M003324,蕭俊宏,金卡,桃園市,1999-09-19,2020-10-19,2026-04-30
M006889,陳美玲,銀卡,新北市,1975-08-26,2020-06-13,2026-04-30
M004454,謝郁婷,白金,新竹市,1996-01-17,2015-02-28,2026-04-30
M004979,陳柏翰,白金,台中市,2000-10-10,2019-07-27,2026-06-30
M006228,江郁婷,銀卡,基隆市,1965-03-03,2016-06-29,2026-05-31
M006913,謝建宏,金卡,桃園市,1970-08-25,2015-08-22,2026-04-30
M000905,江美玲,金卡,新竹市,1969-12-08,2019-11-20,2026-04-30
M007007,劉雅婷,白金,台中市,1995-12-05,2020-11-20,2026-05-31
M000096,賴俊宏,金卡,台北市,1975-12-31,2022-04-11,2026-04-30
M006002,王心怡,金卡,基隆市,1994-05-16,2025-08-04,2026-04-30
M005840,黃淑芬,金卡,台北市,1991-09-08,2019-05-14,2026-04-30
M004161,楊雅雯,一般,台中市,1964-05-09,2018-05-22,2026-04-30
M003976,陳建宏,白金,高雄市,1999-11-09,2021-08-31,2026-04-30
M003424,王雅婷,金卡,高雄市,1997-01-27,2016-09-13,2026-04-30
M005570,蕭郁婷,一般,台中市,1998-12-29,2017-02-23,2026-04-30
M002196,何心怡,金卡,彰化縣,1964-04-12,2024-09-30,2026-04-30
M006531,吳冠宇,一般,台北市,1997-07-14,2015-05-02,2026-04-30
M004867,許淑芬,白金,宜蘭縣,1989-01-08,2025-08-05,2026-04-30
M001708,劉承翰,金卡,彰化縣,1962-05-05,2017-10-22,2026-04-30
M001942,葉志明,金卡,彰化縣,1980-11-29,2015-11-23,2026-06-30
M002786,葉怡君,金卡,台中市,1966-10-04,2020-08-10,2026-04-30
M000430,陳俊傑,白金,台南市,1995-02-23,2025-06-14,2026-06-30
M001216,何俊傑,金卡,宜蘭縣,1976-02-23,2019-12-28,2026-04-30
M006883,曾宗翰,白金,彰化縣,1991-08-12,2020-06-02,2026-04-30
M007670,江心怡,金卡,台南市,1982-08-09,2022-08-08,2026-04-30
M005585,賴郁婷,白金,台南市,1974-03-08,2024-07-02,2026-04-30
M000935,曾詩涵,銀卡,彰化縣,1969-05-16,2021-02-04,2026-04-30
M005064,李佩珊,白金,高雄市,1989-09-12,2025-01-28,2026-04-30
M001440,蕭宗翰,一般,新竹市,1998-12-03,2015-08-29,2026-04-30
M005505,周詩涵,銀卡,高雄市,1983-06-29,2024-04-08,2026-04-30
M007997,郭雅雯,銀卡,台中市,1979-03-07,2018-02-02,2026-06-30
M006546,蘇承翰,金卡,台北市,1983-01-27,2021-07-30,2026-04-30
M005569,鄭宗翰,銀卡,彰化縣,1973-11-10,2020-10-31,2026-04-30
M005869,陳志明,金卡,台南市,1965-07-06,2018-02-15,2026-04-30
M004772,林美玲,白金,新竹市,1978-01-14,2021-01-18,2026-04-30
M003007,何美玲,銀卡,台南市,2001-07-26,2016-01-30,2026-04-30
M005770,劉郁婷,白金,高雄市,1978-09-17,2018-01-10,2026-04-30
M005559,郭雅雯,金卡,台北市,1997-07-09,2015-05-19,2026-04-30
M004273,江俊傑,金卡,台南市,1993-10-05,2021-07-31,2026-04-30
M004122,蔡建宏,一般,桃園市,2003-05-12,2015-08-23,2026-04-30
M002692,楊佩珊,銀卡,高雄市,1969-06-27,2019-07-23,2026-06-30
M005721,林宗翰,白金,台北市,1976-05-23,2022-10-03,2026-04-30
M002401,周心怡,白金,彰化縣,1976-02-12,2021-10-25,2026-04-30
M001558,劉家豪,金卡,台南市,1982-04-17,2025-12-05,2026-04-30
M006094,廖雅婷,白金,高雄市,1966-12-25,2020-01-14,2026-04-30
M001913,葉志明,銀卡,宜蘭縣,1966-09-11,2017-11-30,2026-04-30
M004765,劉心怡,一般,彰化縣,1969-10-20,2018-01-12,2026-04-30
M000624,洪俊傑,白金,基隆市,1972-09-09,2016-03-16,2026-04-30
M006740,莊怡君,銀卡,彰化縣,1983-03-01,2020-11-25,2026-04-30
M000678,黃淑芬,金卡,彰化縣,1960-02-15,2022-06-21,2026-04-30
M005096,廖欣怡,白金,宜蘭縣,1971-06-30,2021-07-25,2026-04-30
M002260,蕭俊傑,銀卡,台中市,1984-03-18,2017-12-15,2026-04-30
M007003,潘佩珊,白金,新竹市,1983-12-21,2023-12-31,2026-04-30
M004406,鄭心怡,一般,新北市,1983-07-29,2021-09-27,2026-06-30
M004144,林建宏,金卡,宜蘭縣,1979-12-06,2021-04-25,2026-04-30
M005627,蔡志明,白金,台北市,1962-10-16,2016-07-11,2026-04-30
M002221,吳雅婷,銀卡,台北市,1968-08-13,2016-10-05,2026-04-30
M001586,潘詩涵,銀卡,基隆市,1960-11-15,2018-08-09,2026-04-30
M000038,莊俊宏,白金,台北市,1974-10-30,2018-10-18,2026-04-30
M003470,曾柏翰,白金,新北市,1974-09-15,2021-11-09,2026-04-30
M000480,廖詩涵,金卡,新北市,1980-06-14,2020-01-03,2026-04-30
M006562,蔡建宏,白金,台北市,1975-03-13,2017-04-13,2026-04-30
M007350,廖美玲,白金,高雄市,1972-12-23,2021-07-06,2026-04-30
M006636,徐宗翰,金卡,基隆市,1900-01-01,2019-04-24,2026-06-30
M007269,邱建宏,白金,高雄市,1969-07-30,2020-04-30,2026-04-30
M005107,謝家豪,白金,桃園市,1972-10-18,2025-07-09,2026-04-30
M002904,陳志明,銀卡,台北市,1982-12-02,2018-11-27,2026-04-30
M003980,莊怡君,金卡,高雄市,1991-04-11,2016-08-25,2026-04-30
M003834,林宗翰,銀卡,彰化縣,1974-06-28,2015-07-31,2026-04-30
M000513,周郁婷,白金,台中市,2001-03-17,2019-03-19,2026-04-30
M005768,葉建宏,銀卡,新竹市,1960-05-12,2023-04-14,2026-04-30
M000023,呂柏翰,一般,台中市,1961-11-04,2023-04-21,2026-04-30
M005124,周家豪,銀卡,新竹市,2002-12-02,2016-06-20,2026-05-31
M006129,賴雅雯,金卡,基隆市,1991-09-12,2015-01-21,2026-04-30
M000533,羅詩涵,一般,基隆市,1986-10-17,2018-07-04,2026-05-31
M004126,吳欣怡,白金,台南市,1962-06-26,2024-11-22,2026-04-30
M007158,李美玲,金卡,宜蘭縣,1960-11-09,2016-06-23,2026-04-30
M005821,曾佩珊,白金,台中市,1976-10-08,2023-05-25,2026-04-30
M002036,許冠宇,銀卡,新北市,1981-02-21,2024-08-26,2026-04-30
M003584,鄭佩珊,一般,桃園市,1962-05-04,2019-04-12,2026-04-30
M002976,高淑芬,白金,新北市,1968-12-05,2018-08-19,2026-04-30
M000570,羅雅婷,銀卡,基隆市,1966-04-14,2020-10-23,2026-04-30
M004653,何郁婷,白金,台南市,1985-04-03,2015-06-13,2026-04-30
M005033,李淑芬,一般,桃園市,1998-08-17,2017-08-31,2026-04-30
M004695,吳彥廷,金卡,台南市,1972-10-07,2025-04-04,2026-04-30
M004574,高柏翰,金卡,桃園市,1986-08-21,2024-08-09,2026-04-30
M002231,徐心怡,白金,桃園市,1960-08-28,2025-11-23,2026-04-30
M005645,葉心怡,金卡,台中市,1970-09-30,2025-03-15,2026-04-30
M007270,蔡承翰,銀卡,台南市,1995-08-13,2016-05-01,2026-04-30
M005796,羅郁婷,白金,台南市,1967-04-01,2018-12-18,2026-04-30
M006540,邱俊傑,銀卡,台南市,1971-08-16,2020-11-24,2026-04-30
M006776,葉郁婷,白金,高雄市,1966-12-05,2022-01-30,2026-04-30
M006870,李柏翰,白金,桃園市,1981-05-22,2024-04-23,2026-04-30
M000104,王怡君,金卡,彰化縣,1970-01-22,2020-01-23,2026-04-30
M002099,林美玲,銀卡,台北市,2000-07-13,2018-07-15,2026-04-30
M006788,蕭俊宏,金卡,台南市,1996-12-21,2021-01-27,2026-04-30
M002072,鄭佩珊,白金,高雄市,1962-09-30,2022-08-21,2026-04-30
M002019,廖冠宇,銀卡,台南市,1974-04-09,2025-05-02,2026-04-30
M003042,李淑芬,白金,台中市,1964-11-02,2016-05-01,2026-04-30
M000582,廖彥廷,白金,宜蘭縣,1980-05-13,2015-03-31,2026-04-30
M002132,謝柏翰,白金,基隆市,1967-05-25,2016-01-14,2026-04-30
M001369,高怡君,白金,台南市,1960-04-16,2023-11-01,2026-04-30
M005362,蘇美玲,銀卡,新竹市,1966-11-05,2022-05-08,2026-04-30
M000061,黃俊宏,白金,高雄市,1985-07-20,2024-01-01,2026-04-30
M007089,王建宏,白金,宜蘭縣,1962-01-19,2016-03-26,2026-04-30
M006138,江彥廷,銀卡,基隆市,1991-07-18,2018-01-21,2026-04-30
M002360,郭雅雯,金卡,新北市,1991-10-19,2020-01-02,2026-04-30
M004153,廖承翰,銀卡,台南市,1963-11-30,2022-03-20,2026-06-30
M003732,呂柏翰,白金,台中市,1974-02-14,2020-05-15,2026-04-30
M005196,高雅婷,金卡,宜蘭縣,1966-01-15,2022-10-18,2026-04-30
M005469,曾俊傑,白金,彰化縣,1967-12-10,2016-10-14,2026-04-30
M001776,呂佩珊,一般,新竹市,1964-12-08,2015-04-05,2026-04-30
M001905,陳欣怡,一般,台南市,1966-06-10,2019-05-07,2026-04-30
M001514,潘冠宇,一般,宜蘭縣,1997-01-20,2017-08-26,2026-04-30
M000399,洪詩涵,銀卡,台北市,1978-10-16,2019-09-04,2026-04-30
M000309,許家豪,金卡,台南市,1976-11-13,2021-07-09,2026-04-30
M001323,邱志明,一般,台南市,1992-09-16,2025-05-01,2026-04-30
M000852,莊怡君,白金,宜蘭縣,1987-10-15,2023-08-22,2026-04-30
M006478,葉欣怡,金卡,高雄市,1985-04-14,2018-03-11,2026-04-30
M003726,郭雅雯,一般,台南市,1963-06-25,2023-05-07,2026-06-30
M003670,許承翰,金卡,彰化縣,1992-09-01,2016-06-13,2026-04-30
M006888,賴承翰,銀卡,台中市,1989-11-11,2025-09-21,2026-04-30
M000004,莊雅婷,白金,台南市,1964-05-10,2020-08-16,2026-04-30
M000870,蕭欣怡,白金,基隆市,1993-08-12,2022-10-18,2026-04-30
M000528,李家豪,一般,台北市,1960-12-08,2018-06-22,2026-04-30
M006069,賴柏翰,一般,台中市,1963-05-17,2021-06-06,2026-04-30
M000758,賴承翰,銀卡,彰化縣,1980-06-29,2023-09-25,2026-04-30
M004015,蕭彥廷,白金,台南市,1973-05-12,2017-04-28,2026-04-30
M004336,呂柏翰,白金,新竹市,1960-12-22,2020-06-01,2026-04-30
M002202,王彥廷,銀卡,高雄市,1971-04-26,2015-12-04,2026-04-30
M005250,吳冠宇,一般,高雄市,1976-02-10,2016-05-14,2026-04-30
M002479,羅俊傑,金卡,宜蘭縣,1983-11-25,2021-12-13,2026-04-30
M002687,葉詩涵,金卡,高雄市,1975-09-15,2016-11-12,2026-04-30
M007154,許俊宏,金卡,台中市,1968-07-01,2017-12-28,2026-04-30
M004255,呂志明,金卡,彰化縣,1979-05-09,2018-09-17,2026-04-30
M003772,呂彥廷,銀卡,基隆市,1999-04-17,2021-07-01,2026-04-30
M006014,邱俊傑,白金,新北市,1989-05-13,2025-10-15,2026-04-30
M006893,羅宗翰,一般,N/A,1984-03-04,2018-01-03,2026-04-30
M001902,莊俊宏,金卡,台南市,1999-06-09,2017-11-12,2026-06-30
M004949,王欣怡,銀卡,基隆市,1989-11-12,2021-07-12,2026-04-30
M005482,吳雅雯,銀卡,彰化縣,1974-03-15,2022-05-10,2026-04-30
M005391,林家豪,銀卡,桃園市,1972-07-20,2020-10-11,2026-04-30
M001738,鄭志明,白金,台北市,2001-08-17,2024-02-10,2026-06-30
M004944,邱詩涵,一般,彰化縣,2002-10-29,2021-07-05,2026-04-30
M005257,李怡君,一般,台北市,1961-10-01,2018-03-28,2026-04-30
M002564,江佩珊,銀卡,台北市,1965-09-20,2022-12-06,2026-04-30
M001084,曾怡君,金卡,宜蘭縣,1961-04-26,2017-08-05,2026-06-30
M005903,葉柏翰,銀卡,台中市,1989-06-18,2024-07-30,2026-04-30
M005971,蘇建宏,金卡,桃園市,1970-07-30,2016-09-12,2026-04-30
M001098,江雅婷,金卡,彰化縣,1960-06-11,2023-05-01,2026-05-31
M002617,徐心怡,一般,高雄市,1968-01-13,2025-04-05,2026-04-30
M002843,何心怡,銀卡,台南市,1990-11-18,2015-04-23,2026-06-30
M003257,羅詩涵,金卡,高雄市,1968-09-29,2019-07-18,2026-04-30
M006922,林俊傑,一般,高雄市,1999-08-15,2022-02-16,2026-04-30
M002342,高雅雯,白金,彰化縣,1984-11-01,2019-02-19,2026-04-30
M001758,吳彥廷,金卡,宜蘭縣,2001-09-15,2020-11-12,2026-04-30
M005597,洪俊宏,銀卡,新北市,1986-09-24,2020-06-22,2026-04-30
M001468,蘇家豪,白金,新竹市,1900-01-01,2016-12-15,2026-04-30
M002429,徐志明,金卡,台中市,2001-08-10,2017-01-16,2026-04-30
M003684,陳欣怡,金卡,彰化縣,1969-01-15,2021-05-14,2026-04-30
M004667,潘詩涵,金卡,基隆市,1975-07-18,2023-05-10,2026-04-30
M007312,周郁婷,一般,桃園市,1979-10-02,2020-07-20,2026-04-30
M002731,何雅雯,一般,台北市,1982-03-10,2023-06-09,2026-04-30
M002913,蘇佩珊,銀卡,台中市,1985-07-11,2024-09-12,2026-04-30
M002381,洪雅婷,白金,新竹市,1965-09-20,2024-03-01,2026-04-30
M004724,高怡君,一般,新竹市,1975-03-03,2019-10-22,2026-04-30
M007557,邱俊傑,銀卡,桃園市,1985-02-02,2021-03-06,2026-04-30
M005924,羅詩涵,金卡,高雄市,1992-11-06,2015-02-28,2026-04-30
M003275,張承翰,銀卡,新北市,1989-09-12,2020-09-28,2026-04-30
M004592,吳柏翰,銀卡,宜蘭縣,1968-01-09,2021-02-10,2026-04-30
M001286,羅怡君,白金,宜蘭縣,1998-01-20,2021-10-17,2026-04-30
M007538,何心怡,銀卡,新北市,1967-07-10,2021-02-20,2026-04-30
M001572,許俊宏,金卡,新竹市,1981-08-26,2022-01-27,2026-05-31
M001207,李家豪,金卡,宜蘭縣,1965-09-26,2023-02-26,2026-04-30
M002495,徐俊傑,白金,新竹市,1996-05-23,2019-03-11,2026-04-30
M006226,謝建宏,金卡,新北市,1999-02-20,2025-11-17,2026-04-30
M003006,林承翰,一般,台南市,1984-11-12,2020-06-12,2026-04-30
M002006,蔡雅雯,一般,桃園市,1983-05-09,2023-04-19,2026-04-30
M003046,蘇俊宏,白金,新北市,1990-12-22,2020-04-06,2026-04-30
M007511,陳家豪,白金,高雄市,1997-05-18,2022-07-28,2026-04-30
M001527,何彥廷,金卡,新北市,1968-10-06,2025-08-28,2026-04-30
M004159,曾淑芬,一般,台北市,1982-08-27,2021-01-20,2026-04-30
M002386,賴欣怡,一般,宜蘭縣,1998-02-14,2022-07-14,2026-04-30
M004932,羅柏翰,一般,桃園市,1986-09-03,2017-04-06,2026-04-30
M007845,徐柏翰,一般,宜蘭縣,1995-05-06,2016-07-26,2026-04-30
M004977,高俊傑,金卡,新竹市,1992-09-09,2019-04-29,2026-04-30
M007822,羅郁婷,銀卡,基隆市,2000-11-09,2022-02-20,2026-04-30
M003831,蔡郁婷,一般,高雄市,1986-07-23,2021-10-22,2026-04-30
M005400,蘇詩涵,白金,新北市,1990-01-02,2016-03-14,2026-04-30
M005249,李美玲,銀卡,台南市,1978-12-06,2024-09-16,2026-04-30
M003755,蕭郁婷,一般,新北市,2001-02-18,2017-06-15,2026-04-30
M006067,蔡怡君,白金,台南市,1964-08-21,2017-06-14,2026-04-30
M001283,李承翰,一般,高雄市,1989-07-14,2015-07-02,2026-04-30
M005779,呂家豪,銀卡,台中市,1997-01-07,2018-10-09,2026-04-30
M007776,羅承翰,金卡,彰化縣,1971-01-06,2023-01-23,2026-04-30
M002725,蔡俊傑,金卡,桃園市,1992-03-24,2023-05-24,2026-04-30
M004156,陳郁婷,金卡,N/A,1986-05-16,2017-07-24,2026-04-30
M006528,蕭建宏,白金,新竹市,1963-09-13,2017-06-15,2026-04-30
M002839,蘇宗翰,一般,新北市,1998-09-23,2025-09-07,2026-04-30
M007449,許佩珊,銀卡,彰化縣,1961-04-09,2022-12-09,2026-04-30
M003937,謝淑芬,白金,新竹市,1972-01-08,2022-11-07,2026-04-30
M006693,洪欣怡,金卡,新北市,1986-01-05,2020-01-29,2026-04-30
M001996,賴淑芬,一般,新北市,1984-03-17,2018-01-26,2026-06-30
M000929,周建宏,白金,台南市,1999-04-11,2025-02-07,2026-04-30
M000643,呂柏翰,銀卡,台南市,1991-12-15,2022-10-16,2026-04-30
M003086,曾雅婷,銀卡,新北市,1998-11-25,2016-10-06,2026-05-31
M003392,邱宗翰,白金,宜蘭縣,1983-08-24,2024-04-07,2026-04-30
M003346,蕭淑芬,白金,新北市,1998-03-17,2025-06-09,2026-04-30
M001356,莊淑芬,銀卡,宜蘭縣,1978-05-03,2022-12-15,2026-04-30
M004403,蘇柏翰,金卡,台北市,1966-11-04,2025-04-03,2026-04-30
M001037,洪欣怡,白金,桃園市,1986-10-25,2025-07-15,2026-04-30
M004822,李雅雯,白金,台中市,1989-04-26,2020-05-11,2026-04-30
M001749,鄭承翰,銀卡,高雄市,1962-01-31,2021-08-28,2026-04-30
M004727,邱郁婷,白金,新竹市,1993-05-10,2015-02-03,2026-04-30
M000261,謝俊宏,銀卡,新北市,1999-01-22,2018-04-21,2026-04-30
M005694,呂俊傑,一般,基隆市,1962-04-07,2017-07-24,2026-04-30
M004474,徐俊宏,一般,高雄市,2002-06-20,2019-09-06,2026-04-30
M004151,潘雅婷,金卡,台北市,2002-09-18,2019-07-11,2026-04-30
M002970,劉雅雯,金卡,台北市,1963-03-09,2020-12-22,2026-06-30
M003311,洪詩涵,金卡,台南市,1976-04-28,2017-07-27,2026-04-30
M000934,羅家豪,白金,桃園市,1976-05-01,2019-09-02,2026-05-31
M003655,黃承翰,一般,新北市,2002-11-15,2015-12-10,2026-04-30
M004863,羅怡君,銀卡,台中市,1964-03-03,2018-09-11,2026-04-30
M007225,蔡建宏,一般,新北市,2002-09-01,2019-07-16,2026-04-30
M006637,曾詩涵,白金,基隆市,1976-06-24,2015-08-17,2026-04-30
M004182,徐欣怡,一般,宜蘭縣,1961-06-09,2024-03-12,2026-04-30
M000969,邱冠宇,一般,台北市,2001-03-20,2019-12-25,2026-04-30
M004542,羅冠宇,一般,彰化縣,1989-10-12,2017-05-01,2026-04-30
M002823,葉郁婷,金卡,桃園市,1994-04-05,2020-10-04,2026-04-30
M005711,高宗翰,金卡,宜蘭縣,2001-12-24,2025-09-13,2026-05-31
M007466,楊詩涵,金卡,基隆市,1981-08-16,2021-07-09,2026-04-30
M001929,蔡建宏,一般,桃園市,1994-09-06,2024-01-15,2026-04-30
M007190,張柏翰,銀卡,基隆市,1984-07-07,2015-01-13,2026-04-30
M001691,莊淑芬,銀卡,台中市,1987-08-07,2017-07-29,2026-04-30
M001091,洪承翰,金卡,新北市,1995-07-30,2019-07-15,2026-04-30
M001350,陳建宏,一般,台北市,1964-04-22,2023-04-26,2026-04-30
M003359,鄭家豪,一般,台北市,2003-03-17,2016-04-18,2026-04-30
M005350,曾雅雯,一般,新北市,1967-05-01,2024-11-09,2026-04-30
M006682,蘇詩涵,金卡,高雄市,1981-07-06,2015-08-16,2026-04-30
M004703,王雅雯,金卡,桃園市,1991-03-23,2016-08-14,2026-04-30
M003910,陳美玲,金卡,桃園市,1979-08-26,2021-09-22,2026-04-30
M007043,蔡冠宇,金卡,台中市,1977-06-27,2018-11-09,2026-04-30
M000931,羅彥廷,白金,彰化縣,1978-09-21,2020-03-27,2026-04-30
M005285,曾宗翰,金卡,高雄市,1997-07-23,2017-01-19,2026-04-30
M002510,蔡欣怡,銀卡,高雄市,1979-09-06,2025-12-01,2026-04-30
M002700,邱家豪,金卡,台中市,2000-01-19,2024-06-21,2026-04-30
M002678,江俊宏,金卡,宜蘭縣,1992-01-01,2020-08-19,2026-04-30
M005129,謝雅婷,金卡,桃園市,1996-07-09,2018-06-18,2026-04-30
M001885,葉佩珊,銀卡,台中市,1969-12-24,2018-05-12,2026-04-30
M005342,洪郁婷,白金,高雄市,1989-08-27,2023-03-03,2026-05-31
M007351,何心怡,金卡,彰化縣,2002-04-21,2020-01-27,2026-04-30
M001884,楊美玲,一般,新竹市,1989-03-18,2024-09-11,2026-04-30
M006423,廖詩涵,一般,基隆市,1991-11-30,2019-09-10,2026-04-30
M006985,謝佩珊,白金,新北市,2002-05-07,2016-10-01,2026-04-30
M000917,洪彥廷,銀卡,新竹市,1983-06-18,2023-06-30,2026-04-30
M005173,賴俊傑,一般,台中市,1995-10-12,2015-04-23,2026-04-30
M003869,洪柏翰,金卡,台南市,1981-03-04,2021-05-10,2026-04-30
M006403,陳欣怡,白金,台南市,1964-02-15,2024-03-24,2026-04-30
M001997,李志明,銀卡,桃園市,1981-10-20,2017-09-23,2026-04-30
M003613,郭俊宏,白金,桃園市,1989-05-01,2020-09-30,2026-04-30
M006311,陳俊宏,銀卡,宜蘭縣,1990-07-27,2015-04-07,2026-04-30
M002432,許志明,金卡,彰化縣,1977-09-29,2023-11-20,2026-04-30
M000994,葉俊宏,白金,新北市,2002-11-30,2022-02-22,2026-04-30
M004238,黃美玲,銀卡,彰化縣,1983-05-17,2022-06-29,2026-04-30
M002876,何淑芬,金卡,新竹市,2000-05-19,2016-03-18,2026-04-30
M007261,周郁婷,一般,宜蘭縣,1963-10-25,2017-11-05,2026-04-30
M000653,曾建宏,白金,台南市,1966-12-21,2019-01-11,2026-04-30
M002064,周宗翰,白金,基隆市,1977-03-09,2025-03-13,2026-04-30
M003878,何怡君,白金,台南市,1978-07-04,2017-11-15,2026-05-31
M007324,賴淑芬,銀卡,台中市,1995-03-14,2016-03-28,2026-04-30
M007596,周欣怡,銀卡,基隆市,1999-04-29,2025-05-13,2026-04-30
M007329,高冠宇,金卡,台北市,1990-06-16,2020-09-25,2026-04-30
M001477,廖欣怡,一般,N/A,1982-04-17,2020-02-18,2026-04-30
M002378,郭彥廷,一般,台南市,1993-07-17,2024-08-17,2026-04-30
M007974,何淑芬,銀卡,桃園市,1999-01-27,2025-06-02,2026-04-30
M002930,楊怡君,銀卡,台北市,1968-01-08,2020-04-18,2026-04-30
M002173,羅郁婷,一般,基隆市,1960-10-08,2022-04-30,2026-04-30
M006965,羅承翰,金卡,新北市,1996-09-04,2025-09-20,2026-04-30
M006847,何家豪,一般,基隆市,1965-02-09,2016-02-12,2026-04-30
M000864,郭俊宏,銀卡,新北市,1974-07-08,2021-02-08,2026-04-30
M007830,何心怡,金卡,桃園市,1978-05-06,2017-06-13,2026-04-30
M003072,潘承翰,白金,宜蘭縣,1985-05-16,2016-02-23,2026-04-30
M007066,廖怡君,銀卡,台中市,1977-03-21,2025-07-04,2026-04-30
M000629,林郁婷,一般,台南市,1989-04-30,2025-06-01,2026-04-30
M002601,林淑芬,金卡,台中市,1985-07-30,2021-07-09,2026-04-30
M006907,劉淑芬,金卡,新竹市,2001-05-15,2016-08-21,2026-04-30
M007337,王彥廷,金卡,宜蘭縣,2000-10-17,2015-02-21,2026-04-30
M001988,潘柏翰,金卡,台中市,1988-08-26,2023-11-09,2026-04-30
M004296,邱冠宇,一般,台北市,1991-07-22,2022-12-17,2026-04-30
M003035,呂家豪,白金,台南市,1968-03-20,2015-07-11,2026-04-30
M002733,洪俊宏,一般,基隆市,2001-09-28,2020-11-20,2026-04-30
M000698,徐雅雯,銀卡,宜蘭縣,1975-11-13,2024-01-21,2026-04-30
M006903,洪志明,銀卡,桃園市,1985-11-28,2020-05-22,2026-06-30
M003347,邱俊傑,一般,台北市,1973-07-25,2018-07-14,2026-04-30
M001094,徐志明,銀卡,桃園市,1967-11-04,2023-02-20,2026-04-30
M006265,郭郁婷,金卡,新竹市,1990-08-15,2023-09-25,2026-04-30
M006206,鄭雅雯,金卡,台中市,1991-10-17,2018-10-27,2026-04-30
M007979,張詩涵,白金,台南市,1965-01-29,2015-03-02,2026-04-30
M003712,張俊傑,銀卡,彰化縣,1991-08-29,2022-06-22,2026-04-30
M000946,邱柏翰,白金,台南市,1976-05-27,2025-06-17,2026-04-30
M001831,呂彥廷,金卡,宜蘭縣,2000-06-20,2019-03-13,2026-04-30
M006115,楊雅婷,白金,桃園市,1978-09-09,2019-09-26,2026-04-30
M003696,黃美玲,銀卡,桃園市,1976-09-02,2024-08-25,2026-04-30
M005619,呂淑芬,金卡,台中市,1991-09-27,2020-08-26,2026-04-30
M005144,江俊傑,金卡,台中市,1989-11-07,2016-06-03,2026-04-30
M003076,曾欣怡,白金,新竹市,1984-02-25,2021-01-05,2026-04-30
M000992,楊詩涵,白金,彰化縣,1986-11-16,2018-06-10,2026-04-30
M001179,蔡承翰,金卡,基隆市,1966-08-08,2021-05-15,2026-04-30
M006397,曾彥廷,一般,台南市,1987-03-13,2022-03-20,2026-04-30
M004925,郭柏翰,銀卡,台北市,1988-03-11,2023-08-17,2026-04-30
M006500,曾雅雯,白金,新北市,1963-04-23,2016-09-24,2026-06-30
M002393,周彥廷,金卡,台北市,1966-12-11,2024-11-12,2026-04-30
M007779,劉佩珊,金卡,台中市,1967-04-09,2019-11-25,2026-04-30
M007905,蘇雅婷,白金,桃園市,1997-05-07,2021-09-16,2026-04-30
M007846,蔡雅婷,一般,新北市,1962-02-10,2023-09-08,2026-04-30
M003326,蔡淑芬,金卡,新竹市,1973-12-04,2025-12-06,2026-04-30
M003014,李建宏,一般,台中市,2000-04-30,2023-12-06,2026-04-30
M001148,李彥廷,銀卡,台北市,1966-09-22,2015-04-30,2026-04-30
M007413,林宗翰,白金,台中市,1980-06-06,2015-03-15,2026-06-30
M000022,劉雅婷,一般,彰化縣,1972-02-29,2021-05-31,2026-04-30
M000783,蔡雅雯,白金,高雄市,2001-04-15,2019-05-17,2026-04-30
M005586,蘇雅婷,一般,新北市,1989-03-28,2023-11-08,2026-04-30
M005058,劉心怡,金卡,宜蘭縣,1982-10-07,2019-02-20,2026-04-30
M005295,曾柏翰,金卡,台中市,1979-08-05,2023-08-08,2026-04-30
M002534,周彥廷,銀卡,台北市,1900-01-01,2025-02-02,2026-04-30
M000749,張美玲,銀卡,高雄市,1998-04-14,2024-01-05,2026-04-30
M003904,莊雅雯,白金,高雄市,1972-06-03,2016-02-06,2026-04-30
M004136,邱欣怡,金卡,台南市,1982-11-25,2018-06-02,2026-04-30
M002287,林承翰,一般,新北市,1964-05-02,2018-03-28,2026-04-30
M007083,蕭建宏,白金,新北市,1976-12-18,2019-03-30,2026-06-30
M007009,莊雅雯,白金,基隆市,1996-10-24,2024-07-14,2026-04-30
M007008,羅宗翰,一般,新北市,1961-06-18,2016-01-18,2026-04-30
M006225,蕭淑芬,白金,台北市,1965-01-22,2025-09-17,2026-04-30
M006135,潘俊傑,一般,桃園市,1995-07-19,2018-08-30,2026-04-30
M000703,徐心怡,金卡,桃園市,1995-06-24,2018-12-29,2026-04-30
M003798,郭志明,金卡,台南市,1980-06-08,2020-04-05,2026-04-30
M000920,林彥廷,銀卡,台中市,1979-03-28,2019-05-30,2026-04-30
M000086,黃彥廷,一般,基隆市,2002-07-28,2018-03-21,2026-04-30
M006743,高雅雯,一般,基隆市,1989-12-09,2025-12-05,2026-06-30
M002614,王承翰,白金,彰化縣,1970-06-13,2025-08-11,2026-06-30
M002807,曾心怡,金卡,彰化縣,1982-09-28,2019-05-27,2026-04-30
M004826,郭宗翰,銀卡,基隆市,2001-04-09,2021-05-18,2026-04-30
M005023,周美玲,金卡,高雄市,1997-10-17,2021-10-28,2026-04-30
M006398,鄭冠宇,金卡,高雄市,1980-05-04,2024-04-28,2026-04-30
M003173,王冠宇,一般,基隆市,1999-11-26,2022-11-03,2026-04-30
M005856,蘇柏翰,金卡,台南市,1989-02-24,2019-12-27,2026-04-30
M006451,廖雅婷,白金,桃園市,2003-08-24,2024-07-05,2026-04-30
M001859,徐怡君,金卡,台中市,1971-09-25,2020-05-16,2026-04-30
M002398,葉俊傑,一般,桃園市,1986-02-25,2018-07-24,2026-04-30
M002561,吳建宏,銀卡,高雄市,1995-05-21,2015-04-19,2026-04-30
M005248,鄭心怡,白金,新北市,1993-08-15,2016-03-03,2026-04-30
M003068,羅志明,金卡,彰化縣,1970-12-12,2016-05-29,2026-04-30
M004787,王美玲,白金,新北市,1969-12-30,2018-11-28,2026-06-30
M001168,許冠宇,金卡,新竹市,1989-10-01,2015-01-26,2026-04-30
M002767,王雅婷,白金,宜蘭縣,1960-06-09,2019-10-14,2026-04-30
M001076,吳欣怡,金卡,彰化縣,1983-08-24,2024-04-17,2026-05-31
M000983,吳雅雯,一般,高雄市,1962-10-08,2022-07-22,2026-04-30
M005142,周心怡,金卡,基隆市,1992-04-25,2015-11-06,2026-04-30
M003281,鄭雅雯,白金,台北市,1975-08-20,2022-07-25,2026-04-30
M005304,謝詩涵,白金,彰化縣,1976-08-30,2021-08-04,2026-04-30
M000213,徐宗翰,白金,台北市,1994-12-07,2025-02-19,2026-06-30
M005126,鄭怡君,金卡,台北市,1990-03-25,2018-11-29,2026-04-30
M005297,李宗翰,白金,台南市,1960-03-22,2017-05-31,2026-04-30
M004404,許宗翰,金卡,桃園市,1962-04-19,2016-08-26,2026-04-30
M000303,周彥廷,白金,彰化縣,1982-09-09,2017-01-12,2026-05-31
M007169,洪承翰,一般,新北市,1973-11-29,2024-11-02,2026-04-30
M004536,林宗翰,金卡,彰化縣,1973-10-02,2024-12-16,2026-05-31
M004690,江淑芬,一般,台中市,1969-07-28,2017-02-22,2026-04-30
M006126,莊怡君,一般,台北市,1962-01-06,2024-07-30,2026-05-31
M001858,李柏翰,金卡,新北市,1993-09-22,2018-08-10,2026-04-30
M007056,王心怡,白金,台中市,1978-07-14,2019-12-06,2026-04-30
M007321,黃家豪,白金,彰化縣,1969-11-04,2019-02-15,2026-04-30
M002851,潘郁婷,金卡,桃園市,1981-08-20,2020-07-02,2026-04-30
M006943,許佩珊,一般,台中市,1991-02-09,2015-12-07,2026-04-30
M006596,洪宗翰,白金,新北市,1990-09-01,2016-10-25,2026-04-30
M005252,張雅雯,銀卡,新竹市,1990-11-28,2025-06-25,2026-05-31
M003575,王欣怡,一般,高雄市,1992-06-04,2019-12-20,2026-04-30
M003528,莊家豪,白金,彰化縣,2002-04-11,2025-09-09,2026-04-30
M000778,呂雅雯,白金,彰化縣,1969-06-21,2022-01-24,2026-04-30
M004818,吳怡君,白金,新北市,1960-08-04,2023-07-05,2026-04-30
M000893,周怡君,銀卡,新竹市,2001-02-09,2018-07-14,2026-04-30
M001134,楊佩珊,金卡,桃園市,1992-08-28,2018-11-29,2026-04-30
M004103,蘇俊宏,一般,宜蘭縣,1968-01-01,2025-01-20,2026-04-30
M007305,曾雅雯,銀卡,台南市,1987-09-17,2022-03-02,2026-04-30
M001684,賴淑芬,一般,桃園市,1963-04-05,2017-03-03,2026-04-30
M000808,許美玲,白金,彰化縣,1963-11-04,2021-05-09,2026-04-30
M006378,賴詩涵,一般,高雄市,2003-05-19,2018-02-15,2026-04-30
M004700,謝志明,銀卡,宜蘭縣,1997-03-21,2017-08-14,2026-04-30
M001432,邱心怡,白金,宜蘭縣,1979-08-04,2021-05-14,2026-04-30
M006143,蕭佩珊,銀卡,彰化縣,1990-08-18,2020-06-17,2026-06-30
M002931,蘇郁婷,白金,新北市,1981-03-14,2020-11-15,2026-04-30
M007874,洪宗翰,白金,高雄市,2003-10-17,2016-03-11,2026-06-30
M001059,邱家豪,銀卡,台南市,1991-10-31,2022-07-29,2026-04-30
M004696,鄭郁婷,一般,宜蘭縣,1968-08-15,2025-10-03,2026-04-30
M004747,陳柏翰,白金,台北市,1983-03-09,2025-05-18,2026-04-30
M006908,徐淑芬,金卡,台南市,1969-12-01,2016-09-18,2026-04-30
M002899,高怡君,銀卡,基隆市,1976-04-07,2019-08-09,2026-04-30
M002573,謝雅婷,白金,宜蘭縣,2001-07-16,2022-12-25,2026-04-30
M005066,劉建宏,金卡,宜蘭縣,1988-03-19,2021-04-26,2026-06-30
M006090,黃俊宏,一般,桃園市,1960-02-26,2015-05-27,2026-04-30
M002097,蘇冠宇,銀卡,基隆市,1999-12-08,2019-01-23,2026-04-30
M007159,高俊傑,金卡,基隆市,1965-04-26,2016-08-10,2026-04-30
M000545,何承翰,白金,台北市,2000-05-15,2017-12-28,2026-04-30
M000487,莊淑芬,金卡,桃園市,1968-08-17,2024-01-11,2026-04-30
M002330,吳承翰,白金,新北市,1997-07-01,2021-02-05,2026-04-30
M006340,羅心怡,白金,新竹市,1986-12-12,2022-03-24,2026-05-31
M001912,謝俊宏,銀卡,高雄市,1981-10-02,2019-02-22,2026-04-30
M006107,賴柏翰,金卡,台北市,1970-10-02,2020-02-25,2026-05-31
M003356,邱柏翰,一般,新竹市,1989-08-31,2017-10-07,2026-04-30
M006076,張家豪,一般,宜蘭縣,1984-06-04,2016-10-08,2026-04-30
M001132,周雅婷,金卡,宜蘭縣,1980-04-04,2018-04-20,2026-04-30
M003763,周雅婷,白金,新北市,1967-08-21,2016-04-26,2026-04-30
M007803,羅美玲,白金,宜蘭縣,1994-03-04,2020-05-13,2026-04-30
M005633,呂雅婷,銀卡,台中市,1971-01-02,2019-11-09,2026-04-30
M005302,楊柏翰,白金,新北市,1968-08-20,2020-07-02,2026-04-30
M003456,吳冠宇,白金,桃園市,1967-11-27,2021-09-27,2026-06-30
M000259,謝志明,銀卡,高雄市,2002-10-22,2024-05-01,2026-04-30
M004731,何建宏,一般,高雄市,2003-02-07,2019-12-26,2026-04-30
M003802,賴美玲,白金,新竹市,1969-04-28,2021-01-02,2026-04-30
M002565,黃美玲,白金,桃園市,1969-11-25,2016-10-04,2026-04-30
M004748,謝建宏,銀卡,彰化縣,1975-03-04,2025-09-16,2026-04-30
M003726,郭雅雯,一般,新竹市,1963-06-25,2023-05-07,2026-04-30
M006551,郭承翰,金卡,台北市,1973-05-13,2020-06-03,2026-04-30
M001248,江俊傑,金卡,台南市,1983-06-14,2015-10-24,2026-04-30
M002909,劉雅婷,銀卡,台中市,1976-11-22,2019-12-24,2026-04-30
M007967,江詩涵,銀卡,基隆市,1974-07-06,2020-04-21,2026-04-30
M004390,徐彥廷,金卡,宜蘭縣,1979-12-10,2016-03-25,2026-06-30
M003815,廖雅雯,一般,高雄市,1973-06-27,2024-09-04,2026-04-30
M007304,潘雅婷,一般,台中市,2001-03-01,2021-07-10,2026-04-30
M005400,蘇詩涵,白金,台北市,1990-01-02,2016-03-14,2026-06-30
M002090,洪郁婷,金卡,高雄市,1969-06-27,2020-03-04,2026-04-30
M000448,蘇柏翰,金卡,台中市,1965-07-19,2020-04-07,2026-04-30
M001239,曾冠宇,一般,彰化縣,1970-04-19,2020-06-16,2026-04-30
M006298,林佩珊,銀卡,新竹市,1967-11-14,2018-05-24,2026-04-30
M003503,洪柏翰,銀卡,新北市,1988-02-03,2025-08-17,2026-04-30
M004218,謝雅婷,白金,新北市,1983-05-15,2025-10-04,2026-04-30
M002309,劉彥廷,白金,台北市,1984-03-09,2022-04-24,2026-04-30
M003742,蕭欣怡,一般,基隆市,1980-06-01,2019-02-05,2026-04-30
M006619,許詩涵,銀卡,台北市,1979-06-05,2015-12-24,2026-04-30
M000243,王欣怡,金卡,新竹市,1971-06-14,2015-10-16,2026-04-30
M005626,郭家豪,金卡,高雄市,1998-11-10,2022-01-29,2026-04-30
M004581,蘇家豪,白金,台中市,1967-05-11,2025-03-05,2026-04-30
M002871,莊郁婷,金卡,桃園市,2002-08-14,2016-10-17,2026-04-30
M004440,周怡君,銀卡,台北市,1969-09-11,2023-06-04,2026-04-30
M000147,蕭雅雯,金卡,台北市,1998-08-31,2015-08-12,2026-04-30
M003328,劉承翰,白金,高雄市,1963-02-26,2019-04-06,2026-04-30
M002742,潘美玲,金卡,台中市,1978-03-14,2024-03-08,2026-04-30
M000854,廖冠宇,金卡,新北市,1967-06-20,2025-04-22,2026-06-30
M007916,李欣怡,金卡,台中市,1970-03-31,2020-10-06,2026-04-30
M002337,劉俊傑,一般,高雄市,1990-04-26,2024-01-02,2026-04-30
M004461,黃怡君,一般,台北市,1998-10-16,2016-09-18,2026-04-30
M004961,蔡彥廷,金卡,新北市,1988-03-03,2015-05-20,2026-04-30
M000352,蕭承翰,銀卡,彰化縣,1989-08-14,2024-06-22,2026-04-30
M004355,謝佩珊,金卡,台北市,1998-08-17,2024-07-19,2026-04-30
M002500,廖欣怡,金卡,彰化縣,2001-03-02,2024-04-15,2026-04-30
M000209,洪郁婷,銀卡,基隆市,1999-08-09,2020-11-23,2026-04-30
M006404,何家豪,銀卡,台南市,1960-09-28,2022-10-25,2026-04-30
M004266,曾美玲,白金,高雄市,1986-11-21,2020-09-30,2026-04-30
M001401,蘇家豪,一般,桃園市,1985-12-11,2019-04-24,2026-04-30
M004170,江建宏,一般,台南市,1991-08-31,2022-07-24,2026-04-30
M004713,呂美玲,銀卡,彰化縣,1966-08-05,2019-09-26,2026-04-30
M004616,羅淑芬,一般,桃園市,1990-07-15,2021-10-06,2026-04-30
M004683,吳雅婷,銀卡,台南市,1962-03-05,2021-06-17,2026-04-30
M007964,江承翰,銀卡,台中市,2003-02-26,2023-07-10,2026-04-30
M004637,洪雅雯,一般,新竹市,1968-02-03,2018-04-05,2026-04-30
M004388,羅宗翰,金卡,台中市,1986-07-22,2015-10-10,2026-04-30
M000551,蕭柏翰,一般,台南市,1985-06-30,2019-03-20,2026-04-30
M000655,莊宗翰,白金,新北市,1977-03-04,2017-07-15,2026-04-30
M000083,李承翰,一般,彰化縣,1973-04-18,2025-03-22,2026-04-30
M004583,李心怡,銀卡,桃園市,1965-07-09,2024-12-19,2026-04-30
M000394,周怡君,一般,台南市,2001-08-23,2023-12-05,2026-04-30
M001044,周承翰,金卡,台南市,1962-10-27,2016-08-08,2026-04-30
M006124,謝淑芬,白金,彰化縣,1976-07-15,2015-07-18,2026-04-30
M000194,周志明,白金,桃園市,1961-11-05,2019-09-22,2026-04-30
M005456,邱詩涵,銀卡,高雄市,1976-02-22,2016-10-04,2026-04-30
M004100,黃志明,銀卡,基隆市,1961-07-04,2021-08-24,2026-05-31
M003191,江雅雯,金卡,桃園市,1976-07-20,2020-04-20,2026-04-30
M004919,謝心怡,白金,高雄市,1974-02-02,2017-05-23,2026-04-30
M005106,潘郁婷,一般,台中市,1965-02-19,2017-11-27,2026-04-30
M000179,葉美玲,一般,桃園市,1992-04-30,2025-07-28,2026-04-30
M002366,何欣怡,銀卡,高雄市,2001-10-24,2022-12-05,2026-04-30
M000622,葉建宏,一般,台中市,2001-03-28,2021-03-07,2026-04-30
M000085,洪心怡,一般,宜蘭縣,1989-04-27,2016-04-19,2026-04-30
M005889,劉美玲,金卡,台南市,1992-05-25,2017-08-16,2026-04-30
M001947,許郁婷,一般,基隆市,1961-06-12,2023-05-10,2026-04-30
M002915,廖彥廷,一般,基隆市,1972-04-17,2020-02-16,2026-04-30
M005278,謝雅雯,金卡,新竹市,2001-12-23,2024-08-30,2026-04-30
M000892,李美玲,一般,高雄市,1999-03-06,2024-12-24,2026-04-30
M004720,江詩涵,白金,高雄市,1971-02-28,2024-09-04,2026-04-30
M007885,江佩珊,一般,彰化縣,1963-09-05,2021-01-31,2026-04-30
M006728,劉家豪,一般,桃園市,1982-01-19,2023-11-09,2026-06-30
M002070,徐雅婷,銀卡,新北市,1974-08-19,2021-10-20,2026-05-31
M001065,江美玲,銀卡,桃園市,1962-08-17,2015-06-24,2026-04-30
M000663,郭心怡,一般,台中市,1985-11-29,2020-04-02,2026-04-30
M006791,王宗翰,白金,新竹市,1997-12-07,2017-06-07,2026-04-30
M003768,謝佩珊,銀卡,台北市,2001-12-23,2018-05-01,2026-04-30
M003921,黃建宏,一般,新北市,1982-01-16,2021-01-05,2026-04-30
M003824,呂郁婷,一般,宜蘭縣,1992-01-05,2022-07-19,2026-04-30
M005371,賴建宏,一般,宜蘭縣,1991-05-01,2019-05-17,2026-04-30
M001826,林雅雯,白金,新北市,1973-11-10,2017-03-23,2026-04-30
M006642,呂美玲,金卡,台北市,1991-06-21,2024-09-27,2026-04-30
M007287,莊佩珊,一般,新北市,1988-01-10,2015-06-01,2026-04-30
M003357,蔡欣怡,白金,台南市,1970-01-10,2025-05-07,2026-05-31
M007492,曾心怡,白金,台北市,1981-01-19,2025-09-03,2026-04-30
M001583,林雅雯,白金,台北市,2001-08-26,2023-08-24,2026-04-30
M003166,蘇淑芬,白金,桃園市,1965-12-30,2021-07-04,2026-06-30
M006611,廖佩珊,一般,N/A,1975-10-16,2019-02-26,2026-04-30
M000127,蕭俊傑,一般,新北市,1986-10-12,2019-05-25,2026-04-30
M007823,謝俊傑,金卡,彰化縣,2002-06-27,2017-11-16,2026-04-30
M007326,賴佩珊,金卡,台南市,2003-01-30,2017-12-11,2026-04-30
M007896,楊冠宇,一般,桃園市,1900-01-01,2019-07-06,2026-04-30
M004059,曾宗翰,一般,基隆市,1966-07-27,2017-11-05,2026-04-30
M007085,廖彥廷,白金,宜蘭縣,1964-10-22,2016-11-25,2026-04-30
M001091,洪承翰,白金,新北市,1995-07-30,2019-07-15,2026-06-30
M000723,王心怡,銀卡,台中市,1982-02-26,2024-02-26,2026-04-30
M000318,張佩珊,金卡,彰化縣,2002-11-26,2019-12-16,2026-05-31
M000167,陳志明,一般,台南市,1992-09-03,2022-11-18,2026-04-30
M004517,蘇郁婷,金卡,桃園市,1976-07-03,2023-10-21,2026-04-30
M004602,蕭冠宇,銀卡,彰化縣,1900-01-01,2021-08-08,2026-04-30
M000793,葉建宏,銀卡,台中市,1967-12-13,2020-10-21,2026-06-30
M007350,廖美玲,白金,高雄市,1972-12-23,2021-07-06,2026-05-31
M006318,葉冠宇,一般,台北市,1967-04-01,2023-06-18,2026-04-30
M002978,林承翰,銀卡,台北市,1967-08-29,2024-07-18,2026-04-30
M002878,郭俊傑,一般,基隆市,1977-03-05,2018-11-02,2026-04-30
M001172,林郁婷,白金,新北市,1995-09-14,2016-03-16,2026-04-30
M005329,徐心怡,白金,台南市,1988-05-14,2021-03-18,2026-05-31
M001696,呂美玲,銀卡,宜蘭縣,1988-05-23,2016-12-23,2026-04-30
M007563,高淑芬,銀卡,宜蘭縣,1966-07-07,2015-01-30,2026-04-30
M001346,何承翰,一般,高雄市,1983-02-15,2015-06-10,2026-04-30
M003481,鄭俊宏,金卡,台中市,1991-07-15,2021-05-28,2026-04-30
M001315,楊雅婷,一般,台南市,1965-09-09,2024-11-06,2026-04-30
M001648,賴雅婷,白金,台中市,1998-05-12,2022-10-26,2026-04-30
M006523,蕭詩涵,金卡,台北市,2003-07-02,2019-02-10,2026-04-30
M005083,許雅婷,銀卡,新竹市,1987-01-22,2022-04-07,2026-04-30
M004901,蘇雅婷,白金,台中市,1984-04-28,2024-01-18,2026-05-31
M006088,郭彥廷,銀卡,新竹市,1992-08-19,2022-06-22,2026-05-31
M002233,楊彥廷,金卡,高雄市,2000-05-01,2020-03-17,2026-04-30
M007073,謝志明,金卡,台中市,1967-12-07,2025-05-25,2026-04-30
M005139,廖彥廷,一般,高雄市,1996-01-15,2017-01-12,2026-04-30
M007172,楊冠宇,一般,台中市,1960-05-08,2017-04-25,2026-04-30
M003035,呂家豪,白金,台南市,1968-03-20,2015-07-11,2026-06-30
M001667,楊建宏,一般,台北市,1988-07-20,2018-06-15,2026-04-30
M003724,許彥廷,一般,新竹市,1966-10-11,2024-03-02,2026-04-30
M007816,何俊傑,白金,新北市,1973-10-03,2022-02-10,2026-04-30
M007146,陳欣怡,一般,新竹市,1976-03-28,2016-11-14,2026-05-31
M007573,謝淑芬,白金,高雄市,1961-04-05,2019-08-04,2026-04-30
M003415,賴承翰,金卡,台中市,2002-08-22,2021-01-14,2026-04-30
M007716,賴冠宇,銀卡,基隆市,1982-12-12,2024-12-02,2026-04-30
M001082,廖俊宏,一般,新北市,1991-02-05,2019-11-03,2026-05-31
M003426,呂柏翰,金卡,桃園市,1961-03-13,2016-04-28,2026-04-30
M002715,徐宗翰,白金,宜蘭縣,1975-11-08,2018-02-25,2026-04-30
M002555,羅詩涵,銀卡,新北市,1971-12-21,2017-10-10,2026-04-30
M003065,劉佩珊,金卡,新北市,1967-06-08,2023-07-24,2026-06-30
M000792,王郁婷,銀卡,高雄市,1964-08-03,2023-05-12,2026-04-30
M000051,陳冠宇,一般,高雄市,1991-08-28,2020-06-09,2026-04-30
M004524,何欣怡,金卡,高雄市,1977-09-17,2023-01-29,2026-04-30
M006003,鄭宗翰,白金,桃園市,1961-03-28,2020-12-11,2026-04-30
M000320,洪俊傑,銀卡,宜蘭縣,1992-01-10,2019-04-29,2026-04-30
M003451,洪彥廷,一般,桃園市,1990-04-05,2015-03-04,2026-04-30
M004016,陳宗翰,一般,新竹市,1963-03-28,2025-09-28,2026-04-30
M004304,楊俊傑,金卡,台北市,1976-01-17,2018-09-07,2026-04-30
M007086,賴志明,一般,宜蘭縣,1976-03-01,2018-06-06,2026-04-30
M001020,曾宗翰,白金,新竹市,1999-09-02,2018-03-01,2026-04-30
M000262,謝俊傑,金卡,新北市,1989-09-30,2016-10-17,2026-04-30
M005545,羅建宏,白金,高雄市,1985-10-24,2015-08-31,2026-04-30
M006407,鄭柏翰,金卡,基隆市,1989-03-13,2022-06-26,2026-04-30
M006495,羅志明,銀卡,台中市,1971-03-27,2015-11-14,2026-04-30
M003499,郭雅雯,白金,台北市,1976-02-03,2017-04-29,2026-04-30
M005676,黃彥廷,白金,新竹市,1979-01-04,2017-01-04,2026-04-30
M002310,呂佩珊,金卡,台中市,1999-01-02,2023-07-25,2026-04-30
M004498,謝欣怡,一般,基隆市,1977-04-09,2015-05-02,2026-04-30
M007935,陳郁婷,一般,高雄市,1986-11-20,2019-05-09,2026-04-30
M005972,許志明,金卡,新北市,1968-12-25,2021-08-28,2026-04-30
M001932,何雅雯,金卡,N/A,1969-08-30,2023-09-11,2026-04-30
M004092,王宗翰,白金,新竹市,1968-05-10,2017-10-05,2026-04-30
M003004,葉美玲,銀卡,桃園市,1990-05-30,2020-06-03,2026-04-30
M000265,李佩珊,一般,桃園市,1971-09-23,2020-05-13,2026-04-30
M004635,賴俊宏,一般,高雄市,1987-07-10,2016-08-14,2026-04-30
M001360,許志明,金卡,台北市,1988-03-07,2021-05-30,2026-04-30
M003422,葉心怡,一般,桃園市,1963-01-27,2025-10-18,2026-04-30
M003155,高俊傑,白金,新北市,1967-06-24,2017-01-25,2026-04-30
M003714,羅淑芬,銀卡,高雄市,1975-03-31,2019-05-29,2026-04-30
M000567,蘇郁婷,金卡,基隆市,1977-11-09,2022-10-18,2026-06-30
M002160,葉俊傑,白金,台南市,1985-02-10,2020-04-20,2026-04-30
M007998,許怡君,銀卡,新北市,1963-08-17,2024-01-17,2026-04-30
M003452,莊彥廷,一般,彰化縣,1961-11-30,2020-12-23,2026-04-30
M004004,徐承翰,白金,台南市,1900-01-01,2025-06-22,2026-05-31
M002591,楊美玲,白金,新北市,1988-02-01,2017-10-09,2026-04-30
M006483,曾柏翰,銀卡,台南市,1965-10-08,2022-05-12,2026-04-30
M005599,謝冠宇,金卡,高雄市,2003-01-07,2016-05-31,2026-04-30
M007705,曾志明,金卡,桃園市,2000-01-03,2016-12-23,2026-04-30
M003818,林宗翰,一般,新竹市,1988-07-10,2024-07-02,2026-04-30
M001062,黃怡君,銀卡,新竹市,1972-03-27,2025-11-06,2026-04-30
M002238,謝宗翰,白金,台南市,1996-06-02,2023-08-11,2026-04-30
M002963,鄭雅婷,金卡,桃園市,1969-04-12,2024-08-27,2026-04-30
M005555,蘇冠宇,白金,台中市,1994-01-13,2024-04-02,2026-04-30
M005447,賴柏翰,一般,台北市,1980-08-29,2017-02-05,2026-04-30
M002170,郭佩珊,銀卡,台北市,1986-10-12,2023-08-11,2026-04-30
M006571,劉柏翰,白金,新竹市,1969-01-25,2025-01-06,2026-06-30
M004360,賴宗翰,一般,新北市,1977-08-27,2025-09-25,2026-04-30
M001800,蘇柏翰,銀卡,新北市,1982-04-01,2021-10-31,2026-04-30
M005049,徐雅雯,銀卡,高雄市,1976-05-30,2016-03-29,2026-04-30
M002703,廖怡君,白金,基隆市,1967-02-26,2020-04-27,2026-04-30
M003472,葉建宏,白金,基隆市,1999-07-01,2017-05-12,2026-04-30
M002994,楊心怡,一般,台北市,1970-04-01,2023-03-07,2026-04-30
M006064,莊志明,一般,宜蘭縣,1988-07-18,2016-11-08,2026-04-30
M002420,江彥廷,一般,基隆市,1999-06-11,2019-07-23,2026-04-30
M002338,徐俊傑,銀卡,高雄市,1980-01-11,2024-06-22,2026-04-30
M004267,廖俊宏,白金,基隆市,2003-04-30,2018-10-04,2026-04-30
M006184,楊冠宇,銀卡,新竹市,1994-10-15,2025-04-12,2026-04-30
M003336,楊柏翰,金卡,彰化縣,1983-07-15,2023-05-04,2026-04-30
M002144,黃承翰,一般,新北市,1996-07-20,2019-08-18,2026-04-30
M000044,邱彥廷,銀卡,高雄市,1984-05-23,2018-08-10,2026-04-30
M002375,羅雅雯,銀卡,桃園市,2000-09-24,2025-01-17,2026-04-30
M001180,張美玲,一般,桃園市,1972-03-18,2016-11-19,2026-04-30
M000088,李郁婷,白金,彰化縣,1989-12-31,2022-05-31,2026-04-30
M006895,呂美玲,一般,台南市,2000-10-04,2024-03-12,2026-04-30
M005074,黃怡君,金卡,新竹市,1979-07-22,2015-02-17,2026-04-30
M005987,何欣怡,一般,宜蘭縣,1998-07-03,2018-09-01,2026-04-30
M004662,高承翰,白金,宜蘭縣,1996-02-06,2015-10-27,2026-04-30
M002450,徐佩珊,白金,台北市,1976-09-30,2018-01-25,2026-04-30
M003436,黃雅婷,銀卡,桃園市,1982-03-12,2016-11-02,2026-04-30
M003518,邱柏翰,金卡,彰化縣,1962-09-21,2021-08-08,2026-04-30
M003890,蘇佩珊,銀卡,基隆市,1986-08-15,2025-09-29,2026-04-30
M001928,高家豪,白金,彰化縣,1983-10-24,2015-09-22,2026-04-30
M002609,賴家豪,一般,台北市,1982-07-10,2017-06-26,2026-04-30
M002619,張雅婷,銀卡,彰化縣,1991-04-20,2019-01-24,2026-04-30
M006899,何宗翰,一般,新竹市,1980-08-25,2015-10-12,2026-04-30
M005729,何志明,一般,基隆市,1964-10-01,2023-05-05,2026-04-30
M000863,謝俊傑,一般,台南市,1993-06-25,2021-10-16,2026-04-30
M005390,劉淑芬,一般,彰化縣,1968-01-13,2017-01-09,2026-04-30
M002914,王建宏,一般,新竹市,1999-05-24,2018-06-19,2026-04-30
M004436,謝佩珊,金卡,台北市,1986-12-27,2019-12-10,2026-04-30
M001416,許宗翰,銀卡,高雄市,1964-09-11,2025-11-07,2026-06-30
M007900,潘郁婷,銀卡,台中市,1970-08-14,2020-10-15,2026-04-30
M004086,高俊宏,金卡,台中市,1996-07-09,2016-01-17,2026-04-30
M007245,許雅雯,金卡,彰化縣,1974-11-09,2018-02-25,2026-04-30
M001511,周彥廷,白金,桃園市,2001-07-11,2020-01-18,2026-04-30
M007674,潘郁婷,金卡,台中市,1973-07-15,2018-02-23,2026-04-30
M000895,蔡俊宏,白金,基隆市,1988-01-25,2021-08-09,2026-04-30
M004819,莊詩涵,金卡,新竹市,1999-11-14,2015-04-22,2026-04-30
M004217,高心怡,白金,新北市,1975-07-26,2020-05-24,2026-04-30
M006248,楊雅婷,銀卡,基隆市,2001-01-03,2016-06-22,2026-04-30
M003799,楊彥廷,一般,宜蘭縣,1968-08-30,2021-01-18,2026-04-30
M006979,許建宏,白金,宜蘭縣,2001-01-28,2024-08-01,2026-05-31
M006717,高彥廷,銀卡,新竹市,1986-12-07,2016-05-28,2026-04-30
M007681,江彥廷,白金,基隆市,1962-01-13,2023-04-10,2026-04-30
M001297,高詩涵,金卡,宜蘭縣,1998-10-17,2022-07-27,2026-04-30
M007040,江承翰,銀卡,彰化縣,2000-08-17,2020-03-06,2026-04-30
M002324,許雅雯,金卡,彰化縣,1985-12-29,2019-08-01,2026-04-30
M002523,周建宏,金卡,台中市,1968-06-02,2023-08-04,2026-04-30
M006818,李雅雯,金卡,彰化縣,1969-11-16,2019-03-08,2026-04-30
M004507,吳俊傑,一般,桃園市,1995-01-22,2025-05-27,2026-04-30
M001703,邱詩涵,銀卡,台南市,1965-11-11,2016-10-29,2026-04-30
M007864,鄭建宏,一般,台北市,1997-10-28,2025-10-05,2026-04-30
M006783,廖家豪,金卡,新北市,1989-11-02,2019-08-25,2026-04-30
M002623,張冠宇,白金,彰化縣,1987-01-28,2021-04-01,2026-04-30
M006648,葉俊傑,銀卡,新北市,1970-07-13,2023-12-23,2026-04-30
M002016,劉怡君,金卡,台南市,1976-09-21,2021-07-15,2026-04-30
M002055,葉家豪,銀卡,台中市,1980-04-22,2018-11-19,2026-04-30
M005343,劉冠宇,白金,台北市,1985-11-28,2017-06-14,2026-04-30
M000803,邱承翰,白金,桃園市,1972-04-22,2019-09-04,2026-04-30
M001577,王彥廷,銀卡,彰化縣,2000-01-17,2025-05-11,2026-04-30
M001568,邱怡君,一般,宜蘭縣,1969-09-02,2019-02-16,2026-04-30
M006936,鄭美玲,白金,基隆市,1983-04-22,2018-11-11,2026-04-30
M005315,葉宗翰,一般,彰化縣,1968-02-01,2025-09-28,2026-04-30
M004757,高郁婷,一般,新竹市,1989-08-20,2019-03-21,2026-04-30
M005142,周心怡,白金,基隆市,1992-04-25,2015-11-06,2026-05-31
M005277,李宗翰,白金,台南市,1987-06-26,2021-09-23,2026-04-30
M003988,莊志明,金卡,新北市,1984-04-01,2020-02-14,2026-04-30
M005612,羅俊宏,一般,台北市,1979-12-24,2023-10-21,2026-04-30
M000190,李美玲,白金,台北市,1975-11-23,2018-04-04,2026-05-31
M006049,呂建宏,一般,台中市,1998-03-08,2017-09-30,2026-04-30
M004408,謝詩涵,白金,桃園市,1977-03-24,2018-06-22,2026-04-30
M005375,許怡君,金卡,新竹市,1960-12-22,2024-03-15,2026-04-30
M006816,洪宗翰,金卡,新竹市,1983-09-29,2025-06-25,2026-04-30
M000026,洪郁婷,一般,宜蘭縣,1961-09-26,2019-11-12,2026-04-30
M002110,鄭冠宇,銀卡,台南市,2001-09-09,2019-06-24,2026-05-31
M005748,高柏翰,金卡,台中市,1976-04-19,2018-03-15,2026-04-30
M000460,江美玲,銀卡,台南市,1962-07-16,2025-08-09,2026-04-30
M002834,謝俊宏,銀卡,新竹市,2002-02-12,2023-04-13,2026-04-30
M007840,莊俊宏,白金,台中市,1963-02-27,2019-03-17,2026-06-30
M004743,江怡君,一般,彰化縣,1977-12-03,2022-06-29,2026-04-30
M005954,莊心怡,銀卡,高雄市,1984-02-23,2024-12-16,2026-04-30
M005345,廖心怡,白金,高雄市,1990-02-03,2025-01-05,2026-04-30
M007213,周冠宇,銀卡,台南市,1966-12-08,2017-11-24,2026-04-30
M004243,潘欣怡,金卡,桃園市,1967-08-31,2016-11-04,2026-05-31
M004931,張俊傑,銀卡,基隆市,1989-09-17,2020-07-21,2026-04-30
M003852,潘雅婷,金卡,桃園市,1963-07-31,2016-10-29,2026-04-30
M006438,楊家豪,白金,彰化縣,1983-06-26,2021-04-03,2026-04-30
M006919,劉美玲,一般,台中市,1977-11-11,2016-09-25,2026-04-30
M006598,蘇美玲,銀卡,高雄市,1982-10-11,2022-09-30,2026-04-30
M003597,黃志明,金卡,高雄市,2000-11-24,2019-10-27,2026-06-30
M000552,林建宏,銀卡,台南市,1981-07-25,2019-10-18,2026-06-30
M006238,賴承翰,一般,台北市,1980-07-20,2019-08-24,2026-04-30
M000928,洪郁婷,白金,台北市,1991-07-28,2020-12-22,2026-04-30
M000106,楊建宏,金卡,桃園市,1968-06-17,2025-03-18,2026-04-30
M005442,許怡君,銀卡,高雄市,1966-02-14,2019-04-18,2026-04-30
M003877,葉柏翰,白金,高雄市,1999-03-18,2016-04-15,2026-04-30
M001326,黃冠宇,一般,台中市,1966-06-06,2023-01-29,2026-04-30
M004534,鄭佩珊,銀卡,桃園市,1966-12-23,2025-11-16,2026-04-30
M004918,蘇怡君,白金,新北市,1989-05-06,2017-01-17,2026-04-30
M001306,李怡君,白金,高雄市,1994-03-28,2020-07-15,2026-05-31
M007960,徐建宏,銀卡,台南市,1978-12-26,2022-04-05,2026-04-30
M000529,王柏翰,一般,台北市,1976-04-27,2018-10-18,2026-04-30
M003808,蔡建宏,銀卡,彰化縣,1976-12-12,2018-09-21,2026-06-30
M000402,江冠宇,金卡,台中市,2000-03-24,2022-10-11,2026-04-30
M006975,何美玲,白金,台南市,2003-08-19,2019-08-16,2026-05-31
M003158,李宗翰,金卡,宜蘭縣,1993-04-28,2023-07-31,2026-04-30
M004196,洪彥廷,金卡,宜蘭縣,1990-05-03,2015-12-08,2026-04-30
M003764,蘇宗翰,銀卡,彰化縣,1970-08-10,2016-03-02,2026-04-30
M001807,邱承翰,一般,台中市,1972-12-24,2017-12-11,2026-04-30
M001653,江心怡,金卡,新竹市,1997-01-29,2018-06-09,2026-04-30
M001075,李俊宏,銀卡,新竹市,1988-08-16,2021-08-05,2026-04-30
M006997,周詩涵,金卡,高雄市,1990-11-28,2018-12-14,2026-04-30
M004590,李詩涵,白金,新竹市,1975-08-20,2020-03-24,2026-04-30
M000851,邱建宏,銀卡,高雄市,1989-07-08,2020-10-29,2026-04-30
M001355,蔡欣怡,金卡,高雄市,1968-01-17,2020-01-09,2026-04-30
M003021,黃雅雯,白金,台中市,1982-03-14,2019-07-14,2026-04-30
M001331,謝俊傑,白金,宜蘭縣,1999-09-20,2021-03-21,2026-04-30
M005189,洪建宏,一般,彰化縣,1967-11-29,2024-09-19,2026-04-30
M007734,蕭宗翰,金卡,台北市,1965-06-24,2018-05-18,2026-04-30
M007202,郭志明,金卡,基隆市,1997-05-08,2015-02-27,2026-04-30
M003106,王雅雯,一般,新北市,1972-01-22,2018-06-09,2026-04-30
M005107,謝家豪,白金,桃園市,1972-10-18,2025-07-09,2026-05-31
M000683,楊志明,金卡,新竹市,2001-06-25,2025-03-18,2026-04-30
M005836,謝俊傑,金卡,宜蘭縣,1986-03-16,2015-07-21,2026-04-30
M007691,邱俊傑,銀卡,彰化縣,1997-12-31,2023-05-26,2026-04-30
M006165,羅建宏,銀卡,台南市,1962-02-07,2015-10-06,2026-05-31
M004141,江美玲,銀卡,桃園市,1974-10-08,2023-09-08,2026-06-30
M003056,高怡君,一般,台中市,1996-07-25,2023-06-23,2026-04-30
M000344,徐雅雯,金卡,台南市,1973-02-01,2023-06-28,2026-04-30
M005896,高佩珊,金卡,宜蘭縣,1964-03-02,2023-04-19,2026-04-30
M002750,徐承翰,銀卡,基隆市,1978-12-28,2018-02-01,2026-04-30
M007733,許志明,一般,高雄市,1994-04-26,2019-02-01,2026-04-30
M000156,呂欣怡,銀卡,台南市,1989-01-21,2017-06-17,2026-06-30
M006710,蘇志明,白金,台中市,1972-09-15,2022-03-24,2026-04-30
M003147,李冠宇,白金,高雄市,1966-03-30,2019-09-14,2026-04-30
M005301,謝怡君,金卡,台南市,1962-03-28,2021-09-09,2026-04-30
M006307,張欣怡,銀卡,高雄市,1990-02-22,2017-03-26,2026-04-30
M003909,謝美玲,白金,宜蘭縣,1972-12-30,2015-12-17,2026-04-30
M001785,許宗翰,白金,新北市,1967-12-25,2019-10-20,2026-04-30
M000220,蔡心怡,銀卡,高雄市,1989-12-08,2023-07-26,2026-04-30
M003136,王柏翰,白金,新北市,1970-05-08,2017-12-07,2026-04-30
M003175,廖美玲,銀卡,高雄市,1995-08-18,2017-06-04,2026-05-31
M006264,江欣怡,金卡,彰化縣,1984-07-25,2018-10-06,2026-04-30
M002592,黃柏翰,一般,台南市,1997-01-05,2016-12-31,2026-04-30
M006497,劉欣怡,白金,新竹市,2003-09-27,2025-01-01,2026-04-30
M007644,廖俊傑,白金,基隆市,1995-12-19,2018-05-06,2026-05-31
M007052,廖怡君,白金,台北市,1967-10-16,2025-06-14,2026-06-30
M007932,鄭志明,一般,台中市,1962-10-20,2015-07-21,2026-04-30
M000144,潘佩珊,一般,台北市,1970-05-30,2016-07-25,2026-04-30
M002320,吳冠宇,銀卡,高雄市,1986-06-28,2025-01-26,2026-04-30
M001788,鄭心怡,白金,新北市,1977-08-20,2015-08-03,2026-06-30
M000033,葉雅雯,一般,高雄市,1967-08-20,2020-01-12,2026-04-30
M000223,莊志明,白金,桃園市,1976-06-04,2022-02-06,2026-04-30
M006721,許淑芬,一般,台北市,1989-05-08,2024-04-19,2026-04-30
M007863,洪建宏,一般,基隆市,1977-07-06,2019-08-08,2026-04-30
M005673,洪宗翰,白金,台北市,2000-10-06,2016-12-30,2026-04-30
M000894,曾家豪,金卡,宜蘭縣,1961-07-15,2016-10-22,2026-04-30
M003784,何詩涵,金卡,新竹市,1968-06-19,2025-02-13,2026-06-30
M000099,周詩涵,銀卡,彰化縣,1986-11-28,2016-07-19,2026-04-30
M007551,楊詩涵,一般,台中市,1962-12-22,2022-12-23,2026-04-30
M001154,鄭彥廷,白金,新竹市,1974-05-16,2020-10-17,2026-06-30
M005449,許志明,金卡,高雄市,1988-12-11,2023-05-29,2026-04-30
M002625,何佩珊,白金,高雄市,1970-10-17,2016-12-18,2026-04-30
M006399,郭佩珊,銀卡,桃園市,1999-01-02,2025-06-18,2026-04-30
M000844,葉淑芬,一般,台南市,1968-07-27,2023-09-15,2026-05-31
M002000,廖佩珊,白金,台北市,1991-06-30,2016-05-08,2026-04-30
M000011,高俊傑,金卡,台中市,1988-01-31,2025-04-08,2026-04-30
M007807,江俊傑,金卡,新北市,1997-05-11,2020-02-17,2026-05-31
M000912,高郁婷,白金,基隆市,1977-03-08,2017-09-19,2026-04-30
M003461,周心怡,銀卡,新竹市,1996-12-06,2017-09-05,2026-04-30
M000973,林美玲,金卡,台北市,1963-09-12,2015-03-22,2026-06-30
M006686,徐志明,金卡,宜蘭縣,1965-07-23,2017-11-13,2026-04-30
M002222,鄭俊傑,白金,桃園市,1962-05-07,2021-01-18,2026-05-31
M002887,洪郁婷,金卡,新北市,1980-04-11,2025-11-11,2026-04-30
M006458,鄭雅雯,白金,新竹市,1975-05-18,2023-03-24,2026-04-30
M003140,許彥廷,白金,新竹市,1989-01-19,2018-01-19,2026-04-30
M001011,蘇志明,銀卡,新竹市,1980-08-06,2018-05-15,2026-04-30
M000444,黃俊傑,金卡,高雄市,1968-04-08,2016-12-29,2026-04-30
M003353,洪柏翰,一般,新北市,1999-07-20,2018-08-03,2026-04-30
M002847,洪俊宏,白金,彰化縣,1961-02-21,2018-01-28,2026-04-30
M006158,謝郁婷,一般,高雄市,1967-10-06,2023-12-20,2026-06-30
M000543,邱俊宏,金卡,台中市,1999-09-06,2025-05-08,2026-04-30
M004215,葉心怡,金卡,台南市,2000-06-10,2015-06-27,2026-06-30
M000978,曾郁婷,金卡,基隆市,1995-03-29,2017-06-23,2026-04-30
M003137,何心怡,一般,台北市,1986-12-18,2018-07-05,2026-04-30
M006618,江欣怡,白金,高雄市,1969-10-20,2017-05-15,2026-04-30
M006323,林志明,一般,彰化縣,1963-06-30,2015-01-11,2026-04-30
M000656,張建宏,一般,新北市,1987-10-18,2015-04-05,2026-04-30
M000424,鄭怡君,金卡,新北市,1974-10-22,2015-01-14,2026-04-30
M006445,呂宗翰,金卡,彰化縣,1983-07-15,2024-03-23,2026-04-30
M003667,許欣怡,白金,基隆市,1974-02-04,2022-11-10,2026-04-30
M005858,謝怡君,銀卡,高雄市,1977-05-19,2018-02-03,2026-04-30
M004465,鄭美玲,白金,宜蘭縣,1985-06-12,2019-10-29,2026-04-30
M003898,邱俊傑,金卡,新北市,1983-11-06,2023-11-16,2026-04-30
M007515,呂欣怡,白金,台北市,1960-12-10,2024-10-08,2026-04-30
M000678,黃淑芬,金卡,台中市,1960-02-15,2022-06-21,2026-06-30
M000711,周俊宏,白金,基隆市,1977-11-12,2023-09-02,2026-04-30
M003217,何建宏,金卡,基隆市,1995-06-19,2023-06-16,2026-06-30
M002537,劉雅雯,一般,新北市,1986-05-06,2023-04-26,2026-04-30
M000518,蔡郁婷,一般,新竹市,1979-08-21,2024-06-15,2026-04-30
M005493,何宗翰,金卡,台南市,1989-03-06,2019-07-12,2026-04-30
M002623,張冠宇,白金,彰化縣,1987-01-28,2021-04-01,2026-05-31
M006944,鄭冠宇,白金,高雄市,1967-11-22,2017-05-19,2026-04-30
M006374,羅詩涵,白金,台南市,1969-07-09,2022-05-14,2026-04-30
M003361,郭承翰,白金,台中市,2000-12-07,2016-08-18,2026-04-30
M002484,楊雅婷,一般,桃園市,1900-01-01,2016-09-09,2026-04-30
M006335,黃詩涵,白金,基隆市,2002-11-28,2019-09-19,2026-04-30
M000455,鄭郁婷,銀卡,宜蘭縣,1962-09-15,2015-07-20,2026-04-30
M002532,吳冠宇,金卡,台北市,1967-12-30,2023-04-23,2026-04-30
M000485,李美玲,白金,基隆市,1965-10-13,2021-05-12,2026-05-31
M004770,潘彥廷,一般,新竹市,1969-07-16,2024-02-12,2026-04-30
M004654,蕭欣怡,金卡,宜蘭縣,1982-07-02,2022-02-04,2026-05-31
M000430,陳俊傑,白金,新竹市,1995-02-23,2025-06-14,2026-04-30
M001812,蘇雅雯,一般,高雄市,1986-07-22,2021-08-27,2026-04-30
M003125,謝承翰,銀卡,高雄市,1975-07-09,2017-09-03,2026-04-30
M001787,蕭美玲,銀卡,台中市,1968-09-02,2022-04-04,2026-04-30
M005522,林宗翰,銀卡,宜蘭縣,2000-03-20,2022-03-06,2026-04-30
M006232,吳雅婷,一般,台南市,1988-09-15,2019-05-06,2026-04-30
M007355,王宗翰,金卡,新北市,1982-04-18,2017-02-09,2026-04-30
M002780,何雅雯,銀卡,新北市,1962-02-26,2021-11-15,2026-04-30
M006849,陳俊傑,一般,台北市,1961-09-29,2015-05-04,2026-04-30
M007094,莊俊宏,金卡,宜蘭縣,1970-06-22,2016-09-25,2026-04-30
M000453,蕭志明,一般,桃園市,1988-06-26,2016-09-30,2026-04-30
M003276,謝冠宇,白金,宜蘭縣,1966-11-25,2021-06-20,2026-04-30
M002872,王雅雯,一般,宜蘭縣,1969-10-25,2020-01-02,2026-04-30
M003458,邱俊宏,白金,基隆市,1990-09-28,2019-06-09,2026-04-30
M002801,高佩珊,銀卡,台北市,1987-05-18,2019-08-30,2026-04-30
M000672,李淑芬,白金,基隆市,1983-07-04,2024-08-22,2026-04-30
M000578,羅柏翰,白金,桃園市,1995-02-12,2015-04-13,2026-06-30
M002104,林承翰,銀卡,新北市,1980-11-01,2018-06-10,2026-04-30
M003602,楊欣怡,銀卡,新竹市,2002-12-20,2019-08-08,2026-06-30
M001942,葉志明,銀卡,彰化縣,1980-11-29,2015-11-23,2026-04-30
M006855,郭建宏,白金,台南市,1986-06-01,2023-03-25,2026-04-30
M002853,賴佩珊,白金,台北市,1987-09-24,2025-12-02,2026-04-30
M004173,廖建宏,金卡,台北市,1961-11-02,2020-04-30,2026-04-30
M000272,鄭雅婷,一般,高雄市,2000-06-18,2019-02-28,2026-06-30
M005574,黃佩珊,一般,宜蘭縣,1979-06-26,2020-08-27,2026-04-30
M004508,高家豪,一般,台南市,1986-10-02,2024-08-07,2026-04-30
M006101,郭怡君,銀卡,高雄市,1996-04-19,2023-12-30,2026-04-30
M005736,呂欣怡,金卡,宜蘭縣,1981-09-14,2019-12-05,2026-04-30
M003933,張欣怡,銀卡,台北市,1987-01-22,2015-01-24,2026-04-30
M005045,莊建宏,金卡,台中市,1981-06-16,2019-01-29,2026-04-30
M003867,陳美玲,金卡,桃園市,2002-09-30,2017-08-16,2026-04-30
M001580,江雅雯,白金,桃園市,1982-03-10,2019-03-03,2026-04-30
M004106,邱彥廷,金卡,台中市,1966-03-27,2018-01-23,2026-04-30
M001554,江淑芬,銀卡,高雄市,1989-03-01,2021-02-04,2026-04-30
M004947,蕭志明,金卡,基隆市,1982-10-14,2025-01-04,2026-04-30
M004333,潘郁婷,一般,彰化縣,1963-03-03,2025-10-13,2026-04-30
M002757,李承翰,銀卡,台北市,1975-01-18,2025-08-05,2026-04-30
M000683,楊志明,金卡,桃園市,2001-06-25,2025-03-18,2026-06-30
M005875,陳宗翰,一般,基隆市,1972-03-31,2017-10-25,2026-04-30
M001363,謝心怡,白金,宜蘭縣,1963-03-26,2021-04-14,2026-05-31
M007432,賴宗翰,銀卡,高雄市,1984-04-29,2019-11-28,2026-04-30
M005376,何淑芬,銀卡,彰化縣,2003-02-10,2016-06-18,2026-04-30
M001175,周冠宇,金卡,新竹市,1987-05-14,2017-02-09,2026-05-31
M005028,高心怡,一般,台北市,1970-03-14,2019-01-13,2026-04-30
M007812,邱雅婷,白金,新北市,1980-01-02,2022-11-19,2026-06-30
M006627,黃佩珊,白金,彰化縣,1968-05-04,2018-11-29,2026-04-30
M006912,劉家豪,金卡,宜蘭縣,1982-07-10,2016-10-21,2026-04-30
M002183,張俊傑,銀卡,彰化縣,1986-09-16,2016-07-21,2026-04-30
M004410,郭佩珊,銀卡,基隆市,1973-12-06,2023-08-04,2026-06-30
M002250,蔡欣怡,金卡,宜蘭縣,1962-12-28,2019-05-22,2026-04-30
M001873,吳雅雯,金卡,桃園市,1987-11-02,2017-12-31,2026-04-30
M002316,鄭怡君,一般,桃園市,1982-08-14,2015-03-27,2026-04-30
M002504,曾冠宇,金卡,高雄市,1987-09-11,2018-08-03,2026-04-30
M001961,蘇欣怡,金卡,彰化縣,1969-03-30,2020-04-09,2026-04-30
M006563,陳俊傑,銀卡,基隆市,1997-04-20,2016-06-24,2026-04-30
M000089,葉柏翰,銀卡,新北市,1973-03-20,2025-11-16,2026-04-30
M005839,楊心怡,銀卡,宜蘭縣,1968-01-26,2020-03-04,2026-04-30
M007926,高怡君,一般,高雄市,1972-06-10,2024-09-11,2026-04-30
M006162,葉承翰,一般,彰化縣,1964-03-07,2016-10-27,2026-04-30
M003671,廖心怡,白金,高雄市,1977-01-16,2019-11-24,2026-04-30
M001491,江郁婷,銀卡,新北市,1986-06-01,2021-01-10,2026-04-30
M000105,周雅雯,金卡,台中市,1977-04-04,2021-04-14,2026-04-30
M002778,周宗翰,金卡,台南市,1984-09-14,2017-02-03,2026-04-30
M001867,呂俊宏,一般,台中市,1991-01-06,2021-03-20,2026-04-30
M001099,楊美玲,金卡,新北市,1968-05-10,2022-04-11,2026-04-30
M005923,江建宏,銀卡,彰化縣,1961-05-04,2022-04-13,2026-04-30
M006277,何詩涵,一般,台北市,1984-08-11,2015-12-09,2026-04-30
M000654,郭美玲,一般,基隆市,1967-10-26,2016-04-12,2026-04-30
M007875,許淑芬,一般,新北市,1978-06-13,2016-08-29,2026-04-30
M000258,曾宗翰,一般,高雄市,1985-09-07,2021-08-19,2026-04-30
M007592,賴淑芬,金卡,基隆市,1976-01-26,2018-11-08,2026-04-30
M000776,李雅雯,白金,台北市,1986-03-24,2022-07-21,2026-04-30
M003949,鄭宗翰,一般,台北市,2000-01-15,2024-03-21,2026-04-30
M003573,潘雅雯,白金,台北市,1994-06-10,2016-12-20,2026-04-30
M000018,邱彥廷,金卡,高雄市,1996-10-10,2019-11-01,2026-04-30
M001499,許柏翰,銀卡,宜蘭縣,1984-11-13,2023-03-26,2026-04-30
M005425,許心怡,白金,基隆市,1981-09-24,2021-05-07,2026-04-30
M002624,郭建宏,白金,新竹市,1984-08-23,2017-03-21,2026-04-30
M004171,吳建宏,白金,彰化縣,1979-05-26,2021-02-24,2026-04-30
M006320,高美玲,銀卡,台中市,1999-04-08,2016-11-07,2026-04-30
M007736,楊郁婷,白金,台中市,2000-10-06,2023-01-27,2026-04-30
M005978,楊佩珊,金卡,台南市,1965-11-07,2019-06-06,2026-04-30
M001815,蘇美玲,銀卡,宜蘭縣,2001-07-19,2017-05-22,2026-04-30
M003717,楊建宏,金卡,台中市,1993-09-14,2018-08-06,2026-04-30
M000728,鄭詩涵,白金,桃園市,1975-04-21,2025-08-14,2026-04-30
M006256,許佩珊,金卡,新北市,1968-03-12,2020-11-12,2026-04-30
M000848,廖志明,白金,宜蘭縣,1999-02-20,2015-08-27,2026-04-30
M004839,周志明,金卡,台北市,1993-10-05,2017-11-22,2026-04-30
M006292,邱建宏,白金,台北市,1992-10-04,2019-04-07,2026-04-30
M003787,羅柏翰,白金,彰化縣,1986-04-26,2025-01-10,2026-04-30
M004929,陳宗翰,金卡,高雄市,1962-12-24,2020-08-06,2026-04-30
M002297,潘詩涵,白金,新竹市,1999-11-01,2019-10-20,2026-04-30
M000511,莊郁婷,一般,高雄市,1987-11-26,2023-01-20,2026-04-30
M005222,葉冠宇,銀卡,高雄市,1976-01-15,2020-01-05,2026-04-30
M006103,羅承翰,金卡,台南市,1993-04-06,2017-10-16,2026-04-30
M000381,江美玲,一般,台南市,1994-02-24,2024-01-14,2026-04-30
M003058,吳淑芬,金卡,基隆市,1985-11-26,2023-11-23,2026-04-30
M001302,謝欣怡,銀卡,新竹市,1963-10-05,2016-10-23,2026-04-30
M005382,黃雅婷,白金,彰化縣,1974-04-07,2016-03-06,2026-04-30
M005957,李俊宏,銀卡,基隆市,1969-05-06,2022-07-06,2026-04-30
M000161,吳雅婷,銀卡,台中市,1972-05-08,2021-09-11,2026-04-30
M001041,周佩珊,白金,高雄市,1973-08-18,2019-06-16,2026-05-31
M000256,鄭冠宇,一般,基隆市,1965-09-07,2022-03-08,2026-04-30
M003425,高郁婷,白金,宜蘭縣,1961-03-27,2020-11-24,2026-04-30
M007196,羅彥廷,銀卡,新北市,1979-12-09,2020-11-19,2026-04-30
M005927,許淑芬,一般,新北市,2002-02-19,2023-12-31,2026-04-30
M002783,蕭郁婷,金卡,宜蘭縣,1967-01-17,2020-09-23,2026-06-30
M003218,張美玲,銀卡,台南市,1985-09-04,2019-09-28,2026-04-30
M007446,高承翰,一般,新竹市,1961-11-11,2018-06-21,2026-04-30
M001126,楊雅婷,一般,宜蘭縣,1991-04-21,2020-04-19,2026-04-30
M004821,周心怡,一般,N/A,1995-03-09,2020-02-29,2026-04-30
M002236,江冠宇,白金,宜蘭縣,1997-09-16,2024-04-21,2026-04-30
M003218,張美玲,金卡,台南市,1985-09-04,2019-09-28,2026-06-30
M002924,何佩珊,金卡,新竹市,1988-04-18,2021-12-18,2026-04-30
M002777,楊雅婷,銀卡,彰化縣,1982-08-02,2016-06-26,2026-04-30
M007874,洪宗翰,白金,高雄市,2003-10-17,2016-03-11,2026-04-30
M007593,曾彥廷,銀卡,新北市,1975-03-18,2020-01-28,2026-04-30
M006940,許雅雯,銀卡,彰化縣,1965-03-08,2021-04-11,2026-04-30
M007024,邱宗翰,銀卡,宜蘭縣,1989-08-17,2025-05-03,2026-04-30
M005233,葉淑芬,銀卡,彰化縣,1978-01-03,2022-10-20,2026-04-30
M000390,徐雅婷,金卡,台中市,1983-02-17,2024-05-29,2026-04-30
M005709,李彥廷,白金,彰化縣,1993-10-14,2023-09-05,2026-04-30
M004523,蘇美玲,白金,台南市,1960-08-27,2018-08-02,2026-06-30
M006730,潘俊傑,金卡,新竹市,1987-07-09,2019-11-28,2026-04-30
M003859,周承翰,金卡,高雄市,1965-08-14,2018-05-01,2026-04-30
M000644,葉俊傑,白金,台中市,1982-09-24,2025-03-01,2026-04-30
M003066,郭冠宇,一般,台中市,1978-04-08,2022-05-11,2026-04-30
M000867,陳俊傑,一般,基隆市,1961-03-24,2023-06-13,2026-04-30
M000788,廖美玲,金卡,高雄市,1980-06-06,2015-03-12,2026-04-30
M004827,賴宗翰,銀卡,基隆市,1987-10-29,2018-01-13,2026-04-30
M003672,吳志明,一般,台中市,1969-06-23,2019-01-01,2026-04-30
M002247,李怡君,一般,台中市,1967-07-13,2018-01-28,2026-04-30
M000938,邱俊宏,金卡,台南市,1960-12-12,2015-01-11,2026-04-30
M000284,許宗翰,銀卡,基隆市,1999-10-20,2017-07-19,2026-06-30
M005115,陳欣怡,白金,桃園市,1995-08-13,2024-01-02,2026-04-30
M001005,廖志明,金卡,台北市,1968-06-04,2025-05-28,2026-04-30
M007603,張俊宏,銀卡,台南市,1988-10-18,2021-10-31,2026-04-30
M007062,鄭欣怡,白金,基隆市,1978-03-31,2019-06-15,2026-05-31
M001083,羅宗翰,一般,台南市,2001-08-24,2020-02-24,2026-04-30
M007052,廖怡君,白金,台北市,1967-10-16,2025-06-14,2026-04-30
M003457,許建宏,一般,新竹市,1993-03-03,2022-01-18,2026-04-30
M004824,陳家豪,金卡,桃園市,1997-03-28,2021-03-19,2026-04-30
M007219,洪美玲,銀卡,新竹市,1991-08-11,2017-10-22,2026-04-30
M005777,王雅婷,一般,彰化縣,1968-05-22,2016-01-08,2026-04-30
M004676,葉宗翰,銀卡,新北市,1976-04-09,2020-12-17,2026-04-30
M003504,洪宗翰,一般,桃園市,1984-06-24,2018-07-27,2026-04-30
M007035,林雅婷,一般,彰化縣,1999-09-04,2017-09-27,2026-04-30
M005888,羅詩涵,金卡,台南市,1972-09-12,2023-06-15,2026-04-30
M000336,羅志明,金卡,高雄市,1961-10-08,2025-01-09,2026-06-30
M001894,許郁婷,金卡,台中市,1962-11-11,2015-11-20,2026-04-30
M004771,鄭承翰,銀卡,高雄市,1984-05-09,2025-05-20,2026-04-30
M006672,蔡柏翰,白金,基隆市,1993-09-19,2018-03-16,2026-04-30
M005602,郭俊宏,白金,桃園市,1966-11-29,2024-08-30,2026-04-30
M006041,林俊宏,銀卡,彰化縣,1976-06-22,2015-05-17,2026-04-30
M006489,張雅婷,白金,台南市,1994-07-29,2017-05-08,2026-04-30
M001236,鄭彥廷,金卡,基隆市,1965-07-07,2025-12-13,2026-04-30
M001274,劉宗翰,白金,新北市,1992-01-05,2024-07-29,2026-04-30
M007104,張俊宏,金卡,新竹市,1977-03-15,2022-01-06,2026-04-30
M007658,黃雅雯,金卡,高雄市,1982-08-15,2023-11-01,2026-04-30
M005524,王彥廷,銀卡,新北市,1964-09-02,2015-01-09,2026-04-30
M006699,黃俊宏,銀卡,新北市,1982-05-13,2015-03-08,2026-04-30
M005528,黃淑芬,一般,台中市,1969-03-20,2021-03-02,2026-04-30
M007612,王佩珊,白金,彰化縣,1987-03-05,2021-09-19,2026-04-30
M001090,張志明,白金,新北市,1990-06-08,2017-06-30,2026-04-30
M001570,李家豪,白金,基隆市,2002-12-14,2024-06-24,2026-04-30
M000635,張志明,白金,台南市,1983-11-06,2021-04-25,2026-04-30
M001571,周欣怡,銀卡,台中市,1977-06-09,2024-02-28,2026-04-30
M000921,賴心怡,一般,新竹市,1997-06-01,2017-01-28,2026-04-30
M002245,李承翰,金卡,台南市,1970-07-05,2017-06-07,2026-06-30
M006249,劉俊宏,白金,台中市,1989-03-17,2019-08-10,2026-04-30
M003018,蘇心怡,一般,桃園市,1969-11-09,2017-07-14,2026-04-30
M001769,蔡怡君,銀卡,桃園市,1989-10-23,2021-05-20,2026-04-30
M000790,蔡宗翰,一般,桃園市,1961-09-10,2016-06-14,2026-04-30
M007332,潘柏翰,一般,高雄市,1986-02-16,2016-02-05,2026-04-30
M000405,楊郁婷,白金,新竹市,2002-08-05,2022-03-26,2026-04-30
M001877,鄭柏翰,金卡,台中市,1996-12-24,2025-01-09,2026-04-30
M006594,徐欣怡,白金,桃園市,1997-12-17,2024-06-07,2026-04-30
M003295,張志明,金卡,桃園市,1966-12-03,2024-07-10,2026-04-30
M004464,江彥廷,一般,宜蘭縣,2002-12-02,2025-03-27,2026-04-30
M007208,呂承翰,一般,台北市,1973-08-24,2015-05-23,2026-04-30
M004047,郭心怡,金卡,新北市,1960-12-06,2017-03-06,2026-05-31
M005262,張彥廷,金卡,新北市,1974-04-08,2021-02-04,2026-04-30
M004969,周柏翰,一般,基隆市,1978-04-12,2025-12-09,2026-04-30
M005280,賴淑芬,白金,高雄市,1987-06-12,2025-06-27,2026-04-30
M000192,高美玲,一般,桃園市,1975-03-14,2018-05-30,2026-04-30
M002763,羅雅婷,一般,N/A,1981-12-19,2021-02-25,2026-04-30
M007339,洪雅婷,白金,新北市,1984-10-13,2020-12-11,2026-04-30
M003198,邱佩珊,金卡,彰化縣,1969-09-11,2019-10-24,2026-04-30
M006032,張怡君,銀卡,新竹市,1966-11-28,2016-10-20,2026-04-30
M000100,郭詩涵,金卡,台中市,1992-11-27,2021-06-13,2026-04-30
M005773,吳郁婷,一般,高雄市,1999-06-28,2022-08-19,2026-04-30
M004350,江彥廷,白金,基隆市,1970-01-24,2025-06-15,2026-04-30
M001871,王冠宇,銀卡,台中市,1965-11-16,2025-01-27,2026-04-30
M005106,潘郁婷,一般,台南市,1965-02-19,2017-11-27,2026-06-30
M003280,呂淑芬,銀卡,新竹市,1981-10-27,2023-03-29,2026-04-30
M002958,葉俊傑,金卡,台南市,1967-06-10,2015-08-10,2026-04-30
M001591,陳冠宇,銀卡,高雄市,1986-01-16,2024-03-19,2026-04-30
M004372,廖淑芬,銀卡,彰化縣,1989-03-12,2021-11-20,2026-04-30
M003094,洪冠宇,銀卡,宜蘭縣,1971-06-17,2015-12-25,2026-04-30
M005092,郭俊宏,白金,新北市,1993-08-20,2016-12-17,2026-06-30
M007525,陳雅婷,金卡,台北市,1992-08-01,2025-07-12,2026-04-30
M005086,吳雅雯,白金,新竹市,1993-01-02,2017-07-27,2026-04-30
M001361,郭詩涵,銀卡,台北市,1989-05-13,2023-07-01,2026-04-30
M001868,蕭彥廷,銀卡,彰化縣,1981-11-09,2021-11-23,2026-04-30
M003344,賴淑芬,一般,台中市,2003-08-19,2018-08-11,2026-04-30
M001163,蕭淑芬,金卡,高雄市,1985-12-26,2016-05-17,2026-06-30
M006205,張怡君,金卡,台中市,1972-04-24,2020-01-20,2026-04-30
M001592,蔡俊傑,白金,新竹市,1995-02-28,2018-01-08,2026-04-30
M006716,蕭淑芬,金卡,台北市,1977-10-07,2019-12-21,2026-04-30
M000138,蕭佩珊,銀卡,新北市,1986-09-14,2020-01-07,2026-06-30
M007231,賴怡君,一般,宜蘭縣,1982-02-21,2021-07-28,2026-04-30
M005179,謝俊宏,一般,彰化縣,1994-04-03,2019-09-16,2026-04-30
M006370,葉宗翰,金卡,宜蘭縣,1995-11-21,2017-09-07,2026-04-30
M005738,莊俊傑,一般,高雄市,1977-08-24,2025-11-25,2026-04-30
M001385,蕭俊宏,銀卡,新竹市,2001-02-16,2020-07-04,2026-04-30
M001700,楊詩涵,金卡,桃園市,1965-07-03,2018-11-19,2026-04-30
M007294,江怡君,一般,台中市,1963-01-14,2019-12-05,2026-04-30
M003437,莊柏翰,一般,基隆市,1997-03-17,2022-04-07,2026-04-30
M007338,蔡俊傑,一般,台中市,1995-04-21,2017-07-22,2026-04-30
M005790,高郁婷,金卡,宜蘭縣,1979-06-26,2019-02-10,2026-04-30
M007280,曾怡君,一般,新竹市,1982-06-11,2021-06-20,2026-04-30
M003319,江建宏,銀卡,台中市,1960-03-09,2023-12-13,2026-04-30
M004127,周冠宇,一般,桃園市,1964-08-21,2023-04-19,2026-04-30
M001368,周怡君,一般,台北市,1990-02-02,2015-01-29,2026-04-30
M002168,賴志明,一般,彰化縣,1993-12-14,2016-06-17,2026-04-30
M002473,蕭彥廷,銀卡,台北市,1990-08-12,2021-04-14,2026-04-30
M000956,吳宗翰,一般,台中市,1967-07-31,2016-05-18,2026-04-30
M001184,郭冠宇,白金,基隆市,1963-03-31,2025-11-29,2026-04-30
M000557,洪佩珊,金卡,宜蘭縣,1994-01-31,2015-02-24,2026-04-30
M007728,徐淑芬,白金,台北市,1985-11-23,2017-11-25,2026-04-30
M003310,郭俊宏,金卡,新北市,1978-02-16,2024-06-13,2026-04-30
M005470,何俊宏,白金,宜蘭縣,1966-01-08,2023-12-03,2026-04-30
M007357,楊欣怡,金卡,宜蘭縣,1983-03-26,2019-05-31,2026-04-30
M002983,陳承翰,銀卡,台南市,1997-02-20,2019-07-13,2026-04-30
M004878,蕭建宏,金卡,新北市,1965-11-06,2021-06-13,2026-04-30
M001778,呂郁婷,一般,台南市,2002-03-17,2018-06-20,2026-04-30
M001977,洪欣怡,銀卡,台北市,1982-11-23,2024-01-18,2026-04-30
M006606,徐美玲,銀卡,新北市,1982-02-14,2020-08-20,2026-04-30
M001545,洪冠宇,金卡,彰化縣,1979-06-29,2021-01-13,2026-04-30
M006161,王佩珊,一般,宜蘭縣,1981-09-11,2023-01-31,2026-04-30
M000902,林欣怡,一般,桃園市,1996-10-03,2020-05-05,2026-04-30
M005124,周家豪,一般,新竹市,2002-12-02,2016-06-20,2026-04-30
M006325,蔡欣怡,金卡,台南市,1974-01-07,2018-11-29,2026-04-30
M002102,張郁婷,一般,新北市,1990-07-07,2017-05-28,2026-04-30
M006148,徐宗翰,白金,台中市,1986-05-13,2021-12-01,2026-05-31
M000743,陳承翰,銀卡,宜蘭縣,1974-05-11,2018-12-18,2026-04-30
M007564,楊承翰,銀卡,宜蘭縣,1997-05-27,2015-08-25,2026-06-30
M002655,張俊宏,白金,新北市,1969-03-01,2016-04-06,2026-04-30
M005223,吳美玲,一般,台南市,1979-06-29,2025-09-08,2026-04-30
M000890,張彥廷,白金,台南市,2003-04-30,2023-03-22,2026-04-30
M006330,高宗翰,金卡,彰化縣,1965-12-16,2021-03-18,2026-04-30
M003050,許冠宇,金卡,台南市,1971-05-02,2020-04-26,2026-04-30
M002177,徐冠宇,一般,台南市,1973-04-26,2025-10-21,2026-04-30
M001731,呂雅雯,白金,台中市,1979-02-06,2015-11-12,2026-04-30
M006197,江詩涵,金卡,台南市,1993-05-12,2020-03-21,2026-04-30
M003866,江美玲,白金,新竹市,1963-07-09,2025-05-20,2026-04-30
M001897,賴佩珊,銀卡,桃園市,1974-12-27,2025-05-30,2026-04-30
M007919,陳雅婷,金卡,台中市,1998-12-04,2015-11-18,2026-04-30
M004741,江心怡,白金,台中市,1984-05-10,2021-05-11,2026-04-30
M001102,謝雅雯,一般,基隆市,1973-08-01,2023-10-21,2026-04-30
M001319,洪怡君,白金,基隆市,1986-12-06,2024-02-08,2026-04-30
M006950,葉淑芬,金卡,宜蘭縣,1969-08-14,2020-10-20,2026-04-30
M004180,蕭心怡,銀卡,高雄市,1978-02-19,2025-11-06,2026-04-30
M006780,呂建宏,一般,台北市,1964-05-13,2015-07-24,2026-04-30
M002677,謝家豪,一般,新竹市,1965-02-16,2023-08-14,2026-04-30
M004787,王美玲,金卡,新北市,1969-12-30,2018-11-28,2026-04-30
M003794,洪志明,一般,台中市,1993-10-19,2022-03-12,2026-04-30
M003698,李承翰,金卡,宜蘭縣,1969-02-26,2018-06-07,2026-06-30
M002046,蕭志明,銀卡,彰化縣,1982-08-19,2022-01-24,2026-04-30
M000826,陳怡君,白金,宜蘭縣,1981-06-28,2024-07-04,2026-04-30
M005372,潘心怡,一般,宜蘭縣,1972-02-11,2016-05-29,2026-04-30
M000501,張淑芬,一般,新竹市,1900-01-01,2015-08-09,2026-04-30
M000065,賴雅雯,一般,桃園市,1981-04-12,2025-10-17,2026-04-30
M000861,許怡君,一般,基隆市,1993-11-25,2023-12-05,2026-04-30
M001498,郭宗翰,一般,新北市,1967-10-11,2024-08-07,2026-06-30
M007641,周美玲,白金,彰化縣,1974-11-04,2018-09-29,2026-04-30
M004956,張承翰,一般,桃園市,1980-06-19,2022-12-28,2026-04-30
M006765,邱佩珊,銀卡,新竹市,1998-09-24,2022-12-19,2026-04-30
M002126,謝俊宏,白金,基隆市,1995-08-30,2019-01-05,2026-04-30
M001371,廖冠宇,銀卡,基隆市,1983-04-16,2019-09-08,2026-04-30
M000786,蔡心怡,白金,高雄市,1999-12-12,2017-09-03,2026-04-30
M003308,鄭家豪,金卡,台北市,1992-06-22,2024-02-27,2026-04-30
M000274,陳雅雯,銀卡,高雄市,1964-07-25,2025-08-25,2026-04-30
M005238,廖俊宏,白金,台南市,1978-06-04,2016-08-22,2026-04-30
M001617,莊欣怡,銀卡,彰化縣,2001-01-13,2025-08-03,2026-04-30
M000024,李俊宏,金卡,桃園市,1965-01-10,2021-07-12,2026-06-30
M000652,謝雅雯,金卡,台中市,2002-03-25,2015-12-01,2026-04-30
M000751,劉俊傑,一般,新竹市,1973-02-18,2023-02-26,2026-04-30
M005027,林建宏,白金,台南市,1961-08-14,2019-07-03,2026-04-30
M002026,蕭怡君,一般,台南市,1981-03-13,2022-03-26,2026-04-30
M006098,李佩珊,銀卡,基隆市,1962-10-08,2019-09-22,2026-04-30
M003527,何志明,銀卡,桃園市,1975-01-26,2024-01-08,2026-04-30
M007527,鄭建宏,白金,N/A,1989-05-30,2023-09-16,2026-04-30
M004125,潘雅雯,白金,高雄市,1965-03-30,2015-09-03,2026-04-30
M001923,邱佩珊,一般,新北市,1972-04-29,2019-01-21,2026-04-30
M007070,呂柏翰,白金,桃園市,1979-04-06,2017-10-14,2026-04-30
M003440,曾冠宇,銀卡,宜蘭縣,1980-01-17,2018-07-14,2026-04-30
M004289,王怡君,銀卡,高雄市,1983-02-25,2025-02-19,2026-04-30
M001049,陳冠宇,白金,宜蘭縣,1983-08-02,2020-10-25,2026-04-30
M001336,許欣怡,金卡,宜蘭縣,1985-05-15,2018-03-05,2026-04-30
M001363,謝心怡,白金,台南市,1963-03-26,2021-04-14,2026-04-30
M001652,蔡雅雯,白金,宜蘭縣,1996-01-11,2015-07-26,2026-04-30
M006411,邱淑芬,金卡,高雄市,1971-05-10,2024-10-10,2026-04-30
M002491,洪淑芬,銀卡,基隆市,1985-10-22,2024-04-19,2026-04-30
M002313,邱承翰,白金,基隆市,1992-03-27,2020-03-04,2026-04-30
M004254,張建宏,銀卡,高雄市,1977-11-07,2025-02-26,2026-04-30
M007650,邱雅雯,銀卡,台南市,1990-11-08,2016-05-22,2026-04-30
M007471,潘建宏,銀卡,新竹市,1978-09-26,2024-06-17,2026-04-30
M004113,高宗翰,白金,台中市,1981-01-07,2025-01-17,2026-06-30
M002812,周雅婷,白金,彰化縣,1975-11-28,2016-09-14,2026-06-30
M001682,羅詩涵,白金,新竹市,1969-03-13,2021-04-20,2026-04-30
M007902,周詩涵,銀卡,新竹市,1971-03-17,2024-11-16,2026-04-30
M004505,曾志明,白金,新北市,1961-10-27,2016-04-20,2026-05-31
M005381,吳詩涵,白金,高雄市,1971-08-21,2020-10-25,2026-04-30
M000558,賴承翰,金卡,台南市,1970-03-26,2016-08-27,2026-04-30
M002046,蕭志明,金卡,彰化縣,1982-08-19,2022-01-24,2026-06-30
M006111,楊冠宇,一般,台北市,1962-09-22,2017-07-15,2026-04-30
M003288,邱宗翰,一般,桃園市,1995-05-03,2015-12-28,2026-04-30
M004301,蔡欣怡,銀卡,彰化縣,1985-10-07,2017-06-28,2026-04-30
M007193,楊俊傑,銀卡,高雄市,1970-05-22,2018-08-03,2026-04-30
M004260,蘇柏翰,金卡,台南市,1994-08-23,2016-11-19,2026-04-30
M001841,劉怡君,銀卡,新北市,1994-09-06,2016-10-12,2026-04-30
M006435,鄭欣怡,白金,台北市,1994-05-06,2020-10-08,2026-06-30
M004359,陳淑芬,一般,基隆市,1980-12-24,2022-03-17,2026-04-30
M004979,陳柏翰,金卡,台中市,2000-10-10,2019-07-27,2026-04-30
M005746,羅欣怡,一般,彰化縣,1988-08-17,2024-02-29,2026-04-30
M002578,蔡怡君,銀卡,彰化縣,1972-09-19,2025-08-08,2026-04-30
M005427,邱俊傑,金卡,桃園市,1966-05-18,2018-07-07,2026-04-30
M003427,林淑芬,白金,台南市,1981-12-24,2017-03-19,2026-04-30
M002814,許冠宇,白金,台南市,1998-01-27,2018-09-15,2026-04-30
M007038,高怡君,金卡,基隆市,1993-03-02,2016-02-24,2026-04-30
M001739,徐怡君,一般,台北市,1992-07-05,2023-05-15,2026-04-30
M000154,呂家豪,金卡,高雄市,2002-05-15,2016-09-29,2026-04-30
M004555,陳建宏,一般,基隆市,1962-05-29,2020-11-29,2026-04-30
M005958,楊欣怡,銀卡,新北市,1971-03-17,2024-11-13,2026-06-30
M005865,劉建宏,白金,台南市,1969-04-14,2023-06-02,2026-06-30
M002094,鄭詩涵,一般,新竹市,1965-09-13,2022-02-26,2026-04-30
M003574,賴承翰,一般,台北市,1998-04-19,2022-04-14,2026-04-30
M003589,江淑芬,銀卡,台中市,1988-06-26,2016-06-06,2026-04-30
M000222,廖詩涵,銀卡,桃園市,1964-03-02,2016-12-31,2026-04-30
M001398,羅詩涵,一般,台北市,1999-09-03,2020-01-21,2026-04-30
M005634,呂雅雯,金卡,新竹市,1994-02-22,2016-12-16,2026-04-30
M002544,蘇郁婷,一般,台中市,1900-01-01,2025-06-01,2026-04-30
M005175,郭淑芬,金卡,新北市,1969-03-10,2023-11-17,2026-04-30
M001923,邱佩珊,一般,基隆市,1972-04-29,2019-01-21,2026-06-30
M003148,羅雅雯,一般,宜蘭縣,1997-12-17,2021-09-22,2026-04-30
M007262,呂心怡,銀卡,新竹市,1968-06-04,2020-06-15,2026-05-31
M002635,黃志明,金卡,台南市,1967-11-06,2023-09-30,2026-04-30
M000563,蕭建宏,白金,宜蘭縣,1986-07-15,2015-09-12,2026-04-30
M006537,周宗翰,白金,新北市,1999-05-10,2017-03-07,2026-04-30
M007675,廖承翰,白金,桃園市,2002-04-09,2015-10-01,2026-04-30
M001679,曾佩珊,金卡,新北市,1974-01-20,2020-05-12,2026-04-30
M006711,吳欣怡,白金,彰化縣,1962-09-10,2019-04-22,2026-06-30
M003906,莊冠宇,銀卡,新北市,1992-10-05,2023-12-12,2026-04-30
M006873,何欣怡,金卡,新竹市,1986-08-18,2024-11-05,2026-04-30
M005813,呂美玲,白金,宜蘭縣,1979-07-10,2017-05-31,2026-04-30
M006823,張郁婷,銀卡,宜蘭縣,2000-03-06,2020-11-14,2026-04-30
M002332,林志明,一般,新北市,1994-10-09,2017-02-03,2026-04-30
M006496,邱佩珊,白金,新竹市,1972-01-02,2024-04-13,2026-04-30
M001635,林承翰,白金,高雄市,1962-11-20,2016-12-29,2026-04-30
M000763,王承翰,銀卡,新竹市,1968-01-09,2025-05-24,2026-04-30
M007706,曾雅雯,白金,基隆市,1974-09-22,2025-06-17,2026-04-30
M002339,黃家豪,金卡,新竹市,1963-06-03,2025-02-24,2026-04-30
M007850,曾彥廷,白金,高雄市,1982-07-22,2015-01-27,2026-04-30
M002179,許冠宇,金卡,新北市,2001-05-24,2022-01-27,2026-04-30
M000588,許雅婷,銀卡,彰化縣,1976-06-28,2024-08-31,2026-04-30
M007346,謝家豪,一般,台南市,1961-08-07,2017-02-27,2026-04-30
M001327,李心怡,一般,宜蘭縣,1972-09-02,2022-01-22,2026-04-30
M003839,莊柏翰,金卡,台中市,1900-01-01,2025-07-29,2026-04-30
M004331,何雅婷,一般,桃園市,1961-04-17,2015-03-17,2026-04-30
M002546,蔡建宏,銀卡,新竹市,1970-03-14,2018-01-23,2026-04-30
M003618,李佩珊,銀卡,台南市,1972-08-23,2019-01-17,2026-04-30
M003782,邱柏翰,金卡,台北市,1966-05-26,2018-05-12,2026-04-30
M001140,莊佩珊,白金,彰化縣,1965-05-31,2018-05-20,2026-04-30
M007792,羅家豪,一般,新竹市,1994-05-08,2020-03-16,2026-04-30
M007279,賴詩涵,一般,宜蘭縣,1991-10-04,2023-12-03,2026-04-30
M004909,郭柏翰,白金,基隆市,1971-07-20,2024-08-11,2026-04-30
M000547,林心怡,白金,高雄市,2003-06-10,2018-02-27,2026-04-30
M006319,洪承翰,一般,彰化縣,1998-01-14,2025-01-01,2026-04-30
M001933,黃冠宇,銀卡,台南市,2002-06-05,2023-02-07,2026-04-30
M003399,許彥廷,一般,宜蘭縣,1979-12-03,2025-03-20,2026-04-30
M004483,莊志明,銀卡,彰化縣,1985-05-07,2016-07-19,2026-06-30
M007336,何志明,銀卡,高雄市,1967-08-08,2022-10-29,2026-04-30
M003249,曾建宏,白金,台中市,1978-09-30,2015-01-03,2026-04-30
M002382,周宗翰,銀卡,新北市,1975-08-21,2021-10-10,2026-04-30
M007795,羅建宏,銀卡,基隆市,1972-03-26,2023-11-12,2026-04-30
M002664,葉雅婷,一般,台中市,1985-11-16,2019-02-23,2026-04-30
M002575,葉欣怡,銀卡,基隆市,1971-09-22,2020-05-25,2026-04-30
M001998,周心怡,一般,彰化縣,1961-03-16,2022-06-09,2026-04-30
M004244,洪柏翰,白金,宜蘭縣,1991-08-15,2019-08-04,2026-06-30
M000036,廖柏翰,金卡,新北市,1991-04-07,2025-07-17,2026-06-30
M007283,楊建宏,銀卡,宜蘭縣,1966-04-18,2018-02-14,2026-04-30
M000321,賴志明,金卡,宜蘭縣,1977-10-11,2024-07-23,2026-04-30
M007832,許家豪,白金,台南市,1967-08-16,2020-01-23,2026-05-31
M003371,鄭彥廷,金卡,新北市,1979-09-03,2015-06-27,2026-04-30
M003074,陳承翰,銀卡,新北市,1961-05-25,2020-11-02,2026-04-30
M004518,楊冠宇,金卡,彰化縣,1993-07-04,2018-02-20,2026-04-30
M003087,王雅婷,白金,台中市,2000-03-12,2020-11-05,2026-04-30
M002530,邱彥廷,金卡,基隆市,1979-10-01,2024-07-21,2026-04-30
M007897,吳雅婷,金卡,基隆市,1970-02-21,2025-09-12,2026-04-30
M005137,張心怡,白金,基隆市,1984-09-26,2015-04-05,2026-05-31
M001757,蘇俊傑,銀卡,高雄市,1967-12-02,2024-07-27,2026-04-30
M003450,洪欣怡,金卡,台北市,1963-05-09,2021-10-13,2026-04-30
M007265,賴心怡,銀卡,新竹市,1960-05-24,2017-09-22,2026-04-30
M005657,徐怡君,金卡,新北市,1987-04-04,2017-01-03,2026-04-30
M003204,何雅婷,一般,彰化縣,1900-01-01,2021-03-06,2026-04-30
M006991,林心怡,白金,台南市,1998-06-27,2016-05-11,2026-04-30
M005937,洪承翰,一般,台中市,2002-07-16,2021-07-20,2026-04-30
M000952,王欣怡,一般,台中市,1962-02-17,2019-11-23,2026-06-30
M002583,劉彥廷,金卡,高雄市,1995-11-28,2016-01-30,2026-04-30
M006493,謝郁婷,金卡,台中市,1974-03-05,2025-11-08,2026-04-30
M006421,賴宗翰,一般,彰化縣,1992-09-30,2020-07-10,2026-04-30
M007841,徐美玲,銀卡,台北市,1985-06-21,2019-12-06,2026-05-31
M002068,賴志明,白金,台南市,1976-04-17,2025-02-17,2026-04-30
M004168,曾宗翰,白金,基隆市,1970-01-02,2022-01-29,2026-04-30
M006957,林佩珊,銀卡,基隆市,1978-10-15,2023-04-05,2026-04-30
M007415,莊詩涵,金卡,新竹市,2002-01-28,2018-06-14,2026-04-30
M002409,蘇詩涵,金卡,新北市,1973-02-21,2020-07-30,2026-05-31
M006222,高彥廷,白金,新北市,1997-01-06,2024-03-15,2026-04-30
M002248,蕭俊宏,銀卡,台南市,1964-06-07,2018-10-11,2026-04-30
M001678,洪志明,銀卡,彰化縣,1962-07-30,2025-03-02,2026-06-30
M002225,黃志明,一般,新竹市,1976-06-11,2015-12-06,2026-04-30
M007953,林柏翰,一般,基隆市,1994-11-21,2017-01-02,2026-04-30
M006083,謝淑芬,銀卡,桃園市,1998-12-12,2024-07-21,2026-04-30
M006347,郭欣怡,金卡,桃園市,1995-08-06,2025-01-20,2026-04-30
M007954,陳俊宏,一般,新北市,1968-04-04,2025-10-30,2026-05-31
M005814,黃詩涵,銀卡,台中市,1984-01-24,2019-01-04,2026-04-30
M004374,賴俊傑,金卡,新竹市,1990-12-22,2019-12-08,2026-04-30
M005546,葉雅婷,金卡,彰化縣,1997-08-17,2023-01-23,2026-04-30
M000926,邱欣怡,銀卡,桃園市,1991-08-25,2022-11-17,2026-04-30
M005724,曾俊宏,一般,高雄市,2002-01-03,2022-05-30,2026-04-30
M002298,黃心怡,銀卡,基隆市,2002-01-30,2019-06-13,2026-04-30
M004199,李欣怡,白金,台北市,1999-12-12,2018-02-27,2026-04-30
M007943,林淑芬,銀卡,台南市,1992-09-18,2022-09-01,2026-04-30
M002706,廖心怡,白金,台北市,1990-01-14,2022-01-18,2026-04-30
M006051,張建宏,銀卡,高雄市,1963-07-01,2015-03-13,2026-04-30
M001557,廖彥廷,銀卡,桃園市,1999-08-07,2016-02-24,2026-04-30
M002929,廖詩涵,金卡,台中市,1983-07-17,2022-03-22,2026-04-30
M004381,張彥廷,銀卡,台中市,1963-06-14,2018-11-17,2026-04-30
M002226,楊俊宏,白金,彰化縣,1991-06-10,2025-05-12,2026-04-30
M007524,徐怡君,銀卡,N/A,1990-11-09,2015-03-26,2026-04-30
M006040,蕭欣怡,一般,桃園市,1990-10-05,2017-04-16,2026-04-30
M007276,蘇欣怡,銀卡,台北市,1999-08-13,2016-09-01,2026-04-30
M006210,曾佩珊,金卡,台南市,1965-01-29,2018-05-14,2026-04-30
M001783,郭彥廷,白金,彰化縣,1972-08-10,2020-05-01,2026-04-30
M001120,蕭怡君,銀卡,桃園市,2000-12-10,2025-03-21,2026-04-30
M004567,謝美玲,銀卡,基隆市,1995-01-06,2020-05-02,2026-04-30
M003710,王建宏,金卡,新北市,1977-07-27,2024-06-25,2026-06-30
M003641,廖怡君,一般,基隆市,1965-08-20,2019-02-03,2026-04-30
M002828,鄭淑芬,銀卡,桃園市,1967-09-23,2023-09-12,2026-04-30
M003209,周淑芬,金卡,高雄市,1998-05-21,2023-09-06,2026-04-30
M004043,黃建宏,白金,新竹市,2002-05-01,2022-10-25,2026-04-30
M005800,羅欣怡,一般,台北市,2003-03-27,2017-11-21,2026-04-30
M003833,謝雅婷,白金,桃園市,1991-01-04,2022-01-30,2026-06-30
M004013,吳建宏,銀卡,高雄市,2000-01-15,2024-05-07,2026-05-31
M004491,高郁婷,一般,N/A,1967-03-03,2017-12-06,2026-04-30
M004260,蘇柏翰,白金,台南市,1994-08-23,2016-11-19,2026-05-31
M000364,廖欣怡,銀卡,台南市,1972-01-13,2018-02-02,2026-04-30
M006317,徐詩涵,白金,台中市,1965-03-18,2021-10-24,2026-04-30
M002518,莊宗翰,銀卡,彰化縣,1975-04-06,2018-07-18,2026-04-30
M000168,黃建宏,一般,彰化縣,1965-06-18,2021-10-18,2026-04-30
M006136,徐宗翰,銀卡,高雄市,1975-05-19,2023-04-06,2026-04-30
M001543,邱宗翰,一般,彰化縣,1967-01-03,2018-11-07,2026-04-30
M007476,呂俊傑,白金,台南市,1969-02-13,2020-05-25,2026-04-30
M004924,莊柏翰,白金,桃園市,2001-01-09,2021-05-04,2026-04-30
M007519,王建宏,白金,新竹市,1962-02-11,2018-09-03,2026-04-30
M003231,郭俊傑,一般,新北市,1977-09-02,2020-04-28,2026-04-30
M002905,許詩涵,金卡,彰化縣,1983-01-27,2021-03-08,2026-04-30
M007671,劉淑芬,白金,彰化縣,1971-11-25,2023-03-10,2026-04-30
M001519,蘇郁婷,金卡,桃園市,1990-05-02,2019-12-05,2026-04-30
M004991,郭冠宇,銀卡,新北市,1980-12-14,2022-05-14,2026-06-30
M004907,鄭欣怡,金卡,台南市,1997-11-10,2016-10-08,2026-04-30
M000010,黃美玲,銀卡,台南市,1967-10-16,2016-10-18,2026-04-30
M004790,林雅雯,一般,新北市,1964-04-10,2018-11-04,2026-04-30
M003286,黃柏翰,銀卡,台中市,1987-11-16,2015-05-06,2026-04-30
M001714,廖美玲,金卡,宜蘭縣,1983-02-12,2019-09-10,2026-04-30
M003267,莊俊傑,金卡,彰化縣,1961-01-24,2021-05-13,2026-04-30
M006340,羅心怡,白金,新竹市,1986-12-12,2022-03-24,2026-04-30
M005713,陳怡君,金卡,新竹市,1995-11-23,2022-09-03,2026-04-30
M001602,王承翰,白金,宜蘭縣,1975-07-28,2020-05-21,2026-06-30
M004395,洪雅雯,白金,基隆市,1981-09-07,2020-02-16,2026-04-30
M007645,潘詩涵,金卡,新北市,1986-09-16,2019-10-20,2026-06-30
M003291,許欣怡,銀卡,新竹市,1999-10-09,2021-08-17,2026-04-30
M005535,蕭心怡,一般,宜蘭縣,1965-06-30,2018-08-02,2026-04-30
M007423,張志明,金卡,基隆市,1999-02-27,2016-03-10,2026-04-30
M003485,劉柏翰,銀卡,基隆市,1987-05-24,2022-04-30,2026-06-30
M001965,廖雅婷,金卡,宜蘭縣,2001-09-20,2023-08-08,2026-04-30
M001267,謝俊傑,金卡,台南市,1964-11-04,2018-01-13,2026-04-30
M003433,吳志明,白金,台中市,1987-07-13,2015-05-06,2026-04-30
M003239,陳怡君,銀卡,宜蘭縣,1961-10-07,2022-09-29,2026-04-30
M006123,李雅婷,白金,宜蘭縣,1981-06-21,2025-09-07,2026-04-30
M006909,江美玲,金卡,彰化縣,2003-01-01,2017-01-27,2026-04-30
M006677,謝雅婷,一般,新竹市,2002-06-12,2020-02-23,2026-04-30
M005931,黃俊宏,白金,台南市,1991-09-01,2024-12-11,2026-04-30
M007673,江冠宇,銀卡,高雄市,1988-08-28,2015-07-20,2026-04-30
M007062,鄭欣怡,白金,基隆市,1978-03-31,2019-06-15,2026-04-30
M001496,呂怡君,銀卡,彰化縣,1991-08-20,2019-07-21,2026-04-30
M004666,吳家豪,銀卡,基隆市,1989-07-23,2025-09-05,2026-04-30
M005995,賴宗翰,銀卡,台中市,1978-12-01,2017-10-26,2026-04-30
M007380,蕭柏翰,一般,台中市,1981-05-24,2021-08-09,2026-04-30
M007406,周冠宇,白金,高雄市,1961-11-24,2020-08-23,2026-04-30
M000856,洪承翰,銀卡,新竹市,1960-03-14,2017-04-10,2026-04-30
M002377,曾郁婷,銀卡,基隆市,1983-05-12,2020-01-12,2026-04-30
M007018,洪志明,白金,宜蘭縣,1978-01-16,2021-01-27,2026-04-30
M005362,蘇美玲,金卡,新竹市,1966-11-05,2022-05-08,2026-06-30
M001668,許雅雯,銀卡,台南市,1987-03-22,2022-11-24,2026-04-30
M004868,周志明,金卡,新竹市,1990-06-13,2025-12-06,2026-04-30
M005426,蘇家豪,金卡,彰化縣,1973-05-12,2024-03-16,2026-04-30
M001307,呂家豪,銀卡,彰化縣,1968-09-25,2018-03-07,2026-04-30
M000949,黃承翰,白金,新北市,2000-02-27,2019-05-31,2026-04-30
M000377,李欣怡,銀卡,宜蘭縣,1961-12-19,2015-10-09,2026-04-30
M001956,莊雅雯,銀卡,新北市,1982-10-29,2020-07-25,2026-04-30
M000232,潘俊傑,一般,台中市,1985-09-23,2022-07-28,2026-04-30
M007522,蔡欣怡,金卡,台中市,1999-09-20,2023-12-10,2026-04-30
M003126,劉柏翰,金卡,新竹市,1966-04-09,2017-08-03,2026-04-30
M002154,呂柏翰,一般,彰化縣,1978-10-11,2025-05-08,2026-04-30
M001532,徐美玲,銀卡,桃園市,1978-01-28,2025-06-20,2026-04-30
M004442,莊承翰,銀卡,彰化縣,1992-03-14,2018-03-03,2026-06-30
M007740,羅心怡,金卡,宜蘭縣,1979-02-07,2022-12-16,2026-04-30
M003351,呂欣怡,金卡,台中市,1980-10-17,2019-02-02,2026-04-30
M007890,王俊傑,銀卡,新竹市,1960-08-19,2025-07-31,2026-04-30
M001509,曾心怡,金卡,台中市,1995-07-31,2015-12-06,2026-04-30
M003779,邱雅雯,金卡,高雄市,1970-12-03,2017-09-05,2026-04-30
M007499,蔡彥廷,銀卡,彰化縣,1995-12-08,2019-03-14,2026-04-30
M001160,鄭雅雯,金卡,宜蘭縣,2002-08-02,2016-03-15,2026-04-30
M002385,賴欣怡,銀卡,新竹市,1994-09-24,2024-12-17,2026-04-30
M005209,洪詩涵,金卡,新竹市,1985-02-14,2023-01-03,2026-04-30
M004870,曾美玲,一般,台南市,1980-01-23,2024-10-26,2026-04-30
M001688,謝俊宏,銀卡,宜蘭縣,1967-11-10,2024-05-11,2026-04-30
M001525,呂宗翰,銀卡,宜蘭縣,1987-12-11,2022-08-12,2026-04-30
M006663,許柏翰,白金,宜蘭縣,1976-03-15,2024-10-23,2026-04-30
M006130,許郁婷,銀卡,彰化縣,1980-06-05,2018-03-07,2026-04-30
M000014,廖建宏,白金,台北市,1981-12-15,2023-10-14,2026-04-30
M002912,邱俊宏,銀卡,台南市,1989-02-13,2022-07-12,2026-04-30
M005693,葉佩珊,一般,彰化縣,1985-11-29,2020-10-13,2026-04-30
M000748,陳家豪,白金,新北市,2003-08-30,2015-05-17,2026-04-30
M006039,何俊傑,金卡,新北市,1999-12-22,2023-06-02,2026-04-30
M000398,鄭建宏,一般,台南市,1987-11-10,2025-07-22,2026-04-30
M002541,吳志明,銀卡,基隆市,1995-01-26,2024-09-23,2026-04-30
M000730,曾淑芬,金卡,台中市,1987-04-13,2019-08-04,2026-04-30
M003996,羅彥廷,白金,新竹市,1987-09-15,2015-01-24,2026-04-30
M007490,何郁婷,一般,台中市,2001-12-06,2015-01-20,2026-04-30
M007533,賴詩涵,白金,新北市,1975-06-04,2018-05-09,2026-04-30
M000325,徐佩珊,一般,台南市,1965-12-17,2017-01-18,2026-04-30
M000811,謝柏翰,金卡,台北市,1976-03-23,2015-11-24,2026-04-30
M006982,賴宗翰,白金,宜蘭縣,1975-11-15,2024-11-08,2026-04-30
M001963,蔡雅婷,一般,台南市,1987-04-28,2016-08-22,2026-04-30
M000878,張雅婷,白金,彰化縣,1979-08-23,2020-10-08,2026-04-30
M000708,邱佩珊,金卡,宜蘭縣,1996-11-05,2015-06-10,2026-05-31
M007285,黃俊宏,白金,宜蘭縣,1999-09-02,2018-12-12,2026-06-30
M005879,林怡君,一般,N/A,1988-07-12,2016-07-16,2026-04-30
M002792,吳雅婷,銀卡,桃園市,1973-12-06,2022-09-26,2026-04-30
M004338,許柏翰,金卡,桃園市,2001-06-03,2018-01-01,2026-04-30
M001404,葉志明,白金,桃園市,1980-03-23,2020-05-20,2026-04-30
M001213,邱彥廷,一般,彰化縣,1963-01-12,2022-06-22,2026-04-30
M001403,林志明,金卡,彰化縣,1968-11-28,2024-01-29,2026-04-30
M005004,王冠宇,一般,宜蘭縣,1981-06-19,2025-01-25,2026-04-30
M006166,陳佩珊,金卡,桃園市,1979-05-13,2025-08-01,2026-04-30
M000108,王柏翰,銀卡,宜蘭縣,1978-12-25,2021-09-21,2026-06-30
M005983,莊承翰,銀卡,基隆市,2003-03-10,2024-11-15,2026-04-30
M000096,賴俊宏,銀卡,台北市,1975-12-31,2022-04-11,2026-04-30
M003093,廖家豪,白金,台南市,1993-01-04,2020-08-14,2026-04-30
M003677,廖俊宏,金卡,台北市,1989-10-21,2024-03-21,2026-04-30
M000858,蘇雅婷,金卡,高雄市,1962-01-28,2019-11-10,2026-05-31
M005830,洪美玲,銀卡,台北市,1978-02-27,2015-07-29,2026-04-30
M003825,呂雅婷,銀卡,彰化縣,1973-05-04,2024-09-14,2026-04-30
M005298,蔡雅雯,白金,桃園市,1962-07-05,2016-11-29,2026-04-30
M004387,賴佩珊,金卡,宜蘭縣,1967-11-27,2019-01-10,2026-05-31
M007791,蘇詩涵,白金,台中市,1997-03-20,2018-11-10,2026-04-30
M000136,陳志明,白金,台南市,1967-03-03,2020-08-24,2026-05-31
M006296,潘俊宏,金卡,台北市,1980-07-29,2019-02-18,2026-04-30
M006258,徐宗翰,白金,彰化縣,1999-04-21,2016-12-07,2026-04-30
M004514,李承翰,一般,宜蘭縣,1998-05-16,2021-04-22,2026-04-30
M007160,曾佩珊,銀卡,高雄市,1961-01-09,2015-11-15,2026-04-30
M005416,許雅婷,銀卡,新竹市,1996-01-14,2024-07-09,2026-04-30
M002670,羅彥廷,一般,新北市,1982-02-04,2021-01-14,2026-04-30
M005484,吳怡君,金卡,高雄市,1988-09-30,2017-01-12,2026-04-30
M004646,江怡君,金卡,彰化縣,1975-07-23,2024-10-06,2026-06-30
M000365,蘇心怡,銀卡,宜蘭縣,1986-01-25,2025-04-15,2026-04-30
M007643,鄭心怡,一般,台中市,2001-09-24,2020-08-10,2026-04-30
M007700,吳志明,銀卡,台北市,1996-03-13,2024-02-24,2026-04-30
M001086,呂建宏,一般,台中市,1969-06-09,2018-05-02,2026-04-30
M002854,周宗翰,銀卡,N/A,1972-09-21,2015-09-04,2026-04-30
M000642,邱俊傑,銀卡,台中市,1962-12-08,2017-02-08,2026-04-30
M003139,林佩珊,一般,彰化縣,1994-08-24,2018-08-17,2026-04-30
M002580,謝柏翰,金卡,台南市,1973-02-14,2016-04-06,2026-04-30
M004688,林淑芬,銀卡,桃園市,1982-09-06,2020-07-22,2026-04-30
M001719,楊家豪,一般,新竹市,1979-02-16,2019-08-08,2026-04-30
M001782,張建宏,銀卡,台南市,1971-12-01,2017-09-11,2026-04-30
M005408,高怡君,一般,宜蘭縣,2001-02-09,2023-07-31,2026-04-30
M004341,王建宏,銀卡,台南市,1963-08-02,2024-01-29,2026-04-30
M006149,吳詩涵,金卡,新竹市,1972-12-26,2023-10-17,2026-04-30
M006370,葉宗翰,白金,宜蘭縣,1995-11-21,2017-09-07,2026-06-30
M000461,劉欣怡,白金,台中市,1986-02-13,2022-05-11,2026-04-30
M003522,謝彥廷,一般,宜蘭縣,1970-09-09,2020-08-14,2026-04-30
M000756,高美玲,金卡,台中市,1991-02-03,2024-08-07,2026-04-30
M006443,周俊宏,金卡,彰化縣,2001-07-23,2025-03-14,2026-04-30
M000445,周宗翰,銀卡,高雄市,1986-12-19,2021-07-05,2026-04-30
M004541,羅佩珊,銀卡,高雄市,1964-06-26,2017-05-22,2026-04-30
M007300,鄭冠宇,一般,台南市,1997-01-13,2022-02-15,2026-04-30
M004268,高詩涵,金卡,高雄市,1992-03-19,2015-08-27,2026-04-30
M001481,廖承翰,金卡,彰化縣,1969-09-07,2023-05-06,2026-04-30
M001552,劉彥廷,白金,台中市,1971-06-26,2017-09-06,2026-04-30
M001880,莊建宏,一般,基隆市,1964-05-01,2016-04-27,2026-04-30
M000348,莊詩涵,銀卡,高雄市,1971-06-05,2025-09-12,2026-06-30
M003338,李承翰,銀卡,宜蘭縣,1987-12-16,2021-04-15,2026-04-30
M002264,楊柏翰,一般,台中市,1900-01-01,2024-06-25,2026-04-30
M005862,蔡俊傑,一般,高雄市,1900-01-01,2022-06-02,2026-04-30
M002991,楊佩珊,銀卡,台中市,1976-05-24,2025-08-18,2026-04-30
M004063,江美玲,一般,新北市,1975-11-21,2021-12-27,2026-04-30
M000980,洪宗翰,銀卡,新北市,1968-06-17,2015-02-15,2026-04-30
M005777,王雅婷,一般,桃園市,1968-05-22,2016-01-08,2026-05-31
M001734,葉雅雯,金卡,台北市,1979-01-19,2021-01-17,2026-06-30
M004030,張心怡,銀卡,新竹市,1963-06-13,2018-07-15,2026-04-30
M003778,徐家豪,金卡,桃園市,1969-06-16,2020-07-22,2026-06-30
M002856,李心怡,一般,彰化縣,1998-02-26,2025-02-26,2026-04-30
M007379,賴柏翰,金卡,桃園市,1960-04-04,2018-08-19,2026-04-30
M000876,黃淑芬,一般,台中市,1978-04-11,2018-06-19,2026-04-30
M007996,蘇詩涵,銀卡,宜蘭縣,1994-02-13,2017-02-10,2026-04-30
M001931,邱俊傑,白金,台中市,1900-01-01,2020-05-27,2026-06-30
M001512,黃郁婷,白金,高雄市,1983-07-27,2020-06-19,2026-04-30
M001917,廖佩珊,金卡,台南市,1962-06-06,2016-02-07,2026-06-30
M001144,洪冠宇,一般,桃園市,1990-08-23,2020-02-09,2026-04-30
M002454,洪彥廷,金卡,高雄市,1988-06-03,2016-01-09,2026-05-31
M005344,賴佩珊,一般,新竹市,1982-09-08,2018-03-16,2026-04-30
M002243,賴淑芬,白金,基隆市,1978-05-01,2025-01-27,2026-04-30
M003150,黃郁婷,一般,高雄市,1993-03-25,2024-05-17,2026-04-30
M004563,徐彥廷,一般,彰化縣,1962-03-02,2024-02-24,2026-04-30
M004861,邱怡君,白金,新北市,1989-06-05,2016-02-13,2026-04-30
M006234,林志明,一般,宜蘭縣,1971-11-15,2024-08-15,2026-04-30
M004520,徐淑芬,金卡,台南市,2002-04-22,2015-07-21,2026-04-30
M006424,張郁婷,白金,彰化縣,1988-08-20,2015-04-22,2026-04-30
M006442,潘詩涵,一般,新竹市,2001-08-04,2016-02-01,2026-04-30
M005013,高柏翰,金卡,N/A,2001-11-05,2022-11-24,2026-04-30
M003110,江淑芬,一般,桃園市,1992-01-21,2018-12-09,2026-04-30
M002384,張宗翰,銀卡,桃園市,1990-09-20,2023-06-14,2026-04-30
M004805,陳冠宇,白金,桃園市,1969-12-30,2018-01-15,2026-04-30
M004721,何雅婷,金卡,新竹市,1988-11-01,2018-05-30,2026-04-30
M007942,林佩珊,白金,彰化縣,1967-12-20,2024-06-18,2026-04-30
M002864,洪郁婷,一般,宜蘭縣,1999-08-08,2023-04-17,2026-04-30
M007898,陳心怡,一般,桃園市,2003-08-10,2024-11-01,2026-04-30
M000712,邱雅婷,銀卡,高雄市,2003-06-23,2018-10-30,2026-04-30
M004960,吳美玲,銀卡,台南市,1994-05-29,2015-04-16,2026-04-30
M006305,潘彥廷,銀卡,宜蘭縣,1988-12-25,2024-08-07,2026-06-30
M005161,莊郁婷,一般,基隆市,1989-01-26,2017-04-29,2026-04-30
M003737,劉俊傑,一般,宜蘭縣,2001-09-26,2025-07-04,2026-04-30
M002674,陳佩珊,金卡,新北市,2001-02-03,2023-04-15,2026-04-30
M005213,葉欣怡,金卡,新竹市,1995-01-17,2020-03-04,2026-04-30
M007209,楊柏翰,一般,台南市,1981-09-26,2021-01-25,2026-04-30
M000472,楊冠宇,白金,新竹市,1962-02-13,2016-11-09,2026-04-30
M006800,鄭彥廷,白金,台北市,1988-06-07,2019-12-16,2026-04-30
M002134,張美玲,白金,新北市,1977-05-24,2017-08-15,2026-04-30
M003030,高雅婷,金卡,彰化縣,1965-03-15,2015-02-24,2026-04-30
M001328,呂俊傑,銀卡,桃園市,1992-11-14,2017-03-10,2026-04-30
M005183,鄭俊宏,一般,基隆市,1973-04-24,2025-10-12,2026-04-30
M003408,莊宗翰,金卡,台北市,1970-12-09,2024-08-26,2026-04-30
M003292,劉欣怡,一般,台南市,1963-11-11,2020-02-10,2026-04-30
M002791,蕭冠宇,銀卡,台中市,1977-09-28,2019-11-16,2026-04-30
M007994,蘇佩珊,金卡,台中市,1969-09-01,2015-03-24,2026-04-30
M003639,張俊宏,銀卡,基隆市,1974-07-02,2019-05-01,2026-04-30
M007200,張雅婷,銀卡,台北市,1994-04-01,2021-10-25,2026-04-30
M004321,羅淑芬,金卡,台南市,1997-01-24,2018-11-19,2026-04-30
M003031,葉心怡,白金,新竹市,1975-10-01,2017-11-28,2026-04-30
M006145,徐雅婷,一般,桃園市,1969-01-06,2020-08-01,2026-04-30
M001852,洪宗翰,一般,台北市,1966-03-16,2024-05-12,2026-04-30
M007521,高宗翰,金卡,基隆市,1985-12-31,2020-10-07,2026-04-30
M004493,鄭柏翰,銀卡,桃園市,1998-08-12,2019-10-22,2026-04-30
M005289,蕭雅婷,金卡,宜蘭縣,1990-05-08,2017-05-01,2026-04-30
M003642,賴冠宇,金卡,台南市,1962-05-01,2025-07-13,2026-04-30
M003265,呂彥廷,銀卡,新竹市,1989-01-12,2022-01-27,2026-05-31
M005477,呂柏翰,銀卡,高雄市,1964-06-24,2019-06-25,2026-04-30
M001910,吳雅婷,銀卡,台南市,1961-01-11,2020-01-04,2026-04-30
M007275,劉承翰,銀卡,基隆市,1995-12-12,2019-08-07,2026-04-30
M007460,羅承翰,銀卡,台中市,1981-12-01,2017-12-15,2026-04-30
M002749,何佩珊,一般,台中市,1981-03-11,2025-02-21,2026-04-30
M003193,葉志明,白金,N/A,1976-08-19,2015-04-01,2026-04-30
M001334,劉志明,金卡,基隆市,1976-05-17,2017-10-01,2026-04-30
M002150,李詩涵,銀卡,台中市,1961-06-22,2015-05-13,2026-04-30
M002198,蔡美玲,金卡,台北市,1979-02-24,2022-06-28,2026-04-30
M004481,蘇家豪,銀卡,新北市,1992-12-30,2015-04-19,2026-04-30
M006820,葉欣怡,金卡,宜蘭縣,1973-03-29,2018-01-19,2026-04-30
M006000,賴宗翰,金卡,台南市,1972-05-13,2024-03-13,2026-04-30
M006492,賴佩珊,白金,宜蘭縣,1999-11-15,2023-08-29,2026-05-31
M007532,謝欣怡,白金,彰化縣,1992-09-05,2020-12-05,2026-04-30
M000761,邱美玲,白金,台北市,2001-07-25,2021-07-29,2026-04-30
M004276,賴冠宇,一般,宜蘭縣,1999-11-07,2016-03-12,2026-04-30
M002843,何心怡,一般,台南市,1990-11-18,2015-04-23,2026-04-30
M006486,周宗翰,金卡,彰化縣,1982-12-18,2024-06-16,2026-04-30
M001993,張雅雯,一般,基隆市,1978-06-21,2025-05-28,2026-04-30
M002049,楊佩珊,金卡,台南市,1996-11-27,2022-02-09,2026-04-30
M002690,王俊宏,銀卡,高雄市,2003-04-23,2020-09-21,2026-04-30
M006711,吳欣怡,白金,彰化縣,1962-09-10,2019-04-22,2026-04-30
M000056,陳俊傑,銀卡,台中市,1971-05-26,2017-06-15,2026-04-30
M005846,何建宏,銀卡,台北市,2002-09-02,2020-08-03,2026-04-30
M002607,張承翰,白金,高雄市,1986-06-16,2019-11-15,2026-06-30
M003152,曾詩涵,一般,基隆市,1997-05-26,2025-09-07,2026-05-31
M002642,徐建宏,金卡,彰化縣,2000-11-16,2023-08-03,2026-06-30
M000558,賴承翰,金卡,新北市,1970-03-26,2016-08-27,2026-05-31
M007288,許詩涵,銀卡,宜蘭縣,1976-01-12,2017-07-01,2026-04-30
M002079,楊彥廷,一般,新竹市,1981-03-14,2024-06-21,2026-04-30
M007660,高心怡,一般,宜蘭縣,1970-01-14,2015-01-21,2026-04-30
M004948,黃淑芬,金卡,基隆市,1981-07-14,2021-09-26,2026-04-30
M004446,莊承翰,一般,高雄市,1975-05-16,2018-12-30,2026-04-30
M003585,郭雅婷,銀卡,台中市,1994-08-14,2018-05-11,2026-04-30
M001949,蕭佩珊,銀卡,彰化縣,1991-09-15,2023-04-11,2026-04-30
M003284,郭俊宏,白金,彰化縣,1963-11-03,2023-06-13,2026-04-30
M001311,莊雅雯,銀卡,台中市,1978-11-23,2022-02-09,2026-04-30
M005321,許雅雯,銀卡,基隆市,1981-08-29,2024-08-18,2026-04-30
M002799,廖建宏,白金,台南市,1984-10-09,2019-03-14,2026-04-30
M000498,謝柏翰,銀卡,桃園市,1982-12-10,2019-08-04,2026-04-30
M004245,楊宗翰,銀卡,新北市,1972-04-29,2023-09-11,2026-04-30
M003870,徐俊傑,一般,桃園市,2001-10-31,2018-07-03,2026-04-30
M001619,賴柏翰,銀卡,桃園市,1969-08-13,2021-02-18,2026-04-30
M006760,蔡詩涵,金卡,基隆市,1998-07-04,2016-02-28,2026-04-30
M005504,楊詩涵,白金,台北市,1982-01-23,2022-09-17,2026-05-31
M001625,劉彥廷,一般,台南市,1962-11-20,2017-04-10,2026-04-30
M004811,蘇柏翰,銀卡,彰化縣,1994-11-15,2025-03-09,2026-04-30
M007954,陳俊宏,一般,宜蘭縣,1968-04-04,2025-10-30,2026-04-30
M004228,劉承翰,一般,新北市,1992-11-09,2023-10-29,2026-04-30
M002319,周淑芬,一般,新北市,1993-10-06,2017-03-07,2026-04-30
M002656,江佩珊,銀卡,彰化縣,1992-06-10,2021-09-12,2026-04-30
M001310,蕭佩珊,一般,新竹市,1969-04-07,2018-06-03,2026-04-30
M006212,王欣怡,銀卡,基隆市,1976-02-23,2023-03-20,2026-04-30
M006358,蕭佩珊,金卡,宜蘭縣,1975-03-04,2017-06-14,2026-04-30
M003335,許柏翰,銀卡,桃園市,1996-09-07,2018-09-07,2026-04-30
M002921,高俊傑,一般,基隆市,1961-05-13,2017-08-16,2026-04-30
M003619,林欣怡,銀卡,台南市,1974-03-17,2020-06-14,2026-04-30
M005876,洪俊宏,銀卡,台北市,1965-02-10,2019-09-23,2026-04-30
M006787,廖郁婷,銀卡,新北市,1964-11-05,2024-09-06,2026-04-30
M004759,蕭淑芬,一般,宜蘭縣,1979-05-23,2023-12-25,2026-04-30
M004773,吳心怡,銀卡,新竹市,1992-05-29,2016-10-22,2026-04-30
M005750,徐詩涵,一般,新北市,1972-01-06,2025-02-01,2026-04-30
M000671,高承翰,銀卡,高雄市,1984-04-01,2022-04-06,2026-04-30
M003559,曾怡君,金卡,新竹市,1996-02-15,2022-07-29,2026-04-30
M000612,李冠宇,白金,基隆市,1970-05-10,2023-04-12,2026-04-30
M001985,羅俊傑,銀卡,高雄市,1981-12-21,2016-07-17,2026-04-30
M002280,徐雅婷,銀卡,台北市,1999-05-30,2017-11-15,2026-04-30
M007882,高家豪,金卡,基隆市,1971-03-01,2025-01-18,2026-04-30
M003053,徐郁婷,白金,基隆市,1965-08-30,2019-07-14,2026-04-30
M001460,羅柏翰,白金,彰化縣,1976-09-25,2023-12-21,2026-05-31
M003203,賴雅婷,銀卡,基隆市,1971-11-19,2022-02-11,2026-04-30
M002396,鄭欣怡,金卡,桃園市,1985-10-03,2022-06-15,2026-04-30
M005608,葉志明,銀卡,新竹市,2003-05-27,2021-04-05,2026-04-30
M004342,呂淑芬,一般,新竹市,1983-05-16,2019-10-19,2026-04-30
M005767,楊俊傑,銀卡,新竹市,1964-09-05,2015-12-10,2026-04-30
M004319,邱彥廷,白金,新竹市,2001-02-22,2017-06-17,2026-04-30
M007116,張欣怡,銀卡,彰化縣,1974-09-30,2025-09-28,2026-04-30
M004157,何淑芬,銀卡,台中市,1961-07-24,2016-08-20,2026-04-30
M002445,楊俊傑,銀卡,基隆市,1981-07-10,2020-03-25,2026-05-31
M000229,廖淑芬,銀卡,台南市,1962-11-21,2015-07-04,2026-06-30
M002550,楊家豪,金卡,基隆市,1965-12-29,2016-12-30,2026-04-30
M007604,周柏翰,一般,台中市,1978-12-07,2023-02-27,2026-04-30
M006840,王志明,白金,基隆市,1968-02-19,2024-08-29,2026-04-30
M006517,蔡俊宏,金卡,台南市,1968-10-02,2018-09-23,2026-04-30
M000184,謝詩涵,白金,新竹市,2003-03-07,2025-06-28,2026-04-30
M006208,徐雅婷,銀卡,高雄市,1969-02-09,2019-08-11,2026-04-30
M005715,廖家豪,金卡,基隆市,1986-06-13,2024-06-01,2026-04-30
M006471,鄭雅雯,白金,台北市,1983-11-07,2016-03-21,2026-04-30
M005275,莊佩珊,金卡,桃園市,1974-10-15,2024-05-19,2026-04-30
M003192,賴郁婷,一般,台北市,1966-03-11,2021-01-17,2026-04-30
M005040,謝怡君,銀卡,高雄市,1977-07-12,2021-12-12,2026-04-30
M001448,葉俊傑,銀卡,基隆市,1969-02-13,2015-11-04,2026-04-30
M004117,許俊宏,白金,新北市,2000-01-29,2025-03-27,2026-04-30
M006958,高雅雯,金卡,宜蘭縣,1992-08-30,2020-05-07,2026-04-30
M004708,廖美玲,銀卡,基隆市,1972-01-19,2020-11-14,2026-04-30
M002766,郭彥廷,金卡,台北市,1980-09-02,2019-06-11,2026-05-31
M002107,黃建宏,銀卡,高雄市,1967-04-25,2022-06-15,2026-04-30
M000668,王建宏,一般,新北市,2003-07-15,2021-11-02,2026-04-30
M002020,呂郁婷,白金,新北市,1972-03-29,2021-10-01,2026-06-30
M001088,謝美玲,銀卡,高雄市,1960-06-06,2015-03-16,2026-04-30
M007984,莊俊宏,銀卡,高雄市,1990-02-15,2019-11-02,2026-04-30
M004736,潘怡君,一般,新竹市,1966-05-15,2020-01-22,2026-04-30
M004202,黃承翰,白金,桃園市,1994-07-28,2019-12-05,2026-04-30
M005127,李彥廷,銀卡,桃園市,1997-04-01,2024-06-10,2026-04-30
M005699,林欣怡,白金,台北市,1983-01-20,2020-12-23,2026-06-30
M005439,何心怡,金卡,新北市,1975-10-30,2017-08-08,2026-04-30
M001352,邱志明,銀卡,宜蘭縣,1978-01-11,2025-10-18,2026-06-30
M006220,張冠宇,金卡,台北市,1991-03-22,2015-02-27,2026-04-30
M002021,許心怡,金卡,新北市,1974-04-03,2024-05-27,2026-04-30
M004239,洪詩涵,白金,新竹市,2002-10-31,2024-08-06,2026-04-30
M007370,郭冠宇,金卡,桃園市,1963-08-13,2025-03-16,2026-04-30
M003044,張彥廷,銀卡,新北市,1973-08-19,2019-12-01,2026-04-30
M003978,高家豪,一般,台北市,1979-08-08,2018-09-25,2026-06-30
M004158,郭詩涵,銀卡,宜蘭縣,1976-03-01,2021-10-01,2026-04-30
M001119,王欣怡,金卡,彰化縣,1977-08-07,2022-09-02,2026-04-30
M001575,張欣怡,一般,彰化縣,1976-09-06,2024-03-03,2026-04-30
M001697,郭家豪,金卡,台南市,1992-09-14,2020-01-10,2026-04-30
M000293,潘詩涵,銀卡,宜蘭縣,1967-05-01,2022-04-23,2026-04-30
M001294,周怡君,銀卡,基隆市,2002-06-19,2018-12-19,2026-04-30
M005919,江雅雯,金卡,基隆市,1986-11-10,2024-10-31,2026-04-30
M005834,何志明,白金,新竹市,2003-04-09,2025-09-30,2026-04-30
M005981,林建宏,金卡,桃園市,1965-12-02,2015-05-17,2026-04-30
M007331,曾家豪,白金,基隆市,1968-04-09,2022-09-18,2026-04-30
M007147,周志明,白金,基隆市,1984-02-24,2022-11-22,2026-04-30
M003396,許佩珊,銀卡,基隆市,1977-04-24,2022-01-14,2026-04-30
M002543,廖佩珊,一般,台南市,1966-06-09,2016-08-31,2026-04-30
M007957,郭家豪,金卡,桃園市,1970-09-09,2024-07-15,2026-04-30
M003957,謝淑芬,銀卡,台南市,1988-06-10,2023-07-01,2026-04-30
M000991,蕭佩珊,白金,彰化縣,1997-02-18,2017-04-25,2026-04-30
M005181,徐雅雯,一般,新北市,1968-03-26,2024-05-05,2026-05-31
M002284,郭怡君,一般,彰化縣,1990-12-03,2022-10-03,2026-06-30
M006890,林俊宏,銀卡,基隆市,1989-11-13,2015-08-17,2026-04-30
M006284,葉郁婷,一般,台中市,2002-10-24,2018-01-26,2026-04-30
M003588,蘇承翰,銀卡,台中市,1982-04-20,2024-02-20,2026-06-30
M002647,潘雅雯,白金,基隆市,1900-01-01,2022-06-24,2026-04-30
M001542,陳建宏,白金,彰化縣,1976-12-04,2024-02-01,2026-04-30
M007452,葉俊傑,一般,台南市,1960-08-26,2021-02-23,2026-04-30
M003438,徐欣怡,白金,台中市,2000-08-08,2022-06-24,2026-04-30
M002632,郭心怡,金卡,高雄市,1995-12-10,2022-02-05,2026-04-30
M002344,江建宏,銀卡,新竹市,1982-04-25,2023-03-25,2026-04-30
M003530,楊詩涵,一般,台中市,1967-12-06,2021-08-12,2026-04-30
M000937,葉柏翰,金卡,桃園市,1989-04-07,2015-09-05,2026-04-30
M000562,廖欣怡,銀卡,基隆市,1989-06-18,2018-12-23,2026-04-30
M005867,廖志明,金卡,桃園市,1992-11-09,2023-02-06,2026-04-30
M005669,謝雅雯,金卡,台中市,2002-02-17,2019-02-20,2026-04-30
M006651,江郁婷,金卡,台南市,2001-04-13,2024-06-24,2026-04-30
M005192,曾柏翰,一般,彰化縣,1994-08-01,2022-01-08,2026-04-30
M002847,洪俊宏,白金,彰化縣,1961-02-21,2018-01-28,2026-06-30
M003951,蘇雅雯,金卡,台北市,1966-01-14,2016-12-07,2026-04-30
M006702,張美玲,銀卡,基隆市,1985-02-12,2021-06-05,2026-04-30
M004413,郭俊宏,一般,高雄市,1980-04-25,2016-04-22,2026-04-30
M004001,徐郁婷,金卡,新竹市,1988-09-14,2018-09-22,2026-04-30
M003791,謝雅婷,金卡,台南市,1964-05-07,2018-08-09,2026-04-30
M001110,許承翰,白金,台南市,1991-06-21,2024-04-26,2026-06-30
M000795,李郁婷,白金,宜蘭縣,1962-10-13,2021-04-17,2026-04-30
M007914,林宗翰,金卡,基隆市,1999-11-15,2024-03-04,2026-04-30
M000411,徐美玲,銀卡,桃園市,1983-05-21,2015-09-03,2026-04-30
M000866,蕭彥廷,一般,台中市,1969-07-02,2024-12-04,2026-06-30
M000990,江冠宇,白金,宜蘭縣,1979-11-12,2017-11-18,2026-04-30
M002644,劉雅婷,金卡,彰化縣,1977-07-01,2020-12-09,2026-04-30
M004706,高柏翰,銀卡,桃園市,1966-11-07,2017-12-14,2026-04-30
M003208,洪俊宏,白金,新北市,1961-05-08,2016-08-22,2026-04-30
M006246,洪彥廷,銀卡,高雄市,2003-02-03,2020-02-09,2026-04-30
M002176,李雅雯,銀卡,桃園市,1981-09-14,2018-07-16,2026-04-30
M002443,何雅雯,銀卡,台南市,1970-09-07,2017-03-01,2026-04-30
M001258,林雅雯,一般,桃園市,1996-12-08,2020-06-07,2026-04-30
M007785,吳欣怡,銀卡,台中市,1974-12-21,2015-11-03,2026-04-30
M000417,陳怡君,金卡,新北市,1967-08-07,2024-02-12,2026-04-30
M002895,洪彥廷,白金,彰化縣,1964-10-20,2024-11-17,2026-04-30
M004370,黃淑芬,白金,台中市,1990-07-26,2023-04-08,2026-04-30
M006511,蔡柏翰,金卡,新北市,1991-01-13,2021-06-20,2026-04-30
M001658,吳淑芬,一般,N/A,1993-12-22,2022-09-26,2026-04-30
M004719,蘇俊傑,白金,基隆市,1979-05-01,2017-05-23,2026-04-30
M002210,張詩涵,一般,宜蘭縣,1976-05-27,2024-07-26,2026-04-30
M003488,張郁婷,銀卡,台中市,1965-08-07,2018-03-04,2026-04-30
M006727,劉俊宏,銀卡,台北市,1973-03-26,2018-10-14,2026-04-30
M000592,郭怡君,銀卡,台南市,1968-09-12,2024-07-23,2026-05-31
M005701,莊雅雯,一般,彰化縣,1900-01-01,2017-01-29,2026-04-30
M003993,莊雅雯,金卡,高雄市,1998-10-08,2015-07-19,2026-04-30
M000251,劉宗翰,一般,彰化縣,1987-03-16,2023-09-12,2026-04-30
M001455,賴俊宏,白金,新北市,1973-05-13,2024-09-20,2026-04-30
M000715,曾雅雯,白金,基隆市,1987-04-26,2020-07-12,2026-04-30
M006656,何柏翰,銀卡,台北市,2001-11-12,2018-07-04,2026-04-30
M007437,高美玲,金卡,台北市,1983-07-13,2017-06-30,2026-04-30
M007130,江柏翰,銀卡,彰化縣,1900-01-01,2017-08-24,2026-04-30
M004512,曾郁婷,白金,彰化縣,2002-02-03,2017-12-05,2026-05-31
M002093,謝欣怡,白金,桃園市,1986-05-16,2024-05-23,2026-05-31
M001941,劉志明,一般,新竹市,1975-02-24,2021-02-05,2026-04-30
M005611,鄭佩珊,金卡,新竹市,1976-12-24,2022-03-29,2026-04-30
M001878,廖柏翰,金卡,新竹市,1989-08-01,2022-04-17,2026-04-30
M006112,蘇郁婷,金卡,台北市,1982-09-09,2021-07-09,2026-04-30
M006733,蔡家豪,白金,彰化縣,1971-08-04,2016-02-22,2026-04-30
M000021,羅欣怡,白金,基隆市,1979-12-16,2020-10-13,2026-04-30
M001613,蔡心怡,一般,新竹市,1990-01-13,2022-07-17,2026-04-30
M002966,潘欣怡,銀卡,基隆市,1977-03-23,2023-07-26,2026-04-30
M001451,吳雅雯,一般,基隆市,1965-06-21,2019-03-11,2026-04-30
M002116,鄭雅雯,白金,彰化縣,2001-12-30,2021-10-02,2026-04-30
M007459,洪雅婷,銀卡,台南市,1963-12-29,2022-05-11,2026-04-30
M006655,邱雅雯,白金,基隆市,1968-07-15,2021-07-04,2026-04-30
M005637,洪佩珊,銀卡,台中市,1989-02-26,2024-06-21,2026-04-30
M007129,鄭雅婷,金卡,新北市,1986-12-19,2017-04-25,2026-04-30
M004169,鄭雅雯,白金,桃園市,1998-01-18,2016-07-19,2026-06-30
M005565,蔡冠宇,一般,台北市,1996-07-30,2023-09-10,2026-04-30
M002112,吳郁婷,一般,台北市,1994-05-23,2025-08-19,2026-04-30
M002224,郭家豪,白金,宜蘭縣,1979-06-23,2024-08-16,2026-04-30
M003913,莊志明,金卡,高雄市,1900-01-01,2019-10-27,2026-04-30
M001711,黃承翰,一般,桃園市,1991-12-15,2020-08-07,2026-04-30
M001569,徐佩珊,銀卡,台中市,2002-11-22,2023-06-08,2026-04-30
M001713,曾雅婷,金卡,高雄市,1961-04-11,2024-06-07,2026-04-30
M006188,張宗翰,銀卡,高雄市,1984-03-09,2025-05-01,2026-04-30
M004556,江怡君,白金,宜蘭縣,1991-04-18,2022-09-14,2026-04-30
M007493,何欣怡,銀卡,新北市,2001-10-08,2019-06-22,2026-04-30
M002477,江彥廷,金卡,台中市,1988-02-18,2015-07-16,2026-05-31
M005735,張淑芬,金卡,新竹市,1970-08-26,2015-09-07,2026-04-30
M005305,潘彥廷,白金,台北市,1969-09-29,2016-06-16,2026-04-30
M000568,陳志明,一般,彰化縣,1970-03-15,2021-02-12,2026-04-30
M005788,蔡雅婷,白金,彰化縣,1980-05-18,2019-10-13,2026-04-30
M005001,潘彥廷,銀卡,桃園市,1992-10-05,2017-12-19,2026-04-30
M003122,周淑芬,白金,新竹市,1961-01-14,2022-09-18,2026-04-30
M002354,蕭建宏,白金,新竹市,1960-08-12,2021-07-10,2026-04-30
M005327,蔡淑芬,金卡,台北市,1987-01-26,2016-10-05,2026-04-30
M001556,呂雅婷,一般,台南市,1980-03-25,2019-03-17,2026-04-30
M007137,邱雅婷,一般,新北市,1982-08-20,2021-08-09,2026-04-30
M004315,吳俊宏,白金,基隆市,1974-04-11,2024-12-06,2026-04-30
M001206,楊俊傑,一般,彰化縣,1977-09-15,2020-05-28,2026-04-30
M003368,廖佩珊,銀卡,基隆市,1991-04-04,2019-02-13,2026-04-30
M003143,郭俊傑,金卡,台中市,1990-10-07,2020-03-22,2026-04-30
M005087,葉建宏,一般,新竹市,1990-01-08,2015-01-03,2026-04-30
M003811,洪俊宏,一般,高雄市,1997-12-27,2021-08-11,2026-04-30
M003809,黃俊宏,銀卡,台中市,1967-07-30,2016-04-22,2026-06-30
M007384,潘淑芬,銀卡,宜蘭縣,1970-12-03,2022-05-02,2026-04-30
M006511,蔡柏翰,金卡,台北市,1991-01-13,2021-06-20,2026-05-31
M006304,鄭詩涵,一般,新竹市,1979-04-04,2015-10-22,2026-04-30
M001372,林詩涵,一般,基隆市,1900-01-01,2022-09-11,2026-04-30
M006448,廖雅雯,銀卡,宜蘭縣,2000-04-09,2019-03-28,2026-04-30
M007403,徐家豪,金卡,台中市,1975-06-28,2015-09-14,2026-04-30
M002485,蕭家豪,銀卡,新竹市,1999-04-08,2023-11-26,2026-04-30
M004433,蔡郁婷,一般,宜蘭縣,1998-07-08,2015-05-04,2026-04-30
M006921,廖俊傑,白金,台南市,2000-11-10,2018-05-21,2026-04-30
M005332,周俊宏,白金,宜蘭縣,1967-04-21,2024-02-11,2026-04-30
M005824,劉宗翰,銀卡,新竹市,1969-10-25,2022-06-24,2026-04-30
M007025,蘇佩珊,白金,台中市,1991-11-23,2018-08-28,2026-04-30
M000625,周欣怡,銀卡,台中市,1994-02-19,2016-12-09,2026-04-30
M006622,郭宗翰,一般,台北市,1994-10-23,2017-08-12,2026-04-30
M004285,蔡冠宇,金卡,新北市,1981-06-16,2023-11-19,2026-04-30
M001504,周俊傑,白金,基隆市,1984-09-26,2020-12-15,2026-04-30
M003713,洪志明,銀卡,宜蘭縣,1983-03-31,2015-11-25,2026-04-30
M004178,李淑芬,金卡,桃園市,2000-12-10,2021-12-19,2026-04-30
M003821,劉冠宇,白金,新竹市,1968-12-05,2016-02-04,2026-04-30
M002258,郭宗翰,一般,高雄市,1962-04-29,2021-08-14,2026-04-30
M003278,邱詩涵,一般,台中市,2001-08-22,2020-02-21,2026-04-30
M004049,謝冠宇,白金,台中市,1977-06-27,2021-06-02,2026-04-30
M002642,徐建宏,金卡,高雄市,2000-11-16,2023-08-03,2026-04-30
M004610,周美玲,一般,新竹市,1994-03-10,2016-02-08,2026-04-30
M006268,莊欣怡,一般,宜蘭縣,1994-09-21,2017-11-28,2026-04-30
M002662,廖雅婷,一般,桃園市,1992-04-16,2024-03-23,2026-04-30
M004758,楊冠宇,白金,新北市,1998-05-04,2024-03-18,2026-04-30
M004442,莊承翰,一般,彰化縣,1992-03-14,2018-03-03,2026-04-30
M003407,謝淑芬,銀卡,新竹市,1963-03-07,2016-04-29,2026-04-30
M007818,蘇怡君,銀卡,高雄市,1983-04-12,2020-12-14,2026-04-30
M002446,曾俊宏,白金,新竹市,1969-11-17,2017-12-24,2026-05-31
M003222,江建宏,金卡,桃園市,1977-07-18,2020-10-31,2026-04-30
M005922,鄭欣怡,一般,台中市,1992-07-07,2015-05-14,2026-04-30
M004774,羅冠宇,銀卡,台南市,1994-06-21,2015-01-16,2026-04-30
M000086,黃彥廷,一般,新北市,2002-07-28,2018-03-21,2026-05-31
M003662,謝欣怡,銀卡,高雄市,1964-06-06,2018-06-27,2026-04-30
M003739,賴俊宏,一般,台北市,1965-02-10,2020-05-24,2026-04-30
M004776,洪彥廷,白金,台中市,1992-01-18,2016-01-31,2026-04-30
M003630,劉雅婷,金卡,新北市,1995-02-19,2016-10-30,2026-04-30
M000796,周家豪,白金,新竹市,1964-10-11,2025-10-16,2026-04-30
M002075,洪欣怡,白金,桃園市,1972-08-19,2023-02-22,2026-04-30
M000180,楊家豪,白金,桃園市,1984-01-24,2025-09-22,2026-04-30
M004337,洪佩珊,金卡,高雄市,1966-04-28,2016-02-21,2026-04-30
M003995,張志明,銀卡,新北市,1970-01-08,2017-08-27,2026-04-30
M005221,洪志明,一般,基隆市,1984-03-14,2022-06-14,2026-04-30
M006755,江冠宇,白金,彰化縣,1970-03-06,2018-05-16,2026-04-30
M003923,徐美玲,金卡,彰化縣,1994-07-10,2015-05-31,2026-04-30
M001849,蔡俊宏,銀卡,桃園市,2002-11-08,2016-07-09,2026-06-30
M004685,莊淑芬,銀卡,台北市,1988-10-05,2018-10-19,2026-04-30
M007933,鄭雅婷,白金,新北市,1996-12-09,2023-11-19,2026-04-30
M006228,江郁婷,一般,基隆市,1965-03-03,2016-06-29,2026-04-30
M007463,羅俊傑,金卡,新北市,2000-05-20,2025-04-20,2026-04-30
M000978,曾郁婷,白金,基隆市,1995-03-29,2017-06-23,2026-06-30
M005282,陳承翰,一般,新北市,1971-05-16,2015-05-30,2026-04-30
M000534,葉建宏,銀卡,台南市,1990-09-05,2024-06-28,2026-04-30
M007856,周淑芬,白金,新北市,1996-02-22,2025-05-05,2026-04-30
M005804,徐柏翰,一般,台南市,1977-07-27,2025-03-15,2026-04-30
M006610,許家豪,白金,台中市,1961-11-30,2018-12-05,2026-04-30
M007189,謝冠宇,銀卡,台南市,1982-09-16,2025-08-25,2026-04-30
M006559,林郁婷,銀卡,彰化縣,1976-12-06,2024-07-31,2026-04-30
M005078,高宗翰,金卡,桃園市,1993-05-26,2024-09-10,2026-04-30
M006132,許冠宇,金卡,新竹市,1997-02-22,2017-05-15,2026-04-30
M006095,林郁婷,金卡,新竹市,1963-08-07,2022-07-19,2026-04-30
M002608,吳心怡,銀卡,高雄市,1976-07-28,2024-11-01,2026-04-30
M002325,羅家豪,一般,新北市,1966-03-03,2022-06-20,2026-04-30
M002784,曾志明,金卡,基隆市,1973-02-07,2025-09-01,2026-05-31
M002110,鄭冠宇,銀卡,基隆市,2001-09-09,2019-06-24,2026-04-30
M002645,謝雅雯,金卡,彰化縣,1960-11-21,2023-01-11,2026-04-30
M000835,蘇彥廷,白金,新竹市,2001-09-26,2015-09-15,2026-04-30
M005171,劉淑芬,銀卡,台南市,1960-05-31,2018-03-08,2026-04-30
M003069,劉郁婷,一般,新竹市,1975-02-03,2025-02-06,2026-04-30
M006555,蔡家豪,白金,宜蘭縣,2002-09-03,2016-11-11,2026-04-30
M005802,徐志明,一般,基隆市,2000-08-19,2019-12-26,2026-04-30
M006999,廖詩涵,金卡,台南市,1971-05-16,2015-12-13,2026-05-31
M004307,林俊宏,銀卡,台南市,1973-08-22,2020-05-30,2026-04-30
M000217,林承翰,一般,台中市,1974-07-23,2017-02-25,2026-04-30
M000941,李欣怡,金卡,基隆市,1998-12-11,2019-09-19,2026-04-30
M000858,蘇雅婷,金卡,台北市,1962-01-28,2019-11-10,2026-04-30
M003958,楊雅婷,一般,台中市,1964-10-06,2020-10-09,2026-04-30
M002603,謝心怡,一般,基隆市,1989-10-27,2022-09-01,2026-04-30
M005837,高怡君,金卡,桃園市,1964-01-07,2020-06-04,2026-04-30
M006952,羅欣怡,白金,台南市,2001-01-02,2025-01-29,2026-04-30
M002477,江彥廷,銀卡,台中市,1988-02-18,2015-07-16,2026-04-30
M005654,蔡美玲,一般,新北市,1997-08-25,2019-12-13,2026-04-30
M004090,黃家豪,金卡,台北市,1992-10-21,2018-09-21,2026-04-30
M005544,高怡君,金卡,桃園市,1970-06-28,2023-09-12,2026-04-30
M004999,葉佩珊,金卡,宜蘭縣,1968-11-04,2015-08-10,2026-04-30
M001405,莊雅雯,一般,基隆市,1969-08-26,2023-04-05,2026-04-30
M001922,潘美玲,一般,新北市,1985-05-29,2016-09-02,2026-04-30
M005349,謝冠宇,金卡,台南市,1965-06-17,2016-11-07,2026-06-30
M005863,江欣怡,白金,台南市,1993-07-24,2024-03-01,2026-04-30
M000646,葉美玲,白金,高雄市,2000-01-14,2015-04-11,2026-04-30
M007107,曾建宏,金卡,桃園市,1989-08-27,2020-02-26,2026-04-30
M003237,李俊宏,白金,宜蘭縣,2002-07-05,2019-05-23,2026-04-30
M007500,蘇柏翰,一般,台南市,1976-07-12,2018-07-18,2026-04-30
M001036,蕭怡君,白金,台南市,1971-07-21,2016-04-04,2026-04-30
M004962,廖柏翰,白金,基隆市,1984-02-28,2017-09-15,2026-04-30
M006579,林欣怡,白金,基隆市,1982-05-27,2024-09-28,2026-06-30
M001531,許宗翰,一般,台中市,1987-04-20,2025-11-13,2026-04-30
M002760,曾美玲,一般,台南市,1988-12-10,2023-06-25,2026-04-30
M000523,蕭雅婷,金卡,台南市,1979-04-27,2017-06-24,2026-04-30
M003532,郭雅雯,銀卡,新北市,1985-11-05,2021-04-02,2026-04-30
M006074,邱宗翰,白金,台南市,1996-10-03,2024-02-26,2026-04-30
M000039,呂美玲,白金,高雄市,1989-09-17,2025-02-05,2026-04-30
M007723,潘佩珊,銀卡,宜蘭縣,2001-10-28,2017-06-28,2026-04-30
M004418,郭彥廷,銀卡,彰化縣,1977-02-07,2018-06-14,2026-04-30
M003672,吳志明,銀卡,台中市,1969-06-23,2019-01-01,2026-06-30
M002990,黃柏翰,一般,台北市,1987-10-14,2020-12-17,2026-04-30
M001158,曾彥廷,白金,台南市,1993-07-28,2019-08-25,2026-04-30
M004789,許雅雯,金卡,宜蘭縣,1995-01-30,2017-09-03,2026-04-30
M005857,陳建宏,白金,台中市,2000-11-05,2025-04-29,2026-04-30
M001548,謝建宏,銀卡,基隆市,1983-11-23,2019-12-14,2026-06-30
M005817,許郁婷,金卡,宜蘭縣,1960-06-11,2025-11-28,2026-04-30
M007769,曾冠宇,白金,新竹市,1988-02-09,2025-05-23,2026-04-30
M004072,江怡君,金卡,台南市,1965-10-21,2016-05-23,2026-04-30
M000812,高雅婷,銀卡,宜蘭縣,1966-04-13,2020-06-03,2026-04-30
M004044,陳俊宏,銀卡,宜蘭縣,1969-09-22,2018-01-30,2026-04-30
M005678,徐怡君,一般,台南市,1992-06-17,2017-06-17,2026-04-30
M004270,何淑芬,一般,新竹市,1962-02-13,2017-07-21,2026-04-30
M003118,吳俊傑,銀卡,高雄市,1973-10-08,2020-05-27,2026-04-30
M000906,郭俊傑,銀卡,宜蘭縣,1963-08-19,2025-08-29,2026-04-30
M007232,賴柏翰,銀卡,宜蘭縣,1979-08-31,2022-11-14,2026-04-30
M003184,莊怡君,金卡,新竹市,1980-07-30,2025-03-19,2026-04-30
M006789,黃冠宇,白金,基隆市,1971-01-27,2018-09-01,2026-04-30
M007667,陳怡君,白金,桃園市,1969-01-31,2024-10-02,2026-04-30
M003812,廖宗翰,一般,台南市,1973-08-21,2018-07-13,2026-04-30
M002035,葉郁婷,銀卡,台中市,2001-07-31,2025-02-15,2026-04-30
M001676,洪承翰,金卡,台中市,1988-06-21,2016-05-01,2026-04-30
M005215,黃怡君,金卡,彰化縣,1970-10-16,2022-02-24,2026-04-30
M000883,羅淑芬,銀卡,高雄市,1969-05-02,2017-05-17,2026-04-30
M001919,陳志明,白金,高雄市,1993-05-02,2017-11-28,2026-04-30
M005683,羅宗翰,一般,桃園市,1967-01-12,2022-06-20,2026-04-30
M002193,蔡柏翰,金卡,桃園市,2002-03-26,2022-04-15,2026-04-30
M000367,鄭詩涵,銀卡,台南市,1987-10-19,2018-05-14,2026-04-30
M004184,謝淑芬,銀卡,桃園市,1998-11-07,2023-05-11,2026-04-30
M005571,曾承翰,金卡,高雄市,1966-07-30,2024-09-22,2026-04-30
M005239,謝宗翰,銀卡,台中市,2000-04-08,2023-04-21,2026-04-30
M002441,劉俊宏,金卡,基隆市,1960-11-13,2023-02-23,2026-04-30
M002521,邱承翰,金卡,桃園市,1967-05-02,2023-04-29,2026-04-30
M005629,邱志明,一般,基隆市,1961-03-09,2024-06-30,2026-04-30
M007170,羅心怡,金卡,台南市,1968-09-21,2025-05-14,2026-04-30
M002972,許彥廷,金卡,台中市,1982-04-06,2025-05-26,2026-04-30
M001974,徐美玲,銀卡,台中市,1964-06-04,2021-01-16,2026-04-30
M007248,謝彥廷,一般,台南市,2000-03-23,2022-01-14,2026-04-30
M003544,林淑芬,銀卡,新北市,1964-05-23,2019-12-06,2026-04-30
M002048,羅淑芬,銀卡,台南市,1977-02-27,2023-08-20,2026-04-30
M005758,莊淑芬,一般,N/A,1987-06-17,2019-07-29,2026-04-30
M002091,張雅婷,銀卡,台南市,1969-02-23,2018-07-04,2026-05-31
M006375,何詩涵,銀卡,宜蘭縣,1971-09-05,2017-03-16,2026-04-30
M001275,高雅雯,金卡,宜蘭縣,1995-09-06,2018-08-17,2026-04-30
M000306,何志明,白金,台中市,1981-03-22,2017-05-17,2026-06-30
M007692,葉冠宇,一般,宜蘭縣,1982-10-21,2020-12-24,2026-04-30
M007348,邱郁婷,一般,台南市,1994-07-14,2018-05-02,2026-04-30
M007488,許建宏,白金,台北市,2001-12-04,2015-07-25,2026-05-31
M005762,邱淑芬,白金,彰化縣,1978-01-13,2019-04-05,2026-06-30
M003220,劉建宏,一般,基隆市,1995-12-18,2023-10-03,2026-04-30
M007550,羅淑芬,金卡,台南市,2002-09-22,2018-09-09,2026-04-30
M003332,蕭彥廷,銀卡,新北市,1962-10-16,2025-08-09,2026-04-30
M006529,周欣怡,銀卡,基隆市,1995-05-23,2020-04-12,2026-06-30
M006355,廖雅雯,一般,高雄市,1977-06-05,2016-10-02,2026-04-30
M003900,羅冠宇,一般,基隆市,1986-12-16,2025-08-20,2026-04-30
M000359,陳怡君,金卡,高雄市,1970-02-05,2016-09-15,2026-04-30
M001242,呂心怡,金卡,新竹市,1961-03-19,2021-10-15,2026-04-30
M002531,蘇雅雯,白金,新竹市,1969-05-25,2020-03-18,2026-04-30
M001197,葉雅雯,銀卡,高雄市,1900-01-01,2022-06-08,2026-04-30
M006452,林建宏,白金,彰化縣,1970-02-07,2020-08-25,2026-04-30
M003003,賴郁婷,白金,彰化縣,1960-06-11,2022-01-29,2026-05-31
M002701,許欣怡,白金,桃園市,1996-12-04,2022-12-20,2026-04-30
M007619,高俊宏,銀卡,台中市,1967-12-22,2017-07-28,2026-04-30
M006851,邱欣怡,白金,新竹市,1962-02-15,2024-04-16,2026-04-30
M006353,鄭詩涵,銀卡,基隆市,1970-07-11,2017-01-15,2026-04-30
M006632,蕭彥廷,金卡,新竹市,1980-10-03,2023-06-12,2026-06-30
M006487,楊詩涵,白金,台中市,1972-09-10,2015-04-22,2026-04-30
M007266,蕭宗翰,金卡,台南市,2002-05-09,2022-04-29,2026-04-30
M006854,王欣怡,一般,彰化縣,1976-11-09,2023-12-30,2026-04-30
M000820,劉俊傑,白金,彰化縣,1973-09-20,2022-12-16,2026-04-30
M005596,劉柏翰,銀卡,桃園市,1961-02-18,2015-03-18,2026-04-30
M002281,莊宗翰,金卡,台南市,1985-06-22,2016-03-09,2026-06-30
M005147,許欣怡,銀卡,台中市,1979-07-04,2015-06-18,2026-04-30
M004515,鄭欣怡,金卡,基隆市,1985-06-10,2022-01-28,2026-04-30
M001513,王俊宏,銀卡,彰化縣,1991-12-17,2020-08-03,2026-04-30
M004195,蔡冠宇,白金,高雄市,1968-08-29,2020-09-14,2026-04-30
M000270,黃雅婷,白金,台北市,1900-01-01,2018-10-10,2026-04-30
M002481,謝柏翰,一般,新北市,1967-01-22,2023-12-17,2026-04-30
M002074,莊佩珊,銀卡,基隆市,1987-08-19,2015-07-05,2026-04-30
M003187,賴欣怡,金卡,台中市,1996-06-04,2017-08-19,2026-04-30
M007524,徐怡君,金卡,台南市,1990-11-09,2015-03-26,2026-06-30
M005299,洪家豪,白金,台中市,1984-05-23,2016-06-29,2026-04-30
M006406,蔡欣怡,白金,桃園市,1981-06-22,2016-04-29,2026-04-30
M002718,莊怡君,銀卡,台南市,1981-09-10,2023-07-08,2026-04-30
M005600,陳郁婷,銀卡,高雄市,1963-06-25,2015-10-29,2026-04-30
M002306,周心怡,白金,台中市,1985-08-06,2023-11-03,2026-04-30
M003941,張彥廷,金卡,高雄市,1965-02-19,2020-11-04,2026-04-30
M005743,賴俊宏,金卡,台南市,1970-01-02,2015-04-30,2026-04-30
M002882,曾心怡,一般,台中市,1995-05-12,2023-07-26,2026-04-30
M000906,郭俊傑,金卡,宜蘭縣,1963-08-19,2025-08-29,2026-06-30
M002728,潘俊傑,一般,台中市,1984-12-06,2016-12-23,2026-04-30
M001747,蕭柏翰,一般,台南市,1963-03-18,2023-10-29,2026-04-30
M003728,江雅婷,一般,桃園市,2000-04-11,2022-03-23,2026-04-30
M007807,江俊傑,銀卡,新北市,1997-05-11,2020-02-17,2026-04-30
M003206,廖彥廷,一般,新竹市,1981-04-29,2021-01-17,2026-04-30
M007255,曾冠宇,一般,基隆市,1966-10-15,2016-03-25,2026-04-30
M006195,曾宗翰,白金,新北市,1973-03-18,2021-11-08,2026-04-30
M007548,劉志明,銀卡,桃園市,1998-09-30,2018-10-01,2026-04-30
M001483,邱宗翰,白金,台南市,1970-09-20,2022-02-23,2026-04-30
M001038,羅建宏,一般,高雄市,1997-10-22,2018-01-15,2026-04-30
M004760,蘇心怡,金卡,台南市,1996-01-28,2018-08-08,2026-04-30
M002078,葉承翰,銀卡,新北市,1992-06-18,2025-10-06,2026-04-30
M003495,潘宗翰,金卡,基隆市,1982-11-29,2016-01-31,2026-04-30
M002164,呂詩涵,銀卡,新竹市,1975-05-04,2017-05-06,2026-04-30
M006556,劉彥廷,銀卡,彰化縣,1966-07-15,2019-02-24,2026-04-30
M005514,許宗翰,一般,台南市,1989-10-10,2017-01-11,2026-04-30
M001806,葉怡君,金卡,台南市,1967-06-24,2015-04-02,2026-04-30
M001569,徐佩珊,金卡,台中市,2002-11-22,2023-06-08,2026-05-31
M006576,黃淑芬,白金,新北市,1975-12-19,2018-01-07,2026-04-30
M005176,蘇美玲,白金,基隆市,1992-05-22,2025-03-07,2026-04-30
M002661,許彥廷,一般,台北市,1980-12-03,2019-10-10,2026-04-30
M001321,張怡君,金卡,新竹市,1986-02-10,2024-02-10,2026-04-30
M006636,徐宗翰,銀卡,基隆市,1992-11-06,2019-04-24,2026-04-30
M004050,潘郁婷,銀卡,新北市,1974-06-20,2025-06-26,2026-04-30
M004309,江柏翰,金卡,桃園市,1970-04-13,2022-01-20,2026-04-30
M002424,周承翰,金卡,彰化縣,1988-12-10,2018-07-01,2026-04-30
M004797,蕭欣怡,銀卡,新竹市,1984-09-14,2025-12-09,2026-04-30
M004958,謝俊宏,銀卡,台南市,1972-06-02,2018-09-27,2026-04-30
M004634,莊怡君,白金,台南市,1960-12-12,2017-10-11,2026-04-30
M004441,李俊傑,一般,基隆市,1964-05-13,2025-10-21,2026-04-30
M003409,賴淑芬,銀卡,台南市,1994-12-09,2023-07-20,2026-04-30
M007625,鄭彥廷,銀卡,台中市,1963-04-22,2015-11-07,2026-04-30
M004521,林志明,白金,宜蘭縣,1984-06-11,2021-03-10,2026-04-30
M006790,郭美玲,一般,新竹市,1988-12-06,2019-07-10,2026-04-30
M004606,李冠宇,金卡,彰化縣,1988-01-07,2024-12-22,2026-04-30
M000454,江詩涵,金卡,基隆市,2001-04-14,2015-01-07,2026-04-30
M001138,莊怡君,金卡,基隆市,1987-02-15,2018-07-20,2026-05-31
M007230,張雅婷,一般,台中市,1972-01-26,2022-04-09,2026-04-30
M006324,潘承翰,白金,台北市,1991-09-28,2017-01-29,2026-04-30
M003733,何俊宏,白金,桃園市,1984-01-24,2017-01-20,2026-04-30
M005506,曾心怡,銀卡,台南市,1996-08-29,2019-03-03,2026-05-31
M002598,鄭雅雯,金卡,台北市,1963-01-15,2023-03-02,2026-04-30
M001992,蔡俊宏,一般,台北市,2003-02-09,2024-07-08,2026-04-30
M005025,曾家豪,銀卡,基隆市,1991-09-03,2020-07-16,2026-04-30
M006191,呂郁婷,金卡,高雄市,1992-03-28,2023-12-17,2026-04-30
M002274,劉郁婷,一般,新竹市,1983-11-28,2019-04-10,2026-04-30
M005880,楊心怡,白金,台南市,2001-10-13,2016-12-14,2026-04-30
M005610,周宗翰,一般,桃園市,1973-03-18,2020-02-18,2026-04-30
M001596,潘志明,金卡,台北市,1998-08-08,2019-06-01,2026-04-30
M000425,曾俊傑,白金,台北市,1972-02-02,2018-09-04,2026-04-30
M005116,楊承翰,銀卡,基隆市,1978-06-18,2022-09-11,2026-05-31
M000846,曾美玲,一般,台中市,1963-01-03,2017-04-14,2026-04-30
M007577,蘇欣怡,白金,台南市,1968-08-08,2025-02-21,2026-04-30
M005991,蕭俊宏,白金,高雄市,1981-11-30,2022-10-29,2026-04-30
M000208,江怡君,金卡,彰化縣,1962-06-12,2019-04-09,2026-05-31
M002720,何建宏,一般,高雄市,1995-01-28,2024-09-06,2026-04-30
M006983,周宗翰,銀卡,台北市,1979-08-25,2021-04-25,2026-04-30
M004420,徐冠宇,銀卡,台中市,1994-11-21,2020-10-27,2026-04-30
M007478,賴俊宏,銀卡,彰化縣,1996-11-23,2016-09-01,2026-04-30
M007961,許建宏,銀卡,宜蘭縣,1963-09-03,2018-05-01,2026-04-30
M006691,江建宏,一般,基隆市,1998-12-30,2021-05-11,2026-04-30
M004913,莊淑芬,白金,宜蘭縣,1985-01-27,2016-11-23,2026-04-30
M003262,蘇郁婷,白金,台南市,1978-01-05,2015-12-22,2026-04-30
M007212,楊俊宏,一般,高雄市,1982-09-21,2017-10-21,2026-05-31
M006054,謝佩珊,銀卡,台南市,1995-07-10,2017-02-27,2026-04-30
M000727,高柏翰,白金,基隆市,1962-03-28,2021-03-08,2026-04-30
M000024,李俊宏,金卡,彰化縣,1965-01-10,2021-07-12,2026-04-30
M005787,林美玲,銀卡,台南市,1981-04-03,2015-08-28,2026-04-30
M007748,葉怡君,銀卡,新竹市,1970-06-01,2016-01-15,2026-04-30
M001903,洪彥廷,白金,台北市,1976-12-16,2018-11-17,2026-04-30
M003523,徐柏翰,銀卡,基隆市,1975-02-11,2023-01-13,2026-05-31
M004320,郭怡君,金卡,台中市,1998-08-07,2022-04-21,2026-04-30
M007512,蘇志明,銀卡,新竹市,1975-08-08,2021-07-11,2026-04-30
M006947,劉俊宏,銀卡,新竹市,1986-05-04,2019-04-07,2026-04-30
M000349,洪欣怡,金卡,新北市,2003-06-04,2025-03-04,2026-04-30
M002095,王佩珊,金卡,新北市,1980-09-04,2019-07-04,2026-04-30
M004845,莊詩涵,白金,新北市,1990-05-24,2016-08-21,2026-04-30
M002105,呂郁婷,金卡,台南市,1987-06-10,2019-03-13,2026-04-30
M003767,郭雅雯,白金,新竹市,1972-01-06,2016-02-21,2026-04-30
M002124,莊心怡,銀卡,台北市,1978-05-03,2022-03-19,2026-04-30
M002877,許建宏,金卡,宜蘭縣,1960-01-18,2016-12-27,2026-04-30
M005069,賴欣怡,金卡,台中市,1984-09-04,2024-12-15,2026-04-30
M000722,何俊宏,銀卡,新北市,1969-07-02,2018-08-20,2026-04-30
M000107,羅俊宏,銀卡,台北市,1985-03-26,2016-03-22,2026-04-30
M002440,周詩涵,一般,宜蘭縣,2003-07-12,2025-10-24,2026-04-30
M002002,潘淑芬,白金,新竹市,1983-08-16,2019-07-08,2026-04-30
M000897,林心怡,金卡,基隆市,1999-01-13,2018-06-14,2026-04-30
M005196,高雅婷,白金,宜蘭縣,1966-01-15,2022-10-18,2026-06-30
M002639,蔡欣怡,銀卡,彰化縣,1982-09-24,2018-09-09,2026-04-30
M002957,李雅雯,白金,新竹市,1976-07-04,2017-05-11,2026-04-30
M005420,羅雅雯,白金,新竹市,1999-02-28,2018-01-25,2026-04-30
M002493,洪志明,金卡,台中市,1964-05-06,2024-08-16,2026-04-30
M002838,潘柏翰,一般,新竹市,1969-12-19,2018-12-25,2026-04-30
M002749,何佩珊,銀卡,台中市,1981-03-11,2025-02-21,2026-05-31
M002460,李雅婷,一般,新北市,1994-10-30,2016-03-18,2026-04-30
M000880,洪建宏,金卡,宜蘭縣,1966-10-21,2020-10-05,2026-04-30
M003816,王志明,銀卡,桃園市,1984-07-03,2015-12-26,2026-04-30
M002331,楊彥廷,金卡,新竹市,1961-11-18,2022-11-21,2026-04-30
M006331,呂欣怡,一般,新北市,1989-09-16,2023-11-19,2026-04-30
M003989,江怡君,銀卡,宜蘭縣,1966-07-14,2015-11-05,2026-04-30
M001752,吳怡君,銀卡,台中市,1962-03-31,2020-12-05,2026-04-30
M007958,羅美玲,白金,新竹市,1974-05-07,2020-07-29,2026-04-30
M002275,劉淑芬,金卡,新竹市,1961-12-31,2017-05-29,2026-04-30
M003202,羅家豪,金卡,台南市,1983-06-26,2018-05-12,2026-04-30
M005564,高怡君,白金,基隆市,1995-01-05,2023-02-22,2026-04-30
M007026,賴俊傑,白金,台南市,1972-03-07,2021-11-03,2026-04-30
M006805,賴佩珊,白金,高雄市,1987-08-11,2025-08-24,2026-04-30
M002839,蘇宗翰,銀卡,新北市,1998-09-23,2025-09-07,2026-05-31
M003246,王佩珊,白金,新北市,1977-04-29,2015-11-20,2026-04-30
M004918,蘇怡君,白金,基隆市,1989-05-06,2017-01-17,2026-05-31
M002695,賴冠宇,白金,彰化縣,1969-08-06,2024-06-22,2026-04-30
M005843,王俊傑,白金,彰化縣,1989-07-30,2024-08-15,2026-06-30
M002356,陳志明,白金,新竹市,1965-08-20,2016-12-14,2026-04-30
M006943,許佩珊,一般,高雄市,1991-02-09,2015-12-07,2026-05-31
M004719,蘇俊傑,白金,基隆市,1979-05-01,2017-05-23,2026-06-30
M006261,郭宗翰,一般,高雄市,1960-09-03,2019-06-21,2026-04-30
M005051,洪俊宏,金卡,台北市,2003-07-17,2022-01-13,2026-05-31
M000499,蘇美玲,金卡,新竹市,1999-09-25,2025-01-10,2026-04-30
M004494,蕭淑芬,金卡,台南市,1987-01-21,2018-12-04,2026-04-30
M003785,羅彥廷,一般,彰化縣,2000-01-03,2021-07-19,2026-04-30
M004974,陳俊傑,金卡,台北市,1969-11-25,2020-03-31,2026-04-30
M002740,曾冠宇,一般,高雄市,1978-12-28,2024-08-29,2026-04-30
M005975,蘇淑芬,一般,宜蘭縣,1968-02-22,2019-04-22,2026-04-30
M007571,劉淑芬,一般,新北市,2001-12-31,2025-07-26,2026-04-30
M005288,洪詩涵,金卡,彰化縣,1969-04-30,2015-02-22,2026-04-30
M007397,蘇柏翰,銀卡,台北市,1971-07-26,2019-06-14,2026-06-30
M007429,蕭佩珊,銀卡,台北市,1973-08-31,2016-01-07,2026-04-30
M000456,李郁婷,白金,新北市,1965-06-21,2023-04-20,2026-04-30
M006543,楊怡君,一般,新竹市,1992-07-09,2015-06-20,2026-04-30
M003908,何怡君,一般,高雄市,1972-03-03,2016-05-06,2026-04-30
M005405,周承翰,銀卡,高雄市,2003-08-24,2020-06-25,2026-04-30
M001579,葉彥廷,銀卡,高雄市,1980-08-25,2016-10-28,2026-04-30
M001520,羅柏翰,銀卡,宜蘭縣,2003-06-06,2016-04-20,2026-04-30
M004203,王雅雯,一般,宜蘭縣,2003-08-24,2022-09-24,2026-04-30
M002787,李俊宏,金卡,新北市,1993-01-10,2019-12-28,2026-04-30
M007528,蕭彥廷,銀卡,台中市,1996-07-02,2024-08-10,2026-04-30
M006513,劉淑芬,一般,桃園市,1960-01-08,2018-05-09,2026-04-30
M003666,劉承翰,金卡,新竹市,2003-08-30,2023-05-14,2026-04-30
M001412,賴俊宏,銀卡,台南市,1982-05-24,2021-11-03,2026-04-30
M001110,許承翰,白金,台南市,1991-06-21,2024-04-26,2026-04-30
M002323,洪美玲,銀卡,宜蘭縣,1992-09-24,2022-08-01,2026-04-30
M006886,蕭怡君,金卡,新竹市,1961-05-27,2022-10-20,2026-04-30
M001273,洪冠宇,金卡,新北市,1986-10-16,2020-03-03,2026-04-30
M003114,何彥廷,銀卡,桃園市,1965-10-28,2023-08-27,2026-05-31
M000263,莊建宏,白金,基隆市,1977-02-21,2019-04-10,2026-04-30
M003103,徐雅婷,銀卡,台北市,1997-07-09,2025-06-30,2026-06-30
M001082,廖俊宏,一般,新北市,1991-02-05,2019-11-03,2026-04-30
M005473,葉宗翰,銀卡,台北市,1993-06-09,2021-03-28,2026-04-30
M005357,李彥廷,銀卡,宜蘭縣,1978-03-11,2019-07-02,2026-04-30
M000496,廖俊傑,銀卡,台中市,1964-01-22,2018-07-25,2026-04-30
M004188,徐雅雯,金卡,高雄市,1971-01-19,2024-08-23,2026-04-30
M002092,高柏翰,金卡,桃園市,1995-08-31,2023-10-22,2026-04-30
M004847,葉欣怡,白金,台南市,1986-09-03,2023-06-22,2026-06-30
M007730,曾家豪,銀卡,台北市,2000-11-09,2021-10-01,2026-05-31
M004903,黃心怡,白金,新北市,1999-08-18,2015-12-11,2026-04-30
M002268,李建宏,一般,彰化縣,1967-04-19,2018-07-12,2026-05-31
M003752,廖心怡,金卡,彰化縣,1983-11-17,2022-02-04,2026-04-30
M000873,鄭俊宏,一般,高雄市,1987-11-28,2021-02-25,2026-04-30
M007044,徐彥廷,金卡,彰化縣,1984-05-02,2025-05-11,2026-04-30
M004275,郭宗翰,一般,宜蘭縣,1974-08-20,2019-11-09,2026-04-30
M002611,李承翰,白金,台中市,1986-06-05,2022-12-07,2026-04-30
M003105,羅俊宏,白金,高雄市,1961-05-03,2019-04-13,2026-04-30
M005367,莊俊傑,金卡,新竹市,1961-10-22,2020-05-21,2026-05-31
M003366,林建宏,一般,台中市,1991-10-22,2015-04-12,2026-04-30
M004130,蔡志明,銀卡,桃園市,1972-05-04,2021-11-18,2026-04-30
M001261,劉建宏,白金,台北市,1987-11-04,2023-11-15,2026-04-30
M006510,蕭美玲,銀卡,基隆市,1994-05-11,2019-10-18,2026-04-30
M001244,賴欣怡,銀卡,台南市,1992-10-16,2025-06-20,2026-04-30
M004649,曾心怡,一般,新北市,1965-03-16,2019-03-14,2026-04-30
M003971,徐佩珊,銀卡,桃園市,2001-12-12,2020-10-13,2026-05-31
M005579,許怡君,白金,台北市,1995-05-31,2023-09-09,2026-04-30
M004652,莊志明,金卡,宜蘭縣,1968-11-24,2021-04-21,2026-04-30
M004261,許詩涵,一般,宜蘭縣,1964-10-18,2022-05-13,2026-04-30
M001031,蔡家豪,一般,高雄市,1994-11-25,2019-10-29,2026-04-30
M000284,許宗翰,一般,基隆市,1999-10-20,2017-07-19,2026-04-30
M000641,謝怡君,金卡,基隆市,1971-12-31,2019-12-22,2026-04-30
M004897,林柏翰,金卡,高雄市,1993-06-10,2016-06-10,2026-04-30
M007263,江家豪,一般,高雄市,1985-08-10,2018-02-17,2026-04-30
M003100,郭郁婷,銀卡,新北市,1983-11-25,2021-10-23,2026-04-30
M002859,林宗翰,白金,宜蘭縣,1996-12-04,2025-05-19,2026-04-30
M007028,郭佩珊,銀卡,基隆市,1971-08-26,2018-07-05,2026-04-30
M004211,周建宏,銀卡,台南市,1900-01-01,2017-06-09,2026-04-30
M002370,曾建宏,金卡,宜蘭縣,1997-12-12,2019-03-06,2026-04-30
M002652,王詩涵,銀卡,台南市,1962-05-25,2017-03-30,2026-06-30
M002946,鄭家豪,銀卡,基隆市,1988-03-29,2021-06-12,2026-04-30
M004409,洪佩珊,金卡,台南市,1999-11-05,2025-09-27,2026-04-30
M006373,劉佩珊,一般,桃園市,1998-01-19,2017-01-27,2026-04-30
M001931,邱俊傑,白金,台中市,1992-03-26,2020-05-27,2026-04-30
M005030,曾志明,金卡,台中市,1993-12-12,2018-04-14,2026-04-30
M006662,呂雅雯,銀卡,高雄市,1969-01-19,2022-11-03,2026-04-30
M001104,廖俊傑,銀卡,宜蘭縣,1966-12-19,2022-06-04,2026-04-30
M000451,徐冠宇,金卡,高雄市,2002-05-20,2021-06-26,2026-04-30
M005480,黃冠宇,金卡,彰化縣,2001-01-01,2016-11-22,2026-04-30
M002077,徐美玲,一般,台南市,1995-04-05,2016-09-28,2026-04-30
M004613,莊怡君,一般,台北市,1970-08-09,2025-04-02,2026-04-30
M006152,邱建宏,金卡,台南市,1974-03-16,2023-07-01,2026-04-30
M001687,王淑芬,一般,台南市,1978-12-25,2025-06-07,2026-04-30
M004829,陳怡君,金卡,高雄市,1999-03-11,2025-11-03,2026-04-30
M005041,黃詩涵,白金,台北市,1969-05-23,2024-07-17,2026-04-30
M003843,賴冠宇,金卡,宜蘭縣,1976-07-04,2020-04-12,2026-04-30
M001784,徐建宏,金卡,台南市,1993-05-21,2024-02-07,2026-04-30
M003409,賴淑芬,銀卡,宜蘭縣,1994-12-09,2023-07-20,2026-06-30
M005317,蔡志明,一般,台中市,1971-06-30,2024-11-19,2026-04-30
M006850,呂承翰,白金,基隆市,1984-04-13,2021-03-01,2026-04-30
M006473,陳心怡,白金,基隆市,1978-04-14,2024-08-16,2026-04-30
M002456,謝志明,金卡,台中市,1965-01-15,2022-12-19,2026-04-30
M002395,李冠宇,金卡,高雄市,1967-02-21,2016-06-05,2026-04-30
M006299,江承翰,銀卡,彰化縣,1967-12-09,2015-11-13,2026-04-30
M007004,徐柏翰,白金,台北市,1965-09-12,2021-08-27,2026-04-30
M002419,蕭佩珊,銀卡,宜蘭縣,1998-09-07,2018-06-21,2026-04-30
M006835,陳冠宇,白金,基隆市,1963-04-04,2021-12-11,2026-04-30
M000102,李淑芬,一般,台南市,1979-06-21,2024-02-13,2026-04-30
M000650,蕭雅雯,白金,新北市,1986-03-08,2025-12-13,2026-04-30
M006057,何雅雯,白金,台北市,1963-11-28,2024-10-06,2026-04-30
M002563,羅淑芬,銀卡,台北市,1977-10-04,2024-03-21,2026-04-30
M000401,廖俊宏,白金,台中市,1966-05-21,2025-03-12,2026-04-30
M003948,張俊宏,金卡,新竹市,1998-01-03,2018-02-05,2026-04-30
M003548,陳俊傑,銀卡,基隆市,1961-02-12,2025-03-14,2026-04-30
M002648,陳家豪,銀卡,高雄市,2000-11-10,2015-06-07,2026-04-30
M004140,廖柏翰,金卡,彰化縣,1998-06-06,2024-01-08,2026-04-30
M006968,王柏翰,金卡,高雄市,1987-10-14,2023-12-08,2026-06-30
M007651,高雅雯,白金,宜蘭縣,1992-11-04,2024-11-18,2026-04-30
M002463,劉宗翰,銀卡,基隆市,1987-06-18,2021-11-30,2026-04-30
M001781,江怡君,金卡,桃園市,1988-09-12,2024-01-09,2026-04-30
M000415,呂俊傑,白金,台南市,1977-12-24,2015-07-01,2026-04-30
M005491,蕭淑芬,白金,基隆市,1989-09-01,2024-04-13,2026-04-30
M004137,蘇宗翰,白金,桃園市,1970-09-24,2023-12-28,2026-04-30
M001359,廖建宏,白金,基隆市,1998-12-13,2016-05-14,2026-04-30
M007852,張欣怡,銀卡,N/A,1993-02-27,2025-08-16,2026-04-30
M004241,李雅雯,金卡,新竹市,1973-01-01,2017-02-25,2026-04-30
M001429,蕭建宏,銀卡,台北市,1968-04-07,2019-08-27,2026-04-30
M000524,許淑芬,白金,彰化縣,1988-05-05,2024-11-25,2026-04-30
M006585,張郁婷,一般,台北市,1966-02-22,2018-03-06,2026-04-30
M005703,吳美玲,白金,新竹市,1977-06-28,2018-11-18,2026-04-30
M002595,蘇淑芬,銀卡,新竹市,2003-02-19,2023-08-26,2026-04-30
M004820,郭郁婷,白金,台中市,1968-01-21,2016-08-16,2026-04-30
M006877,邱承翰,銀卡,桃園市,1981-12-07,2023-12-22,2026-06-30
M007556,徐佩珊,一般,新北市,1996-07-04,2023-11-11,2026-04-30
M002003,張淑芬,一般,基隆市,1999-12-20,2021-11-18,2026-04-30
M005130,許美玲,白金,宜蘭縣,1986-06-29,2023-04-09,2026-04-30
M007187,呂志明,白金,桃園市,1961-04-25,2017-09-02,2026-04-30
M001864,江欣怡,銀卡,宜蘭縣,1980-08-21,2025-10-19,2026-04-30
M003715,楊美玲,白金,彰化縣,1961-10-20,2022-08-31,2026-04-30
M006856,劉淑芬,銀卡,新竹市,1997-12-01,2019-12-07,2026-04-30
M002633,羅心怡,金卡,彰化縣,1989-12-31,2022-12-19,2026-04-30
M003648,吳俊傑,銀卡,基隆市,1991-06-23,2018-09-26,2026-04-30
M001133,葉俊傑,銀卡,彰化縣,1960-08-22,2022-11-15,2026-04-30
M003497,許志明,銀卡,新竹市,1967-01-01,2023-12-31,2026-04-30
M002410,徐承翰,一般,新竹市,1981-10-05,2020-04-19,2026-04-30
M006179,蔡佩珊,一般,宜蘭縣,1999-12-21,2016-08-18,2026-04-30
M005928,高志明,白金,桃園市,1997-02-06,2016-06-29,2026-04-30
M002509,吳怡君,白金,台北市,1978-05-21,2015-11-23,2026-04-30
M005268,郭心怡,銀卡,桃園市,2002-09-30,2017-03-11,2026-04-30
M007267,周雅婷,金卡,新竹市,1963-06-14,2021-06-05,2026-04-30
M001324,郭柏翰,銀卡,台中市,1977-08-19,2022-12-31,2026-04-30
M000814,周家豪,白金,台中市,1971-10-01,2015-10-26,2026-04-30
M006192,洪欣怡,銀卡,台南市,1970-10-14,2018-07-10,2026-04-30
M006393,鄭心怡,白金,高雄市,1984-04-08,2022-04-30,2026-04-30
M001675,高俊宏,白金,高雄市,2003-09-05,2016-12-19,2026-04-30
M004010,呂詩涵,金卡,新竹市,1995-02-05,2018-09-26,2026-04-30
M000119,周家豪,金卡,彰化縣,1978-01-18,2022-12-20,2026-04-30
M002405,林雅婷,銀卡,基隆市,1993-03-23,2020-01-19,2026-04-30
M003603,黃承翰,白金,台南市,2003-06-11,2020-06-18,2026-04-30
M004576,高美玲,金卡,彰化縣,1995-07-23,2023-04-05,2026-04-30
M004800,徐宗翰,金卡,台北市,1967-01-19,2020-05-19,2026-04-30
M002387,張彥廷,一般,新竹市,1963-01-16,2024-08-18,2026-04-30
M001142,鄭美玲,銀卡,彰化縣,1994-04-09,2025-05-10,2026-04-30
M004564,徐雅雯,銀卡,桃園市,2003-08-16,2019-10-20,2026-04-30
M002007,潘雅婷,銀卡,彰化縣,1986-03-06,2023-01-20,2026-05-31
M003334,葉彥廷,金卡,宜蘭縣,1971-05-11,2016-11-13,2026-04-30
M001204,邱承翰,一般,桃園市,1983-06-02,2019-07-25,2026-04-30
M002894,吳宗翰,銀卡,彰化縣,1971-08-02,2018-11-18,2026-04-30
M005255,李雅雯,白金,彰化縣,1986-08-02,2016-11-28,2026-04-30
M006121,陳宗翰,一般,宜蘭縣,1981-11-08,2022-02-12,2026-04-30
M000181,徐俊宏,一般,基隆市,1975-02-25,2021-05-23,2026-04-30
M005811,徐怡君,金卡,新竹市,1980-01-27,2018-10-08,2026-06-30
M006554,楊淑芬,金卡,台南市,1998-01-30,2022-05-04,2026-04-30
M006254,洪彥廷,銀卡,彰化縣,2002-06-30,2024-03-22,2026-04-30
M001738,鄭志明,白金,台北市,2001-08-17,2024-02-10,2026-04-30
M004128,蘇淑芬,一般,台中市,1965-02-03,2025-08-07,2026-04-30
M004234,廖家豪,白金,台南市,1970-08-12,2016-07-29,2026-04-30
M001137,潘家豪,一般,宜蘭縣,1989-03-30,2016-10-07,2026-06-30
M002969,謝雅雯,金卡,基隆市,1972-07-20,2015-05-10,2026-04-30
M005292,賴詩涵,一般,彰化縣,1963-08-22,2020-07-06,2026-04-30
M005166,曾建宏,金卡,彰化縣,1988-01-06,2021-08-20,2026-04-30
M002986,莊欣怡,銀卡,台北市,1967-07-01,2022-11-23,2026-04-30
M002093,謝欣怡,金卡,桃園市,1986-05-16,2024-05-23,2026-04-30
M007786,張郁婷,一般,高雄市,1987-11-29,2025-09-21,2026-05-31
M002439,楊承翰,白金,桃園市,1995-03-06,2019-08-05,2026-04-30
M003776,周建宏,白金,新竹市,1968-02-25,2018-06-16,2026-04-30
M007022,蘇家豪,金卡,台南市,1995-08-27,2015-12-03,2026-04-30
M000407,劉建宏,金卡,台中市,2001-10-15,2020-03-08,2026-04-30
M003586,王俊傑,金卡,台北市,1979-03-27,2021-10-28,2026-04-30
M001240,江冠宇,銀卡,新竹市,1975-05-28,2024-11-02,2026-04-30
M000009,呂彥廷,銀卡,基隆市,1970-11-04,2020-08-06,2026-04-30
M005549,謝宗翰,白金,宜蘭縣,1965-07-15,2022-03-29,2026-05-31
M002996,張佩珊,銀卡,高雄市,1963-04-10,2015-06-01,2026-04-30
M004251,葉詩涵,金卡,台中市,1992-11-06,2019-06-30,2026-04-30
M006956,陳郁婷,一般,桃園市,1965-06-09,2024-07-22,2026-04-30
M003061,鄭俊傑,金卡,台北市,2002-02-25,2020-07-08,2026-04-30
M000358,張詩涵,白金,桃園市,1992-06-05,2018-09-06,2026-04-30
M002091,張雅婷,銀卡,宜蘭縣,1969-02-23,2018-07-04,2026-04-30
M004162,周欣怡,金卡,新北市,2001-01-31,2021-09-01,2026-04-30
M000470,王郁婷,白金,台南市,1992-05-08,2015-06-04,2026-04-30
M003928,賴建宏,金卡,宜蘭縣,1974-11-18,2017-06-18,2026-04-30
M003133,鄭宗翰,金卡,高雄市,1980-02-10,2019-07-25,2026-04-30
M007450,葉欣怡,白金,桃園市,1980-05-28,2024-05-27,2026-04-30
M002445,楊俊傑,一般,基隆市,1981-07-10,2020-03-25,2026-04-30
M006249,劉俊宏,白金,新北市,1989-03-17,2019-08-10,2026-06-30
M005996,羅佩珊,金卡,高雄市,1990-05-16,2020-05-14,2026-04-30
M000331,呂俊傑,銀卡,台南市,1982-11-16,2023-12-03,2026-04-30
M006400,蔡郁婷,金卡,N/A,1979-08-13,2016-04-08,2026-04-30
M005071,吳柏翰,金卡,高雄市,1998-07-13,2021-12-23,2026-04-30
M002080,高承翰,白金,基隆市,1982-07-04,2022-02-08,2026-04-30
M007301,謝宗翰,一般,台中市,1979-10-06,2025-03-26,2026-04-30
M004140,廖柏翰,白金,彰化縣,1998-06-06,2024-01-08,2026-05-31
M005960,郭家豪,一般,宜蘭縣,1993-08-31,2022-12-04,2026-04-30
M005870,高心怡,白金,台南市,1962-05-13,2022-05-20,2026-04-30
M003210,蔡雅婷,金卡,彰化縣,1987-07-04,2017-12-26,2026-04-30
M007096,林承翰,銀卡,新北市,1982-09-12,2019-08-07,2026-04-30
M002842,王心怡,一般,基隆市,1961-12-28,2025-05-07,2026-04-30
M001233,江彥廷,一般,台南市,1996-03-06,2025-06-27,2026-04-30
M002659,謝冠宇,白金,高雄市,1993-12-21,2024-12-03,2026-04-30
M003469,呂俊傑,銀卡,新竹市,2003-08-12,2015-07-18,2026-04-30
M001902,莊俊宏,金卡,宜蘭縣,1999-06-09,2017-11-12,2026-04-30
M000113,郭承翰,銀卡,高雄市,1975-05-10,2019-06-28,2026-04-30
M007738,劉承翰,一般,新北市,1997-05-31,2025-08-31,2026-04-30
M005554,徐俊傑,銀卡,彰化縣,1999-06-02,2020-01-19,2026-04-30
M004352,王郁婷,金卡,新北市,1988-04-24,2025-06-09,2026-04-30
M007517,潘欣怡,一般,基隆市,1973-07-18,2016-07-07,2026-04-30
M007615,許詩涵,銀卡,台中市,1977-02-08,2017-11-08,2026-04-30
M000177,葉詩涵,白金,台中市,1998-02-13,2021-09-03,2026-04-30
M005845,周俊傑,金卡,新北市,1988-07-25,2015-07-25,2026-06-30
M004926,張家豪,一般,新北市,1998-03-17,2019-09-20,2026-04-30
M001695,廖怡君,白金,新北市,1987-11-16,2020-08-06,2026-04-30
M001171,蘇佩珊,銀卡,基隆市,1978-05-11,2025-04-21,2026-04-30
M003750,李郁婷,一般,桃園市,1966-07-27,2020-07-12,2026-04-30
M001452,廖雅婷,金卡,宜蘭縣,1960-11-05,2023-04-06,2026-06-30
M001725,潘淑芬,白金,新竹市,1960-12-14,2015-12-19,2026-04-30
M000420,高家豪,金卡,宜蘭縣,1964-08-25,2022-06-05,2026-04-30
M006005,高俊傑,金卡,桃園市,2001-09-25,2021-10-02,2026-06-30
M005692,郭俊傑,白金,桃園市,1988-05-15,2016-08-11,2026-04-30
M005667,郭柏翰,金卡,新北市,1962-06-22,2017-08-16,2026-04-30
M002987,洪雅雯,白金,台南市,1990-01-14,2022-10-01,2026-04-30
M007027,何欣怡,白金,新竹市,2003-01-25,2016-10-23,2026-04-30
M007613,潘家豪,金卡,基隆市,1990-10-04,2015-08-16,2026-04-30
M003756,高宗翰,銀卡,台南市,1960-12-29,2016-11-19,2026-04-30
M001921,洪欣怡,金卡,基隆市,1979-09-05,2016-10-25,2026-04-30
M000062,曾俊傑,銀卡,桃園市,1972-05-12,2025-09-04,2026-04-30
M000569,江詩涵,金卡,彰化縣,2002-01-07,2015-10-28,2026-04-30
M000514,王俊傑,銀卡,新竹市,1965-05-03,2021-01-30,2026-04-30
M004419,陳佩珊,白金,台中市,1988-11-29,2025-04-15,2026-04-30
M003708,吳雅婷,白金,台北市,1994-12-31,2025-10-13,2026-04-30
M000464,周柏翰,銀卡,彰化縣,1962-02-11,2016-06-19,2026-04-30
M005240,呂俊宏,白金,高雄市,1971-07-19,2024-10-30,2026-04-30
M001151,廖雅雯,金卡,高雄市,1980-07-18,2016-10-08,2026-04-30
M001228,江淑芬,一般,彰化縣,1994-07-25,2015-09-06,2026-04-30
M004419,陳佩珊,白金,台中市,1988-11-29,2025-04-15,2026-05-31
M007540,謝家豪,金卡,桃園市,1999-03-25,2017-03-11,2026-04-30
M006744,徐郁婷,銀卡,新北市,1965-01-21,2023-10-23,2026-04-30
M007819,郭家豪,一般,高雄市,1900-01-01,2023-12-13,2026-04-30
M004691,王俊傑,一般,台中市,1982-04-12,2020-05-31,2026-04-30
M007377,廖怡君,一般,宜蘭縣,1987-06-12,2016-03-01,2026-04-30
M004722,張冠宇,金卡,台南市,1974-05-25,2025-01-13,2026-05-31
M002520,呂淑芬,一般,台中市,2002-07-10,2015-11-17,2026-04-30
M002142,蕭雅婷,銀卡,新北市,1997-06-04,2022-02-10,2026-04-30
M003955,江冠宇,白金,台中市,1980-08-28,2016-05-15,2026-04-30
M004083,謝詩涵,金卡,基隆市,1971-04-06,2024-03-01,2026-04-30
M005727,高淑芬,金卡,高雄市,1976-06-08,2020-01-02,2026-04-30
M001623,賴俊傑,一般,新北市,1970-07-24,2020-03-27,2026-04-30
M000137,潘志明,一般,高雄市,1978-08-22,2023-10-07,2026-06-30
M004735,李承翰,銀卡,彰化縣,1986-04-11,2016-07-20,2026-04-30
M000621,蘇宗翰,一般,台北市,1966-11-18,2024-11-07,2026-04-30
M006603,周詩涵,一般,桃園市,2001-07-12,2018-06-30,2026-04-30
M005133,洪雅雯,銀卡,宜蘭縣,1990-07-09,2024-06-06,2026-04-30
M002106,邱心怡,銀卡,彰化縣,1963-03-19,2025-03-13,2026-04-30
M003913,莊志明,金卡,台南市,1989-09-14,2019-10-27,2026-06-30
M007491,黃心怡,金卡,新竹市,1965-11-04,2023-10-01,2026-04-30
M000393,蔡柏翰,銀卡,新竹市,1982-04-15,2017-04-11,2026-04-30
M002474,周承翰,金卡,高雄市,1983-02-06,2021-04-12,2026-05-31
M001962,鄭宗翰,銀卡,基隆市,1985-09-23,2021-02-24,2026-04-30
M005476,羅承翰,銀卡,台中市,1974-06-14,2022-05-28,2026-04-30
M001415,廖冠宇,銀卡,宜蘭縣,1997-10-20,2025-08-09,2026-04-30
M000566,黃家豪,金卡,高雄市,1986-11-17,2021-11-22,2026-04-30
M007164,劉志明,白金,台中市,1986-08-25,2019-12-31,2026-04-30
M003878,何怡君,白金,台南市,1978-07-04,2017-11-15,2026-04-30
M004176,張家豪,一般,宜蘭縣,1996-01-28,2023-05-15,2026-04-30
M000981,吳彥廷,銀卡,台南市,1976-04-09,2017-12-26,2026-04-30
M007544,許冠宇,金卡,台南市,1978-02-07,2018-06-10,2026-04-30
M003253,蕭冠宇,銀卡,宜蘭縣,1971-11-03,2020-09-21,2026-04-30
M004017,蕭雅雯,白金,桃園市,1987-01-24,2024-07-16,2026-04-30
M000380,徐彥廷,金卡,台北市,1989-10-23,2024-05-21,2026-04-30
M003886,呂家豪,金卡,桃園市,1969-09-04,2017-07-03,2026-04-30
M006470,葉承翰,金卡,台北市,1994-09-10,2021-08-11,2026-04-30
M003486,廖心怡,白金,台中市,1967-03-29,2021-10-31,2026-04-30
M004580,蘇宗翰,一般,台南市,1997-06-27,2020-11-22,2026-04-30
M001438,李詩涵,白金,彰化縣,2000-01-07,2020-07-06,2026-04-30
M000418,蘇雅雯,金卡,基隆市,1979-04-09,2022-03-16,2026-04-30
M004923,邱怡君,金卡,台南市,1978-12-10,2015-12-23,2026-04-30
M003938,張雅婷,金卡,宜蘭縣,1968-06-17,2016-07-24,2026-04-30
M007087,廖家豪,白金,新竹市,1985-06-26,2025-07-05,2026-05-31
M007749,鄭俊宏,白金,新竹市,1991-04-10,2025-02-25,2026-04-30
M003250,曾冠宇,銀卡,台中市,1986-03-22,2017-04-14,2026-04-30
M003916,何詩涵,銀卡,新北市,1993-01-11,2016-11-17,2026-04-30
M005732,楊俊傑,金卡,台中市,1987-04-15,2022-05-03,2026-04-30
M004855,廖柏翰,白金,新北市,1980-05-14,2018-11-10,2026-04-30
M001760,何建宏,金卡,新北市,1993-05-09,2020-01-10,2026-04-30
M007228,徐雅雯,一般,彰化縣,1988-01-08,2025-02-07,2026-04-30
M003274,陳欣怡,一般,台中市,1988-05-31,2019-08-30,2026-04-30
M001881,周建宏,金卡,新北市,1997-10-03,2024-11-28,2026-04-30
M005296,徐俊傑,白金,桃園市,1979-11-23,2019-03-30,2026-04-30
M007780,蘇雅婷,金卡,基隆市,1979-09-16,2025-04-22,2026-04-30
M000057,邱雅婷,一般,新竹市,1968-06-24,2015-05-03,2026-04-30
M002607,張承翰,金卡,高雄市,1986-06-16,2019-11-15,2026-04-30
M006431,李家豪,白金,新竹市,1979-01-11,2023-02-12,2026-04-30
M005159,洪俊宏,一般,基隆市,1984-08-08,2020-12-03,2026-04-30
M007063,劉志明,白金,台北市,1964-07-27,2024-09-06,2026-04-30
M007183,羅心怡,銀卡,台北市,1961-05-01,2024-12-03,2026-04-30
M007441,徐宗翰,銀卡,新北市,1973-08-03,2016-07-10,2026-04-30
M007707,葉淑芬,銀卡,彰化縣,1990-08-06,2020-05-03,2026-04-30
M007929,吳心怡,一般,台南市,1996-08-17,2024-04-30,2026-04-30
M002407,何宗翰,金卡,台北市,1971-12-10,2017-10-12,2026-04-30
M004452,蔡雅雯,銀卡,宜蘭縣,1991-03-25,2019-01-09,2026-04-30
M002770,曾建宏,白金,台北市,1988-11-14,2017-09-20,2026-04-30
M001827,洪宗翰,銀卡,彰化縣,1997-08-25,2017-09-30,2026-04-30
M003510,劉雅婷,白金,台中市,1985-11-05,2021-10-13,2026-04-30
M000281,吳俊傑,一般,台南市,1990-10-16,2025-04-09,2026-04-30
M007989,陳冠宇,金卡,新北市,1969-08-15,2025-02-18,2026-04-30
M002241,陳詩涵,銀卡,台中市,1976-12-01,2016-01-18,2026-04-30
M000886,何雅婷,一般,宜蘭縣,1981-07-16,2020-05-07,2026-04-30
M002875,羅欣怡,白金,台南市,1975-05-06,2019-08-25,2026-04-30
M001419,徐雅婷,白金,新北市,1997-09-19,2025-05-10,2026-04-30
M004654,蕭欣怡,銀卡,宜蘭縣,1982-07-02,2022-02-04,2026-04-30
M004482,黃家豪,銀卡,彰化縣,1969-09-29,2020-10-28,2026-04-30
M007055,楊承翰,金卡,台中市,1973-12-07,2023-03-10,2026-04-30
M001025,蔡欣怡,銀卡,台中市,1987-05-31,2020-09-29,2026-06-30
M002497,許家豪,銀卡,台北市,1984-05-05,2016-06-27,2026-04-30
M007835,高雅婷,銀卡,高雄市,1974-05-23,2025-08-20,2026-04-30
M000363,蕭承翰,銀卡,彰化縣,1972-12-10,2016-06-16,2026-04-30
M000326,周俊宏,銀卡,宜蘭縣,1962-11-14,2024-03-31,2026-04-30
M004229,蔡詩涵,白金,彰化縣,1965-08-12,2025-05-06,2026-04-30
M007827,劉承翰,銀卡,新北市,1979-08-26,2025-06-30,2026-04-30
M006963,周柏翰,白金,宜蘭縣,1986-07-06,2015-01-16,2026-04-30
M003862,廖心怡,銀卡,台南市,1990-05-17,2016-09-29,2026-04-30
M004164,洪雅雯,銀卡,台北市,1994-12-10,2023-05-25,2026-04-30
M007750,謝俊傑,白金,彰化縣,1981-08-11,2023-12-11,2026-04-30
M001454,何雅婷,銀卡,台南市,1988-07-12,2017-10-31,2026-04-30
M004096,楊志明,一般,桃園市,1996-06-03,2023-01-27,2026-04-30
M004697,賴承翰,銀卡,新竹市,1980-10-18,2015-01-25,2026-04-30
M000206,謝雅雯,金卡,宜蘭縣,1984-05-07,2024-09-20,2026-04-30
M000616,謝俊宏,金卡,桃園市,1981-12-04,2018-12-05,2026-04-30
M007778,曾雅婷,金卡,彰化縣,2003-06-19,2020-05-08,2026-04-30
M006338,高心怡,白金,新竹市,1988-04-06,2017-09-24,2026-04-30
M001817,呂俊宏,銀卡,彰化縣,1965-12-20,2020-01-25,2026-04-30
M001951,莊建宏,白金,彰化縣,1973-04-22,2018-12-28,2026-04-30
M002470,曾志明,銀卡,台中市,1994-06-28,2021-08-10,2026-04-30
M005032,潘心怡,金卡,台北市,1990-01-04,2022-01-06,2026-04-30
M007514,陳雅婷,一般,桃園市,1989-06-30,2016-08-02,2026-04-30
M006462,呂詩涵,白金,基隆市,1977-12-16,2025-08-27,2026-06-30
M006476,吳彥廷,白金,基隆市,1966-12-14,2025-08-04,2026-04-30
M003970,江俊傑,白金,台南市,1994-05-29,2019-01-21,2026-04-30
M000392,邱淑芬,一般,新北市,1983-12-31,2022-09-22,2026-04-30
M006463,黃承翰,白金,彰化縣,1980-03-20,2025-08-07,2026-04-30
M002253,周俊宏,白金,台中市,1994-02-04,2025-10-07,2026-04-30
M001608,曾俊傑,白金,台中市,1966-03-18,2016-01-06,2026-04-30
M001528,蘇心怡,金卡,桃園市,1975-08-25,2017-08-14,2026-04-30
M007853,賴彥廷,金卡,彰化縣,2002-08-29,2020-12-26,2026-05-31
M000691,蘇雅婷,一般,台北市,1965-03-12,2017-06-01,2026-04-30
M000074,羅怡君,白金,高雄市,1981-09-04,2016-01-11,2026-04-30
M000908,劉冠宇,白金,台北市,1987-02-12,2016-05-14,2026-04-30
M001138,莊怡君,銀卡,基隆市,1987-02-15,2018-07-20,2026-04-30
M001420,曾彥廷,白金,桃園市,1983-12-23,2024-08-18,2026-04-30
M005866,鄭志明,白金,新北市,1962-02-03,2023-06-27,2026-04-30
M005894,劉欣怡,白金,新竹市,1967-07-15,2020-01-22,2026-04-30
M003588,蘇承翰,一般,台中市,1982-04-20,2024-02-20,2026-04-30
M004324,邱俊傑,一般,基隆市,1977-03-13,2016-10-26,2026-04-30
M007434,羅雅婷,金卡,新北市,1987-04-26,2019-12-08,2026-04-30
M002355,許俊宏,銀卡,基隆市,1960-07-13,2016-06-12,2026-04-30
M007630,高郁婷,白金,宜蘭縣,1961-10-03,2020-04-22,2026-05-31
M002762,王怡君,白金,高雄市,1973-12-22,2023-05-04,2026-06-30
M004422,鄭彥廷,白金,新北市,1995-12-30,2018-10-21,2026-04-30
M002776,黃俊傑,白金,新竹市,1994-01-02,2021-02-18,2026-04-30
M000578,羅柏翰,金卡,桃園市,1995-02-12,2015-04-13,2026-04-30
M001906,羅雅婷,銀卡,彰化縣,1990-04-04,2020-05-04,2026-04-30
M003615,陳雅婷,金卡,台南市,1978-03-12,2023-02-19,2026-04-30
M006916,廖心怡,一般,高雄市,1976-10-12,2015-05-02,2026-04-30
M003445,羅俊宏,白金,高雄市,2000-10-13,2019-08-08,2026-04-30
M000166,羅俊宏,白金,宜蘭縣,1966-04-12,2016-01-25,2026-04-30
M006176,邱佩珊,銀卡,台中市,1991-08-21,2017-10-17,2026-04-30
M004311,江宗翰,白金,基隆市,2003-03-15,2020-07-30,2026-04-30
M002813,陳雅婷,一般,新竹市,1997-06-06,2021-03-16,2026-04-30
M007764,許雅婷,白金,高雄市,1981-10-04,2022-11-10,2026-04-30
M004257,邱宗翰,一般,台南市,1967-11-18,2023-01-14,2026-04-30
M001040,高欣怡,金卡,桃園市,1962-05-08,2016-09-14,2026-04-30
M007747,劉淑芬,白金,台北市,1966-08-15,2015-08-21,2026-04-30
M005165,周美玲,銀卡,台北市,1973-08-29,2020-01-03,2026-04-30
M005513,郭冠宇,金卡,宜蘭縣,1900-01-01,2025-05-27,2026-04-30
M007365,莊心怡,白金,高雄市,1976-06-28,2025-07-23,2026-04-30
M001485,何家豪,銀卡,台南市,1977-02-28,2022-02-24,2026-04-30
M005617,楊欣怡,金卡,彰化縣,1967-04-29,2021-09-30,2026-05-31
M000382,蔡郁婷,白金,台北市,1999-08-27,2024-07-07,2026-05-31
M003571,鄭淑芬,白金,彰化縣,2003-08-09,2015-09-07,2026-04-30
M007756,郭家豪,金卡,台北市,1997-04-29,2017-08-16,2026-04-30
M003819,李宗翰,銀卡,桃園市,1984-12-20,2018-12-25,2026-04-30
M002833,莊冠宇,一般,彰化縣,1972-09-18,2025-12-03,2026-04-30
M003269,葉家豪,銀卡,台南市,1987-02-13,2024-05-02,2026-04-30
M000467,張怡君,銀卡,桃園市,1960-11-18,2019-07-28,2026-04-30
M000175,王柏翰,一般,宜蘭縣,1986-11-30,2016-10-22,2026-04-30
M004191,蕭俊傑,一般,基隆市,1979-09-06,2024-08-01,2026-04-30
M006045,周淑芬,白金,基隆市,1961-06-22,2025-12-08,2026-04-30
M003282,邱俊傑,白金,新竹市,1962-05-31,2021-02-14,2026-04-30
M001029,葉宗翰,銀卡,台中市,1976-07-11,2021-11-22,2026-04-30
M007342,徐俊宏,一般,彰化縣,1962-06-02,2023-05-06,2026-04-30
M006401,蕭郁婷,銀卡,基隆市,2000-04-19,2024-04-16,2026-04-30
M003743,莊心怡,銀卡,彰化縣,1992-11-29,2023-10-21,2026-04-30
M004612,高淑芬,銀卡,新竹市,1993-12-03,2022-04-12,2026-04-30
M002657,潘冠宇,白金,台北市,1990-03-29,2023-09-09,2026-04-30
M004299,張怡君,金卡,台中市,1983-10-11,2018-04-17,2026-04-30
M001823,陳建宏,金卡,台中市,1970-11-02,2019-08-31,2026-04-30
M003523,徐柏翰,一般,基隆市,1975-02-11,2023-01-13,2026-04-30
M000718,賴詩涵,銀卡,台南市,1970-12-22,2017-08-28,2026-04-30
M003546,邱建宏,金卡,台北市,1963-01-11,2015-03-03,2026-04-30
M003759,徐柏翰,銀卡,新北市,1962-01-07,2017-03-28,2026-05-31
M000954,賴志明,金卡,台南市,1984-11-13,2020-11-14,2026-04-30
M004838,張怡君,白金,台南市,1976-04-11,2016-12-04,2026-04-30
M007418,謝俊傑,銀卡,新竹市,1960-02-20,2024-10-05,2026-04-30
M003049,邱淑芬,一般,台中市,2003-09-28,2017-05-25,2026-04-30
M002610,呂欣怡,一般,桃園市,1973-05-13,2025-04-29,2026-04-30
M001309,羅俊傑,白金,基隆市,1982-04-05,2017-09-02,2026-04-30
M003342,王家豪,一般,基隆市,1972-01-18,2017-03-10,2026-04-30
M007873,許淑芬,白金,台北市,2003-08-27,2015-08-31,2026-04-30
M001663,呂怡君,白金,台北市,1978-08-22,2023-08-06,2026-04-30
M007421,謝俊宏,銀卡,新北市,1963-07-07,2020-04-22,2026-04-30
M005696,蔡冠宇,金卡,新竹市,1963-09-17,2017-02-22,2026-04-30
M000901,劉俊宏,白金,高雄市,1990-04-11,2020-12-28,2026-04-30
M003362,潘佩珊,金卡,基隆市,1989-02-25,2017-11-03,2026-04-30
M007156,邱美玲,白金,台北市,1983-03-15,2024-05-02,2026-04-30
M007250,吳欣怡,金卡,新竹市,1970-02-12,2015-01-19,2026-04-30
M002663,吳志明,金卡,台南市,1985-02-06,2025-04-15,2026-04-30
M001567,蕭家豪,白金,桃園市,1960-08-26,2016-07-22,2026-04-30
M001926,楊宗翰,白金,台南市,1976-06-02,2019-11-27,2026-04-30
M005489,郭彥廷,一般,高雄市,1982-05-26,2025-07-04,2026-04-30
M006988,劉俊傑,金卡,台北市,1998-10-11,2017-06-03,2026-04-30
M006134,劉承翰,銀卡,新北市,1978-08-19,2022-06-02,2026-05-31
M007216,林佩珊,金卡,高雄市,2003-02-20,2023-10-06,2026-04-30
M001742,葉淑芬,金卡,高雄市,1986-05-17,2019-11-15,2026-06-30
M006007,張郁婷,金卡,彰化縣,1980-08-10,2015-07-23,2026-04-30
M001306,李怡君,白金,基隆市,1994-03-28,2020-07-15,2026-04-30
M003096,蔡柏翰,銀卡,台中市,2000-11-24,2023-04-05,2026-04-30
M005037,吳宗翰,金卡,宜蘭縣,1987-09-05,2025-01-19,2026-06-30
M001381,蘇家豪,一般,宜蘭縣,1990-04-11,2015-05-09,2026-04-30
M002505,蘇美玲,銀卡,基隆市,1970-06-21,2021-09-16,2026-04-30
M001745,李冠宇,一般,台南市,1960-10-02,2020-10-25,2026-04-30
M002207,蔡怡君,一般,基隆市,1997-07-07,2016-04-05,2026-04-30
M007663,李冠宇,白金,新北市,1994-10-07,2022-12-06,2026-04-30
M005970,蕭建宏,白金,桃園市,1999-11-24,2016-03-29,2026-04-30
M000404,王雅婷,銀卡,桃園市,1979-12-04,2019-03-02,2026-04-30
M006034,劉郁婷,銀卡,新竹市,1997-10-11,2024-01-25,2026-04-30
M004905,張彥廷,銀卡,彰化縣,1975-02-25,2016-12-02,2026-04-30
M007617,張承翰,一般,台中市,1985-01-01,2025-09-25,2026-04-30
M006549,莊雅雯,金卡,宜蘭縣,1994-09-25,2015-06-06,2026-04-30
M007214,李怡君,白金,新北市,1983-01-04,2020-04-16,2026-04-30
M006707,曾淑芬,銀卡,宜蘭縣,1979-11-21,2015-02-21,2026-04-30
M007080,蘇郁婷,銀卡,桃園市,1994-07-10,2021-05-21,2026-04-30
M000165,羅欣怡,白金,宜蘭縣,1974-06-30,2017-01-18,2026-04-30
M007927,周美玲,一般,台中市,1995-02-09,2015-09-26,2026-04-30
M007354,高彥廷,金卡,宜蘭縣,1960-07-07,2022-01-20,2026-04-30
M001486,蔡美玲,一般,新北市,1984-07-27,2015-03-17,2026-04-30
M002812,周雅婷,金卡,彰化縣,1975-11-28,2016-09-14,2026-04-30
M007213,周冠宇,銀卡,桃園市,1966-12-08,2017-11-24,2026-06-30
M003350,李建宏,一般,台北市,1992-09-12,2023-08-17,2026-04-30
M004650,郭志明,金卡,新北市,1970-12-02,2015-11-15,2026-04-30
M007007,劉雅婷,金卡,台中市,1995-12-05,2020-11-20,2026-04-30
M001756,陳建宏,銀卡,桃園市,1982-01-22,2024-04-18,2026-04-30
M004470,賴志明,白金,台中市,1989-07-21,2016-02-11,2026-04-30
M007019,廖承翰,銀卡,基隆市,1988-09-14,2020-08-30,2026-04-30
M007626,蔡欣怡,金卡,基隆市,1999-07-11,2023-11-14,2026-04-30
M000882,葉佩珊,金卡,彰化縣,1976-10-20,2024-04-13,2026-04-30
M003907,陳宗翰,白金,高雄市,1966-08-26,2017-02-02,2026-04-30
M005959,張郁婷,白金,高雄市,1990-04-20,2025-03-05,2026-04-30
M003023,邱柏翰,一般,台南市,1961-12-05,2016-02-06,2026-04-30
M001015,何怡君,一般,新竹市,1995-01-15,2024-12-05,2026-04-30
M000849,賴詩涵,銀卡,彰化縣,1996-11-30,2019-01-07,2026-04-30
M002408,羅詩涵,金卡,台北市,1997-08-26,2017-09-05,2026-04-30
M007257,廖淑芬,白金,台中市,1992-01-30,2023-02-19,2026-04-30
M005169,潘彥廷,一般,桃園市,1968-05-15,2020-07-17,2026-05-31
M005434,蘇家豪,銀卡,基隆市,1965-04-12,2017-07-15,2026-04-30
M004219,葉宗翰,銀卡,基隆市,1989-08-02,2022-06-09,2026-04-30
M003265,呂彥廷,一般,新竹市,1989-01-12,2022-01-27,2026-04-30
M005218,謝欣怡,白金,宜蘭縣,1978-10-20,2016-08-01,2026-06-30
M003807,鄭佩珊,銀卡,彰化縣,1999-02-19,2020-10-20,2026-04-30
M006592,葉雅婷,金卡,台中市,1966-05-22,2016-12-31,2026-04-30
M005518,楊俊傑,銀卡,桃園市,1975-04-16,2024-09-26,2026-04-30
M006609,羅柏翰,銀卡,高雄市,2003-07-07,2018-06-30,2026-04-30
M006047,潘家豪,一般,宜蘭縣,1971-06-12,2016-06-01,2026-04-30
M004864,郭柏翰,金卡,新竹市,1998-11-27,2017-10-13,2026-04-30
M006469,林宗翰,金卡,台北市,2001-06-07,2023-08-06,2026-04-30
M003706,廖俊傑,金卡,桃園市,1963-01-02,2021-10-08,2026-04-30
M002289,邱怡君,一般,台南市,2002-01-02,2019-10-18,2026-04-30
M006561,鄭柏翰,白金,高雄市,2001-10-24,2020-05-16,2026-04-30
M005671,張佩珊,白金,台中市,1998-11-11,2024-10-10,2026-04-30
M005865,劉建宏,金卡,台南市,1969-04-14,2023-06-02,2026-04-30
M005722,楊俊宏,金卡,新北市,1992-05-24,2018-06-20,2026-04-30
M002772,周宗翰,銀卡,新北市,1967-04-19,2015-12-26,2026-04-30
M007759,黃淑芬,白金,宜蘭縣,2000-09-14,2018-05-26,2026-04-30
M005258,周怡君,一般,新北市,1992-03-15,2016-02-29,2026-04-30
M003168,李俊宏,一般,宜蘭縣,1976-05-13,2024-10-04,2026-04-30
M007757,葉冠宇,一般,台中市,1981-04-02,2025-10-05,2026-04-30
M000957,蘇雅婷,金卡,宜蘭縣,2000-12-19,2019-05-30,2026-04-30
M000429,劉郁婷,金卡,台南市,1986-01-05,2015-06-26,2026-06-30
M002886,曾怡君,金卡,桃園市,1963-11-27,2023-07-08,2026-06-30
M006832,王詩涵,金卡,新竹市,1976-08-28,2025-03-22,2026-04-30
M000356,林怡君,金卡,桃園市,1962-10-04,2018-05-30,2026-04-30
M006279,邱美玲,一般,新竹市,1967-06-03,2020-11-24,2026-04-30
M001123,吳建宏,金卡,高雄市,1962-11-18,2025-04-13,2026-04-30
M005974,周怡君,白金,宜蘭縣,1971-11-23,2024-03-30,2026-04-30
M002827,林雅婷,一般,台南市,1971-10-25,2017-08-11,2026-04-30
M002316,鄭怡君,銀卡,桃園市,1982-08-14,2015-03-27,2026-06-30
M007618,高雅雯,一般,台南市,2003-08-26,2015-10-20,2026-04-30
M001177,羅欣怡,一般,宜蘭縣,1991-05-28,2025-10-10,2026-04-30
M006625,葉家豪,一般,台南市,1983-09-25,2015-01-25,2026-04-30
M004998,羅淑芬,金卡,台中市,1980-03-18,2025-07-20,2026-04-30
M007775,劉雅婷,一般,台中市,1982-05-18,2025-03-20,2026-04-30
M006352,王宗翰,金卡,桃園市,1968-08-23,2023-12-20,2026-05-31
M002884,莊俊傑,一般,彰化縣,1999-05-08,2024-11-15,2026-04-30
M004197,許柏翰,一般,高雄市,1965-10-21,2017-09-09,2026-04-30
M003040,謝淑芬,金卡,新竹市,1963-09-14,2020-04-04,2026-06-30
M001153,洪美玲,白金,基隆市,1986-09-19,2024-02-22,2026-04-30
M006426,蕭宗翰,一般,台中市,2000-04-26,2020-06-05,2026-04-30
M002764,謝俊傑,金卡,桃園市,1900-01-01,2021-06-30,2026-04-30
M005723,鄭柏翰,金卡,宜蘭縣,1986-09-20,2015-02-21,2026-04-30
M005772,蕭雅婷,一般,彰化縣,1988-01-31,2022-08-19,2026-04-30
M000458,洪詩涵,白金,彰化縣,1983-12-14,2018-05-26,2026-04-30
M007487,呂詩涵,一般,台南市,1965-07-08,2020-02-18,2026-04-30
M000131,楊郁婷,金卡,台中市,1978-08-29,2025-12-05,2026-04-30
M004614,王志明,白金,台中市,1988-09-13,2023-10-19,2026-04-30
M000205,許雅婷,白金,宜蘭縣,1964-02-09,2018-07-01,2026-04-30
M004603,江雅雯,一般,宜蘭縣,2001-04-25,2017-05-31,2026-04-30
M007567,高雅婷,一般,宜蘭縣,1963-09-21,2015-08-19,2026-04-30
M005212,陳宗翰,白金,宜蘭縣,1973-10-09,2023-08-22,2026-04-30
M005235,賴冠宇,金卡,高雄市,1971-11-11,2015-07-21,2026-04-30
M004354,呂郁婷,白金,彰化縣,1996-04-10,2024-11-01,2026-04-30
M000216,葉怡君,白金,台中市,1991-08-17,2017-04-08,2026-04-30
M000862,郭欣怡,金卡,彰化縣,1983-11-03,2024-10-05,2026-04-30
M002933,廖詩涵,白金,彰化縣,1989-03-27,2015-10-02,2026-04-30
M003956,曾冠宇,銀卡,台中市,1992-08-26,2021-09-19,2026-04-30
M003111,呂怡君,銀卡,彰化縣,1990-01-07,2018-07-22,2026-04-30
M002714,何俊宏,一般,台中市,1979-02-26,2022-01-26,2026-04-30
M007489,高雅婷,一般,台中市,1996-04-30,2024-06-14,2026-04-30
M000791,張雅雯,銀卡,台中市,1988-06-12,2017-06-19,2026-04-30
M007077,黃建宏,白金,台南市,1965-07-18,2023-03-24,2026-04-30
M003017,郭志明,白金,彰化縣,1981-06-04,2024-07-08,2026-04-30
M002586,許柏翰,一般,彰化縣,1967-01-12,2024-07-28,2026-04-30
M003178,許佩珊,銀卡,新北市,1963-07-19,2015-04-23,2026-05-31
M005256,周家豪,一般,彰化縣,1987-03-29,2022-02-16,2026-04-30
M006472,葉怡君,銀卡,新北市,1974-12-30,2024-11-13,2026-04-30
M003240,徐淑芬,一般,新竹市,1979-02-23,2022-11-19,2026-04-30
M005831,邱彥廷,白金,彰化縣,1964-09-01,2015-05-01,2026-04-30
M001299,曾柏翰,銀卡,宜蘭縣,1985-06-08,2020-01-04,2026-04-30
M000492,邱郁婷,金卡,宜蘭縣,1986-04-17,2023-01-23,2026-04-30
M006390,江俊傑,一般,新竹市,1986-01-11,2023-05-18,2026-04-30
M007848,羅淑芬,銀卡,台中市,1960-03-05,2025-09-23,2026-04-30
M007895,高欣怡,一般,新竹市,1960-08-31,2018-08-12,2026-04-30
M006122,何欣怡,銀卡,新竹市,1988-09-15,2025-08-31,2026-04-30
M003723,謝美玲,銀卡,基隆市,1960-12-06,2020-08-05,2026-04-30
M007665,黃彥廷,白金,台南市,1969-03-02,2018-04-14,2026-04-30
M004682,邱雅雯,金卡,台北市,1972-11-29,2021-05-31,2026-04-30
M007149,李佩珊,金卡,高雄市,1981-04-25,2023-11-08,2026-04-30
M003563,張志明,銀卡,新竹市,1994-05-29,2024-08-16,2026-04-30
M001325,李俊宏,銀卡,台南市,1978-12-21,2022-12-18,2026-06-30
M002948,周淑芬,金卡,新竹市,1979-04-07,2020-02-27,2026-04-30
M007264,蕭柏翰,一般,桃園市,1962-05-30,2017-09-26,2026-04-30
M003795,陳俊宏,金卡,高雄市,1993-05-24,2024-12-04,2026-04-30
M001585,潘俊宏,銀卡,新北市,1990-12-29,2017-11-15,2026-05-31
M007614,莊柏翰,一般,高雄市,1963-10-28,2021-01-12,2026-04-30
M000178,曾雅雯,白金,高雄市,1979-11-21,2018-02-15,2026-04-30
M006412,林建宏,金卡,基隆市,1984-07-07,2021-06-04,2026-06-30
M000373,曾宗翰,金卡,台南市,1974-12-09,2016-03-02,2026-04-30
M004573,呂建宏,白金,桃園市,1992-02-16,2016-08-30,2026-04-30
M007198,吳俊宏,金卡,新北市,1961-07-23,2025-07-04,2026-04-30
M006600,蔡雅婷,金卡,台南市,1981-06-12,2020-08-02,2026-04-30
M003423,蔡俊傑,一般,宜蘭縣,1967-07-27,2021-01-29,2026-04-30
M004282,羅俊宏,白金,新北市,1965-07-10,2016-03-21,2026-04-30
M000737,蕭彥廷,白金,宜蘭縣,1966-03-16,2020-04-23,2026-04-30
M006901,陳怡君,銀卡,基隆市,1998-02-04,2021-05-11,2026-04-30
M003719,蘇郁婷,白金,桃園市,1985-04-11,2024-06-17,2026-04-30
M004620,林宗翰,白金,台北市,1991-05-15,2022-11-07,2026-04-30
M007420,李承翰,金卡,台北市,1987-07-17,2022-10-23,2026-04-30
M007385,潘淑芬,銀卡,彰化縣,2000-03-28,2015-07-01,2026-04-30
M005583,邱建宏,一般,基隆市,1987-01-29,2021-12-08,2026-04-30
M000650,蕭雅雯,白金,台中市,1986-03-08,2025-12-13,2026-06-30
M005205,許冠宇,白金,彰化縣,1975-10-12,2019-02-11,2026-04-30
M004882,葉承翰,金卡,彰化縣,1990-01-13,2016-05-11,2026-04-30
M005118,鄭淑芬,金卡,桃園市,1984-12-22,2015-06-08,2026-04-30
M002805,蘇欣怡,一般,台南市,2002-09-03,2016-12-17,2026-04-30
M006971,邱柏翰,金卡,台北市,1968-06-04,2025-02-05,2026-04-30
M004115,李佩珊,一般,台北市,1976-12-09,2023-09-07,2026-04-30
M000273,曾建宏,白金,宜蘭縣,1966-02-01,2018-07-07,2026-04-30
M006361,楊彥廷,金卡,新北市,1966-02-16,2017-05-13,2026-04-30
M006836,王俊宏,金卡,桃園市,1991-06-02,2021-11-10,2026-04-30
M000682,郭佩珊,白金,新竹市,1983-08-28,2018-10-16,2026-05-31
M004256,邱承翰,金卡,新北市,2002-06-17,2021-07-03,2026-04-30
M005128,蔡志明,金卡,基隆市,1963-11-03,2016-01-10,2026-04-30
M003214,謝怡君,金卡,彰化縣,1987-12-16,2021-08-16,2026-04-30
M003783,蔡雅雯,白金,彰化縣,1990-05-21,2016-02-22,2026-04-30
M004967,林建宏,一般,新竹市,1968-01-14,2023-11-21,2026-04-30
M002818,洪俊傑,白金,台北市,1970-07-29,2017-10-15,2026-04-30
M004519,蕭承翰,銀卡,台南市,1983-10-30,2021-10-02,2026-04-30
M004485,楊建宏,銀卡,新北市,1979-08-22,2021-10-08,2026-05-31
M002175,賴柏翰,銀卡,基隆市,1979-03-04,2018-04-22,2026-04-30
M003539,蘇宗翰,金卡,基隆市,1989-09-03,2024-04-12,2026-04-30
M001723,周建宏,金卡,台北市,1974-03-14,2020-10-27,2026-04-30
M004116,蔡詩涵,金卡,新北市,1963-04-07,2018-11-20,2026-04-30
M007072,蔡雅雯,白金,台中市,1983-07-31,2020-03-12,2026-04-30
M006754,廖佩珊,銀卡,高雄市,1968-05-16,2024-05-08,2026-04-30
M004852,高承翰,金卡,新竹市,1986-08-23,2020-09-13,2026-04-30
M007899,賴心怡,白金,台北市,1971-11-25,2019-07-31,2026-04-30
M000296,黃佩珊,金卡,新北市,1960-04-11,2017-07-16,2026-04-30
M005319,李心怡,白金,台南市,1982-03-30,2017-02-14,2026-04-30
M001058,葉雅雯,銀卡,桃園市,1963-10-18,2018-12-29,2026-04-30
M007720,葉俊宏,銀卡,台南市,2002-02-16,2025-02-03,2026-04-30
M004450,羅柏翰,白金,彰化縣,1986-07-04,2021-07-27,2026-06-30
M001064,蔡承翰,一般,基隆市,1999-08-16,2025-09-05,2026-04-30
M005529,莊俊宏,銀卡,彰化縣,1995-03-10,2024-01-16,2026-04-30
M004334,郭家豪,一般,基隆市,1990-08-29,2022-03-23,2026-04-30
M004473,謝宗翰,一般,新北市,1995-12-20,2015-02-16,2026-04-30
M005553,楊冠宇,白金,桃園市,1987-08-11,2017-11-13,2026-04-30
M004890,周志明,一般,N/A,1990-11-02,2016-07-30,2026-04-30
M004231,莊美玲,金卡,台北市,1985-12-11,2023-02-26,2026-04-30
M005833,吳怡君,白金,高雄市,1980-03-28,2021-05-08,2026-04-30
M004284,郭怡君,一般,宜蘭縣,1986-04-01,2022-03-18,2026-04-30
M003127,吳佩珊,一般,新竹市,1968-03-20,2018-08-30,2026-05-31
M005353,張家豪,銀卡,彰化縣,1981-04-26,2019-05-11,2026-06-30
M005823,郭怡君,白金,高雄市,1967-10-05,2024-05-25,2026-04-30
M000793,葉建宏,一般,台中市,1967-12-13,2020-10-21,2026-04-30
M002119,邱建宏,金卡,新竹市,1962-03-21,2023-08-15,2026-04-30
M001673,黃俊傑,一般,新北市,1962-05-18,2024-04-29,2026-04-30
M007115,洪冠宇,銀卡,基隆市,1983-03-11,2023-12-11,2026-04-30
M007483,羅彥廷,一般,新北市,2002-07-02,2018-09-23,2026-04-30
M005874,潘心怡,一般,高雄市,1971-04-12,2024-01-19,2026-04-30
M007916,李欣怡,金卡,彰化縣,1970-03-31,2020-10-06,2026-06-30
M007910,謝詩涵,金卡,高雄市,1964-08-02,2019-10-19,2026-04-30
M002984,張淑芬,銀卡,台北市,1963-10-19,2024-10-04,2026-04-30
M004486,高宗翰,銀卡,台南市,1978-02-13,2022-03-12,2026-04-30
M002794,葉詩涵,一般,台中市,1972-03-29,2018-01-15,2026-04-30
M007293,楊宗翰,銀卡,新竹市,1963-02-07,2018-05-15,2026-05-31
M000735,廖欣怡,白金,彰化縣,1999-12-19,2025-02-25,2026-04-30
M002481,謝柏翰,一般,宜蘭縣,1967-01-22,2023-12-17,2026-05-31
M004767,廖怡君,銀卡,N/A,1987-04-21,2017-02-26,2026-04-30
M000282,林志明,銀卡,宜蘭縣,1967-05-31,2024-05-13,2026-04-30
M000422,莊承翰,銀卡,彰化縣,1974-09-04,2024-12-06,2026-04-30
M002901,周承翰,白金,高雄市,1963-09-07,2015-12-12,2026-06-30
M004994,鄭俊傑,一般,台南市,1967-07-04,2019-02-24,2026-04-30
M004500,葉心怡,白金,新北市,1964-03-04,2015-11-25,2026-05-31
M006250,莊雅雯,銀卡,台中市,1974-10-15,2023-02-03,2026-04-30
M002688,葉怡君,白金,宜蘭縣,1960-04-16,2024-02-19,2026-04-30
M005783,蘇美玲,一般,桃園市,1962-10-27,2017-06-13,2026-04-30
M006230,張志明,白金,桃園市,1964-07-07,2020-11-17,2026-04-30
M003883,張彥廷,金卡,彰化縣,1971-12-09,2023-11-06,2026-04-30
M000199,徐承翰,銀卡,基隆市,1973-02-20,2024-06-14,2026-04-30
M003496,黃詩涵,銀卡,高雄市,1983-01-08,2021-11-06,2026-04-30
M004636,高冠宇,一般,新竹市,1961-06-02,2022-12-12,2026-04-30
M007069,曾詩涵,白金,新竹市,1993-09-23,2023-04-16,2026-04-30
M000592,郭怡君,一般,台南市,1968-09-12,2024-07-23,2026-04-30
M000310,潘欣怡,一般,台南市,1974-01-03,2019-12-02,2026-04-30
M000008,曾淑芬,金卡,基隆市,1981-10-22,2015-07-22,2026-04-30
M004356,潘承翰,銀卡,基隆市,1992-06-04,2020-09-08,2026-04-30
M006541,葉郁婷,銀卡,高雄市,1992-12-25,2016-04-19,2026-05-31
M000565,謝志明,一般,桃園市,1992-04-29,2022-11-04,2026-04-30
M002415,劉佩珊,一般,彰化縣,1963-05-19,2017-04-10,2026-04-30
M005163,鄭彥廷,白金,基隆市,1985-11-15,2018-10-22,2026-06-30
M000391,洪雅婷,銀卡,台南市,1987-07-12,2025-06-23,2026-04-30
M001618,黃郁婷,金卡,新北市,1996-03-08,2017-03-17,2026-04-30
M007922,陳怡君,白金,台南市,1989-03-27,2015-05-18,2026-04-30
M007006,楊美玲,銀卡,台南市,1963-06-19,2015-11-11,2026-04-30
M007821,羅欣怡,白金,台南市,1972-07-10,2019-06-04,2026-04-30
M005620,吳家豪,銀卡,彰化縣,2001-11-10,2020-08-15,2026-05-31
M006547,呂淑芬,一般,桃園市,1974-03-26,2023-03-18,2026-04-30
M002791,蕭冠宇,金卡,台中市,1977-09-28,2019-11-16,2026-04-30
M006668,高欣怡,白金,桃園市,1999-09-07,2022-08-28,2026-04-30
M004198,張怡君,銀卡,新竹市,1966-11-20,2017-11-25,2026-04-30
M000049,周志明,金卡,高雄市,1965-07-18,2020-08-01,2026-04-30
M007447,陳俊傑,一般,桃園市,1995-09-12,2017-04-26,2026-04-30
M005549,謝宗翰,金卡,宜蘭縣,1965-07-15,2022-03-29,2026-04-30
M002971,鄭柏翰,金卡,彰化縣,1972-11-24,2024-07-24,2026-04-30
M001164,黃冠宇,銀卡,彰化縣,1900-01-01,2024-02-20,2026-04-30
M003139,林佩珊,銀卡,彰化縣,1994-08-24,2018-08-17,2026-06-30
M006764,呂承翰,金卡,台北市,1983-08-29,2020-01-05,2026-04-30
M006518,張冠宇,白金,彰化縣,1977-03-15,2020-04-09,2026-04-30
M007205,王心怡,金卡,宜蘭縣,1964-01-27,2021-09-03,2026-04-30
M003848,洪俊傑,白金,台中市,1994-03-19,2021-07-11,2026-04-30
M006809,林詩涵,白金,彰化縣,1970-06-18,2023-07-15,2026-05-31
M006951,周淑芬,銀卡,桃園市,1999-05-14,2018-08-13,2026-04-30
M007727,王淑芬,金卡,桃園市,1983-10-17,2019-06-18,2026-04-30
M006615,黃建宏,一般,桃園市,1996-12-14,2018-08-13,2026-04-30
M007186,葉佩珊,一般,基隆市,1960-11-18,2019-09-15,2026-04-30
M002793,高俊宏,金卡,台北市,1967-01-12,2023-01-04,2026-04-30
M004291,吳柏翰,白金,台中市,1968-10-04,2015-12-21,2026-04-30
M006742,林佩珊,銀卡,桃園市,1992-09-18,2017-06-03,2026-04-30
M006301,高家豪,銀卡,新竹市,2002-04-29,2018-07-10,2026-04-30
M003554,楊承翰,白金,新北市,1997-03-12,2019-05-07,2026-04-30
M001870,江佩珊,白金,新北市,1976-12-10,2025-10-08,2026-04-30
M000988,高雅雯,銀卡,桃園市,1964-08-10,2017-04-10,2026-04-30
M005705,林佩珊,金卡,彰化縣,1987-01-05,2022-02-17,2026-06-30
M005508,蘇怡君,一般,基隆市,1980-04-10,2025-04-23,2026-04-30
M000606,劉俊宏,金卡,宜蘭縣,2001-08-19,2017-10-24,2026-04-30
M004607,賴家豪,白金,彰化縣,1978-10-24,2022-10-01,2026-04-30
M003083,李郁婷,銀卡,台中市,1974-01-21,2023-09-25,2026-04-30
M001849,蔡俊宏,銀卡,台中市,2002-11-08,2016-07-09,2026-04-30
M003167,鄭郁婷,金卡,台中市,1995-08-07,2016-03-03,2026-04-30
M000213,徐宗翰,白金,台北市,1994-12-07,2025-02-19,2026-04-30
M002114,曾家豪,一般,台中市,1990-11-30,2018-10-30,2026-04-30
M005404,楊俊宏,白金,宜蘭縣,1972-05-23,2018-01-05,2026-05-31
M006157,林雅婷,一般,彰化縣,1960-10-26,2018-05-15,2026-04-30
M006386,葉俊宏,金卡,新竹市,1991-12-04,2025-07-16,2026-04-30
M003616,邱俊傑,一般,彰化縣,1989-09-23,2016-07-21,2026-04-30
M006582,蕭詩涵,一般,台北市,1990-07-06,2022-08-29,2026-04-30
M002307,江佩珊,白金,新竹市,1996-07-20,2019-09-05,2026-04-30
M001622,張雅雯,一般,台中市,1963-01-08,2022-07-08,2026-04-30
M007396,楊欣怡,一般,彰化縣,1978-11-11,2015-01-10,2026-04-30
M005148,李俊傑,金卡,彰化縣,1961-07-16,2021-11-01,2026-04-30
M001021,李俊宏,一般,台南市,1971-01-22,2023-07-23,2026-04-30
M006720,潘郁婷,銀卡,宜蘭縣,1997-04-13,2025-02-04,2026-04-30
M001645,周柏翰,金卡,新北市,1969-02-11,2019-04-26,2026-04-30
M003051,郭欣怡,白金,宜蘭縣,1982-05-03,2015-04-25,2026-04-30
M001281,李俊傑,銀卡,基隆市,1963-03-18,2025-06-24,2026-04-30
M004511,蔡建宏,銀卡,宜蘭縣,1990-02-15,2025-11-13,2026-05-31
M005886,呂俊宏,銀卡,台中市,1989-01-24,2023-03-22,2026-04-30
M002216,洪柏翰,銀卡,高雄市,1998-10-28,2019-09-08,2026-04-30
M004471,羅俊傑,銀卡,新竹市,1991-07-06,2022-11-03,2026-05-31
M004129,賴雅婷,金卡,高雄市,1964-02-03,2021-08-13,2026-04-30
M006198,邱心怡,白金,高雄市,1996-02-03,2016-08-10,2026-04-30
M003853,曾建宏,白金,新北市,1974-05-23,2019-09-10,2026-05-31
M004253,蕭雅婷,一般,新北市,1982-06-23,2024-10-31,2026-04-30
M005533,徐建宏,金卡,桃園市,1985-05-20,2015-05-31,2026-04-30
M007576,張雅婷,金卡,台南市,1975-09-23,2017-12-25,2026-04-30
M004733,蕭柏翰,金卡,宜蘭縣,1990-09-10,2025-02-27,2026-04-30
M005793,羅冠宇,金卡,新北市,1966-07-15,2024-04-03,2026-04-30
M001724,劉佩珊,銀卡,新北市,1991-03-08,2020-01-06,2026-04-30
M006005,高俊傑,金卡,新北市,2001-09-25,2021-10-02,2026-04-30
M004768,郭俊傑,一般,台南市,1987-07-13,2024-03-04,2026-04-30
M002111,許建宏,銀卡,高雄市,2000-11-06,2020-03-27,2026-04-30
M002745,呂承翰,白金,台中市,1968-05-04,2023-02-26,2026-04-30
M006272,廖冠宇,金卡,高雄市,1996-03-02,2019-01-09,2026-04-30
M001955,高佩珊,金卡,台北市,1986-03-25,2020-11-30,2026-04-30
M006306,張佩珊,銀卡,台北市,1981-12-06,2017-03-18,2026-04-30
M002414,楊志明,金卡,高雄市,1994-07-19,2017-06-26,2026-04-30
M002453,高美玲,白金,高雄市,1965-06-19,2016-06-05,2026-04-30
M002605,吳家豪,銀卡,新竹市,1964-02-28,2021-12-12,2026-04-30
M003512,許欣怡,金卡,台北市,1976-11-20,2017-03-13,2026-04-30
M007664,曾雅婷,金卡,新竹市,1986-12-29,2015-02-15,2026-04-30
M003661,劉欣怡,一般,彰化縣,2002-05-29,2016-09-05,2026-04-30
M001546,蘇承翰,金卡,台中市,1984-01-21,2016-11-17,2026-04-30
M000940,張淑芬,金卡,新竹市,1977-05-27,2018-08-31,2026-04-30
M007217,陳志明,白金,彰化縣,1979-02-27,2022-11-29,2026-04-30
M005026,羅俊宏,金卡,新北市,1993-10-03,2022-03-05,2026-04-30
M005495,謝郁婷,一般,基隆市,1999-11-12,2023-05-05,2026-04-30
M004889,羅建宏,金卡,台北市,1977-04-21,2024-03-18,2026-04-30
M001898,蔡俊宏,白金,台中市,1963-05-26,2017-03-11,2026-04-30
M003058,吳淑芬,金卡,台中市,1985-11-26,2023-11-23,2026-06-30
M005459,郭宗翰,白金,新北市,1996-09-24,2024-07-27,2026-04-30
M007363,林郁婷,白金,宜蘭縣,1962-01-13,2022-03-20,2026-05-31
M004024,周彥廷,金卡,高雄市,1978-01-24,2018-04-01,2026-05-31
M006767,呂家豪,白金,桃園市,1965-08-31,2015-01-31,2026-04-30
M004007,李雅婷,銀卡,彰化縣,1985-07-27,2020-03-21,2026-04-30
M006233,高郁婷,金卡,基隆市,1966-04-27,2016-07-28,2026-04-30
M004899,曾柏翰,白金,彰化縣,1990-12-03,2019-06-15,2026-04-30
M006430,楊家豪,銀卡,桃園市,2000-06-26,2015-12-24,2026-04-30
M005749,蕭俊宏,金卡,新竹市,1975-12-21,2023-02-26,2026-04-30
M000164,江心怡,銀卡,新北市,1974-05-29,2022-12-27,2026-04-30
M000957,蘇雅婷,銀卡,宜蘭縣,2000-12-19,2019-05-30,2026-04-30
M007327,林建宏,白金,基隆市,1960-04-08,2022-10-29,2026-04-30
M005716,吳雅婷,金卡,新竹市,2003-09-04,2025-10-31,2026-04-30
M002824,曾冠宇,銀卡,新竹市,1967-01-19,2018-06-19,2026-04-30
M001426,洪雅婷,白金,彰化縣,1969-09-05,2016-03-14,2026-04-30
M007597,高心怡,白金,新竹市,1981-04-05,2019-06-15,2026-04-30
M003828,許詩涵,金卡,台北市,1994-03-05,2016-07-01,2026-04-30
M003020,楊志明,白金,新竹市,1974-08-27,2016-01-27,2026-04-30
M001862,黃柏翰,白金,台北市,1968-06-06,2021-07-11,2026-04-30
M001254,郭承翰,一般,新竹市,1979-07-28,2020-07-25,2026-04-30
M002348,莊郁婷,銀卡,台北市,1972-12-25,2019-06-17,2026-04-30
M002572,邱淑芬,一般,台南市,2002-09-24,2022-09-07,2026-04-30
M000923,劉宗翰,白金,桃園市,1964-02-13,2019-05-26,2026-04-30
M005907,蘇宗翰,一般,彰化縣,1966-09-15,2024-12-28,2026-04-30
M001018,呂雅雯,金卡,台南市,2000-04-23,2025-11-30,2026-04-30
M007037,楊雅雯,白金,新北市,1969-01-25,2019-10-14,2026-04-30
M007427,高詩涵,銀卡,桃園市,1968-11-28,2025-05-25,2026-04-30
M002200,葉宗翰,白金,台南市,1977-05-03,2017-05-28,2026-05-31
M006179,蔡佩珊,一般,高雄市,1999-12-21,2016-08-18,2026-06-30
M003439,王佩珊,白金,彰化縣,1991-05-31,2023-10-06,2026-04-30
M003759,徐柏翰,銀卡,高雄市,1962-01-07,2017-03-28,2026-04-30
M001980,吳怡君,白金,台南市,1970-10-11,2023-05-22,2026-05-31
M005085,李心怡,銀卡,新北市,1979-11-20,2020-09-03,2026-04-30
M007235,周淑芬,白金,台北市,1962-10-11,2021-11-08,2026-04-30
M006584,洪詩涵,金卡,基隆市,1990-09-06,2022-11-14,2026-04-30
M003786,廖俊傑,銀卡,宜蘭縣,1996-09-07,2019-05-03,2026-04-30
M006441,何雅婷,銀卡,台中市,1972-11-20,2019-02-20,2026-04-30
M007112,高心怡,白金,彰化縣,2001-06-07,2020-09-23,2026-04-30
M003339,張柏翰,一般,台中市,2003-08-12,2020-06-29,2026-04-30
M004609,陳心怡,白金,彰化縣,1977-09-04,2018-02-15,2026-04-30
M005548,吳欣怡,一般,台中市,1979-01-30,2020-09-30,2026-04-30
M002169,賴家豪,白金,台北市,1966-11-03,2021-06-29,2026-05-31
M003185,蘇美玲,金卡,高雄市,1964-01-04,2021-07-18,2026-04-30
M001611,廖俊傑,一般,高雄市,1992-01-22,2020-09-19,2026-04-30
M007729,高宗翰,白金,桃園市,1991-04-10,2018-10-31,2026-04-30
M005581,謝心怡,金卡,台南市,1985-08-11,2025-03-28,2026-06-30
M000413,賴淑芬,白金,彰化縣,1973-09-17,2019-08-09,2026-04-30
M004448,李雅婷,白金,彰化縣,1974-06-20,2021-11-29,2026-04-30
M002559,莊宗翰,金卡,桃園市,1997-05-30,2024-12-30,2026-04-30
M005320,陳俊宏,白金,新竹市,1982-03-07,2025-03-29,2026-04-30
M003892,賴心怡,白金,高雄市,2003-02-28,2017-10-15,2026-04-30
M001677,徐心怡,銀卡,台北市,1967-08-24,2018-10-11,2026-04-30
M000475,呂志明,金卡,台北市,1975-01-11,2023-08-22,2026-04-30
M001560,呂冠宇,一般,高雄市,1982-04-13,2021-01-28,2026-04-30
M006833,楊心怡,一般,彰化縣,1988-12-12,2016-02-06,2026-04-30
M000536,林雅婷,銀卡,新北市,2001-10-20,2016-04-11,2026-04-30
M007424,吳志明,白金,彰化縣,1980-10-30,2024-05-09,2026-04-30
M006295,徐承翰,銀卡,新北市,1967-11-07,2020-12-30,2026-04-30
M004340,廖柏翰,一般,台中市,2000-09-17,2022-08-30,2026-04-30
M000903,蘇建宏,一般,桃園市,1963-05-09,2024-08-19,2026-04-30
M007986,吳冠宇,白金,台中市,1985-08-03,2018-06-30,2026-04-30
M001039,潘怡君,一般,宜蘭縣,1967-02-11,2023-06-30,2026-04-30
M001572,許俊宏,金卡,宜蘭縣,1981-08-26,2022-01-27,2026-04-30
M007013,賴家豪,銀卡,台南市,2002-04-12,2021-12-09,2026-04-30
M000532,李柏翰,銀卡,宜蘭縣,1962-10-29,2018-06-18,2026-04-30
M007468,謝淑芬,白金,N/A,1964-01-17,2023-12-13,2026-04-30
M002265,徐美玲,一般,台南市,1976-02-28,2023-10-09,2026-04-30
M003727,何柏翰,白金,宜蘭縣,1994-05-25,2018-04-17,2026-04-30
M005415,謝怡君,金卡,基隆市,1985-10-10,2021-04-01,2026-04-30
M002349,許承翰,白金,彰化縣,1979-02-02,2019-09-09,2026-04-30
M004155,鄭俊傑,一般,高雄市,1999-05-25,2020-04-14,2026-04-30
M004206,謝佩珊,銀卡,高雄市,1973-05-05,2018-06-19,2026-06-30
M007125,蘇雅婷,一般,彰化縣,1998-03-22,2021-07-28,2026-04-30
M004058,邱詩涵,一般,桃園市,1991-10-08,2023-09-11,2026-04-30
M002215,洪家豪,金卡,桃園市,2000-09-19,2016-02-16,2026-04-30
M003112,徐淑芬,一般,高雄市,1984-01-15,2024-12-23,2026-04-30
M000421,高建宏,一般,台中市,1978-09-21,2017-03-17,2026-04-30
M002120,蕭心怡,金卡,新北市,1994-06-18,2022-06-08,2026-04-30
M005113,呂詩涵,金卡,基隆市,1972-04-11,2016-04-28,2026-04-30
M002745,呂承翰,白金,台南市,1968-05-04,2023-02-26,2026-05-31
M005452,黃心怡,金卡,宜蘭縣,1978-07-22,2019-10-10,2026-04-30
M002832,陳彥廷,白金,新北市,1992-03-17,2020-11-01,2026-04-30
M004066,蔡淑芬,一般,基隆市,1998-03-10,2020-04-26,2026-04-30
M001647,呂詩涵,一般,基隆市,1961-07-15,2023-07-07,2026-04-30
M000874,蕭俊傑,金卡,台南市,2000-11-08,2024-06-12,2026-04-30
M004312,謝建宏,白金,新北市,1969-09-05,2017-09-25,2026-04-30
M001380,何彥廷,銀卡,台中市,1962-03-25,2015-06-25,2026-04-30
M007814,呂冠宇,金卡,台南市,1986-08-16,2023-11-22,2026-04-30
M007724,陳柏翰,金卡,新竹市,2001-01-03,2016-08-13,2026-04-30
M002358,許雅婷,白金,宜蘭縣,2000-06-24,2015-07-07,2026-04-30
M007931,吳雅婷,金卡,宜蘭縣,2001-01-18,2019-04-13,2026-04-30
M000317,葉美玲,銀卡,新北市,1981-11-01,2022-02-02,2026-04-30
M000378,陳家豪,金卡,彰化縣,1995-05-30,2022-01-09,2026-04-30
M001390,何詩涵,銀卡,宜蘭縣,1982-02-21,2017-01-14,2026-04-30
M005183,鄭俊宏,一般,高雄市,1973-04-24,2025-10-12,2026-05-31
M000428,李家豪,金卡,基隆市,1989-10-17,2018-08-12,2026-05-31
M007884,江雅雯,金卡,N/A,1984-11-23,2016-10-03,2026-04-30
M007773,鄭宗翰,白金,台北市,1991-03-27,2022-03-14,2026-04-30
M004037,黃俊傑,一般,台南市,1971-09-05,2025-04-18,2026-04-30
M004335,何志明,白金,新竹市,1992-04-16,2017-10-21,2026-04-30
M007123,莊宗翰,白金,新北市,1980-04-09,2023-06-06,2026-04-30
M007968,洪郁婷,白金,台南市,1972-03-11,2018-05-08,2026-04-30
M006857,楊俊傑,白金,台中市,1963-05-16,2017-03-14,2026-04-30
M004976,吳欣怡,金卡,新北市,1967-05-26,2016-12-29,2026-04-30
M001395,楊詩涵,銀卡,台南市,1984-07-06,2016-03-14,2026-06-30
M000295,林淑芬,白金,台北市,2001-02-18,2022-03-31,2026-06-30
M003991,謝彥廷,白金,N/A,1986-01-04,2017-01-22,2026-04-30
M007303,蘇郁婷,白金,台中市,1983-02-16,2018-11-01,2026-06-30
M000700,陳俊傑,白金,宜蘭縣,1977-05-05,2022-07-23,2026-04-30
M005992,吳欣怡,銀卡,新北市,1980-04-22,2020-01-21,2026-04-30
M006752,李宗翰,白金,台北市,1965-12-02,2017-11-26,2026-04-30
M006177,吳俊宏,銀卡,桃園市,1979-12-23,2023-08-16,2026-04-30
M003920,劉詩涵,金卡,高雄市,1966-03-16,2021-02-13,2026-04-30
M004710,李冠宇,金卡,基隆市,1994-12-18,2022-12-04,2026-04-30
M001111,許宗翰,銀卡,基隆市,1985-06-25,2015-10-10,2026-04-30
M003248,莊承翰,白金,新北市,1981-10-09,2022-01-24,2026-04-30
M000311,謝詩涵,白金,新北市,1992-04-22,2020-08-26,2026-06-30
M003024,何柏翰,金卡,彰化縣,1995-05-23,2025-09-07,2026-04-30
M000633,高怡君,金卡,高雄市,1987-02-14,2022-09-14,2026-04-30
M006964,周彥廷,銀卡,桃園市,1985-03-21,2017-03-21,2026-04-30
M007686,王冠宇,銀卡,台北市,1976-01-26,2018-10-28,2026-04-30
M005690,徐俊宏,金卡,基隆市,1995-11-24,2018-08-05,2026-04-30
M004363,徐詩涵,金卡,台南市,1964-08-13,2018-07-25,2026-04-30
M000527,許建宏,金卡,彰化縣,1999-07-09,2016-12-24,2026-05-31
M001464,洪詩涵,銀卡,桃園市,1964-03-12,2022-09-15,2026-04-30
M005607,蘇郁婷,一般,基隆市,1979-12-05,2020-07-31,2026-04-30
M004943,李俊傑,金卡,台北市,1995-10-08,2015-02-27,2026-04-30
M002081,蕭承翰,銀卡,桃園市,1991-07-30,2018-01-22,2026-04-30
M002566,邱宗翰,一般,新北市,1961-04-13,2023-10-21,2026-04-30
M000739,李淑芬,白金,宜蘭縣,1986-03-24,2022-07-25,2026-04-30
M000614,羅心怡,銀卡,桃園市,1970-01-31,2025-04-25,2026-04-30
M001722,何志明,白金,高雄市,1991-07-08,2024-04-01,2026-04-30
M004057,蔡雅雯,銀卡,新北市,1981-09-18,2024-07-31,2026-04-30
M004167,吳佩珊,一般,高雄市,1962-07-10,2021-07-14,2026-04-30
M005063,徐家豪,金卡,台北市,1969-08-24,2018-01-01,2026-04-30
M006948,廖雅婷,白金,台北市,1985-03-27,2020-02-27,2026-04-30
M007289,徐宗翰,銀卡,基隆市,1961-04-18,2015-12-12,2026-04-30
M001196,楊俊傑,一般,宜蘭縣,1974-10-28,2015-10-04,2026-04-30
M005595,邱志明,金卡,新竹市,1986-10-05,2025-03-09,2026-04-30
M002982,蔡詩涵,金卡,桃園市,1986-11-29,2024-02-23,2026-04-30
M005511,謝郁婷,一般,台中市,1973-03-13,2020-06-10,2026-04-30
M004775,郭柏翰,銀卡,桃園市,1974-10-13,2016-01-31,2026-04-30
M000675,蘇冠宇,銀卡,桃園市,1991-10-29,2025-02-24,2026-04-30
M002294,邱冠宇,一般,新竹市,1986-04-04,2019-10-15,2026-04-30
M003015,王詩涵,銀卡,台北市,1975-04-19,2021-11-05,2026-04-30
M007477,蔡詩涵,白金,新北市,1964-07-19,2020-06-19,2026-04-30
M008000,潘俊宏,白金,新竹市,1978-10-06,2020-04-12,2026-04-30
M005331,林俊宏,銀卡,新竹市,1971-05-24,2022-07-25,2026-04-30
M001252,邱佩珊,銀卡,宜蘭縣,1994-05-23,2024-03-28,2026-04-30
M004798,蕭怡君,一般,桃園市,1972-04-16,2018-04-16,2026-04-30
M001476,劉家豪,白金,基隆市,1985-09-14,2025-01-26,2026-04-30
M006602,潘俊宏,金卡,彰化縣,1961-05-18,2025-10-07,2026-04-30
M003261,蔡宗翰,銀卡,新北市,2002-10-27,2019-07-04,2026-04-30
M007011,呂志明,金卡,基隆市,1975-07-16,2017-07-21,2026-04-30
M003435,葉承翰,白金,彰化縣,1986-08-22,2016-01-13,2026-04-30
M002551,蕭宗翰,一般,台中市,1987-05-05,2022-01-05,2026-04-30
M002379,高雅婷,銀卡,桃園市,1981-02-19,2025-10-04,2026-04-30
M006918,吳詩涵,金卡,新竹市,2003-10-11,2017-02-24,2026-04-30
M000667,許詩涵,一般,台中市,1976-07-17,2025-07-13,2026-04-30
M002744,潘美玲,白金,基隆市,1988-01-21,2015-11-24,2026-04-30
M006777,鄭柏翰,金卡,高雄市,1985-03-21,2024-08-03,2026-04-30
M004402,莊建宏,一般,台南市,1976-03-22,2017-03-11,2026-04-30
M005892,張俊傑,金卡,台南市,1973-05-10,2025-07-07,2026-04-30
M002741,蕭詩涵,一般,宜蘭縣,1971-04-17,2023-09-29,2026-04-30
M002300,潘淑芬,銀卡,新北市,1960-07-19,2015-12-05,2026-04-30
M001729,高雅婷,金卡,台中市,1982-03-13,2025-07-12,2026-04-30
M005700,羅雅雯,銀卡,桃園市,1984-09-06,2019-01-29,2026-04-30
M004942,潘承翰,銀卡,桃園市,1972-07-20,2023-11-24,2026-04-30
M005342,洪郁婷,白金,桃園市,1989-08-27,2023-03-03,2026-04-30
M002369,曾淑芬,銀卡,彰化縣,2002-06-10,2024-08-26,2026-04-30
M002604,蕭心怡,銀卡,台北市,1978-01-11,2022-08-07,2026-04-30
M000297,曾淑芬,銀卡,高雄市,1988-02-22,2019-05-25,2026-04-30
M005953,楊詩涵,白金,桃園市,2000-05-05,2017-03-28,2026-04-30
M002145,葉心怡,一般,新竹市,1962-11-01,2016-08-29,2026-04-30
M003174,呂佩珊,白金,高雄市,1999-08-08,2024-08-30,2026-04-30
M001047,高美玲,金卡,新北市,2000-02-18,2020-05-31,2026-04-30
M005432,謝承翰,金卡,台南市,1978-01-01,2021-03-14,2026-04-30
M006969,楊俊宏,金卡,台中市,1978-04-28,2024-09-12,2026-04-30
M007221,吳美玲,銀卡,宜蘭縣,1980-05-29,2019-10-10,2026-04-30
M001466,謝彥廷,銀卡,新竹市,1971-10-24,2018-04-03,2026-04-30
M002043,劉承翰,一般,彰化縣,1974-06-09,2017-06-17,2026-04-30
M006217,羅怡君,一般,新北市,1968-05-14,2024-03-01,2026-04-30
M004075,蔡淑芬,金卡,台中市,1900-01-01,2016-08-13,2026-04-30
M006461,黃冠宇,金卡,台中市,2002-11-25,2023-10-22,2026-04-30
M006180,羅美玲,金卡,新北市,1998-12-06,2021-09-06,2026-04-30
M006975,何美玲,白金,台南市,2003-08-19,2019-08-16,2026-04-30
M004132,王俊傑,金卡,高雄市,1995-09-27,2019-10-03,2026-04-30
M005101,洪詩涵,金卡,台南市,1982-09-14,2016-11-06,2026-04-30
M000601,黃淑芬,銀卡,高雄市,1962-10-04,2018-03-31,2026-04-30
M004477,王宗翰,白金,彰化縣,1965-01-06,2022-07-30,2026-04-30
M000036,廖柏翰,銀卡,新北市,1991-04-07,2025-07-17,2026-04-30
M003748,黃彥廷,銀卡,新竹市,1971-10-27,2024-03-19,2026-04-30
M007777,廖建宏,銀卡,新竹市,1998-12-19,2015-10-30,2026-04-30
M004445,張承翰,白金,彰化縣,1962-04-24,2017-04-04,2026-04-30
M004079,莊詩涵,白金,高雄市,1992-05-27,2017-12-16,2026-04-30
M005650,楊美玲,銀卡,台中市,1990-10-06,2016-02-27,2026-04-30
M006803,郭欣怡,銀卡,新北市,1975-05-08,2021-11-16,2026-04-30
M005955,蕭詩涵,白金,桃園市,1976-12-14,2023-09-10,2026-04-30
M007371,徐雅婷,金卡,高雄市,1967-12-11,2021-02-25,2026-05-31
M006413,李雅婷,金卡,高雄市,1978-04-08,2018-05-07,2026-04-30
M004262,呂雅雯,金卡,新北市,1964-07-10,2021-08-30,2026-04-30
M005688,吳冠宇,白金,宜蘭縣,1994-09-19,2017-03-24,2026-04-30
M000013,劉淑芬,一般,彰化縣,2003-05-16,2015-02-15,2026-04-30
M007347,林承翰,金卡,彰化縣,1982-12-04,2016-08-29,2026-04-30
M000076,葉俊宏,銀卡,桃園市,1996-01-31,2025-09-28,2026-04-30
M001872,林志明,白金,彰化縣,1985-04-16,2020-11-19,2026-04-30
M006641,賴怡君,白金,新北市,1971-11-28,2021-12-14,2026-04-30
M003388,高柏翰,金卡,桃園市,1980-08-08,2015-06-13,2026-04-30
M003660,周淑芬,白金,新北市,1995-05-04,2016-01-28,2026-04-30
M003668,高佩珊,白金,新北市,1963-03-18,2019-07-05,2026-04-30
M005541,何欣怡,一般,基隆市,1991-10-01,2023-10-04,2026-04-30
M004940,李家豪,銀卡,台南市,1965-06-30,2024-10-08,2026-04-30
M006794,蘇柏翰,一般,彰化縣,1976-03-31,2024-10-27,2026-04-30
M005465,林承翰,白金,彰化縣,1980-11-01,2024-09-07,2026-04-30
M004472,潘美玲,銀卡,基隆市,1996-10-01,2020-05-17,2026-04-30
M003537,廖雅婷,白金,新北市,1989-01-06,2016-04-02,2026-04-30
M006604,蘇郁婷,白金,高雄市,2001-03-17,2015-11-25,2026-04-30
M007568,江美玲,一般,桃園市,1982-10-01,2018-07-22,2026-04-30
M007001,賴柏翰,銀卡,新北市,1987-12-11,2015-07-02,2026-04-30
M006782,廖欣怡,白金,基隆市,1968-05-12,2019-08-29,2026-06-30
M002465,劉詩涵,銀卡,高雄市,1967-11-17,2023-12-27,2026-04-30
M006874,曾雅婷,金卡,台南市,1987-09-23,2024-12-18,2026-04-30
M003950,蘇怡君,一般,新北市,1963-05-04,2018-06-26,2026-04-30
M001157,洪心怡,白金,台南市,1989-02-23,2020-08-02,2026-04-30
M002353,謝欣怡,銀卡,彰化縣,2001-02-02,2021-12-30,2026-04-30
M001200,曾柏翰,銀卡,新竹市,1985-03-19,2024-09-04,2026-04-30
M003707,謝佩珊,銀卡,新北市,1961-01-25,2021-09-24,2026-04-30
M007843,林怡君,金卡,台南市,1984-07-29,2015-10-23,2026-04-30
M006151,楊雅雯,一般,彰化縣,1995-02-26,2015-11-20,2026-04-30
M003509,曾俊傑,金卡,基隆市,1960-12-29,2024-10-01,2026-04-30
M001066,何俊宏,銀卡,新竹市,1991-07-15,2025-03-08,2026-04-30
M002053,周家豪,一般,宜蘭縣,1973-04-05,2022-01-28,2026-04-30
M002178,邱建宏,一般,台中市,1985-01-14,2024-02-09,2026-04-30
M004467,洪建宏,銀卡,台北市,1980-01-21,2018-06-23,2026-04-30
M007558,何承翰,金卡,宜蘭縣,1989-07-31,2019-08-03,2026-04-30
M004604,林詩涵,白金,宜蘭縣,1980-04-19,2017-01-24,2026-04-30
M004274,吳欣怡,一般,新北市,1964-10-08,2019-07-25,2026-04-30
M002593,何淑芬,金卡,台南市,1992-09-19,2024-12-13,2026-04-30
M003363,蔡淑芬,銀卡,台中市,1988-07-04,2019-03-05,2026-04-30
M000339,江美玲,白金,新竹市,1962-06-20,2018-11-05,2026-04-30
M005906,邱郁婷,一般,宜蘭縣,1977-10-05,2025-06-01,2026-04-30
M004008,周柏翰,白金,桃園市,1990-12-10,2025-02-02,2026-04-30
M006821,羅佩珊,一般,彰化縣,1989-03-29,2015-06-29,2026-04-30
M003290,曾郁婷,白金,新竹市,1974-11-27,2017-01-18,2026-04-30
M003460,蘇郁婷,一般,高雄市,1966-08-05,2018-04-15,2026-04-30
M004483,莊志明,一般,彰化縣,1985-05-07,2016-07-19,2026-04-30
M000632,葉俊傑,一般,新北市,1985-01-24,2019-05-25,2026-04-30
M007804,高雅婷,銀卡,桃園市,1964-09-09,2023-05-01,2026-04-30
M007534,曾詩涵,銀卡,新北市,1976-10-24,2022-09-26,2026-04-30
M001997,李志明,金卡,桃園市,1981-10-20,2017-09-23,2026-05-31
M005786,高俊宏,銀卡,新竹市,1960-09-13,2015-01-23,2026-04-30
M002062,蔡心怡,一般,新北市,1964-08-28,2020-05-22,2026-04-30
M004141,江美玲,銀卡,基隆市,1974-10-08,2023-09-08,2026-04-30
M000228,吳怡君,白金,宜蘭縣,1962-07-20,2025-09-27,2026-04-30
M004373,蔡志明,銀卡,台北市,1966-08-10,2017-04-14,2026-04-30
M002131,洪美玲,金卡,宜蘭縣,1980-08-03,2021-02-28,2026-04-30
M004661,王欣怡,銀卡,台南市,1979-01-18,2025-06-02,2026-04-30
M005017,蘇佩珊,一般,台中市,1961-01-02,2015-02-01,2026-04-30
M006342,潘郁婷,金卡,桃園市,1967-02-25,2019-05-09,2026-04-30
M007486,黃怡君,金卡,新北市,1964-04-20,2017-10-15,2026-04-30
M002421,許怡君,一般,基隆市,1974-05-08,2018-08-17,2026-04-30
M006945,呂家豪,銀卡,基隆市,1965-06-25,2021-12-22,2026-04-30
M000449,郭欣怡,一般,高雄市,1969-12-13,2017-12-25,2026-04-30
M003940,許郁婷,銀卡,新竹市,1960-10-24,2017-05-30,2026-04-30
M006442,潘詩涵,一般,桃園市,2001-08-04,2016-02-01,2026-05-31
M004887,曾家豪,銀卡,台北市,1999-11-07,2023-01-10,2026-04-30
M001601,鄭承翰,銀卡,台南市,1999-05-15,2021-05-10,2026-04-30
M005308,謝詩涵,白金,新竹市,1978-11-17,2023-09-27,2026-04-30
M005206,張美玲,銀卡,新北市,1990-02-14,2016-10-12,2026-04-30
M005492,蕭心怡,金卡,台南市,1971-07-04,2021-08-24,2026-04-30
M006008,張雅雯,白金,基隆市,1979-07-30,2023-02-08,2026-04-30
M005950,潘雅婷,一般,桃園市,1990-06-16,2025-10-28,2026-04-30
M003778,徐家豪,銀卡,桃園市,1969-06-16,2020-07-22,2026-04-30
M001537,曾怡君,一般,彰化縣,1989-06-08,2017-11-02,2026-04-30
M004062,洪家豪,白金,宜蘭縣,1971-05-24,2024-12-27,2026-04-30
M003702,廖俊宏,一般,台中市,1984-03-15,2015-08-28,2026-04-30
M000005,莊建宏,白金,新竹市,1982-06-25,2020-04-26,2026-04-30
M001654,王彥廷,金卡,新竹市,1982-06-24,2017-07-07,2026-04-30
M000017,楊柏翰,銀卡,桃園市,1983-10-24,2019-09-16,2026-04-30
M004143,謝心怡,白金,桃園市,1967-11-10,2025-05-03,2026-04-30
M001081,洪志明,金卡,新竹市,1970-04-16,2024-11-19,2026-04-30
M001999,賴承翰,銀卡,新北市,1979-07-06,2021-05-23,2026-04-30
M006879,王雅婷,白金,基隆市,1977-11-10,2025-06-24,2026-04-30
M003476,廖柏翰,金卡,高雄市,1969-02-10,2024-05-26,2026-04-30
M000959,許怡君,白金,宜蘭縣,1990-06-20,2018-02-16,2026-04-30
M007252,郭柏翰,白金,台中市,1998-10-12,2024-07-18,2026-04-30
M004803,許淑芬,金卡,台南市,1975-05-20,2022-09-12,2026-04-30
M000827,黃俊傑,金卡,基隆市,2003-08-15,2015-02-02,2026-04-30
M005024,潘家豪,金卡,台中市,1978-02-18,2023-09-19,2026-04-30
M005079,王美玲,一般,基隆市,1990-11-25,2017-12-26,2026-04-30
M005242,劉柏翰,金卡,新竹市,1964-04-10,2023-10-06,2026-04-30
M000341,吳俊傑,銀卡,台南市,1982-07-28,2023-01-01,2026-04-30
M003398,李佩珊,白金,宜蘭縣,1992-06-28,2016-08-01,2026-04-30
M005051,洪俊宏,銀卡,台北市,2003-07-17,2022-01-13,2026-04-30
M006762,黃宗翰,金卡,台北市,1967-06-26,2020-03-28,2026-04-30
M006966,周欣怡,金卡,新竹市,1961-06-11,2019-09-11,2026-04-30
M007139,郭俊傑,一般,台中市,1989-03-30,2025-02-10,2026-04-30
M007799,邱雅婷,白金,台南市,1987-12-15,2023-01-29,2026-04-30
M003000,黃雅婷,一般,台南市,1981-09-09,2019-12-23,2026-04-30
M003612,蕭詩涵,白金,宜蘭縣,1961-07-26,2022-06-10,2026-04-30
M002676,劉彥廷,銀卡,基隆市,2000-07-11,2019-12-22,2026-04-30
M002471,黃建宏,金卡,新北市,1981-06-07,2025-08-10,2026-04-30
M003567,洪冠宇,金卡,台北市,1900-01-01,2025-10-11,2026-04-30
M002117,郭淑芬,一般,彰化縣,1997-10-30,2025-09-09,2026-04-30
M006116,邱雅婷,白金,基隆市,1970-04-13,2023-10-07,2026-04-30
M005103,何宗翰,銀卡,高雄市,1967-05-25,2022-10-24,2026-04-30
M002739,蔡雅雯,白金,高雄市,1972-02-27,2022-01-12,2026-04-30
M007114,葉承翰,金卡,基隆市,1970-01-04,2018-06-17,2026-04-30
M001495,洪建宏,白金,新北市,1997-09-08,2018-12-08,2026-04-30
M000197,曾承翰,銀卡,桃園市,1973-08-21,2021-12-05,2026-04-30
M000064,陳欣怡,銀卡,彰化縣,1976-12-13,2022-10-13,2026-04-30
M007908,鄭佩珊,白金,台中市,1993-11-25,2015-05-24,2026-06-30
M003974,郭美玲,金卡,桃園市,1992-02-06,2020-01-31,2026-04-30
M002120,蕭心怡,白金,新北市,1994-06-18,2022-06-08,2026-05-31
M007510,徐彥廷,一般,新竹市,1960-07-10,2015-10-25,2026-04-30
M003942,鄭柏翰,銀卡,新北市,1970-06-06,2020-11-07,2026-04-30
M005560,鄭詩涵,金卡,新北市,1995-05-12,2022-12-03,2026-04-30
M007502,徐郁婷,金卡,新北市,1967-02-22,2025-09-29,2026-04-30
M004232,蘇家豪,白金,高雄市,1962-05-05,2022-06-03,2026-04-30
M007082,李郁婷,金卡,桃園市,1979-11-11,2020-03-19,2026-04-30
M005387,賴淑芬,銀卡,桃園市,1962-06-09,2024-09-28,2026-06-30
M003888,羅欣怡,銀卡,台中市,1977-06-25,2020-06-16,2026-04-30
M005387,賴淑芬,銀卡,桃園市,1962-06-09,2024-09-28,2026-04-30
M005260,廖家豪,白金,宜蘭縣,1962-03-16,2024-07-03,2026-04-30
M005808,陳宗翰,金卡,高雄市,1968-07-07,2024-03-18,2026-04-30
M001186,羅佩珊,金卡,台南市,1971-08-26,2018-11-17,2026-04-30
M003212,吳志明,銀卡,N/A,2002-07-02,2018-05-04,2026-04-30
M004596,賴俊傑,金卡,宜蘭縣,1997-05-04,2016-02-05,2026-06-30
M007880,周俊宏,白金,桃園市,1980-06-02,2023-06-16,2026-06-30
M006175,蘇俊傑,一般,宜蘭縣,2000-02-03,2015-07-29,2026-04-30
M006786,蕭柏翰,金卡,宜蘭縣,1973-03-11,2015-10-26,2026-04-30
M003254,廖冠宇,一般,桃園市,1984-04-25,2023-03-28,2026-04-30
M001015,何怡君,銀卡,新竹市,1995-01-15,2024-12-05,2026-05-31
M000473,郭詩涵,銀卡,台北市,1978-04-13,2022-10-24,2026-04-30
M000012,邱家豪,銀卡,新竹市,1996-12-20,2020-10-19,2026-04-30
M000483,楊冠宇,白金,基隆市,1996-11-08,2024-12-03,2026-04-30
M007766,曾彥廷,銀卡,桃園市,1984-05-02,2023-06-10,2026-04-30
M007375,賴欣怡,白金,台北市,1983-06-15,2020-04-03,2026-04-30
M007328,楊詩涵,銀卡,新竹市,1900-01-01,2019-12-14,2026-04-30
M000694,邱美玲,銀卡,基隆市,1977-05-23,2023-09-24,2026-04-30
M007236,王怡君,金卡,台中市,1972-11-22,2022-12-11,2026-04-30
M000389,潘志明,銀卡,彰化縣,1993-05-02,2019-03-21,2026-04-30
M002626,江怡君,銀卡,新竹市,1985-04-14,2015-02-11,2026-04-30
M000877,陳建宏,金卡,桃園市,1988-02-14,2019-12-12,2026-05-31
M000383,謝俊傑,一般,新北市,1971-12-11,2024-08-04,2026-04-30
M000482,蕭怡君,一般,宜蘭縣,1975-12-13,2019-12-23,2026-04-30
M002454,洪彥廷,銀卡,高雄市,1988-06-03,2016-01-09,2026-04-30
M003305,蔡郁婷,一般,彰化縣,1991-10-04,2021-05-23,2026-04-30
M005217,林俊傑,一般,基隆市,1971-11-26,2019-07-14,2026-04-30
M002857,洪雅雯,白金,宜蘭縣,1968-02-21,2021-10-11,2026-04-30
M007296,葉彥廷,白金,彰化縣,1992-10-19,2025-07-05,2026-04-30
M006984,蕭郁婷,白金,彰化縣,1974-05-13,2017-10-21,2026-04-30
M000689,蘇郁婷,金卡,高雄市,1999-10-11,2018-09-02,2026-04-30
M004131,何雅婷,一般,宜蘭縣,1974-09-26,2017-08-04,2026-04-30
M005383,楊詩涵,白金,新北市,1981-08-18,2024-02-15,2026-04-30
M000386,陳俊宏,一般,新北市,1994-02-11,2015-08-03,2026-04-30
M007128,曾雅雯,金卡,新竹市,1981-04-28,2017-06-04,2026-04-30
M005279,張淑芬,白金,彰化縣,1962-01-18,2016-04-29,2026-04-30
M000794,莊彥廷,金卡,宜蘭縣,1986-09-02,2023-09-12,2026-04-30
M004764,周心怡,一般,N/A,1975-03-14,2022-09-12,2026-04-30
M002488,張淑芬,金卡,新北市,1975-01-02,2017-03-03,2026-04-30
M001409,高心怡,一般,基隆市,1983-05-05,2022-05-30,2026-04-30
M007710,葉冠宇,一般,台中市,1992-12-26,2016-07-01,2026-04-30
M001954,邱彥廷,金卡,彰化縣,1985-02-11,2018-04-28,2026-04-30
M000446,江雅雯,一般,宜蘭縣,1985-06-28,2021-01-20,2026-04-30
M007036,羅心怡,一般,高雄市,1983-03-24,2023-04-04,2026-06-30
M006845,蔡雅婷,金卡,彰化縣,1992-08-16,2016-11-13,2026-04-30
M001720,廖建宏,一般,台北市,2003-04-12,2021-07-21,2026-04-30
M005157,蘇佩珊,銀卡,新竹市,1994-11-18,2018-06-08,2026-04-30
M005589,吳郁婷,金卡,台南市,1986-09-26,2016-08-15,2026-04-30
M002291,吳郁婷,一般,桃園市,1983-02-18,2020-07-23,2026-04-30
M007174,李柏翰,銀卡,桃園市,1963-04-07,2015-02-20,2026-04-30
M007940,莊俊宏,銀卡,基隆市,1985-03-25,2025-10-22,2026-04-30
M003505,劉柏翰,銀卡,基隆市,1970-01-25,2018-09-30,2026-04-30
M003774,邱俊宏,銀卡,台南市,1962-01-12,2023-08-10,2026-04-30
M000231,莊雅雯,一般,台北市,1968-08-11,2025-11-09,2026-04-30
M005177,謝美玲,金卡,新北市,2003-09-10,2020-09-14,2026-04-30
M001388,謝家豪,白金,桃園市,1974-03-21,2015-01-25,2026-06-30
M005748,高柏翰,金卡,台南市,1976-04-19,2018-03-15,2026-05-31
M005219,陳彥廷,銀卡,新北市,2003-03-19,2022-04-18,2026-04-30
M003429,陳詩涵,白金,台中市,2001-07-03,2021-03-05,2026-05-31
M000661,王怡君,一般,新竹市,1965-10-14,2022-07-13,2026-04-30
M000572,何承翰,銀卡,台南市,1983-02-07,2024-10-28,2026-04-30
M003177,葉俊傑,一般,基隆市,1988-03-11,2019-04-05,2026-04-30
M005782,莊宗翰,白金,高雄市,1972-07-10,2021-12-16,2026-04-30
M003367,高雅婷,一般,基隆市,1996-04-09,2022-01-18,2026-04-30
M006227,蘇俊宏,銀卡,新北市,1967-06-27,2023-03-18,2026-04-30
M005462,廖欣怡,白金,台南市,1986-11-22,2024-08-17,2026-05-31
M006155,蔡家豪,白金,新竹市,1961-12-15,2016-07-02,2026-04-30
M000090,黃承翰,一般,基隆市,1983-08-23,2020-11-23,2026-04-30
M007894,高郁婷,一般,台中市,1965-11-23,2023-02-20,2026-04-30
M002190,楊冠宇,金卡,桃園市,1987-03-13,2024-07-11,2026-04-30
M003887,周家豪,白金,新竹市,2002-09-13,2022-09-20,2026-06-30
M004426,吳詩涵,銀卡,桃園市,2001-07-17,2016-07-06,2026-04-30
M002255,陳欣怡,一般,台南市,1995-07-26,2017-12-26,2026-04-30
M000040,蕭詩涵,銀卡,高雄市,1989-03-11,2022-09-01,2026-04-30
M000041,邱心怡,一般,台南市,1987-01-04,2019-02-03,2026-04-30
M002284,郭怡君,一般,台南市,1990-12-03,2022-10-03,2026-04-30
M001406,何雅婷,金卡,台南市,1995-05-01,2019-01-31,2026-04-30
M006869,黃詩涵,銀卡,桃園市,1977-06-26,2015-08-28,2026-04-30
M007430,王建宏,一般,高雄市,1999-08-29,2015-11-16,2026-04-30
M004334,郭家豪,一般,宜蘭縣,1990-08-29,2022-03-23,2026-06-30
M001946,莊志明,一般,彰化縣,1999-04-30,2015-05-11,2026-04-30
M005453,楊雅婷,銀卡,新北市,1985-11-05,2020-03-24,2026-04-30
M004785,劉欣怡,金卡,台中市,1900-01-01,2018-03-25,2026-04-30
M002449,許美玲,一般,台北市,1976-09-30,2019-04-26,2026-04-30
M000943,李雅婷,金卡,台中市,2000-05-31,2024-05-15,2026-04-30
M000328,郭家豪,銀卡,新北市,1996-01-27,2017-04-17,2026-04-30
M002101,周志明,金卡,高雄市,1999-04-02,2018-07-14,2026-04-30
M001662,潘欣怡,一般,宜蘭縣,1995-06-27,2017-11-08,2026-04-30
M007309,徐郁婷,銀卡,基隆市,1961-05-01,2023-11-16,2026-04-30
M006351,楊柏翰,銀卡,宜蘭縣,2000-04-06,2023-08-03,2026-04-30
M000584,洪建宏,一般,台南市,2003-05-03,2022-06-24,2026-04-30
M000770,羅怡君,金卡,宜蘭縣,1965-07-11,2015-07-12,2026-04-30
M001534,蔡俊傑,白金,台北市,1983-07-28,2015-10-30,2026-04-30
M007401,蘇建宏,白金,台中市,1963-05-07,2017-04-17,2026-04-30
M006571,劉柏翰,金卡,新竹市,1969-01-25,2025-01-06,2026-04-30
M005551,謝建宏,一般,桃園市,1974-11-21,2019-03-06,2026-04-30
M007367,李淑芬,金卡,桃園市,1973-04-01,2020-07-14,2026-04-30
M007175,蕭志明,白金,宜蘭縣,1964-05-09,2015-12-14,2026-04-30
M001007,謝心怡,金卡,彰化縣,1992-12-12,2022-10-20,2026-04-30
M006440,葉俊宏,銀卡,台北市,1993-11-29,2024-02-10,2026-04-30
M006507,陳志明,一般,基隆市,1999-01-28,2022-08-04,2026-04-30
M003986,賴心怡,銀卡,台中市,1983-04-08,2015-07-06,2026-04-30
M003101,王淑芬,銀卡,高雄市,1989-06-03,2023-03-19,2026-04-30
M001661,潘建宏,白金,宜蘭縣,1972-04-02,2021-03-27,2026-04-30
M005253,洪建宏,白金,基隆市,1986-06-06,2018-03-18,2026-04-30
M005335,吳冠宇,金卡,彰化縣,1986-04-12,2015-02-18,2026-04-30
M005134,陳雅雯,銀卡,台南市,1989-07-18,2024-05-28,2026-04-30
M003545,賴俊宏,一般,新北市,1992-09-18,2023-02-15,2026-04-30
M003721,羅淑芬,白金,高雄市,2000-08-05,2024-10-08,2026-04-30
M000433,楊淑芬,銀卡,基隆市,1984-10-24,2019-02-18,2026-04-30
M001610,謝冠宇,銀卡,桃園市,1972-10-22,2020-09-07,2026-06-30
M002269,徐美玲,白金,新竹市,1969-02-21,2021-09-12,2026-04-30
M007647,何怡君,白金,彰化縣,1982-04-14,2018-09-22,2026-05-31
M000245,劉郁婷,金卡,台中市,1970-10-08,2017-12-19,2026-04-30
M001660,賴俊宏,金卡,基隆市,1996-07-19,2019-02-21,2026-04-30
M004310,江志明,一般,台中市,1971-02-16,2022-08-25,2026-04-30
M001838,陳雅雯,一般,台南市,1964-05-05,2022-03-19,2026-04-30
M005685,鄭建宏,白金,新竹市,1976-03-27,2024-09-05,2026-04-30
M003723,謝美玲,金卡,基隆市,1960-12-06,2020-08-05,2026-06-30
M002759,何俊宏,銀卡,新竹市,1987-08-28,2022-03-01,2026-04-30
M001052,高雅婷,白金,台南市,1995-03-01,2022-07-10,2026-04-30
M002788,廖美玲,一般,彰化縣,1992-01-13,2017-02-04,2026-04-30
M006315,許心怡,銀卡,台北市,1988-06-18,2016-08-30,2026-04-30
M001135,鄭宗翰,銀卡,基隆市,1989-05-17,2024-10-17,2026-04-30
M001416,許宗翰,銀卡,台北市,1964-09-11,2025-11-07,2026-04-30
M004901,蘇雅婷,白金,台中市,1984-04-28,2024-01-18,2026-04-30
M006616,謝佩珊,白金,台北市,1968-09-12,2018-01-17,2026-04-30
M004872,羅美玲,白金,台中市,1999-08-22,2015-12-25,2026-06-30
M006207,郭佩珊,白金,高雄市,1990-11-17,2017-01-07,2026-04-30
M002493,洪志明,金卡,新北市,1964-05-06,2024-08-16,2026-05-31
M005764,廖雅婷,金卡,宜蘭縣,1976-09-27,2023-12-15,2026-04-30
M002085,高建宏,一般,宜蘭縣,1990-09-09,2021-12-20,2026-04-30
M002942,張佩珊,一般,新北市,1979-12-24,2017-05-22,2026-04-30
M002538,周美玲,銀卡,台北市,1962-09-13,2020-10-13,2026-04-30
M005781,江怡君,金卡,台中市,1973-02-17,2022-10-11,2026-06-30
M002606,廖建宏,白金,台南市,1964-01-09,2016-07-22,2026-04-30
M003796,潘怡君,銀卡,新北市,1987-12-16,2023-03-01,2026-04-30
M001260,葉詩涵,白金,台南市,1969-04-29,2024-01-12,2026-04-30
M004834,蘇俊宏,銀卡,桃園市,1992-11-21,2015-03-05,2026-04-30
M004003,莊郁婷,白金,宜蘭縣,2002-12-13,2015-05-25,2026-04-30
M007369,江淑芬,一般,台南市,1992-02-27,2018-05-01,2026-04-30
M003123,廖俊宏,金卡,宜蘭縣,1999-05-23,2016-02-05,2026-04-30
M005537,張俊宏,白金,台南市,1967-11-21,2021-08-26,2026-04-30
M001566,賴雅婷,一般,桃園市,1989-05-06,2015-05-11,2026-04-30
M002886,曾怡君,銀卡,桃園市,1963-11-27,2023-07-08,2026-04-30
M003754,葉柏翰,銀卡,新竹市,1980-07-21,2024-11-06,2026-04-30
M001425,高俊傑,一般,新竹市,1994-10-26,2015-03-02,2026-04-30
M002820,許承翰,金卡,基隆市,2001-06-18,2023-05-18,2026-04-30
M001943,蘇心怡,白金,新北市,1997-01-15,2021-10-15,2026-04-30
M006240,徐雅雯,銀卡,彰化縣,1979-06-08,2023-01-24,2026-04-30
M000025,邱冠宇,金卡,新竹市,1980-05-15,2025-03-17,2026-04-30
M007976,郭佩珊,金卡,台南市,1986-10-26,2021-05-05,2026-04-30
M002989,張怡君,銀卡,台南市,2000-03-31,2015-05-25,2026-04-30
M003927,林彥廷,金卡,新北市,1961-06-27,2022-02-10,2026-04-30
M007067,潘美玲,銀卡,宜蘭縣,1995-02-23,2025-02-02,2026-04-30
M006454,邱美玲,金卡,基隆市,1983-11-04,2019-12-25,2026-04-30
M004070,洪美玲,一般,宜蘭縣,1989-01-01,2019-07-04,2026-04-30
M005421,郭心怡,金卡,台南市,2002-01-17,2016-09-01,2026-04-30
M001445,鄭雅婷,白金,基隆市,1998-02-23,2023-11-20,2026-04-30
M004943,李俊傑,白金,台北市,1995-10-08,2015-02-27,2026-05-31
M001972,陳雅雯,白金,新竹市,1972-06-29,2024-06-19,2026-04-30
M002516,李柏翰,一般,新竹市,1962-09-10,2021-04-11,2026-04-30
M007325,曾冠宇,銀卡,基隆市,1968-11-05,2019-11-18,2026-05-31
M001950,黃志明,一般,台中市,1961-09-06,2021-04-13,2026-04-30
M007392,徐建宏,金卡,台南市,1987-08-08,2018-07-06,2026-04-30
M007654,洪淑芬,一般,高雄市,1999-11-18,2025-09-18,2026-04-30
M000315,楊柏翰,銀卡,新北市,1969-03-20,2016-02-13,2026-05-31
M003826,江美玲,金卡,N/A,1984-01-03,2020-05-02,2026-04-30
M007790,潘柏翰,一般,新北市,1999-01-04,2017-10-27,2026-04-30
M006427,何美玲,銀卡,基隆市,2001-07-26,2017-03-03,2026-04-30
M007661,張郁婷,銀卡,高雄市,1995-05-28,2025-06-20,2026-04-30
M000516,潘志明,銀卡,彰化縣,1985-11-06,2023-08-03,2026-04-30
M001232,呂心怡,白金,台中市,1996-12-24,2025-11-08,2026-04-30
M003635,徐欣怡,白金,台中市,1980-10-01,2025-10-12,2026-04-30
M007144,陳俊傑,一般,高雄市,1988-06-22,2016-12-07,2026-04-30
M003853,曾建宏,白金,新北市,1974-05-23,2019-09-10,2026-04-30
M006959,王佩珊,白金,宜蘭縣,1999-03-07,2022-11-17,2026-04-30
M000214,何欣怡,金卡,彰化縣,1992-01-16,2015-04-27,2026-04-30
M002719,潘怡君,金卡,桃園市,1989-03-04,2023-04-27,2026-04-30
M007425,鄭承翰,一般,台北市,1992-07-06,2023-04-12,2026-06-30
M006675,徐心怡,一般,台中市,1999-12-17,2020-03-06,2026-04-30
M007543,吳郁婷,白金,桃園市,1971-12-31,2017-02-01,2026-04-30
M000968,葉雅雯,金卡,宜蘭縣,1992-09-23,2018-08-23,2026-04-30
M000645,蘇詩涵,白金,新北市,1999-07-20,2015-11-02,2026-04-30
M000282,林志明,金卡,宜蘭縣,1967-05-31,2024-05-13,2026-05-31
M004343,曾欣怡,一般,宜蘭縣,1976-03-20,2015-09-19,2026-04-30
M001858,李柏翰,白金,新北市,1993-09-22,2018-08-10,2026-05-31
M000189,郭俊宏,金卡,台北市,1967-09-04,2019-06-06,2026-04-30
M003042,李淑芬,白金,台中市,1964-11-02,2016-05-01,2026-05-31
M004888,許建宏,銀卡,高雄市,1973-08-20,2023-03-27,2026-04-30
M001249,呂冠宇,銀卡,台北市,1971-02-27,2023-03-31,2026-04-30
M001892,洪詩涵,白金,宜蘭縣,1975-09-18,2024-12-31,2026-04-30
M004837,高建宏,銀卡,新竹市,1993-02-23,2015-11-10,2026-04-30
M007866,蔡佩珊,白金,高雄市,1994-11-13,2019-07-14,2026-05-31
M004812,潘佩珊,白金,彰化縣,1967-06-26,2025-06-15,2026-04-30
M005210,洪怡君,一般,新北市,1992-02-18,2025-11-23,2026-04-30
M002753,徐俊傑,白金,台北市,1985-08-10,2015-01-13,2026-04-30
M000307,謝佩珊,銀卡,台北市,1998-06-09,2024-09-21,2026-06-30
M006260,曾欣怡,銀卡,高雄市,1961-06-14,2016-08-06,2026-04-30
M002468,劉宗翰,金卡,基隆市,2000-05-16,2017-12-10,2026-04-30
M006160,郭淑芬,白金,高雄市,1987-03-26,2022-01-11,2026-04-30
M000338,林俊傑,白金,桃園市,1997-11-29,2021-06-05,2026-04-30
M002024,林郁婷,金卡,高雄市,1960-04-23,2021-05-28,2026-04-30
M006385,黃欣怡,銀卡,新北市,1998-10-01,2020-07-08,2026-04-30
M003195,張雅雯,一般,高雄市,1982-04-20,2018-08-27,2026-04-30
M001413,蕭佩珊,一般,新北市,1967-02-02,2025-06-20,2026-04-30
M005519,蔡郁婷,白金,台北市,1993-05-16,2020-04-15,2026-04-30
M001376,蔡宗翰,白金,高雄市,1989-12-24,2016-12-09,2026-04-30
M007227,蕭欣怡,金卡,基隆市,1997-09-24,2019-07-15,2026-04-30
M000932,徐俊宏,銀卡,彰化縣,1973-07-14,2021-11-24,2026-04-30
M007507,林柏翰,一般,宜蘭縣,1960-06-27,2017-08-15,2026-05-31
M002803,曾柏翰,白金,彰化縣,1965-12-30,2022-01-10,2026-04-30
M004728,潘雅婷,銀卡,桃園市,1963-12-28,2015-11-30,2026-04-30
M005891,潘宗翰,一般,桃園市,1976-08-17,2023-10-11,2026-04-30
M004546,何冠宇,金卡,台中市,1966-04-29,2018-01-24,2026-04-30
M001694,徐欣怡,金卡,高雄市,1961-04-05,2022-07-03,2026-04-30
M003302,莊美玲,一般,台南市,1996-02-14,2024-08-25,2026-04-30
M001683,莊俊傑,銀卡,彰化縣,1979-10-12,2016-02-23,2026-04-30
M000660,陳承翰,一般,彰化縣,1978-08-30,2022-01-29,2026-04-30
M001967,張淑芬,一般,台南市,1971-09-17,2020-09-02,2026-04-30
M005654,蔡美玲,銀卡,新北市,1997-08-25,2019-12-13,2026-05-31
M007303,蘇郁婷,白金,台中市,1983-02-16,2018-11-01,2026-04-30
M000218,邱淑芬,銀卡,新北市,1981-01-18,2025-02-20,2026-04-30
M003833,謝雅婷,白金,桃園市,1991-01-04,2022-01-30,2026-04-30
M006227,蘇俊宏,銀卡,新竹市,1967-06-27,2023-03-18,2026-06-30
M005803,羅冠宇,金卡,台南市,1963-07-20,2017-03-06,2026-04-30
M003673,周心怡,一般,新竹市,1998-01-28,2016-03-19,2026-04-30
M002365,潘俊宏,金卡,台南市,1976-07-21,2017-04-04,2026-04-30
M000379,王詩涵,金卡,新竹市,1996-07-19,2018-01-30,2026-04-30
M006929,江宗翰,白金,新竹市,1967-12-26,2019-03-28,2026-04-30
M001582,洪欣怡,銀卡,台北市,1986-02-21,2023-11-17,2026-04-30
M002597,何冠宇,白金,新竹市,1960-09-05,2015-04-14,2026-04-30
M004550,賴郁婷,銀卡,基隆市,1980-11-23,2022-04-12,2026-04-30
M003617,廖俊宏,一般,新北市,1964-05-28,2023-04-08,2026-04-30
M003397,林宗翰,白金,基隆市,1965-05-31,2022-09-04,2026-04-30
M001907,江美玲,金卡,台南市,1971-11-09,2020-11-02,2026-04-30
M003731,郭心怡,白金,桃園市,1982-09-15,2024-06-04,2026-04-30
M004596,賴俊傑,金卡,基隆市,1997-05-04,2016-02-05,2026-04-30
M004786,廖雅婷,銀卡,台南市,1960-11-07,2015-07-11,2026-04-30
M007438,潘建宏,一般,彰化縣,1976-05-24,2016-02-27,2026-04-30
M005520,羅柏翰,金卡,基隆市,1990-06-12,2022-08-04,2026-04-30
M002426,鄭家豪,金卡,宜蘭縣,1960-01-07,2021-12-24,2026-04-30
M006073,何志明,銀卡,新竹市,2002-06-08,2023-02-18,2026-04-30
M007772,呂冠宇,白金,彰化縣,1996-11-28,2015-12-13,2026-04-30
M001442,何佩珊,金卡,基隆市,1968-08-17,2021-02-22,2026-04-30
M005615,李郁婷,銀卡,高雄市,2001-01-22,2017-01-14,2026-04-30
M004769,周冠宇,一般,新竹市,1982-07-03,2022-10-20,2026-04-30
M005365,高欣怡,白金,基隆市,1984-11-23,2018-09-05,2026-04-30
M002351,吳詩涵,銀卡,彰化縣,1984-02-28,2016-04-15,2026-04-30
M006538,葉俊宏,銀卡,新北市,2001-04-17,2019-06-22,2026-04-30
M002896,許冠宇,一般,基隆市,1981-07-19,2022-05-30,2026-04-30
M001510,高彥廷,金卡,台南市,1995-11-21,2022-04-26,2026-04-30
M001434,劉志明,銀卡,高雄市,1976-09-25,2020-08-12,2026-04-30
M000922,羅家豪,金卡,台北市,1982-12-17,2019-06-20,2026-04-30
M003600,潘雅雯,白金,桃園市,1985-01-26,2019-12-07,2026-04-30
M007713,葉怡君,銀卡,新北市,2000-07-13,2021-04-02,2026-04-30
M002461,郭志明,金卡,彰化縣,1965-09-17,2016-08-31,2026-04-30
M000046,謝心怡,銀卡,桃園市,1986-08-06,2016-05-21,2026-04-30
M001243,鄭宗翰,銀卡,高雄市,1983-12-23,2018-08-29,2026-04-30
M004381,張彥廷,銀卡,桃園市,1963-06-14,2018-11-17,2026-06-30
M000288,蕭美玲,白金,新竹市,1974-08-07,2019-05-24,2026-04-30
M007847,潘彥廷,白金,宜蘭縣,1981-07-26,2023-05-22,2026-04-30
M004497,黃欣怡,白金,彰化縣,1969-04-11,2022-08-19,2026-04-30
M000815,李欣怡,白金,彰化縣,1997-09-07,2018-11-18,2026-04-30
M007083,蕭建宏,白金,新北市,1976-12-18,2019-03-30,2026-04-30
M006566,蘇承翰,銀卡,桃園市,1995-04-10,2017-06-17,2026-04-30
M003446,鄭志明,白金,基隆市,1985-07-15,2020-03-30,2026-04-30
M001349,王俊傑,金卡,宜蘭縣,1974-04-03,2019-03-18,2026-04-30
M006294,陳志明,金卡,台南市,1984-03-12,2017-08-02,2026-04-30
M005999,謝建宏,一般,基隆市,1978-01-04,2018-07-11,2026-04-30
M000502,羅冠宇,一般,彰化縣,1966-10-26,2023-09-26,2026-04-30
M004988,黃冠宇,一般,宜蘭縣,1987-04-29,2018-12-10,2026-04-30
M004517,蘇郁婷,金卡,台北市,1976-07-03,2023-10-21,2026-05-31
M001096,許俊宏,白金,新北市,1960-04-06,2023-02-05,2026-04-30
M002008,洪淑芬,金卡,高雄市,1980-05-30,2020-03-22,2026-04-30
M000452,潘冠宇,白金,台中市,2000-02-23,2020-08-24,2026-04-30
M004025,張家豪,白金,台南市,1964-01-17,2024-07-01,2026-04-30
M001342,呂俊宏,銀卡,基隆市,1983-10-23,2025-04-30,2026-04-30
M005097,何雅雯,白金,台北市,1964-12-04,2018-01-13,2026-04-30
M002245,李承翰,銀卡,台南市,1970-07-05,2017-06-07,2026-04-30
M007906,吳彥廷,一般,彰化縣,1966-05-09,2025-11-06,2026-04-30
M003301,廖怡君,金卡,基隆市,1985-06-04,2022-05-16,2026-04-30
M001655,李雅婷,金卡,基隆市,1978-04-15,2021-04-13,2026-04-30
M004451,鄭心怡,白金,桃園市,1978-01-07,2025-07-07,2026-05-31
M005396,徐俊傑,銀卡,桃園市,1982-02-07,2022-01-29,2026-04-30
M001764,羅承翰,金卡,台北市,1989-10-03,2023-12-09,2026-04-30
M000576,劉雅雯,一般,宜蘭縣,1980-10-17,2019-10-02,2026-04-30
M000469,高雅婷,銀卡,台中市,1983-09-08,2022-08-13,2026-04-30
M001969,蘇冠宇,金卡,新北市,1973-11-06,2023-05-08,2026-04-30
M001521,王詩涵,銀卡,高雄市,1975-08-25,2024-09-20,2026-05-31
M003247,潘詩涵,金卡,高雄市,1976-02-19,2016-07-16,2026-04-30
M003404,鄭淑芬,銀卡,彰化縣,1961-09-02,2020-09-04,2026-06-30
M004975,蕭俊宏,金卡,高雄市,1967-02-05,2025-06-02,2026-04-30
M001518,楊詩涵,一般,基隆市,1964-03-26,2025-11-30,2026-04-30
M006368,蕭俊宏,白金,基隆市,1978-10-21,2017-09-15,2026-04-30
M003966,周俊傑,一般,台南市,1995-07-15,2021-09-10,2026-04-30
M006080,張家豪,金卡,新北市,1975-08-25,2019-09-29,2026-04-30
M006599,莊郁婷,銀卡,彰化縣,1976-05-03,2018-06-08,2026-04-30
M001130,王建宏,白金,新竹市,1977-11-19,2017-05-29,2026-04-30
M007078,陳郁婷,金卡,彰化縣,1987-02-04,2017-02-14,2026-04-30
M007718,高承翰,金卡,新竹市,1974-02-28,2015-06-21,2026-04-30
M000884,羅雅婷,一般,台中市,1964-02-25,2015-09-26,2026-04-30
M005809,蔡佩珊,銀卡,新北市,1968-02-03,2015-04-02,2026-04-30
M007410,許建宏,一般,宜蘭縣,1963-01-06,2023-01-24,2026-04-30
M001392,鄭建宏,白金,宜蘭縣,1971-07-07,2015-04-05,2026-04-30
M004348,賴柏翰,一般,新北市,1987-03-31,2017-07-20,2026-04-30
M007373,謝俊宏,白金,高雄市,1991-10-26,2019-01-19,2026-04-30
M000275,莊淑芬,銀卡,新北市,1995-06-06,2019-01-31,2026-04-30
M002394,邱建宏,一般,基隆市,1996-07-06,2024-10-24,2026-04-30
M004026,何雅雯,銀卡,宜蘭縣,1969-08-26,2024-06-21,2026-04-30
M002109,蘇美玲,銀卡,宜蘭縣,2002-08-23,2016-11-06,2026-04-30
M000555,洪雅婷,白金,宜蘭縣,1986-08-13,2024-02-08,2026-04-30
M000135,葉承翰,銀卡,台南市,2001-12-14,2021-03-19,2026-04-30
M004396,何怡君,銀卡,台南市,2003-03-11,2015-12-02,2026-06-30
M007456,郭柏翰,白金,桃園市,1984-01-08,2023-11-29,2026-04-30
M005523,林俊傑,金卡,新竹市,1966-03-16,2021-02-27,2026-04-30
M005168,徐雅雯,一般,桃園市,1970-02-26,2016-05-22,2026-04-30
M006639,郭家豪,銀卡,桃園市,1978-03-31,2018-01-21,2026-04-30
M002209,洪俊傑,銀卡,高雄市,1962-11-23,2022-06-09,2026-04-30
M002444,楊佩珊,銀卡,台中市,1971-12-15,2024-02-22,2026-04-30
M003962,蘇美玲,一般,台南市,1962-04-06,2023-05-08,2026-04-30
M007872,高志明,銀卡,台南市,1995-04-27,2025-07-15,2026-04-30
M003882,羅佩珊,一般,宜蘭縣,2001-10-13,2015-06-11,2026-04-30
M002910,郭雅婷,銀卡,新北市,1979-09-12,2024-05-15,2026-04-30
M006091,高欣怡,白金,高雄市,1996-08-09,2023-10-14,2026-04-30
M004587,曾彥廷,銀卡,彰化縣,1989-06-17,2019-11-10,2026-04-30
M000204,林宗翰,銀卡,宜蘭縣,1962-01-12,2024-02-25,2026-06-30
M005704,蘇雅雯,金卡,彰化縣,1962-07-05,2019-12-10,2026-04-30
M003521,江淑芬,銀卡,彰化縣,1965-08-17,2022-06-15,2026-04-30
M001794,葉志明,白金,新北市,1989-06-25,2019-10-03,2026-04-30
M000441,鄭俊宏,銀卡,彰化縣,1990-04-16,2020-10-06,2026-04-30
M002951,徐怡君,銀卡,台南市,1962-03-24,2021-02-07,2026-04-30
M002228,江欣怡,金卡,彰化縣,1969-01-31,2019-07-02,2026-06-30
M004213,蘇雅雯,金卡,基隆市,1983-02-14,2018-03-20,2026-04-30
M005291,蘇郁婷,一般,新北市,1974-06-25,2020-02-04,2026-04-30
M004544,楊建宏,銀卡,彰化縣,2003-04-01,2016-06-02,2026-06-30
M004080,吳宗翰,銀卡,宜蘭縣,1993-12-17,2019-12-25,2026-04-30
M001106,莊佩珊,金卡,基隆市,1975-05-03,2022-02-15,2026-04-30
M000307,謝佩珊,一般,台北市,1998-06-09,2024-09-21,2026-04-30
M004624,張心怡,金卡,宜蘭縣,1966-04-17,2025-10-11,2026-04-30
M007703,周建宏,金卡,台中市,1961-06-03,2024-05-26,2026-04-30
M002042,賴欣怡,銀卡,台北市,1968-02-08,2021-03-18,2026-04-30
M007570,張建宏,銀卡,新北市,1996-01-07,2020-12-02,2026-04-30
M007972,郭雅婷,白金,高雄市,1967-02-20,2016-05-13,2026-04-30
M002442,許淑芬,金卡,台南市,1990-04-04,2022-08-03,2026-06-30
M006498,陳佩珊,一般,台中市,1991-12-22,2025-09-29,2026-04-30
M002047,郭俊宏,白金,桃園市,1971-07-20,2023-04-29,2026-04-30
M002501,楊詩涵,一般,新竹市,1993-03-13,2022-11-11,2026-05-31
M005198,莊俊傑,白金,彰化縣,1977-01-12,2019-11-27,2026-04-30
M002476,邱郁婷,白金,台南市,1999-04-24,2018-05-31,2026-04-30
M001263,周承翰,白金,桃園市,1977-01-19,2016-09-22,2026-04-30
M004041,王柏翰,銀卡,桃園市,1972-06-25,2015-07-18,2026-04-30
M005931,黃俊宏,白金,台南市,1991-09-01,2024-12-11,2026-06-30
M006664,高佩珊,一般,高雄市,1982-11-26,2020-03-15,2026-04-30
M005547,謝詩涵,白金,新北市,1974-07-13,2024-08-02,2026-04-30
M005227,呂俊傑,一般,新北市,1976-03-05,2021-11-05,2026-04-30
M000306,何志明,白金,台中市,1981-03-22,2017-05-17,2026-04-30
M001215,邱俊宏,銀卡,宜蘭縣,1991-06-07,2022-06-26,2026-04-30
M005429,鄭欣怡,銀卡,台南市,1989-11-21,2025-09-22,2026-04-30
M005648,蔡家豪,白金,台中市,1972-10-04,2017-07-17,2026-04-30
M002868,劉淑芬,一般,新北市,1991-08-01,2020-12-06,2026-04-30
M001927,何建宏,銀卡,台南市,1975-11-24,2019-04-03,2026-04-30
M004246,蔡承翰,銀卡,宜蘭縣,1976-12-29,2024-02-23,2026-04-30
M001551,張承翰,一般,宜蘭縣,1977-09-07,2018-06-13,2026-04-30
M005895,許雅雯,金卡,彰化縣,1981-11-13,2019-03-27,2026-04-30
M000438,李柏翰,金卡,高雄市,1984-03-06,2016-07-10,2026-04-30
M000510,賴怡君,銀卡,台北市,1971-02-06,2024-04-22,2026-05-31
M001032,葉宗翰,金卡,高雄市,1985-05-14,2018-11-18,2026-04-30
M000348,莊詩涵,銀卡,高雄市,1971-06-05,2025-09-12,2026-04-30
M001006,潘怡君,白金,台北市,1971-11-23,2022-11-19,2026-04-30
M007626,蔡欣怡,白金,基隆市,1999-07-11,2023-11-14,2026-05-31
M006862,何雅雯,白金,台南市,1994-03-18,2023-09-11,2026-04-30
M002790,許淑芬,銀卡,台南市,1973-09-24,2016-04-29,2026-04-30
M002507,謝冠宇,白金,新北市,1978-11-23,2021-05-01,2026-04-30
M006018,葉怡君,金卡,新北市,2000-12-16,2015-04-05,2026-04-30
M007752,邱俊宏,金卡,台中市,1991-11-20,2025-06-15,2026-04-30
M003896,呂心怡,銀卡,台南市,1968-05-31,2017-01-31,2026-04-30
M000984,洪詩涵,銀卡,彰化縣,1991-11-28,2025-05-06,2026-04-30
M003762,江冠宇,金卡,台中市,1997-06-26,2023-07-06,2026-04-30
M006429,郭宗翰,白金,彰化縣,1987-03-15,2024-01-19,2026-04-30
M003838,賴冠宇,一般,宜蘭縣,1985-09-15,2016-08-07,2026-04-30
M005041,黃詩涵,一般,台北市,1969-05-23,2024-07-17,2026-04-30
M004012,李俊傑,白金,桃園市,1964-09-08,2022-10-24,2026-04-30
M000993,洪雅雯,銀卡,新竹市,1994-09-25,2022-06-26,2026-04-30
M002634,葉俊傑,金卡,桃園市,1998-03-08,2015-10-12,2026-04-30
M006843,張郁婷,白金,彰化縣,1989-09-22,2017-02-04,2026-04-30
M000236,王冠宇,白金,彰化縣,2000-06-03,2022-05-29,2026-04-30
M005413,鄭雅雯,金卡,宜蘭縣,1982-06-24,2025-07-29,2026-04-30
M006740,莊怡君,銀卡,新竹市,1983-03-01,2020-11-25,2026-06-30
M004540,黃雅雯,一般,宜蘭縣,1978-07-16,2016-08-31,2026-04-30
M006104,周俊宏,一般,彰化縣,1978-06-08,2025-10-04,2026-04-30
M000343,陳冠宇,白金,台中市,1976-11-14,2019-10-29,2026-06-30
M000875,呂宗翰,一般,新北市,1961-10-11,2016-09-02,2026-04-30
M006550,曾雅婷,銀卡,台南市,1986-09-11,2018-10-19,2026-04-30
M007685,王彥廷,金卡,高雄市,1965-04-05,2017-12-06,2026-04-30
M007247,張建宏,白金,宜蘭縣,1999-02-17,2017-07-18,2026-05-31
M003676,謝欣怡,白金,宜蘭縣,1966-07-25,2016-12-06,2026-04-30
M006526,江雅婷,金卡,高雄市,1960-01-25,2016-03-14,2026-04-30
M001980,吳怡君,白金,新竹市,1970-10-11,2023-05-22,2026-04-30
M000850,陳宗翰,銀卡,台中市,1973-03-07,2016-02-01,2026-04-30
M007091,徐志明,金卡,宜蘭縣,1978-03-12,2025-02-24,2026-04-30
M003314,吳冠宇,白金,彰化縣,1988-01-02,2025-10-20,2026-04-30
M006126,莊怡君,一般,基隆市,1962-01-06,2024-07-30,2026-04-30
M005918,蔡彥廷,金卡,台北市,1999-05-03,2017-01-17,2026-04-30
M005036,吳宗翰,白金,台南市,1961-09-26,2024-06-30,2026-04-30
M007645,潘詩涵,銀卡,新北市,1986-09-16,2019-10-20,2026-04-30
M004617,莊欣怡,白金,台南市,1999-12-01,2022-05-22,2026-04-30
M002830,謝淑芬,白金,台南市,1962-07-11,2023-08-23,2026-04-30
M006102,劉雅婷,銀卡,台南市,1998-06-19,2016-02-19,2026-04-30
M003380,張郁婷,一般,台南市,1976-09-20,2022-07-29,2026-04-30
M003255,莊建宏,銀卡,宜蘭縣,1998-06-16,2021-08-07,2026-04-30
M005204,張怡君,一般,台北市,1976-07-05,2019-02-16,2026-04-30
M000868,周佩珊,一般,高雄市,2002-10-12,2021-01-06,2026-04-30
M001141,呂淑芬,金卡,台中市,1962-07-03,2017-12-04,2026-04-30
M000048,邱彥廷,白金,台北市,1970-03-14,2021-03-15,2026-04-30
M000930,邱志明,銀卡,台北市,1986-04-15,2019-05-20,2026-04-30
M007715,羅佩珊,一般,桃園市,1964-09-12,2018-02-15,2026-04-30
M003331,王宗翰,白金,基隆市,1964-08-24,2016-12-11,2026-04-30
M000323,許淑芬,白金,台南市,1971-05-05,2022-01-14,2026-06-30
M000748,陳家豪,白金,新北市,2003-08-30,2015-05-17,2026-06-30
M000744,賴建宏,白金,新竹市,1998-07-01,2024-04-14,2026-04-30
M007314,蔡淑芬,銀卡,新竹市,1986-04-29,2015-09-18,2026-04-30
M003567,洪冠宇,白金,台北市,1987-01-26,2025-10-11,2026-05-31
M000172,林建宏,銀卡,桃園市,1979-07-24,2025-09-22,2026-04-30
M007595,張冠宇,一般,新竹市,1981-06-26,2023-08-19,2026-04-30
M007191,廖家豪,銀卡,基隆市,1966-11-06,2024-10-15,2026-04-30
M005217,林俊傑,銀卡,基隆市,1971-11-26,2019-07-14,2026-05-31
M001793,陳柏翰,金卡,基隆市,1970-12-02,2016-03-21,2026-04-30
M007218,葉家豪,金卡,高雄市,1962-02-02,2019-10-13,2026-04-30
M006535,呂俊傑,白金,新北市,1999-01-09,2025-10-25,2026-04-30
M000479,李志明,白金,新北市,1995-06-25,2016-12-18,2026-04-30
M001766,高淑芬,金卡,宜蘭縣,1998-02-22,2025-08-29,2026-04-30
M004277,張志明,白金,基隆市,1995-10-24,2019-01-30,2026-04-30
M004516,洪詩涵,一般,桃園市,1988-10-30,2022-11-01,2026-04-30
M006766,蕭家豪,金卡,新竹市,1991-12-15,2024-08-23,2026-05-31
M006757,江心怡,金卡,桃園市,1973-12-24,2015-07-31,2026-04-30
M003221,廖佩珊,金卡,新竹市,1996-09-17,2019-08-17,2026-04-30
M003215,葉俊宏,一般,桃園市,1994-12-04,2024-10-09,2026-04-30
M006434,邱宗翰,一般,台南市,1972-03-14,2020-06-16,2026-04-30
M003656,蘇雅婷,白金,台中市,1985-03-30,2018-01-07,2026-04-30
M004510,劉彥廷,金卡,彰化縣,1978-06-20,2022-02-21,2026-04-30
M000716,吳建宏,一般,台中市,1962-12-03,2020-07-07,2026-04-30
M002589,葉柏翰,一般,桃園市,1992-01-02,2022-10-20,2026-04-30
M005681,何怡君,銀卡,台中市,2002-05-14,2017-12-12,2026-04-30
M002456,謝志明,白金,台中市,1965-01-15,2022-12-19,2026-05-31
M002183,張俊傑,銀卡,新竹市,1986-09-16,2016-07-21,2026-05-31
M001970,洪詩涵,白金,桃園市,2002-08-29,2015-12-04,2026-04-30
M007820,徐冠宇,銀卡,台南市,1983-06-17,2018-06-08,2026-04-30
M001279,楊欣怡,金卡,台南市,1997-08-05,2023-01-03,2026-04-30
M000199,徐承翰,金卡,基隆市,1973-02-20,2024-06-14,2026-06-30
M001574,吳俊傑,白金,彰化縣,1961-04-04,2019-05-20,2026-04-30
M006466,張郁婷,銀卡,台南市,1900-01-01,2017-01-26,2026-04-30
M007564,楊承翰,一般,宜蘭縣,1997-05-27,2015-08-25,2026-04-30
M003379,郭怡君,白金,新北市,1974-07-23,2021-05-25,2026-06-30
M006718,賴建宏,金卡,高雄市,1999-03-29,2016-07-10,2026-04-30
M002627,邱郁婷,白金,高雄市,1962-10-16,2022-10-13,2026-04-30
M004734,何淑芬,銀卡,台南市,1978-06-18,2016-08-02,2026-04-30
M004427,呂冠宇,銀卡,桃園市,1983-08-07,2017-02-05,2026-04-30
M005174,周詩涵,金卡,台北市,1962-12-18,2021-06-10,2026-04-30
M006068,蕭郁婷,白金,桃園市,1961-07-26,2019-05-15,2026-04-30
M007771,何美玲,銀卡,新北市,1969-03-08,2017-09-26,2026-04-30
M001774,郭宗翰,銀卡,台南市,1979-03-06,2023-02-23,2026-04-30
M006060,呂淑芬,一般,台中市,1983-12-17,2016-11-09,2026-04-30
M007162,林淑芬,一般,台中市,1995-05-04,2016-09-08,2026-04-30
M003132,潘欣怡,金卡,彰化縣,1987-02-09,2025-12-03,2026-04-30
M002628,鄭怡君,白金,彰化縣,1982-07-04,2019-04-13,2026-04-30
M007666,曾俊傑,銀卡,台中市,1995-04-14,2025-06-04,2026-04-30
M001795,周怡君,一般,台北市,1983-04-19,2018-05-16,2026-04-30
M002066,陳佩珊,金卡,彰化縣,1974-05-23,2019-07-23,2026-04-30
M002427,王俊宏,金卡,台北市,1966-05-13,2024-12-08,2026-04-30
M004325,王柏翰,白金,台北市,1969-01-02,2019-04-13,2026-04-30
M003459,廖彥廷,金卡,高雄市,1999-07-04,2019-05-06,2026-04-30
M005774,曾志明,一般,台中市,1964-07-19,2016-05-29,2026-04-30
M000750,潘宗翰,一般,桃園市,1979-02-11,2017-06-24,2026-04-30
M002802,曾俊傑,金卡,台中市,1989-01-07,2018-12-12,2026-04-30
M003964,何俊傑,白金,新北市,1963-12-23,2025-10-23,2026-04-30
M002347,劉俊宏,金卡,宜蘭縣,1970-03-27,2023-05-01,2026-04-30
M005038,許雅雯,白金,桃園市,1962-06-16,2019-04-10,2026-04-30
M004504,吳柏翰,銀卡,台中市,2001-11-16,2025-07-30,2026-04-30
M000738,高欣怡,一般,台中市,1981-11-20,2024-07-08,2026-04-30
M002980,蕭淑芬,銀卡,台中市,1990-12-05,2020-08-12,2026-05-31
M006167,張承翰,銀卡,桃園市,1977-05-13,2021-01-11,2026-04-30
M004240,謝柏翰,金卡,彰化縣,1992-10-01,2023-09-10,2026-04-30
M003484,謝志明,金卡,宜蘭縣,1989-08-13,2024-04-29,2026-04-30
M002865,鄭雅雯,白金,桃園市,1962-01-23,2019-03-22,2026-04-30
M002943,徐雅婷,白金,桃園市,1994-05-14,2016-12-07,2026-04-30
M002867,黃欣怡,白金,高雄市,1985-06-23,2016-09-28,2026-04-30
M000488,高郁婷,金卡,桃園市,1985-01-31,2017-11-22,2026-04-30
M000843,蘇心怡,白金,新竹市,1995-09-05,2025-08-27,2026-04-30
M000035,廖欣怡,金卡,台南市,1984-03-11,2017-04-17,2026-05-31
M004533,張宗翰,白金,台南市,1968-04-04,2025-01-05,2026-04-30
M000266,陳俊傑,金卡,桃園市,1981-08-04,2021-08-26,2026-04-30
M001487,邱建宏,白金,新北市,2000-06-04,2025-04-02,2026-04-30
M004326,王美玲,白金,台中市,1980-03-24,2017-11-28,2026-04-30
M005182,蕭心怡,銀卡,新北市,1970-12-26,2018-03-04,2026-04-30
M002232,周怡君,金卡,基隆市,1969-09-11,2021-11-17,2026-04-30
M005997,江承翰,金卡,桃園市,1978-09-09,2015-07-30,2026-04-30
M004814,呂志明,金卡,新北市,1977-08-03,2022-09-22,2026-04-30
M004618,羅志明,金卡,台南市,1971-12-05,2017-06-07,2026-04-30
M000733,蕭俊宏,銀卡,基隆市,1972-04-23,2022-01-11,2026-04-30
M005098,蘇建宏,金卡,高雄市,2001-05-18,2017-07-09,2026-04-30
M004009,黃佩珊,銀卡,基隆市,2000-08-20,2024-06-11,2026-04-30
M002979,蔡俊傑,銀卡,宜蘭縣,1986-06-16,2018-12-21,2026-04-30
M005623,鄭淑芬,白金,台南市,1963-11-13,2016-08-21,2026-04-30
M007253,莊怡君,銀卡,台南市,1960-08-18,2020-04-11,2026-06-30
M007133,葉淑芬,白金,台南市,1960-04-10,2022-08-05,2026-04-30
M007640,葉詩涵,銀卡,宜蘭縣,1969-06-29,2024-07-09,2026-04-30
M005112,謝彥廷,白金,桃園市,1996-12-25,2025-07-27,2026-04-30
M006235,吳志明,金卡,基隆市,1973-03-18,2022-01-07,2026-04-30
M005155,莊郁婷,金卡,彰化縣,1989-10-03,2016-07-24,2026-04-30
M005199,王郁婷,一般,高雄市,1997-04-14,2017-11-11,2026-04-30
M006697,莊淑芬,白金,台南市,1988-06-03,2015-05-12,2026-04-30
M002540,楊建宏,白金,宜蘭縣,1971-09-19,2016-02-07,2026-04-30
M000268,王欣怡,金卡,桃園市,1976-12-01,2025-02-03,2026-04-30
M006682,蘇詩涵,白金,高雄市,1981-07-06,2015-08-16,2026-05-31
M007400,洪冠宇,一般,新北市,1983-07-18,2020-05-12,2026-04-30
M004983,林俊傑,銀卡,高雄市,1961-02-18,2022-10-19,2026-04-30
M006770,林俊傑,一般,高雄市,1979-05-20,2022-10-28,2026-04-30
M002698,蕭宗翰,銀卡,基隆市,1962-05-14,2024-09-25,2026-04-30
M007226,許柏翰,一般,新北市,1967-07-03,2025-09-15,2026-04-30
M002005,楊志明,金卡,高雄市,1978-10-18,2019-09-05,2026-04-30
M004644,江怡君,白金,基隆市,1966-08-18,2024-05-10,2026-04-30
M002527,曾家豪,金卡,桃園市,1994-10-17,2018-10-29,2026-04-30
M001193,許建宏,銀卡,台北市,1994-06-03,2015-10-26,2026-04-30
M006938,李俊宏,一般,彰化縣,1968-03-04,2015-03-28,2026-04-30
M000003,莊冠宇,一般,台南市,1972-05-01,2015-10-08,2026-04-30
M003663,潘承翰,一般,台南市,1961-04-19,2016-05-05,2026-04-30
M005910,黃承翰,白金,桃園市,1998-04-01,2022-05-09,2026-04-30
M007853,賴彥廷,銀卡,彰化縣,2002-08-29,2020-12-26,2026-04-30
M006460,賴詩涵,金卡,高雄市,1990-09-08,2025-10-27,2026-04-30
M001270,邱柏翰,白金,基隆市,1992-04-26,2025-08-26,2026-04-30
M005226,林雅雯,金卡,高雄市,1967-10-09,2025-02-04,2026-04-30
M002125,許雅婷,白金,高雄市,1992-06-27,2020-01-23,2026-04-30
M003551,邱詩涵,金卡,台南市,1977-03-21,2023-08-04,2026-04-30
M003936,張志明,金卡,彰化縣,1967-12-21,2025-10-30,2026-04-30
M007389,李彥廷,白金,高雄市,1960-12-02,2019-06-20,2026-04-30
M005294,王俊傑,白金,基隆市,1968-10-04,2021-03-09,2026-04-30
M000224,葉心怡,銀卡,彰化縣,1969-11-19,2017-03-06,2026-04-30
M007002,王家豪,金卡,台北市,1993-11-20,2017-04-09,2026-04-30
M006580,邱欣怡,銀卡,新竹市,1977-09-17,2024-08-08,2026-04-30
M006864,張宗翰,銀卡,基隆市,1960-01-19,2016-09-10,2026-04-30
M007237,黃雅婷,銀卡,高雄市,1986-07-19,2016-12-23,2026-04-30
M005169,潘彥廷,一般,新竹市,1968-05-15,2020-07-17,2026-04-30
M006050,許宗翰,金卡,高雄市,1972-08-09,2016-03-20,2026-04-30
M004519,蕭承翰,金卡,台南市,1983-10-30,2021-10-02,2026-05-31
M005780,曾雅雯,一般,台中市,1988-03-01,2021-06-17,2026-04-30
M000520,劉郁婷,一般,基隆市,1965-02-02,2024-05-29,2026-04-30
M001042,葉美玲,金卡,新北市,1965-05-26,2015-01-26,2026-04-30
M007012,高淑芬,銀卡,基隆市,1966-05-03,2021-08-12,2026-04-30
M003156,江雅婷,一般,宜蘭縣,1960-02-13,2016-08-04,2026-04-30
M003466,楊承翰,銀卡,彰化縣,1962-04-04,2018-01-28,2026-04-30
M006420,謝淑芬,金卡,桃園市,1965-03-24,2024-11-04,2026-04-30
M006309,謝美玲,銀卡,台南市,1996-08-27,2019-01-06,2026-04-30
M005757,蔡雅雯,白金,新北市,1972-02-04,2018-04-03,2026-04-30
M002052,蕭建宏,白金,新北市,1974-02-07,2021-08-17,2026-04-30
M003698,李承翰,金卡,台南市,1969-02-26,2018-06-07,2026-04-30
M000254,江怡君,一般,基隆市,1995-09-03,2020-04-13,2026-04-30
M001482,高心怡,銀卡,彰化縣,1980-09-07,2015-10-11,2026-06-30
M006394,蘇承翰,白金,新竹市,1968-06-15,2020-12-29,2026-04-30
M000531,張柏翰,白金,台南市,1990-10-30,2020-05-20,2026-04-30
M003131,莊建宏,金卡,高雄市,1960-11-24,2016-10-21,2026-04-30
M000171,何佩珊,一般,新北市,1964-02-03,2021-07-13,2026-04-30
M005561,王美玲,一般,基隆市,1976-04-02,2018-09-12,2026-04-30
M006357,許雅婷,銀卡,新竹市,1973-11-03,2020-04-23,2026-06-30
M007936,曾雅雯,銀卡,新北市,1992-06-14,2025-03-05,2026-04-30
M004722,張冠宇,銀卡,台南市,1974-05-25,2025-01-13,2026-04-30
M002071,吳建宏,銀卡,台中市,1989-07-03,2020-08-20,2026-04-30
M002821,邱承翰,銀卡,台南市,1980-06-23,2025-07-24,2026-04-30
M002364,徐心怡,銀卡,彰化縣,1974-06-02,2020-05-27,2026-04-30
M000598,何志明,白金,桃園市,1979-08-19,2024-05-08,2026-04-30
M007566,賴怡君,金卡,新北市,1969-01-01,2016-07-19,2026-04-30
M007306,洪俊傑,金卡,台中市,1988-10-15,2024-06-03,2026-04-30
M007081,邱彥廷,白金,台中市,1999-09-13,2020-12-18,2026-04-30
M004768,郭俊傑,銀卡,台南市,1987-07-13,2024-03-04,2026-05-31
M001670,蕭建宏,銀卡,新北市,1960-05-12,2017-12-20,2026-04-30
M001026,高詩涵,白金,台北市,1998-01-06,2022-06-14,2026-04-30
M004287,黃心怡,銀卡,桃園市,1986-05-16,2024-12-12,2026-04-30
M005110,徐詩涵,金卡,基隆市,1981-11-17,2017-11-22,2026-04-30
M003085,邱雅婷,金卡,台中市,1966-09-13,2020-02-21,2026-04-30
M005211,洪淑芬,銀卡,基隆市,1982-04-11,2015-05-15,2026-04-30
M004300,郭郁婷,一般,桃園市,1977-12-08,2023-05-20,2026-04-30
M006263,蘇宗翰,金卡,台南市,1963-05-12,2024-07-01,2026-04-30
M003634,洪淑芬,白金,台中市,1964-11-02,2020-12-14,2026-04-30
M006020,曾佩珊,金卡,台北市,1969-10-12,2022-06-06,2026-04-30
M001287,賴雅雯,金卡,台北市,1982-07-19,2018-12-20,2026-04-30
M001646,蕭冠宇,金卡,台中市,1987-12-31,2024-12-19,2026-04-30
M007599,呂詩涵,金卡,彰化縣,1965-07-24,2019-10-04,2026-04-30
M005944,陳雅婷,一般,基隆市,1976-01-12,2017-07-18,2026-04-30
M003861,高宗翰,銀卡,宜蘭縣,1983-10-03,2016-04-20,2026-04-30
M000998,劉冠宇,銀卡,台南市,1980-04-12,2020-03-24,2026-04-30
M000638,呂佩珊,銀卡,基隆市,1991-06-08,2017-09-28,2026-04-30
M007598,周佩珊,一般,新北市,1975-03-21,2017-04-02,2026-04-30
M003382,賴志明,金卡,台南市,1979-05-02,2015-01-02,2026-04-30
M002041,黃家豪,白金,桃園市,1979-05-25,2019-06-18,2026-04-30
M000198,何郁婷,銀卡,台中市,1970-05-06,2022-06-25,2026-04-30
M002817,廖詩涵,白金,台中市,1977-10-30,2020-12-25,2026-04-30
M007464,蕭郁婷,銀卡,台中市,1988-07-05,2023-06-18,2026-04-30
M003194,周欣怡,銀卡,高雄市,1998-12-18,2018-07-19,2026-04-30
M001478,楊欣怡,白金,新竹市,1980-10-13,2019-06-29,2026-04-30
M006477,蔡俊宏,一般,高雄市,1995-03-19,2023-07-08,2026-04-30
M007624,張雅雯,白金,台北市,1998-05-29,2016-11-23,2026-04-30
M006778,周建宏,銀卡,台南市,1972-11-08,2015-11-18,2026-04-30
M003788,高淑芬,白金,台南市,1961-08-14,2024-12-13,2026-04-30
M004702,李欣怡,一般,台北市,1960-12-11,2018-10-11,2026-04-30
M001917,廖佩珊,金卡,桃園市,1962-06-06,2016-02-07,2026-04-30
M001479,洪俊宏,銀卡,台南市,1986-04-22,2017-04-17,2026-06-30
M005945,羅家豪,一般,台南市,2000-05-31,2022-02-26,2026-04-30
M005985,蘇建宏,金卡,宜蘭縣,1985-11-06,2021-02-22,2026-04-30
M002030,蕭家豪,金卡,基隆市,1963-01-24,2015-09-22,2026-04-30
M006321,莊柏翰,白金,基隆市,2000-07-07,2017-01-28,2026-04-30
M006871,江心怡,白金,宜蘭縣,1988-04-14,2021-10-05,2026-04-30
M003166,蘇淑芬,白金,桃園市,1965-12-30,2021-07-04,2026-04-30
M003059,王志明,銀卡,高雄市,1979-08-27,2019-01-12,2026-04-30
M000836,洪心怡,一般,台中市,1970-11-16,2022-05-06,2026-04-30
M007937,曾欣怡,一般,彰化縣,1971-07-31,2020-02-09,2026-04-30
M006418,劉家豪,白金,台南市,1984-06-09,2017-03-10,2026-04-30
M006505,郭欣怡,金卡,台中市,1981-05-08,2017-07-06,2026-04-30
M006667,楊心怡,金卡,彰化縣,2003-04-14,2015-06-02,2026-04-30
M002533,江雅婷,金卡,基隆市,1983-06-09,2021-09-26,2026-04-30
M004908,徐家豪,一般,基隆市,1971-03-04,2019-04-09,2026-04-30
M004871,徐彥廷,白金,基隆市,2001-09-23,2021-01-27,2026-04-30
M001277,廖美玲,白金,宜蘭縣,1988-01-11,2015-03-10,2026-04-30
M005739,劉宗翰,銀卡,新北市,1973-09-23,2017-01-14,2026-06-30
M004097,賴雅婷,一般,台南市,1976-08-06,2023-08-28,2026-04-30
M004990,林柏翰,金卡,彰化縣,1963-04-10,2018-10-31,2026-04-30
M004745,江美玲,白金,台南市,1989-04-14,2023-08-01,2026-05-31
M004063,江美玲,一般,高雄市,1975-11-21,2021-12-27,2026-05-31
M007101,劉詩涵,一般,宜蘭縣,1965-06-08,2015-08-22,2026-04-30
M000670,林雅婷,銀卡,新北市,1991-12-01,2022-02-07,2026-04-30
M003556,王雅婷,銀卡,高雄市,1990-04-21,2019-03-27,2026-04-30
M002600,高心怡,一般,宜蘭縣,1968-12-22,2024-05-27,2026-04-30
M003498,陳心怡,白金,新竹市,1993-05-06,2023-02-08,2026-04-30
M001516,賴郁婷,白金,台北市,1999-03-24,2015-04-22,2026-04-30
M000158,劉雅雯,一般,彰化縣,1989-08-12,2025-07-31,2026-04-30
M007718,高承翰,白金,新竹市,1974-02-28,2015-06-21,2026-06-30
M006877,邱承翰,銀卡,台北市,1981-12-07,2023-12-22,2026-04-30
M007951,張心怡,白金,新北市,2003-07-24,2020-03-08,2026-04-30
M007417,黃俊傑,金卡,台北市,1997-12-11,2021-04-03,2026-04-30
M001896,曾家豪,白金,台中市,1997-09-30,2023-07-29,2026-04-30
M001386,徐欣怡,一般,新北市,1962-03-15,2015-06-11,2026-04-30
M003911,郭柏翰,金卡,宜蘭縣,1984-10-10,2015-11-25,2026-04-30
M006096,蘇宗翰,白金,新北市,1983-04-15,2018-03-28,2026-04-30
M005407,高欣怡,銀卡,宜蘭縣,1989-07-07,2023-07-16,2026-04-30
M002773,張怡君,銀卡,台南市,1978-11-18,2024-08-29,2026-04-30
M003421,吳承翰,白金,高雄市,2000-01-27,2019-07-18,2026-04-30
M006293,曾志明,金卡,台南市,1973-12-25,2015-04-06,2026-04-30
M001250,葉建宏,銀卡,新北市,1999-09-26,2025-07-12,2026-04-30
M004019,謝詩涵,銀卡,新北市,1987-05-20,2022-01-30,2026-05-31
M004571,潘志明,一般,桃園市,1992-04-03,2019-10-26,2026-04-30
M000544,林郁婷,銀卡,新竹市,1976-07-28,2024-07-25,2026-04-30
M001282,許郁婷,白金,台北市,1962-11-29,2017-06-19,2026-04-30
M000257,許宗翰,一般,彰化縣,1986-10-30,2024-07-30,2026-04-30
M007411,廖俊傑,金卡,台南市,1986-07-01,2017-08-05,2026-04-30
M000740,蘇郁婷,銀卡,台北市,1986-05-26,2019-02-25,2026-04-30
M004832,李心怡,一般,新竹市,2002-02-10,2017-08-16,2026-04-30
M006705,謝俊宏,白金,宜蘭縣,1969-11-30,2019-04-11,2026-04-30
M007758,陳柏翰,一般,台北市,1997-11-02,2025-09-11,2026-04-30
M005603,許俊傑,金卡,台南市,1974-08-10,2019-07-23,2026-04-30
M005717,周美玲,銀卡,台中市,1964-03-05,2024-12-06,2026-04-30
M007048,廖美玲,銀卡,高雄市,1991-11-28,2023-07-12,2026-04-30
M004627,徐家豪,白金,基隆市,1980-10-16,2018-12-12,2026-04-30
M001288,洪宗翰,一般,台中市,1998-05-17,2018-06-04,2026-04-30
M001159,羅俊宏,金卡,基隆市,1994-04-29,2019-08-16,2026-04-30
M005012,邱雅婷,白金,台北市,1966-02-28,2017-04-12,2026-06-30
M005336,蕭欣怡,金卡,桃園市,1996-07-11,2015-09-01,2026-04-30
M000277,羅俊傑,銀卡,台南市,2001-10-08,2016-09-18,2026-04-30
M001860,王雅婷,白金,台北市,1981-01-27,2019-09-03,2026-04-30
M004921,何冠宇,銀卡,宜蘭縣,1970-07-26,2019-10-04,2026-04-30
M007911,劉冠宇,銀卡,台北市,1982-07-31,2021-01-20,2026-04-30
M001952,蕭淑芬,一般,新竹市,1970-03-09,2020-08-21,2026-04-30
M003016,楊彥廷,白金,基隆市,1992-06-21,2021-11-25,2026-04-30
M006669,李心怡,白金,台中市,2001-01-05,2024-02-09,2026-04-30
M004807,葉欣怡,金卡,新北市,1989-06-07,2017-11-21,2026-04-30
M003775,王俊傑,一般,基隆市,1964-07-10,2015-03-21,2026-06-30
M001439,何家豪,白金,宜蘭縣,1983-01-18,2020-12-03,2026-04-30
M006737,高詩涵,白金,新竹市,1961-03-08,2020-05-04,2026-04-30
M005361,陳詩涵,金卡,台南市,1976-02-29,2022-10-30,2026-04-30
M001578,徐俊傑,金卡,台北市,1990-12-26,2025-05-23,2026-04-30
M002752,曾郁婷,銀卡,桃園市,1991-02-20,2016-06-11,2026-04-30
M004339,林郁婷,銀卡,彰化縣,1984-08-22,2020-06-25,2026-04-30
M007649,許冠宇,一般,宜蘭縣,1962-04-11,2019-06-29,2026-04-30
M004150,賴建宏,金卡,台南市,2000-04-17,2020-10-02,2026-04-30
M004323,林雅雯,銀卡,基隆市,1978-05-15,2023-11-24,2026-04-30
M004029,郭怡君,銀卡,基隆市,1993-02-13,2018-08-25,2026-04-30
M002810,潘詩涵,金卡,台北市,1995-04-02,2025-11-15,2026-04-30
M004002,廖美玲,銀卡,台南市,1998-03-07,2017-05-28,2026-04-30
M006741,劉家豪,銀卡,宜蘭縣,1961-12-20,2021-07-09,2026-04-30
M005356,周美玲,白金,台中市,1963-10-21,2015-08-17,2026-04-30
M001783,郭彥廷,白金,彰化縣,1972-08-10,2020-05-01,2026-05-31
M007366,楊承翰,白金,宜蘭縣,1961-10-13,2017-03-25,2026-04-30
M006679,賴怡君,銀卡,高雄市,1964-12-24,2020-01-03,2026-04-30
M004589,高郁婷,銀卡,新北市,2002-03-19,2016-09-10,2026-04-30
M004113,高宗翰,白金,基隆市,1981-01-07,2025-01-17,2026-04-30
M002452,廖雅雯,銀卡,彰化縣,1967-07-05,2025-10-08,2026-04-30
M003769,張欣怡,銀卡,高雄市,1980-09-24,2021-08-06,2026-04-30
M001791,賴俊傑,金卡,新北市,1964-03-25,2025-04-02,2026-04-30
M003513,徐心怡,一般,基隆市,1974-07-06,2016-12-19,2026-04-30
M003109,蕭冠宇,一般,新北市,1960-08-17,2023-08-07,2026-04-30
M001003,曾怡君,金卡,基隆市,1972-10-12,2019-01-21,2026-04-30
M002511,蕭承翰,白金,桃園市,1984-08-30,2018-03-27,2026-04-30
M001272,張雅雯,白金,台中市,1962-10-13,2021-03-02,2026-04-30
M002667,曾佩珊,銀卡,台中市,1982-02-13,2020-08-20,2026-04-30
M007697,葉志明,金卡,彰化縣,1978-12-26,2024-05-26,2026-04-30
M007433,張宗翰,銀卡,台南市,2001-05-28,2019-03-24,2026-04-30
M003790,邱冠宇,金卡,新北市,1980-01-14,2018-06-22,2026-04-30
M005354,郭彥廷,銀卡,桃園市,1987-02-06,2021-03-16,2026-04-30
M002312,陳詩涵,銀卡,桃園市,1981-06-12,2025-10-03,2026-04-30
M005084,邱柏翰,一般,桃園市,1971-08-04,2021-02-11,2026-04-30
M000999,葉詩涵,金卡,基隆市,1979-07-09,2018-02-10,2026-04-30
M000016,呂承翰,銀卡,宜蘭縣,1969-12-30,2025-08-04,2026-04-30
M007531,楊家豪,一般,台北市,1976-04-06,2024-10-13,2026-04-30
M001468,蘇家豪,白金,彰化縣,2003-06-24,2016-12-15,2026-05-31
M001802,邱家豪,金卡,新竹市,1989-11-14,2018-10-19,2026-04-30
M001257,高俊宏,一般,桃園市,1983-03-12,2019-08-23,2026-04-30
M000986,張彥廷,白金,宜蘭縣,1988-05-15,2017-02-15,2026-04-30
M006629,李詩涵,銀卡,台北市,1985-11-28,2021-01-12,2026-04-30
M000084,鄭冠宇,一般,新竹市,1997-11-30,2020-04-05,2026-04-30
M001530,賴建宏,金卡,高雄市,1997-11-07,2020-12-08,2026-04-30
M006484,呂宗翰,白金,台中市,1967-07-26,2024-05-18,2026-04-30
M006303,呂承翰,金卡,高雄市,1992-09-28,2025-02-12,2026-04-30
M005163,鄭彥廷,金卡,基隆市,1985-11-15,2018-10-22,2026-04-30
M004626,蔡詩涵,白金,基隆市,1981-05-16,2020-06-02,2026-04-30
M002020,呂郁婷,金卡,新北市,1972-03-29,2021-10-01,2026-04-30
M004674,林俊宏,金卡,台南市,1973-10-12,2024-12-18,2026-04-30
M005942,許家豪,一般,彰化縣,1975-08-26,2020-04-02,2026-04-30
M004548,葉承翰,金卡,宜蘭縣,2001-04-05,2015-09-26,2026-04-30
M005353,張家豪,一般,彰化縣,1981-04-26,2019-05-11,2026-04-30
M001805,郭心怡,一般,新竹市,2002-04-04,2015-03-23,2026-04-30
M003700,鄭彥廷,金卡,新竹市,2000-09-19,2023-10-26,2026-05-31
M005014,陳郁婷,一般,彰化縣,2003-02-07,2024-08-15,2026-04-30
M006046,潘佩珊,白金,彰化縣,2000-07-04,2023-12-14,2026-05-31
M004690,江淑芬,一般,基隆市,1969-07-28,2017-02-22,2026-06-30
M001590,葉雅婷,銀卡,台南市,2002-08-17,2018-07-15,2026-04-30
M000028,江俊宏,白金,基隆市,1997-10-18,2021-03-08,2026-05-31
M003775,王俊傑,一般,高雄市,1964-07-10,2015-03-21,2026-04-30
M006990,郭志明,一般,新竹市,1962-05-26,2020-12-09,2026-04-30
M005245,何俊宏,銀卡,新北市,1964-05-03,2020-06-24,2026-05-31
M003138,李俊宏,白金,台北市,1990-08-08,2018-01-29,2026-04-30
M006213,廖俊宏,銀卡,宜蘭縣,1965-01-04,2019-03-19,2026-04-30
M000844,葉淑芬,一般,高雄市,1968-07-27,2023-09-15,2026-04-30
M000934,羅家豪,白金,高雄市,1976-05-01,2019-09-02,2026-04-30
M006897,高詩涵,金卡,彰化縣,2003-01-24,2021-05-27,2026-04-30
M004269,陳冠宇,銀卡,新竹市,2003-01-17,2019-12-05,2026-04-30
M007731,許欣怡,金卡,台南市,1976-02-27,2016-11-09,2026-04-30
M000774,洪詩涵,銀卡,高雄市,1978-02-13,2022-11-12,2026-04-30
M001639,陳志明,金卡,基隆市,1981-05-31,2020-06-10,2026-04-30
M007536,楊彥廷,金卡,桃園市,2002-12-22,2024-12-05,2026-04-30
M006352,王宗翰,銀卡,桃園市,1968-08-23,2023-12-20,2026-04-30
M001222,羅承翰,白金,台中市,1980-11-17,2015-11-20,2026-04-30
M007034,陳淑芬,白金,新竹市,1997-07-14,2015-02-13,2026-04-30
M001036,蕭怡君,白金,台南市,1971-07-21,2016-04-04,2026-06-30
M003411,吳淑芬,一般,宜蘭縣,1995-01-15,2025-10-13,2026-04-30
M006439,周雅雯,銀卡,桃園市,1970-06-24,2023-10-29,2026-04-30
M007811,楊佩珊,銀卡,彰化縣,2002-07-02,2020-05-23,2026-04-30
M000729,蕭志明,一般,台中市,1978-05-29,2020-10-16,2026-04-30
M005203,何俊傑,銀卡,新北市,2003-10-10,2018-04-09,2026-04-30
M003531,郭冠宇,金卡,台中市,1982-12-08,2022-11-06,2026-04-30
M003508,吳柏翰,銀卡,基隆市,1960-01-24,2016-01-12,2026-04-30
M003443,葉柏翰,銀卡,桃園市,1996-05-03,2020-05-02,2026-04-30
M001001,郭雅雯,一般,桃園市,1987-11-16,2021-03-24,2026-04-30
M003849,高欣怡,銀卡,台中市,1971-08-02,2025-01-20,2026-04-30
M003091,莊柏翰,一般,宜蘭縣,1966-12-25,2019-01-17,2026-04-30
M001340,王建宏,一般,彰化縣,1967-02-21,2024-11-01,2026-04-30
M007229,吳心怡,銀卡,台中市,1970-07-03,2015-06-01,2026-04-30
M005267,黃欣怡,白金,新竹市,1960-10-10,2020-12-09,2026-04-30
M002890,曾建宏,白金,新北市,1983-01-18,2023-07-24,2026-04-30
M003683,曾美玲,白金,宜蘭縣,1971-02-06,2015-07-14,2026-04-30
M001303,徐美玲,金卡,台南市,1991-01-14,2019-02-13,2026-04-30
M000132,葉承翰,金卡,台北市,1993-04-17,2019-02-09,2026-04-30
M005015,呂彥廷,金卡,基隆市,1987-12-10,2019-06-15,2026-04-30
M000687,周冠宇,白金,新竹市,2002-05-23,2024-04-28,2026-04-30
M005263,謝柏翰,金卡,桃園市,1975-05-17,2020-03-02,2026-04-30
M002254,何冠宇,銀卡,台南市,1969-11-24,2015-09-04,2026-04-30
M006954,莊彥廷,一般,桃園市,1988-11-28,2024-02-08,2026-04-30
M006895,呂美玲,銀卡,台南市,2000-10-04,2024-03-12,2026-06-30
M002954,郭怡君,白金,高雄市,1979-11-19,2025-02-21,2026-04-30
M000350,陳怡君,銀卡,台北市,1996-05-11,2023-06-27,2026-04-30
M006830,黃家豪,白金,新北市,2003-05-23,2019-04-20,2026-04-30
M000596,羅宗翰,一般,台南市,1968-05-05,2015-11-01,2026-04-30
M001845,許詩涵,金卡,新北市,1960-03-30,2025-04-07,2026-04-30
M001018,呂雅雯,白金,台南市,2000-04-23,2025-11-30,2026-05-31
M000577,徐冠宇,白金,高雄市,1971-07-20,2024-10-18,2026-04-30
M006435,鄭欣怡,白金,高雄市,1994-05-06,2020-10-08,2026-04-30
M004265,楊怡君,金卡,高雄市,1974-09-03,2021-06-30,2026-04-30
M002438,洪怡君,銀卡,桃園市,1970-05-23,2021-08-07,2026-04-30
M004327,周彥廷,一般,基隆市,1977-02-09,2015-03-02,2026-04-30
M005621,葉佩珊,銀卡,高雄市,1990-05-10,2015-02-16,2026-04-30
M001452,廖雅婷,金卡,台南市,1960-11-05,2023-04-06,2026-04-30
M004751,謝冠宇,一般,新竹市,1983-12-21,2023-09-14,2026-04-30
M006070,王冠宇,一般,台北市,2002-03-14,2019-11-30,2026-04-30
M004105,賴欣怡,金卡,桃園市,1974-09-14,2025-06-18,2026-05-31
M000318,張佩珊,金卡,彰化縣,2002-11-26,2019-12-16,2026-04-30
M002220,林承翰,白金,新北市,1966-08-08,2018-12-17,2026-04-30
M004061,賴家豪,一般,新竹市,1974-02-12,2022-09-24,2026-04-30
M007565,蘇雅婷,銀卡,基隆市,1971-10-19,2015-07-23,2026-04-30
M007903,蘇承翰,銀卡,宜蘭縣,1981-02-27,2015-02-06,2026-04-30
M007513,劉建宏,金卡,彰化縣,1998-03-23,2017-11-18,2026-04-30
M005521,吳怡君,一般,台南市,1970-02-11,2015-08-14,2026-04-30
M000881,陳柏翰,金卡,新竹市,1984-09-17,2019-06-06,2026-04-30
M005068,黃志明,金卡,高雄市,1973-03-06,2022-03-19,2026-04-30
M003001,蔡淑芬,白金,宜蘭縣,1992-04-20,2021-09-05,2026-04-30
M003011,徐美玲,銀卡,高雄市,1990-05-30,2018-03-17,2026-04-30
M000466,羅雅雯,金卡,高雄市,1967-03-02,2019-01-22,2026-04-30
M006366,周佩珊,白金,台中市,1993-07-09,2024-07-05,2026-04-30
M003373,周雅雯,銀卡,宜蘭縣,2001-11-29,2022-06-01,2026-04-30
M005140,張美玲,白金,台中市,1998-11-15,2025-03-17,2026-04-30
M006545,王冠宇,白金,台南市,1964-03-25,2025-09-24,2026-04-30
M007535,楊欣怡,銀卡,高雄市,1984-03-20,2023-08-26,2026-04-30
M003649,呂建宏,白金,台北市,1982-01-11,2017-12-21,2026-04-30
M001322,陳彥廷,金卡,台中市,1990-07-09,2025-05-15,2026-04-30
M003665,蔡志明,白金,台中市,1995-07-07,2015-05-31,2026-04-30
M005769,郭彥廷,銀卡,基隆市,1984-03-04,2022-08-07,2026-04-30
M000355,楊冠宇,白金,台南市,2002-11-03,2021-03-03,2026-04-30
M003621,張志明,金卡,宜蘭縣,1988-08-31,2022-11-14,2026-04-30
M004641,林承翰,白金,新竹市,1971-03-07,2025-04-24,2026-04-30
M004885,羅雅婷,白金,宜蘭縣,1992-08-26,2025-01-19,2026-04-30
M003846,蘇美玲,白金,台南市,1984-02-18,2017-02-26,2026-05-31
M007690,張冠宇,白金,台北市,1983-09-03,2020-12-16,2026-04-30
M004877,葉俊傑,白金,高雄市,1963-12-09,2017-03-01,2026-04-30
M001803,周淑芬,一般,台北市,1985-05-05,2021-04-09,2026-04-30
M003592,林欣怡,銀卡,台北市,1967-01-22,2019-03-30,2026-04-30
M002022,邱淑芬,一般,高雄市,2001-10-20,2023-01-07,2026-04-30
M005095,葉美玲,銀卡,新竹市,1988-02-03,2019-08-19,2026-04-30
M000200,蔡佩珊,金卡,彰化縣,1960-05-21,2025-03-15,2026-04-30
M006865,高俊傑,銀卡,新竹市,1983-12-10,2019-12-08,2026-04-30
M002159,江宗翰,一般,新北市,2003-06-07,2020-10-10,2026-04-30
M006030,徐郁婷,白金,宜蘭縣,1965-07-14,2024-09-17,2026-04-30
M001076,吳欣怡,金卡,新竹市,1983-08-24,2024-04-17,2026-04-30
M003598,葉彥廷,銀卡,宜蘭縣,1982-09-17,2015-03-10,2026-04-30
M004129,賴雅婷,白金,高雄市,1964-02-03,2021-08-13,2026-06-30
M003071,呂雅雯,白金,台北市,1965-02-06,2016-08-20,2026-04-30
M000948,賴冠宇,銀卡,新北市,1986-07-20,2015-06-18,2026-04-30
M002970,劉雅雯,銀卡,台北市,1963-03-09,2020-12-22,2026-04-30
M004588,鄭承翰,金卡,台中市,1982-05-03,2024-03-10,2026-04-30
M006218,徐志明,金卡,桃園市,1988-03-14,2022-06-04,2026-04-30
M005386,李雅婷,一般,基隆市,1972-03-04,2015-10-27,2026-04-30
M003609,許雅雯,白金,宜蘭縣,1965-04-19,2019-11-25,2026-04-30
M004512,曾郁婷,金卡,彰化縣,2002-02-03,2017-12-05,2026-04-30
M005264,洪家豪,銀卡,基隆市,1960-06-24,2020-08-02,2026-06-30
M000346,徐志明,白金,高雄市,1970-07-03,2020-10-05,2026-04-30
M003414,曾冠宇,白金,基隆市,1982-08-04,2022-05-30,2026-04-30
M002010,張志明,銀卡,台南市,1972-02-04,2023-11-25,2026-04-30
M004982,廖雅雯,金卡,彰化縣,1988-10-13,2021-04-09,2026-04-30
M007982,蘇俊傑,一般,新北市,1986-04-18,2025-04-15,2026-04-30
M006915,洪怡君,金卡,基隆市,1984-09-25,2016-04-19,2026-04-30
M000559,曾詩涵,金卡,宜蘭縣,1963-05-08,2017-09-14,2026-04-30
M002352,郭承翰,金卡,台北市,1972-02-29,2015-12-23,2026-04-30
M007201,賴欣怡,白金,台南市,1963-05-24,2025-07-30,2026-04-30
M006748,謝詩涵,金卡,彰化縣,1900-01-01,2019-07-15,2026-04-30
M004023,蔡承翰,一般,宜蘭縣,1995-05-24,2017-02-19,2026-05-31
M006550,曾雅婷,金卡,台南市,1986-09-11,2018-10-19,2026-06-30
M007148,賴柏翰,白金,宜蘭縣,1972-08-13,2025-08-29,2026-04-30
M007924,許郁婷,白金,宜蘭縣,1962-04-22,2022-08-11,2026-04-30
M003245,郭承翰,一般,新竹市,1990-09-27,2024-01-03,2026-04-30
M001958,蔡佩珊,金卡,新北市,1964-07-19,2017-06-03,2026-04-30
M006183,鄭承翰,金卡,高雄市,1985-06-25,2023-12-15,2026-04-30
M004179,吳欣怡,白金,宜蘭縣,1972-03-14,2018-09-19,2026-04-30
M003124,莊心怡,白金,桃園市,1984-03-03,2021-03-21,2026-04-30
M003611,鄭承翰,白金,高雄市,1991-11-27,2021-05-07,2026-04-30
M004985,洪淑芬,金卡,新竹市,1971-07-09,2016-07-01,2026-04-30
M001035,李詩涵,金卡,基隆市,1976-06-08,2018-09-28,2026-04-30
M005546,葉雅婷,白金,彰化縣,1997-08-17,2023-01-23,2026-05-31
M007390,吳詩涵,白金,台南市,1971-08-08,2021-07-08,2026-04-30
M006345,羅心怡,銀卡,基隆市,1989-03-01,2016-10-21,2026-04-30
M001779,吳彥廷,金卡,新竹市,1982-08-11,2022-03-23,2026-04-30
M001715,徐美玲,一般,高雄市,1978-02-25,2021-04-23,2026-04-30
M000945,何欣怡,一般,台中市,1977-01-18,2024-03-06,2026-04-30
M002552,蘇彥廷,白金,新竹市,1971-06-21,2020-09-06,2026-06-30
M000112,江冠宇,一般,新北市,1997-06-25,2024-11-06,2026-04-30
M006196,何雅雯,白金,桃園市,1980-01-15,2020-01-15,2026-04-30
M000976,周俊傑,白金,新北市,1976-02-26,2025-07-27,2026-04-30
M007050,呂郁婷,金卡,台北市,1994-01-29,2025-11-05,2026-04-30
M007244,周淑芬,白金,宜蘭縣,1982-07-03,2017-10-03,2026-04-30
M005703,吳美玲,白金,台北市,1977-06-28,2018-11-18,2026-05-31
M003837,張雅婷,一般,台南市,1988-11-09,2020-03-22,2026-04-30
M003235,鄭家豪,一般,台中市,1986-03-23,2023-10-14,2026-04-30
M000583,蔡柏翰,銀卡,彰化縣,1979-01-22,2019-11-25,2026-04-30
M003654,賴俊傑,一般,基隆市,1961-07-17,2023-09-24,2026-04-30
M006068,蕭郁婷,白金,桃園市,1961-07-26,2019-05-15,2026-06-30
M004204,葉郁婷,銀卡,台南市,1962-10-10,2022-05-10,2026-04-30
M003897,蔡承翰,白金,彰化縣,1974-05-01,2022-08-20,2026-04-30
M004052,葉俊傑,銀卡,新竹市,1900-01-01,2020-08-24,2026-04-30
M006831,林佩珊,一般,新竹市,1991-07-14,2017-05-04,2026-04-30
M005339,廖建宏,金卡,新竹市,1975-10-02,2016-09-13,2026-04-30
M004149,徐雅婷,銀卡,高雄市,1985-08-23,2022-01-08,2026-04-30
M005557,賴冠宇,一般,新北市,1998-04-21,2017-08-01,2026-04-30
M005775,黃柏翰,金卡,基隆市,1999-11-30,2019-10-12,2026-05-31
M007923,張雅雯,白金,桃園市,1992-07-19,2019-05-14,2026-04-30
M005624,吳宗翰,銀卡,台北市,1965-12-09,2019-09-17,2026-04-30
M001597,郭美玲,一般,台中市,1980-03-24,2015-04-18,2026-04-30
M001744,黃彥廷,銀卡,新北市,1990-07-16,2016-03-03,2026-04-30
M001043,鄭俊宏,一般,N/A,1975-09-06,2021-05-17,2026-04-30
M000576,劉雅雯,一般,新竹市,1980-10-17,2019-10-02,2026-06-30
M006643,曾詩涵,白金,新竹市,1963-12-06,2015-05-31,2026-04-30
M003244,蔡怡君,白金,宜蘭縣,1982-07-23,2021-09-08,2026-04-30
M003233,張彥廷,一般,台北市,1962-06-12,2021-09-04,2026-04-30
M000073,蘇雅雯,銀卡,台南市,1989-07-05,2018-06-13,2026-04-30
M004778,陳俊宏,銀卡,高雄市,1960-08-21,2022-01-09,2026-04-30
M007621,潘冠宇,一般,高雄市,1995-01-30,2023-05-03,2026-04-30
M003186,莊淑芬,白金,台中市,1979-09-03,2016-08-31,2026-04-30
M005573,廖冠宇,一般,基隆市,1998-01-15,2022-01-12,2026-04-30
M006659,曾家豪,一般,高雄市,1975-12-16,2024-07-29,2026-04-30
M001935,李雅婷,一般,基隆市,2001-12-12,2025-04-22,2026-04-30
M007701,郭宗翰,一般,宜蘭縣,1992-06-26,2015-03-22,2026-04-30
M007479,廖淑芬,銀卡,台中市,1999-03-23,2018-01-09,2026-04-30
M006797,周家豪,一般,新北市,1994-06-19,2022-07-01,2026-04-30
M006815,周佩珊,銀卡,彰化縣,1970-07-17,2015-11-25,2026-04-30
M004915,羅宗翰,銀卡,基隆市,2000-12-02,2017-11-10,2026-04-30
M005172,蕭詩涵,白金,高雄市,1983-03-03,2025-10-13,2026-04-30
M006173,邱建宏,白金,台南市,1970-07-18,2024-08-24,2026-04-30
M002638,蔡俊傑,白金,基隆市,1960-11-22,2023-12-01,2026-04-30
M002345,黃柏翰,金卡,彰化縣,1965-08-02,2015-05-24,2026-04-30
M007299,羅承翰,金卡,基隆市,1998-09-02,2019-08-01,2026-04-30
M003434,張郁婷,一般,新竹市,1969-11-05,2015-12-11,2026-04-30
M001742,葉淑芬,銀卡,高雄市,1986-05-17,2019-11-15,2026-04-30
M005360,潘美玲,金卡,新北市,1967-06-12,2019-05-31,2026-04-30
M001150,廖佩珊,銀卡,宜蘭縣,1965-03-08,2018-11-08,2026-04-30
M000721,吳欣怡,白金,台中市,1992-07-06,2019-02-12,2026-04-30
M005374,蘇雅婷,一般,台北市,1971-09-19,2025-05-03,2026-04-30
M001105,賴俊傑,白金,桃園市,1972-10-12,2017-10-20,2026-04-30
M005684,莊欣怡,金卡,N/A,2002-08-08,2015-07-02,2026-04-30
M003226,王怡君,金卡,新北市,1984-07-05,2023-10-20,2026-04-30
M005734,許家豪,金卡,台北市,2002-07-05,2016-08-12,2026-04-30
M006872,何彥廷,白金,基隆市,2003-06-25,2019-04-18,2026-06-30
M000966,曾詩涵,白金,新竹市,1964-10-15,2018-02-25,2026-04-30
M001986,許雅雯,一般,桃園市,1996-07-02,2017-01-26,2026-04-30
M007983,莊俊傑,金卡,基隆市,1963-08-10,2019-11-08,2026-04-30
M001573,高宗翰,金卡,台南市,1962-11-23,2024-09-23,2026-04-30
M000463,楊家豪,金卡,高雄市,1985-06-29,2016-09-23,2026-04-30
M001713,曾雅婷,金卡,新北市,1961-04-11,2024-06-07,2026-05-31
M004122,蔡建宏,一般,桃園市,2003-05-12,2015-08-23,2026-06-30
M003095,莊欣怡,白金,台中市,1992-07-02,2017-09-05,2026-04-30
M003952,洪美玲,白金,宜蘭縣,1981-03-13,2016-10-25,2026-04-30
M005005,徐承翰,金卡,高雄市,1983-03-26,2015-02-27,2026-04-30
M002796,楊雅雯,白金,高雄市,1970-01-04,2025-01-23,2026-04-30
M004102,謝怡君,金卡,彰化縣,2001-11-30,2018-06-16,2026-06-30
M002562,李淑芬,白金,新竹市,1994-12-23,2020-01-06,2026-04-30
M004499,潘承翰,白金,高雄市,1978-05-21,2018-11-08,2026-04-30
M006980,徐美玲,白金,台南市,1988-02-28,2024-12-22,2026-04-30
M004183,洪淑芬,金卡,台南市,1995-06-04,2024-06-12,2026-04-30
M005835,徐彥廷,白金,高雄市,1980-03-24,2019-09-24,2026-04-30
M002949,何宗翰,金卡,台中市,1981-10-22,2017-03-27,2026-04-30
M006046,潘佩珊,金卡,彰化縣,2000-07-04,2023-12-14,2026-04-30
M004582,廖承翰,銀卡,新竹市,1989-11-03,2025-05-26,2026-04-30
M001698,葉佩珊,金卡,台北市,1964-08-28,2022-10-06,2026-04-30
M000481,劉宗翰,金卡,宜蘭縣,1987-07-19,2018-02-27,2026-04-30
M002223,劉俊宏,白金,新北市,1962-10-24,2020-01-20,2026-04-30
M003761,郭冠宇,白金,桃園市,1994-12-17,2019-12-18,2026-04-30
M001292,陳建宏,金卡,台北市,1962-03-23,2015-03-01,2026-04-30
M000939,鄭淑芬,銀卡,基隆市,1992-02-20,2019-08-03,2026-04-30
M006645,徐志明,一般,高雄市,1982-10-13,2022-07-03,2026-04-30
M002001,林佩珊,一般,台北市,1974-10-21,2025-02-03,2026-04-30
M000533,羅詩涵,一般,基隆市,1986-10-17,2018-07-04,2026-04-30
M003688,莊美玲,白金,台中市,2000-07-22,2021-04-01,2026-04-30
M007578,江彥廷,白金,台北市,2002-07-14,2022-06-29,2026-04-30
M006674,林佩珊,金卡,宜蘭縣,1965-05-03,2018-05-12,2026-04-30
M002704,蔡冠宇,金卡,新北市,2000-06-25,2017-11-09,2026-04-30
M003369,周建宏,銀卡,彰化縣,1998-03-25,2020-04-27,2026-04-30
M001009,蕭俊傑,一般,宜蘭縣,1992-10-02,2016-01-18,2026-04-30
M004220,周美玲,一般,新竹市,1966-12-26,2016-01-09,2026-04-30
M004594,吳欣怡,一般,台北市,1965-01-24,2019-06-15,2026-04-30
M006844,蔡柏翰,金卡,彰化縣,1993-01-25,2023-05-07,2026-04-30
M000483,楊冠宇,白金,基隆市,1996-11-08,2024-12-03,2026-05-31
M004973,葉詩涵,金卡,新北市,1981-08-17,2020-06-14,2026-04-30
M002121,江怡君,白金,新北市,1986-02-04,2016-02-08,2026-04-30
M003486,廖心怡,白金,台中市,1967-03-29,2021-10-31,2026-05-31
M000396,陳欣怡,金卡,新竹市,1985-06-27,2015-03-23,2026-04-30
M003952,洪美玲,白金,宜蘭縣,1981-03-13,2016-10-25,2026-06-30
M002148,曾彥廷,金卡,宜蘭縣,1970-01-29,2015-10-28,2026-04-30
M005464,曾佩珊,白金,高雄市,1973-09-13,2023-05-31,2026-04-30
M003130,蘇心怡,一般,基隆市,1995-10-03,2021-12-20,2026-04-30
M006996,王心怡,一般,桃園市,1984-03-12,2025-11-29,2026-04-30
M004186,呂雅雯,銀卡,彰化縣,1961-11-06,2018-07-10,2026-04-30
M006749,呂柏翰,一般,基隆市,1993-09-27,2024-01-09,2026-04-30
M002844,蔡建宏,白金,新北市,1998-08-25,2022-06-10,2026-04-30
M002171,高心怡,金卡,基隆市,1975-10-13,2023-03-22,2026-04-30
M004659,賴俊傑,金卡,新北市,2002-11-01,2017-07-20,2026-04-30
M003844,邱雅雯,銀卡,台中市,1973-12-23,2020-08-30,2026-04-30
M007659,徐柏翰,一般,台北市,1980-01-08,2022-06-02,2026-04-30
M005620,吳家豪,一般,彰化縣,2001-11-10,2020-08-15,2026-04-30
M003141,李郁婷,一般,新北市,1972-05-04,2019-05-20,2026-04-30
M004222,陳雅雯,銀卡,台南市,1985-07-04,2020-05-02,2026-05-31
M004930,何彥廷,銀卡,宜蘭縣,1965-10-05,2016-02-28,2026-04-30
M000409,賴彥廷,一般,台中市,1994-02-21,2018-07-16,2026-04-30
M002880,蕭心怡,金卡,桃園市,1993-04-18,2021-11-20,2026-04-30
M006015,李美玲,一般,新北市,1991-07-25,2025-11-07,2026-04-30
M000597,張俊傑,金卡,彰化縣,1992-11-11,2015-04-27,2026-04-30
M000468,林欣怡,銀卡,新竹市,2002-05-13,2024-07-19,2026-04-30
M001957,潘建宏,一般,宜蘭縣,1984-03-02,2016-05-10,2026-04-30
M000188,周俊傑,白金,新竹市,2001-05-16,2018-08-30,2026-04-30
M004638,葉詩涵,銀卡,基隆市,1968-07-16,2015-01-11,2026-04-30
M003493,廖淑芬,銀卡,高雄市,1965-09-30,2023-11-07,2026-04-30
M005714,廖心怡,一般,高雄市,1988-09-25,2020-11-14,2026-04-30
M004869,洪美玲,銀卡,宜蘭縣,1985-04-19,2023-06-13,2026-05-31
M007501,鄭彥廷,金卡,桃園市,1973-08-05,2022-07-09,2026-04-30
M002883,曾美玲,金卡,基隆市,1998-06-27,2022-03-30,2026-04-30
M005029,何淑芬,白金,新竹市,1979-12-29,2015-01-01,2026-04-30
M005810,蔡冠宇,銀卡,新北市,1975-09-30,2019-03-31,2026-04-30
M000734,周冠宇,銀卡,台中市,1983-11-13,2022-09-24,2026-04-30
M006134,劉承翰,一般,新北市,1978-08-19,2022-06-02,2026-04-30
M003022,楊佩珊,金卡,高雄市,1974-04-29,2023-09-24,2026-04-30
M007120,羅家豪,銀卡,台北市,2001-08-31,2024-02-16,2026-04-30
M002892,鄭淑芬,金卡,桃園市,1990-12-27,2015-11-14,2026-04-30
M004928,蕭家豪,金卡,桃園市,1997-02-21,2020-10-13,2026-04-30
M005878,葉俊宏,一般,台北市,1993-07-28,2023-07-02,2026-04-30
M000226,劉柏翰,白金,高雄市,1994-09-28,2020-02-06,2026-04-30
M002919,蘇詩涵,銀卡,台南市,1995-08-07,2023-04-29,2026-04-30
M000898,陳家豪,白金,台中市,1968-12-09,2019-02-28,2026-04-30
M001936,潘淑芬,白金,宜蘭縣,1968-06-04,2017-03-12,2026-04-30
M004911,潘詩涵,一般,桃園市,1993-03-18,2022-03-22,2026-04-30
M002058,蔡欣怡,白金,彰化縣,1978-04-06,2015-08-03,2026-04-30
M003271,鄭俊傑,一般,台北市,1972-04-20,2021-05-31,2026-04-30
M005668,鄭承翰,白金,台中市,1966-06-07,2025-07-21,2026-04-30
M005532,蕭家豪,一般,桃園市,1982-01-04,2019-02-25,2026-04-30
M007603,張俊宏,金卡,台南市,1988-10-18,2021-10-31,2026-06-30
M003801,劉彥廷,白金,高雄市,1994-05-03,2025-05-12,2026-04-30
M002240,蘇彥廷,白金,台北市,1991-12-31,2021-12-04,2026-04-30
M001192,黃柏翰,銀卡,台南市,1980-06-19,2021-10-31,2026-04-30
M003065,劉佩珊,金卡,宜蘭縣,1967-06-08,2023-07-24,2026-04-30
M002189,張佩珊,銀卡,新北市,1965-12-08,2015-03-02,2026-06-30
M007272,周俊傑,金卡,台南市,2001-04-12,2018-01-15,2026-04-30
M005579,許怡君,白金,高雄市,1995-05-31,2023-09-09,2026-05-31
M001541,黃冠宇,一般,台中市,1993-11-02,2016-01-21,2026-04-30
M006348,何淑芬,銀卡,高雄市,1981-09-04,2019-02-14,2026-04-30
M006504,郭建宏,金卡,宜蘭縣,1976-11-17,2022-08-31,2026-04-30
M000439,高詩涵,金卡,彰化縣,1992-06-08,2025-11-19,2026-04-30
M004295,高宗翰,白金,彰化縣,1960-02-26,2016-01-19,2026-04-30
M007562,莊俊傑,一般,台中市,1998-09-16,2023-08-03,2026-04-30
M006681,謝雅雯,銀卡,台北市,1985-11-25,2024-10-04,2026-04-30
M005984,謝欣怡,一般,基隆市,1985-09-11,2019-01-19,2026-04-30
M003601,莊柏翰,銀卡,基隆市,1973-09-19,2022-07-20,2026-04-30
M000587,許彥廷,金卡,桃園市,1990-10-17,2022-10-14,2026-04-30
M006793,蕭家豪,一般,台中市,1968-10-13,2016-11-25,2026-04-30
M003140,許彥廷,白金,基隆市,1989-01-19,2018-01-19,2026-05-31
M001072,潘志明,一般,宜蘭縣,1983-09-08,2025-06-12,2026-04-30
M005418,王俊傑,金卡,台北市,1979-01-29,2024-09-01,2026-04-30
M000823,王俊宏,銀卡,基隆市,1964-10-09,2016-12-13,2026-04-30
M007448,羅詩涵,白金,宜蘭縣,1967-07-29,2025-05-12,2026-04-30
M002127,李雅婷,白金,基隆市,1998-02-19,2019-08-05,2026-04-30
M007391,何淑芬,白金,台南市,1981-02-15,2023-12-28,2026-04-30
M000632,葉俊傑,銀卡,新北市,1985-01-24,2019-05-25,2026-05-31
M005909,楊佩珊,白金,彰化縣,1963-10-22,2020-04-18,2026-04-30
M000120,劉志明,銀卡,新竹市,1992-11-08,2023-08-23,2026-04-30
M004212,賴彥廷,白金,台南市,1995-09-20,2022-10-08,2026-04-30
M006524,高俊傑,金卡,宜蘭縣,1995-11-30,2021-08-06,2026-04-30
M005421,郭心怡,金卡,基隆市,2002-01-17,2016-09-01,2026-05-31
M001048,劉雅婷,白金,台南市,1993-08-21,2025-05-14,2026-04-30
M006219,林彥廷,一般,宜蘭縣,1976-06-04,2020-10-10,2026-04-30
M006425,葉建宏,銀卡,新竹市,1986-01-18,2023-03-02,2026-04-30
M002908,羅志明,一般,新北市,1973-09-01,2024-01-07,2026-04-30
M005675,張郁婷,一般,高雄市,1980-04-10,2024-01-27,2026-04-30
M005461,楊欣怡,銀卡,台北市,1973-09-18,2022-01-05,2026-04-30
M000699,蔡俊宏,一般,新竹市,1960-11-13,2023-01-28,2026-04-30
M007319,謝建宏,金卡,新北市,1986-06-10,2024-08-30,2026-04-30
M004172,謝俊宏,白金,彰化縣,1977-06-16,2023-08-31,2026-04-30
M002686,高詩涵,白金,彰化縣,1999-01-17,2017-08-25,2026-04-30
M001394,呂佩珊,白金,彰化縣,1982-06-08,2023-01-24,2026-04-30
M004176,張家豪,銀卡,宜蘭縣,1996-01-28,2023-05-15,2026-06-30
M003092,賴柏翰,白金,新竹市,1982-11-26,2023-02-08,2026-04-30
M007378,謝淑芬,銀卡,新竹市,1990-05-20,2024-11-26,2026-04-30
M000140,劉欣怡,銀卡,新北市,1994-08-02,2021-06-05,2026-06-30
M004484,葉雅婷,白金,新北市,1982-10-13,2018-04-02,2026-05-31
M007041,徐淑芬,一般,台中市,1900-01-01,2017-01-21,2026-04-30
M004886,許家豪,一般,台北市,1969-12-30,2025-05-04,2026-04-30
M005077,周俊傑,白金,基隆市,1969-05-19,2017-01-22,2026-04-30
M002014,蘇志明,金卡,桃園市,1962-08-24,2017-07-09,2026-04-30
M002390,張彥廷,金卡,高雄市,1975-02-28,2023-10-31,2026-04-30
M000091,蔡美玲,金卡,基隆市,1991-06-21,2018-05-25,2026-04-30
M003439,王佩珊,白金,新北市,1991-05-31,2023-10-06,2026-05-31
M006868,吳宗翰,金卡,高雄市,1992-04-07,2017-06-20,2026-04-30
M001581,徐淑芬,一般,高雄市,2001-04-27,2016-01-13,2026-04-30
M005661,許詩涵,一般,高雄市,2000-08-27,2021-12-17,2026-04-30
M002197,徐詩涵,白金,新竹市,1979-08-24,2020-10-13,2026-04-30
M002335,蘇承翰,白金,宜蘭縣,1964-07-14,2015-03-30,2026-04-30
M005138,蘇柏翰,金卡,台南市,1970-03-15,2015-12-12,2026-04-30
M000283,何彥廷,銀卡,彰化縣,1972-11-14,2021-07-06,2026-04-30
M006285,吳郁婷,金卡,高雄市,1979-11-28,2024-07-25,2026-04-30
M004537,葉建宏,白金,高雄市,1960-05-14,2016-02-22,2026-04-30
M004557,周雅雯,銀卡,基隆市,1986-08-29,2025-10-12,2026-04-30
M003355,洪雅雯,金卡,台中市,2000-08-04,2023-12-10,2026-04-30
M006887,劉心怡,金卡,新北市,1979-11-26,2022-06-04,2026-04-30
M004850,蕭淑芬,一般,基隆市,1985-11-06,2022-09-06,2026-04-30
M003306,王建宏,金卡,新北市,1967-02-19,2025-11-18,2026-04-30
M000308,廖宗翰,銀卡,桃園市,1990-02-22,2017-04-07,2026-04-30
M000958,張承翰,金卡,台北市,1961-08-28,2018-04-25,2026-06-30
M006085,劉雅婷,白金,台南市,1991-08-20,2019-02-06,2026-04-30
M004385,蘇俊宏,一般,台北市,1982-02-21,2015-02-21,2026-04-30
M004104,陳心怡,銀卡,桃園市,1981-02-20,2022-08-18,2026-04-30
M001672,葉雅雯,金卡,台北市,1998-07-26,2017-01-25,2026-04-30
M001254,郭承翰,一般,新竹市,1979-07-28,2020-07-25,2026-06-30
M000426,謝詩涵,銀卡,高雄市,2002-05-15,2015-03-13,2026-04-30
M007224,何柏翰,金卡,台北市,1976-03-12,2023-08-21,2026-04-30
M003479,蕭彥廷,金卡,台北市,1999-05-30,2016-07-13,2026-04-30
M000101,洪雅婷,白金,新北市,1969-11-29,2021-08-29,2026-04-30
M004152,陳詩涵,金卡,台中市,1960-04-14,2016-04-09,2026-04-30
M006147,葉淑芬,金卡,台中市,1966-08-13,2021-06-21,2026-04-30
M003538,呂志明,一般,新竹市,2000-09-30,2022-07-14,2026-06-30
M004782,賴志明,金卡,桃園市,1989-11-02,2021-05-13,2026-05-31
M007709,蘇郁婷,金卡,高雄市,1974-07-03,2017-02-15,2026-04-30
M003502,邱欣怡,金卡,桃園市,1963-10-24,2023-12-20,2026-04-30
M004691,王俊傑,銀卡,台中市,1982-04-12,2020-05-31,2026-06-30
M006920,周心怡,金卡,台北市,1991-11-07,2024-02-13,2026-04-30
M004655,江心怡,金卡,彰化縣,1997-12-16,2021-09-30,2026-04-30
M006105,蘇心怡,銀卡,台北市,1986-01-21,2024-09-20,2026-04-30
M006841,蘇淑芬,白金,彰化縣,1999-11-02,2016-08-17,2026-04-30
M000368,廖俊傑,一般,新北市,2001-09-08,2017-12-08,2026-04-30
M001147,林家豪,銀卡,高雄市,1997-09-28,2018-12-30,2026-04-30
M005502,徐詩涵,金卡,高雄市,1996-08-20,2016-06-12,2026-04-30
M000058,呂美玲,金卡,基隆市,1976-07-25,2022-11-14,2026-04-30
M007374,呂家豪,金卡,桃園市,2003-05-23,2018-10-06,2026-04-30
M007754,曾俊傑,一般,宜蘭縣,1967-07-30,2016-01-10,2026-04-30
M004987,鄭怡君,金卡,台北市,1992-10-07,2021-07-31,2026-04-30
M006093,陳欣怡,金卡,桃園市,1978-03-05,2019-02-12,2026-04-30
M003090,江美玲,金卡,高雄市,1978-10-11,2023-11-06,2026-04-30
M003349,吳俊宏,白金,基隆市,1975-12-02,2021-04-21,2026-04-30
M001000,張郁婷,一般,宜蘭縣,1996-03-22,2021-12-28,2026-04-30
M005604,李承翰,白金,台北市,1976-12-23,2017-05-28,2026-04-30
M000315,楊柏翰,銀卡,基隆市,1969-03-20,2016-02-13,2026-04-30
M002341,呂志明,白金,高雄市,1972-05-11,2025-04-27,2026-06-30
M001103,林淑芬,銀卡,台南市,1966-05-11,2020-11-27,2026-04-30
M007105,羅俊傑,一般,彰化縣,1900-01-01,2017-10-12,2026-04-30
M004866,賴俊傑,一般,台北市,2000-10-08,2015-07-03,2026-06-30
M007372,洪怡君,金卡,基隆市,1978-11-14,2018-11-17,2026-04-30
M006237,李淑芬,銀卡,桃園市,2001-10-06,2023-06-25,2026-04-30
M000818,潘宗翰,白金,台中市,1997-06-01,2024-04-23,2026-04-30
M005438,高宗翰,金卡,新北市,1993-01-16,2020-06-05,2026-04-30
M000950,周心怡,銀卡,高雄市,1974-10-29,2021-10-02,2026-04-30
M004123,葉家豪,金卡,宜蘭縣,1982-08-17,2017-07-07,2026-06-30
M002938,許怡君,銀卡,高雄市,1969-05-09,2016-02-26,2026-04-30
M001517,林怡君,銀卡,台中市,1994-11-03,2025-07-11,2026-04-30
M004584,鄭雅婷,白金,宜蘭縣,1967-11-28,2016-05-06,2026-04-30
M007735,王承翰,一般,新北市,1974-07-31,2025-07-12,2026-04-30
M002712,廖俊傑,白金,新北市,1994-11-29,2020-04-17,2026-04-30
M001226,邱雅婷,一般,台北市,1978-09-24,2025-11-06,2026-04-30
M003765,潘建宏,銀卡,台南市,1984-09-28,2022-12-31,2026-04-30
M003117,廖雅婷,銀卡,宜蘭縣,1993-10-20,2021-10-18,2026-04-30
M007311,高美玲,銀卡,台南市,1967-12-15,2025-08-26,2026-04-30
M000244,謝俊宏,金卡,彰化縣,1983-03-17,2025-04-12,2026-04-30
M000841,郭欣怡,白金,台北市,1992-12-30,2017-11-16,2026-04-30
M006917,周柏翰,金卡,高雄市,1981-02-20,2021-08-28,2026-04-30
M001176,蕭宗翰,銀卡,基隆市,1977-02-25,2015-03-12,2026-04-30
M006734,羅詩涵,白金,新竹市,1991-03-18,2019-08-06,2026-05-31
M007376,江俊宏,金卡,新北市,1961-01-03,2021-07-23,2026-04-30
M004367,徐志明,金卡,桃園市,1984-12-06,2015-06-17,2026-04-30
M001201,江柏翰,銀卡,桃園市,1987-11-13,2025-10-27,2026-04-30
M000692,張俊傑,一般,基隆市,2001-12-31,2019-04-07,2026-04-30
M006481,鄭冠宇,白金,桃園市,1997-07-12,2016-01-25,2026-04-30
M003607,蕭彥廷,一般,彰化縣,2000-08-16,2017-10-22,2026-04-30
M007182,劉心怡,一般,台中市,1996-05-20,2015-04-23,2026-04-30
M002305,李志明,銀卡,宜蘭縣,1971-02-23,2021-07-27,2026-04-30
M001836,張郁婷,銀卡,宜蘭縣,1965-09-12,2015-07-25,2026-04-30
M002392,莊家豪,銀卡,彰化縣,1976-05-07,2020-02-15,2026-04-30
M006520,羅心怡,白金,宜蘭縣,1993-07-28,2021-10-10,2026-04-30
M002548,郭欣怡,金卡,台北市,1972-09-12,2018-11-02,2026-04-30
M005091,周詩涵,白金,彰化縣,1984-03-02,2019-12-19,2026-04-30
M000369,洪雅雯,一般,台北市,2001-07-05,2022-11-08,2026-04-30
M005853,鄭欣怡,金卡,新北市,1987-10-02,2015-12-06,2026-04-30
M003697,高宗翰,銀卡,高雄市,1983-08-12,2019-10-26,2026-04-30
M001045,謝郁婷,金卡,基隆市,1978-08-24,2015-06-03,2026-04-30
M005403,羅郁婷,金卡,台南市,1984-04-27,2022-08-20,2026-04-30
M004865,曾俊傑,銀卡,新北市,1995-06-01,2017-11-10,2026-04-30
M001737,羅詩涵,金卡,新竹市,1991-01-02,2021-05-04,2026-04-30
M005820,葉欣怡,白金,台中市,1962-03-08,2021-02-11,2026-04-30
M004631,蘇詩涵,一般,台北市,1988-12-05,2016-02-17,2026-04-30
M005744,謝郁婷,銀卡,高雄市,1994-04-22,2015-08-14,2026-04-30
M003646,楊家豪,白金,台中市,1977-05-22,2019-09-15,2026-04-30
M000149,陳柏翰,白金,宜蘭縣,1984-09-15,2022-02-11,2026-04-30
M006514,廖俊宏,銀卡,宜蘭縣,1981-09-04,2021-04-13,2026-04-30
M005059,莊欣怡,一般,新北市,1960-04-15,2024-04-20,2026-04-30
M001754,潘柏翰,銀卡,台北市,1970-11-17,2017-09-28,2026-04-30
M005801,江詩涵,白金,新北市,2002-10-06,2025-09-04,2026-04-30
M003771,謝雅雯,白金,桃園市,1968-03-21,2018-09-20,2026-04-30
M003895,邱心怡,一般,台北市,1987-11-01,2018-09-21,2026-04-30
M002151,張彥廷,銀卡,台南市,1990-12-13,2023-01-01,2026-04-30
M000495,張詩涵,一般,台中市,1960-09-19,2020-04-03,2026-04-30
M003689,莊冠宇,一般,桃園市,1982-12-19,2016-10-12,2026-04-30
M004470,賴志明,白金,彰化縣,1989-07-21,2016-02-11,2026-05-31
M001674,劉冠宇,白金,宜蘭縣,1999-06-05,2023-12-23,2026-04-30
M006896,蘇承翰,金卡,新竹市,1962-12-29,2019-09-27,2026-04-30
M001648,賴雅婷,白金,台南市,1998-05-12,2022-10-26,2026-06-30
M007763,林佩珊,銀卡,台南市,1970-09-19,2019-08-27,2026-04-30
M006467,王佩珊,銀卡,桃園市,1969-05-28,2015-05-15,2026-04-30
M000953,洪家豪,金卡,宜蘭縣,1978-02-05,2024-11-14,2026-04-30
M007761,許佩珊,白金,基隆市,1998-01-28,2021-02-11,2026-04-30
M000701,黃美玲,金卡,高雄市,1988-10-04,2022-01-04,2026-04-30
M002956,郭彥廷,金卡,桃園市,2001-07-25,2020-09-15,2026-04-30
M003400,蘇彥廷,一般,台北市,1966-08-28,2022-06-28,2026-04-30
M007068,廖郁婷,一般,台北市,1977-08-14,2024-08-18,2026-04-30
M006779,許欣怡,金卡,台中市,1980-08-06,2018-12-25,2026-04-30
M000580,葉美玲,一般,台南市,1986-08-11,2018-03-20,2026-04-30
M006676,羅詩涵,銀卡,新北市,1987-08-17,2018-08-11,2026-04-30
M004562,吳建宏,白金,台南市,1964-10-22,2020-05-10,2026-04-30
M003149,郭欣怡,金卡,新竹市,1975-08-26,2015-01-19,2026-04-30
M007188,江志明,白金,新竹市,1999-02-04,2016-07-09,2026-04-30
M002518,莊宗翰,金卡,彰化縣,1975-04-06,2018-07-18,2026-05-31
M000372,高佩珊,白金,高雄市,1989-02-19,2018-09-29,2026-04-30
M003947,江詩涵,金卡,基隆市,1971-03-27,2025-08-16,2026-04-30
M001822,邱心怡,一般,N/A,1964-06-02,2016-04-28,2026-04-30
M003491,曾雅婷,金卡,台北市,1960-11-18,2021-02-25,2026-04-30
M002855,高佩珊,金卡,高雄市,1968-03-15,2022-05-11,2026-04-30
M005116,楊承翰,一般,基隆市,1978-06-18,2022-09-11,2026-04-30
M000767,謝承翰,一般,台中市,1975-03-27,2016-07-15,2026-04-30
M007412,李佩珊,銀卡,台南市,1998-04-21,2018-03-11,2026-04-30
M004346,賴俊宏,銀卡,基隆市,2001-09-27,2022-03-18,2026-04-30
M000406,邱淑芬,一般,台北市,1974-04-06,2020-07-31,2026-04-30
M001297,高詩涵,白金,宜蘭縣,1998-10-17,2022-07-27,2026-05-31
M006680,何家豪,金卡,桃園市,1990-11-17,2022-10-30,2026-04-30
M007694,蘇志明,一般,高雄市,1982-02-24,2018-12-27,2026-04-30
M006242,蘇美玲,一般,彰化縣,1992-02-21,2018-05-21,2026-04-30
M004154,高建宏,銀卡,宜蘭縣,1996-02-26,2023-03-10,2026-04-30
M007574,何彥廷,一般,基隆市,1961-01-05,2015-04-28,2026-04-30
M000819,黃柏翰,銀卡,新北市,1976-08-23,2020-06-30,2026-04-30
M007199,江彥廷,一般,新北市,1969-12-20,2019-12-07,2026-04-30
M000517,謝俊宏,白金,台北市,1992-11-04,2016-03-15,2026-04-30
M001178,楊志明,一般,新竹市,1987-02-10,2023-11-09,2026-04-30
M006876,潘柏翰,銀卡,新竹市,1990-11-16,2022-04-22,2026-04-30
M006519,蕭心怡,金卡,台南市,1999-07-29,2023-07-16,2026-04-30
M006482,潘美玲,金卡,台北市,1997-01-14,2015-02-18,2026-04-30
M001154,鄭彥廷,金卡,新竹市,1974-05-16,2020-10-17,2026-04-30
M000442,蔡俊宏,白金,台南市,1984-09-22,2016-09-09,2026-04-30
M001945,楊彥廷,一般,N/A,1986-01-29,2019-03-18,2026-04-30
M006804,曾雅雯,金卡,宜蘭縣,1991-10-05,2017-03-01,2026-04-30
M002923,蘇彥廷,一般,台北市,2003-05-01,2024-07-17,2026-04-30
M003236,賴欣怡,一般,高雄市,2001-06-17,2022-04-20,2026-04-30
M003720,黃郁婷,一般,基隆市,1964-12-02,2019-01-12,2026-04-30
M007600,王俊傑,一般,新北市,1992-12-10,2016-01-27,2026-04-30
M007325,曾冠宇,一般,基隆市,1968-11-05,2019-11-18,2026-04-30
M005789,鄭志明,銀卡,宜蘭縣,1984-06-15,2018-11-10,2026-04-30
M001423,潘宗翰,白金,宜蘭縣,1976-06-17,2025-04-13,2026-04-30
M007330,王詩涵,白金,宜蘭縣,1999-10-01,2023-04-05,2026-04-30
M006201,邱郁婷,一般,新北市,1964-12-30,2015-11-04,2026-04-30
M005666,李欣怡,金卡,彰化縣,1995-08-25,2020-12-12,2026-04-30
M007597,高心怡,白金,新竹市,1981-04-05,2019-06-15,2026-06-30
M003026,邱俊宏,一般,台北市,2003-05-27,2024-12-15,2026-04-30
M002357,林家豪,白金,台北市,1966-12-25,2023-08-22,2026-04-30
M001829,洪宗翰,金卡,台北市,1994-04-27,2024-07-06,2026-04-30
M000553,謝美玲,白金,高雄市,1998-02-09,2023-10-07,2026-04-30
M000759,陳家豪,銀卡,新竹市,1976-12-27,2022-12-16,2026-04-30
M005401,劉宗翰,銀卡,宜蘭縣,1999-10-09,2020-05-16,2026-04-30
M002369,曾淑芬,銀卡,彰化縣,2002-06-10,2024-08-26,2026-05-31
M001330,潘美玲,白金,基隆市,2002-01-01,2023-09-26,2026-04-30
M007157,羅俊傑,一般,基隆市,1977-03-22,2017-07-21,2026-04-30
M000615,林雅雯,白金,桃園市,1965-12-13,2017-02-20,2026-04-30
M005385,吳雅婷,金卡,台中市,1978-11-21,2020-03-17,2026-04-30
M003872,賴宗翰,一般,新北市,1994-01-23,2016-01-22,2026-04-30
M004365,鄭淑芬,一般,宜蘭縣,1990-09-06,2021-02-09,2026-04-30
M005998,洪郁婷,銀卡,台北市,1991-11-16,2023-05-29,2026-04-30
M003103,徐雅婷,銀卡,高雄市,1997-07-09,2025-06-30,2026-04-30
M004411,陳美玲,金卡,台北市,1991-05-31,2016-10-12,2026-05-31
M001857,蘇雅雯,白金,桃園市,1984-02-05,2025-02-23,2026-04-30
M001393,曾雅雯,一般,台南市,1983-04-06,2015-12-10,2026-04-30
M006038,潘彥廷,一般,新北市,1981-03-12,2018-07-26,2026-04-30
M003389,廖欣怡,白金,基隆市,1977-09-04,2022-12-28,2026-04-30
M007211,劉彥廷,銀卡,台中市,1980-05-17,2024-04-13,2026-04-30
M005884,王俊傑,銀卡,彰化縣,1965-04-23,2020-08-20,2026-04-30
M004579,洪郁婷,白金,台南市,1964-08-09,2018-09-03,2026-04-30
M005815,楊建宏,金卡,台中市,1994-08-26,2016-10-11,2026-04-30
M004142,徐家豪,一般,新竹市,1978-09-01,2018-02-18,2026-04-30
M001865,莊柏翰,一般,台北市,1975-04-24,2017-06-13,2026-04-30
M003664,莊詩涵,金卡,台南市,1966-12-01,2024-02-23,2026-04-30
M001122,楊詩涵,白金,彰化縣,1968-03-16,2024-06-24,2026-04-30
M005089,許俊宏,白金,台中市,1977-07-22,2025-08-24,2026-04-30
M007419,周淑芬,白金,新北市,1963-08-19,2022-02-06,2026-04-30
M005933,潘家豪,一般,宜蘭縣,1984-02-28,2023-05-24,2026-04-30
M003019,洪建宏,白金,台中市,1980-04-08,2022-02-13,2026-04-30
M001548,謝建宏,一般,基隆市,1983-11-23,2019-12-14,2026-04-30
M001219,周淑芬,白金,彰化縣,1989-02-20,2022-10-25,2026-04-30
M007963,吳雅雯,金卡,宜蘭縣,2002-09-18,2016-08-11,2026-04-30
M006678,蕭承翰,銀卡,彰化縣,1991-09-19,2024-04-03,2026-04-30
M001889,蘇宗翰,金卡,新竹市,1988-05-09,2015-01-30,2026-04-30
M000755,曾怡君,白金,宜蘭縣,1971-09-22,2018-05-06,2026-04-30
M000298,邱美玲,銀卡,基隆市,1977-03-22,2022-11-23,2026-04-30
M001093,洪詩涵,金卡,宜蘭縣,1989-09-05,2020-10-09,2026-04-30
M002273,莊怡君,金卡,台南市,1969-11-23,2023-12-29,2026-06-30
M003526,曾淑芬,一般,新北市,1996-09-27,2020-01-02,2026-04-30
M004160,王承翰,白金,桃園市,1965-06-08,2016-06-01,2026-04-30
M007632,鄭俊傑,白金,台中市,1964-07-01,2015-10-03,2026-04-30
M000193,徐建宏,金卡,桃園市,1974-11-09,2023-10-06,2026-04-30
M004358,邱淑芬,銀卡,宜蘭縣,1971-03-08,2017-02-11,2026-04-30
M004258,王宗翰,銀卡,彰化縣,1991-06-30,2022-09-17,2026-04-30
M004361,黃詩涵,銀卡,台北市,1999-05-02,2025-04-22,2026-04-30
M007944,楊承翰,金卡,台中市,1985-04-30,2019-09-25,2026-04-30
M007546,李俊宏,一般,台南市,1994-01-23,2017-11-19,2026-04-30
M006726,江欣怡,銀卡,彰化縣,1995-07-14,2020-08-28,2026-04-30
M000868,周佩珊,銀卡,高雄市,2002-10-12,2021-01-06,2026-06-30
M004539,張建宏,一般,高雄市,1985-11-26,2017-04-06,2026-04-30
M005272,林彥廷,金卡,彰化縣,1979-11-04,2017-10-01,2026-04-30
M005082,楊家豪,白金,台北市,1967-11-17,2020-08-06,2026-04-30
M000267,廖承翰,金卡,宜蘭縣,1965-05-17,2024-05-12,2026-04-30
M001362,廖郁婷,金卡,高雄市,1986-04-03,2015-04-04,2026-04-30
M003745,曾美玲,白金,台南市,1975-07-16,2020-07-03,2026-04-30
M001105,賴俊傑,白金,桃園市,1972-10-12,2017-10-20,2026-06-30
M001337,鄭彥廷,一般,高雄市,1971-09-22,2015-10-22,2026-04-30
M002185,鄭心怡,金卡,新北市,1965-05-05,2016-10-30,2026-04-30
M007684,劉承翰,銀卡,桃園市,1998-09-26,2022-10-29,2026-04-30
M007046,謝雅雯,銀卡,台北市,1976-09-13,2024-01-13,2026-04-30
M001324,郭柏翰,金卡,台中市,1977-08-19,2022-12-31,2026-05-31
M006819,呂欣怡,銀卡,宜蘭縣,1960-12-09,2022-05-13,2026-04-30
M002717,賴承翰,白金,台中市,1960-04-18,2021-07-04,2026-04-30
M006012,張詩涵,銀卡,彰化縣,1998-04-10,2017-03-29,2026-04-30
M001470,蕭宗翰,白金,高雄市,1963-07-25,2018-12-18,2026-04-30
M007092,吳俊宏,金卡,台北市,1982-10-04,2020-05-26,2026-04-30
M005104,葉佩珊,一般,桃園市,1969-10-07,2021-04-01,2026-04-30
M004399,陳怡君,銀卡,高雄市,1988-06-02,2023-03-09,2026-04-30
M007058,劉郁婷,一般,N/A,1979-03-22,2021-01-03,2026-04-30
M001055,李建宏,白金,基隆市,1977-07-23,2023-08-16,2026-04-30
M000684,潘俊宏,白金,新北市,1976-06-08,2025-03-04,2026-04-30
M004288,李彥廷,銀卡,高雄市,1900-01-01,2016-09-21,2026-04-30
M003983,何雅雯,金卡,基隆市,1900-01-01,2015-11-04,2026-04-30
M001763,呂詩涵,白金,台南市,1979-03-12,2022-11-07,2026-04-30
M001498,郭宗翰,一般,桃園市,1967-10-11,2024-08-07,2026-04-30
M002596,葉雅婷,金卡,台南市,1995-01-24,2023-10-12,2026-04-30
M003482,呂俊宏,一般,基隆市,1961-12-10,2024-11-09,2026-04-30
M002200,葉宗翰,白金,台南市,1977-05-03,2017-05-28,2026-04-30
M004577,江俊宏,一般,彰化縣,1972-09-15,2020-08-19,2026-04-30
M004068,羅雅雯,金卡,宜蘭縣,1985-06-17,2019-07-24,2026-04-30
M006251,周俊傑,一般,新竹市,1968-12-01,2019-01-19,2026-04-30
M005241,張建宏,白金,新竹市,1977-12-13,2020-05-02,2026-04-30
M001137,潘家豪,一般,高雄市,1989-03-30,2016-10-07,2026-04-30
M001728,郭宗翰,白金,台南市,1979-06-11,2016-03-15,2026-04-30
M004843,羅建宏,一般,桃園市,1962-03-08,2021-04-24,2026-04-30
M003242,張淑芬,白金,宜蘭縣,2000-11-10,2017-03-01,2026-04-30
M007580,徐美玲,金卡,基隆市,1993-04-21,2018-07-06,2026-04-30
M006058,高欣怡,一般,台南市,1965-08-14,2019-09-27,2026-04-30
M006144,邱冠宇,金卡,宜蘭縣,1979-12-09,2025-08-22,2026-04-30
M006257,蘇欣怡,金卡,基隆市,2001-02-19,2024-04-28,2026-06-30
M002653,邱欣怡,銀卡,台北市,1967-02-22,2024-03-25,2026-05-31
M006181,曾家豪,白金,新北市,1967-12-01,2025-05-10,2026-04-30
M001293,蘇俊宏,白金,新北市,2003-08-27,2020-03-17,2026-04-30
M002506,徐心怡,白金,宜蘭縣,1900-01-01,2017-07-20,2026-04-30
M004648,徐郁婷,一般,台南市,1969-11-05,2024-11-04,2026-04-30
M001615,何家豪,銀卡,彰化縣,1966-09-09,2017-12-07,2026-04-30
M003583,何家豪,金卡,基隆市,1900-01-01,2020-09-18,2026-04-30
M006734,羅詩涵,白金,新竹市,1991-03-18,2019-08-06,2026-04-30
M003880,賴彥廷,白金,高雄市,1982-11-01,2016-07-16,2026-05-31
M005718,莊詩涵,銀卡,彰化縣,1972-09-05,2025-11-19,2026-04-30
M002614,王承翰,白金,基隆市,1970-06-13,2025-08-11,2026-04-30
M005167,高冠宇,銀卡,基隆市,1974-11-11,2019-05-27,2026-04-30
M005948,賴怡君,白金,彰化縣,1968-09-24,2019-07-01,2026-04-30
M003201,吳雅雯,金卡,宜蘭縣,1993-11-06,2022-03-17,2026-04-30
M001628,許美玲,一般,基隆市,1983-05-06,2024-12-23,2026-04-30
M002162,賴欣怡,白金,新竹市,1971-12-09,2023-03-03,2026-04-30
M004753,洪承翰,白金,台北市,1992-01-15,2023-12-20,2026-04-30
M005281,蕭家豪,白金,新北市,1967-08-20,2015-01-22,2026-05-31
M000610,鄭志明,金卡,彰化縣,1970-05-21,2021-10-18,2026-04-30
M002311,羅欣怡,銀卡,新北市,1977-11-18,2016-01-05,2026-05-31
M006775,徐詩涵,白金,台南市,1988-05-16,2015-04-07,2026-04-30
M005616,蘇怡君,白金,台南市,2001-07-22,2016-04-08,2026-04-30
M000035,廖欣怡,金卡,桃園市,1984-03-11,2017-04-17,2026-04-30
