order_id,member_id,product_id,channel,order_status,quantity,currency,amount,coupon_discount,order_created_at,departure_date,updated_at
ORD00108750,M005835,P00101,app,paid,4,USD,8298.89,0.0,2026-07-03T01:56:40+08:00,2026-09-23,2026-07-04T01:39:40+08:00
ORD00110734,M001363,P00256,電銷,created,1,JPY,904086.0,800.0,2026-07-03T01:42:34+08:00,2026-10-22,2026-07-05T02:47:34+08:00
ORD00085627,M006062,P00127,app,cancelled,1,TWD,56572.0,950.0,2026-05-30T04:42:38+08:00,2026-08-04,2026-07-03T18:08:45+08:00
ORD00110697,M007598,P00206,web,created,1,TWD,154590.0,750.0,2026-07-03T00:45:12+08:00,2026-08-04,2026-07-04T18:53:12+08:00
ORD00108949,M002064,P00282,app,paid,4,JPY,3641225.0,900.0,2026-07-03T13:33:55+08:00,2026-08-09,2026-07-05T23:08:55+08:00
ORD00036163,M000774,P00064,電銷,completed,3,TWD,80981.0,50.0,2026-05-04T04:50:58+08:00,2026-06-28,2026-07-03T11:59:12+08:00
ORD00109865,M000432,P00026,門市,paid,3,TWD,371799.0,500.0,2026-07-03T07:10:13+08:00,2026-07-20,2026-07-05T18:20:13+08:00
ORD00110813,M007300,P00055,電銷,paid,2,TWD,277941.0,0.0,2026-07-03T18:39:44+08:00,2026-09-12,2026-07-04T03:51:44+08:00
ORD00014824,M005299,P00292,web,completed,3,TWD,538244.0,850.0,2026-06-07T09:18:38+08:00,2026-07-31,2026-07-03T07:24:04+08:00
ORD00085889,M002096,P00066,web,cancelled,2,TWD,333086.0,300.0,2026-05-22T06:25:48+08:00,2026-08-28,2026-07-03T01:27:42+08:00
ORD00108405,M006917,P00197,web,paid,3,USD,7472.36,250.0,2026-07-03T22:02:27+08:00,2026-10-15,2026-07-06T11:45:27+08:00
ORD00109572,M001866,P00284,web,created,2,USD,7628.51,50.0,2026-07-03T04:30:24+08:00,2026-08-21,2026-07-03T09:49:24+08:00
ORD00111397,M001699,P00204,門市,paid,4,USD,24417.7,600.0,2026-07-03T15:21:51+08:00,2026-10-07,2026-07-05T13:36:51+08:00
ORD00111417,M002520,P00289,app,created,1,USD,2961.64,750.0,2026-07-03T13:37:42+08:00,2026-08-29,2026-07-05T00:56:42+08:00
ORD00111505,M004832,P00094,app,paid,1,TWD,142615.0,750.0,2026-07-03T00:49:12+08:00,2026-09-09,2026-07-04T20:55:12+08:00
ORD00110690,M001013,P00148,web,paid,3,TWD,83760.0,650.0,2026-07-03T17:26:19+08:00,2026-08-03,2026-07-04T08:32:19+08:00
ORD00038267,M003229,P00126,app,completed,1,USD,923.59,450.0,2026-06-16T04:03:22+08:00,2026-08-10,2026-07-03T07:50:12+08:00
ORD00109756,M002814,P00147,電銷,created,1,TWD,152319.0,0.0,2026-07-03T09:48:16+08:00,2026-10-24,2026-07-05T23:32:16+08:00
ORD00109494,M007550,P00229,門市,created,4,TWD,620041.0,550.0,2026-07-03T01:23:43+08:00,2026-08-26,2026-07-04T05:30:43+08:00
ORD00110722,M003395,P00050,門市,paid,1,TWD,2911.0,900.0,2026-07-03T12:58:02+08:00,2026-07-19,2026-07-04T03:51:02+08:00
ORD00108362,M003175,P00090,電銷,created,2,TWD,290122.0,100.0,2026-07-03T21:11:59+08:00,2026-08-02,2026-07-05T16:49:59+08:00
ORD00108256,M000632,P00225,門市,created,2,TWD,84759.0,750.0,2026-07-03T17:28:20+08:00,2026-07-30,2026-07-04T03:37:20+08:00
ORD00109474,M002663,P00279,門市,paid,2,USD,6811.35,700.0,2026-07-03T18:10:01+08:00,2026-07-11,2026-07-06T09:12:01+08:00
ORD00108638,M005441,P00087,門市,paid,2,USD,10388.6,600.0,2026-07-03T06:54:25+08:00,2026-08-31,2026-07-03T18:03:25+08:00
ORD00044101,M005227,P00002,電銷,completed,3,TWD,244328.0,350.0,2026-05-13T08:29:30+08:00,2026-07-16,2026-07-03T10:22:53+08:00
ORD00109813,M007970,P00065,門市,paid,3,JPY,3266745.0,0.0,2026-07-03T01:51:28+08:00,2026-07-27,2026-07-05T02:37:28+08:00
ORD00110706,M007381,P00218,web,paid,2,TWD,63021.0,50.0,2026-07-03T08:26:14+08:00,2026-07-14,2026-07-04T22:49:14+08:00
ORD00111582,M004581,P00118,電銷,paid,4,TWD,422300.0,50.0,2026-07-03T06:24:53+08:00,2026-10-17,2026-07-05T04:27:53+08:00
ORD00109086,M005741,P00089,門市,paid,2,TWD,171013.0,200.0,2026-07-03T17:38:58+08:00,2026-08-25,2026-07-05T14:58:58+08:00
ORD00108387,M001753,P00042,電銷,created,2,TWD,257453.0,350.0,2026-07-03T03:03:36+08:00,2026-09-21,2026-07-03T19:42:36+08:00
ORD00111939,M002231,P00170,web,created,3,TWD,176032.0,50.0,2026-07-03T04:17:23+08:00,2026-07-31,2026-07-04T11:25:23+08:00
ORD00108065,M007185,P00091,門市,created,1,JPY,470348.0,800.0,2026-07-03T22:57:37+08:00,2026-07-18,2026-07-05T08:08:37+08:00
ORD00111288,M003443,P00172,web,paid,4,TWD,620526.0,350.0,2026-07-03T17:53:29+08:00,2026-07-25,2026-07-05T19:11:29+08:00
ORD00110525,M005742,P00091,門市,created,4,TWD,369402.0,450.0,2026-07-03T06:45:27+08:00,2026-10-04,2026-07-04T16:14:27+08:00
ORD00108624,M005524,P00279,電銷,paid,4,TWD,443214.0,350.0,2026-07-03T19:13:01+08:00,2026-07-21,2026-07-04T22:07:01+08:00
ORD00109635,M002832,P00100,電銷,created,3,TWD,524652.0,200.0,2026-07-03T13:09:35+08:00,2026-08-01,2026-07-04T01:57:35+08:00
ORD00108104,M002892,P00089,app,paid,3,TWD,290433.0,650.0,2026-07-03T06:00:36+08:00,2026-10-27,2026-07-05T23:04:36+08:00
ORD00111678,M002161,P00276,web,paid,4,JPY,3567051.0,250.0,2026-07-03T21:13:52+08:00,2026-09-07,2026-07-06T15:51:52+08:00
ORD00110731,M005439,P00116,門市,paid,1,TWD,69096.0,700.0,2026-07-03T05:10:49+08:00,2026-10-27,2026-07-03T15:52:49+08:00
ORD00082281,M002163,P00164,app,completed,2,USD,2576.87,200.0,2026-06-07T09:58:25+08:00,2026-07-20,2026-07-03T14:25:43+08:00
ORD00109812,M007840,P00206,web,paid,1,TWD,168844.0,550.0,2026-07-03T13:17:54+08:00,2026-10-01,2026-07-04T10:40:54+08:00
ORD00108364,M001747,P00079,門市,paid,2,TWD,105159.0,650.0,2026-07-03T17:30:38+08:00,2026-09-24,2026-07-05T22:42:38+08:00
ORD00111255,M004838,P00214,app,paid,4,TWD,580125.0,950.0,2026-07-03T18:50:15+08:00,2026-08-11,2026-07-05T14:15:15+08:00
ORD00111259,M005413,P00150,web,paid,3,TWD,530912.0,0.0,2026-07-03T08:15:54+08:00,2026-10-02,2026-07-05T08:44:54+08:00
ORD00111179,M003551,P00142,電銷,paid,4,TWD,764880.0,300.0,2026-07-03T23:50:38+08:00,2026-10-03,2026-07-04T13:02:38+08:00
ORD00111140,M003912,P00221,電銷,created,2,USD,8312.22,700.0,2026-07-03T04:33:42+08:00,2026-07-19,2026-07-04T10:07:42+08:00
ORD00091856,M004695,P00223,web,cancelled,4,TWD,671506.0,250.0,2026-06-10T17:17:28+08:00,2026-09-26,2026-07-03T03:07:35+08:00
ORD00111455,M002079,P00270,app,paid,2,TWD,53833.0,850.0,2026-07-03T03:16:05+08:00,2026-09-02,2026-07-05T02:57:05+08:00
ORD00110903,M001822,P00298,web,paid,1,TWD,97883.0,400.0,2026-07-03T21:31:08+08:00,2026-09-14,2026-07-05T03:45:08+08:00
ORD00108368,M005379,P00210,web,paid,3,TWD,564528.0,250.0,2026-07-03T19:16:16+08:00,2026-09-23,2026-07-05T21:56:21+08:00
ORD00020901,M005951,P00222,app,completed,4,TWD,182073.0,50.0,2026-05-15T02:30:49+08:00,2026-08-20,2026-07-03T21:19:14+08:00
ORD00099636,M001371,P00227,app,completed,2,TWD,317553.0,450.0,2026-06-14T08:36:05+08:00,2026-09-27,2026-07-03T11:39:15+08:00
ORD00110559,M003744,P00014,門市,paid,1,TWD,127196.0,900.0,2026-07-03T09:37:24+08:00,2026-08-25,2026-07-05T16:17:24+08:00
ORD00111808,M000882,P00129,web,paid,4,TWD,650021.0,850.0,2026-07-03T02:26:28+08:00,2026-09-28,2026-07-05T09:10:28+08:00
ORD00011199,M000504,P00127,門市,cancelled,3,USD,5467.81,550.0,2026-06-30T13:39:23+08:00,2026-10-26,2026-07-03T04:58:08+08:00
ORD00111009,M001633,P00019,web,paid,1,TWD,83873.0,700.0,2026-07-03T07:22:00+08:00,2026-07-29,2026-07-04T11:33:00+08:00
ORD00108043,M005618,P00027,門市,paid,1,TWD,139415.0,400.0,2026-07-03T20:57:27+08:00,2026-07-14,2026-07-05T08:19:27+08:00
ORD00110155,M006109,P00128,門市,created,3,TWD,550333.0,850.0,2026-07-03T15:04:38+08:00,2026-08-27,2026-07-06T05:02:38+08:00
ORD00111874,M001671,P00145,web,paid,4,USD,12274.36,550.0,2026-07-03T18:48:50+08:00,2026-08-07,2026-07-03T19:58:50+08:00
ORD00111969,M004924,P00063,門市,created,1,USD,5585.45,400.0,2026-07-03T17:52:02+08:00,2026-09-04,2026-07-05T12:51:02+08:00
ORD00108973,M003926,P00109,電銷,paid,2,TWD,91550.0,650.0,2026-07-03T11:29:35+08:00,2026-10-24,2026-07-03T20:14:35+08:00
ORD00109144,M006700,P00142,電銷,paid,2,TWD,394854.0,650.0,2026-07-03T17:14:09+08:00,2026-10-23,2026-07-04T14:03:09+08:00
ORD00108508,M002019,P00087,門市,paid,4,TWD,877019.0,50.0,2026-07-03T16:09:16+08:00,2026-10-20,2026-07-05T00:51:16+08:00
ORD00108600,M007723,P00292,門市,paid,4,USD,20802.3,800.0,2026-07-03T21:35:03+08:00,2026-10-21,2026-07-04T17:59:03+08:00
ORD00111277,M002819,P00015,web,paid,2,TWD,109496.0,100.0,2026-07-03T09:58:34+08:00,2026-09-16,2026-07-05T18:02:34+08:00
ORD00108545,M006510,P00138,app,created,1,TWD,73116.0,50.0,2026-07-03T05:43:40+08:00,2026-09-28,2026-07-05T08:26:40+08:00
ORD00008588,M001324,P00084,電銷,completed,3,TWD,146411.0,400.0,2026-06-20T10:19:46+08:00,2026-09-16,2026-07-03T03:45:46+08:00
ORD00108823,M005488,P00003,app,paid,4,TWD,370904.0,200.0,2026-07-03T00:43:55+08:00,2026-10-17,2026-07-03T12:50:55+08:00
ORD00111313,M006036,P00229,app,paid,4,TWD,673613.0,250.0,2026-07-03T16:49:22+08:00,2026-10-08,2026-07-05T16:16:22+08:00
ORD00041463,M000762,P00193,電銷,cancelled,4,TWD,705801.0,450.0,2026-05-27T17:52:56+08:00,2026-09-15,2026-07-03T03:39:08+08:00
ORD00111304,M004033,P00010,web,paid,3,TWD,444194.0,350.0,2026-07-03T03:15:31+08:00,2026-10-19,2026-07-04T16:32:31+08:00
ORD00108004,M004960,P00102,web,paid,4,TWD,154168.0,450.0,2026-07-03T12:39:20+08:00,2026-07-17,2026-07-05T16:55:20+08:00
ORD00110216,M000109,P00026,web,created,2,TWD,273519.0,250.0,2026-07-03T03:31:38+08:00,2026-10-01,2026-07-04T04:45:38+08:00
ORD00018998,M005310,P00260,app,completed,2,USD,7188.62,950.0,2026-05-06T21:12:54+08:00,2026-06-12,2026-07-03T15:44:45+08:00
ORD00108665,M001598,P00141,電銷,paid,4,TWD,279779.0,950.0,2026-07-03T20:55:08+08:00,2026-09-02,2026-07-05T22:57:08+08:00
ORD00110608,M006141,P00195,web,paid,3,TWD,169812.0,300.0,2026-07-03T01:54:31+08:00,2026-08-30,2026-07-05T05:22:31+08:00
ORD00111968,M002752,P00142,門市,created,2,TWD,360598.0,300.0,2026-07-03T17:03:22+08:00,2026-10-04,2026-07-04T15:33:22+08:00
ORD00110312,M005423,P00076,app,paid,3,JPY,69096.0,950.0,2026-07-03T04:15:29+08:00,2026-07-30,2026-07-05T00:18:29+08:00
ORD00108864,M003165,P00274,門市,paid,3,TWD,341261.0,800.0,2026-07-03T03:15:05+08:00,2026-08-29,2026-07-03T17:22:05+08:00
ORD00111270,M001610,P00255,app,paid,3,TWD,537485.0,750.0,2026-07-03T04:59:49+08:00,2026-09-27,2026-07-03T05:31:49+08:00
ORD00108972,M004863,P00275,web,paid,3,USD,10009.47,100.0,2026-07-03T06:52:57+08:00,2026-08-10,2026-07-04T20:09:57+08:00
ORD00111608,M005738,P00124,web,paid,4,TWD,176550.0,900.0,2026-07-03T01:58:12+08:00,2026-08-27,2026-07-04T22:28:12+08:00
ORD00108935,M005035,P00075,app,paid,3,TWD,55704.0,950.0,2026-07-03T23:45:39+08:00,2026-10-29,2026-07-04T01:09:39+08:00
ORD00111072,M000512,P00151,web,paid,3,TWD,196901.0,700.0,2026-07-03T05:40:58+08:00,2026-08-10,2026-07-05T03:06:58+08:00
ORD00108736,M003505,P00168,門市,paid,2,TWD,240173.0,0.0,2026-07-03T04:01:20+08:00,2026-09-25,2026-07-03T22:01:20+08:00
ORD00111990,M007940,P00132,電銷,paid,2,TWD,107670.0,150.0,2026-07-03T00:26:40+08:00,2026-09-21,2026-07-05T07:05:40+08:00
ORD00110241,M001870,P00282,app,paid,3,USD,20358.84,200.0,2026-07-03T02:48:23+08:00,2026-07-17,2026-07-04T18:36:23+08:00
ORD00014660,M005286,P00299,app,completed,1,USD,709.23,250.0,2026-05-07T14:02:29+08:00,2026-07-27,2026-07-03T08:22:23+08:00
ORD00111565,M007444,P00245,門市,created,4,JPY,2451729.0,300.0,2026-07-03T21:26:06+08:00,2026-10-14,2026-07-04T21:55:06+08:00
ORD00111037,M006951,P00213,app,paid,3,USD,11386.51,150.0,2026-07-03T05:18:40+08:00,2026-10-10,2026-07-04T06:57:40+08:00
ORD00108120,M006681,P00221,web,paid,3,USD,9857.96,950.0,2026-07-03T00:38:40+08:00,2026-07-17,2026-07-03T22:51:40+08:00
ORD00108223,M000020,P00064,app,created,1,TWD,25325.0,650.0,2026-07-03T21:03:21+08:00,2026-10-10,2026-07-05T19:24:21+08:00
ORD00110121,M003040,P00204,app,paid,2,USD,10948.07,950.0,2026-07-03T17:04:03+08:00,2026-08-20,2026-07-06T08:16:03+08:00
ORD00108831,M005771,P00109,電銷,paid,1,JPY,204598.0,200.0,2026-07-03T23:07:37+08:00,2026-08-10,2026-07-06T07:42:37+08:00
ORD00108492,M002412,P00254,門市,paid,4,USD,417.93,200.0,2026-07-03T07:38:10+08:00,2026-10-16,2026-07-04T00:37:10+08:00
ORD00110993,M002262,P00133,web,paid,2,TWD,10033.0,400.0,2026-07-03T16:59:11+08:00,2026-09-10,2026-07-04T13:51:11+08:00
ORD00108006,M000214,P00057,門市,created,3,USD,12179.09,500.0,2026-07-03T12:51:49+08:00,2026-08-19,2026-07-05T19:55:49+08:00
ORD00110255,M003929,P00214,電銷,paid,1,TWD,143541.0,550.0,2026-07-03T14:06:57+08:00,2026-09-19,2026-07-04T10:11:57+08:00
ORD00110224,M000327,P00119,web,paid,2,TWD,363464.0,350.0,2026-07-03T18:11:18+08:00,2026-08-25,2026-07-04T08:06:18+08:00
ORD00109174,M004962,P00159,web,paid,3,TWD,155214.0,100.0,2026-07-03T21:45:56+08:00,2026-09-24,2026-07-05T04:48:56+08:00
ORD00108357,M001748,P00229,電銷,paid,3,JPY,2924345.0,850.0,2026-07-03T18:28:02+08:00,2026-10-02,2026-07-06T06:58:02+08:00
ORD00108639,M007155,P00133,web,created,3,TWD,13348.0,0.0,2026-07-03T18:19:39+08:00,2026-08-27,2026-07-05T04:05:39+08:00
ORD00111880,M006992,P00145,app,created,2,TWD,142657.0,900.0,2026-07-03T08:33:03+08:00,2026-07-22,2026-07-04T20:09:03+08:00
ORD00111118,M005229,P00171,門市,paid,3,TWD,225067.0,650.0,2026-07-03T20:20:14+08:00,2026-07-18,2026-07-04T20:01:14+08:00
ORD00111845,M007131,P00177,web,paid,4,USD,2966.44,950.0,2026-07-03T08:01:59+08:00,2026-07-27,2026-07-04T00:33:59+08:00
ORD00111380,M005624,P00101,web,paid,1,TWD,57147.0,700.0,2026-07-03T03:41:06+08:00,2026-10-20,2026-07-05T17:07:06+08:00
ORD00087060,M001075,P00178,web,completed,3,TWD,98451.0,400.0,2026-06-09T15:02:09+08:00,2026-08-08,2026-07-03T09:28:40+08:00
ORD00097158,M001216,P00179,web,completed,4,TWD,577640.0,450.0,2026-05-10T01:34:14+08:00,2026-08-08,2026-07-03T10:18:33+08:00
ORD00108041,M000650,P00023,門市,paid,1,TWD,218036.0,100.0,2026-07-03T10:59:41+08:00,2026-08-07,2026-07-05T11:35:41+08:00
ORD00111943,M006665,P00248,app,created,3,USD,2125.89,950.0,2026-07-03T01:29:59+08:00,2026-08-15,2026-07-03T06:22:59+08:00
ORD00110371,M003353,P00158,web,created,2,TWD,88084.0,150.0,2026-07-03T03:59:20+08:00,2026-10-09,2026-07-03T19:39:20+08:00
ORD00110970,M004654,P00241,門市,paid,2,TWD,361973.0,250.0,2026-07-03T19:21:09+08:00,2026-09-16,2026-07-04T18:19:09+08:00
ORD00111447,M006813,P00160,門市,paid,4,TWD,67508.0,550.0,2026-07-03T21:40:35+08:00,2026-07-23,2026-07-04T03:51:35+08:00
ORD00111167,M002745,P00134,電銷,paid,4,USD,16760.51,200.0,2026-07-03T13:45:42+08:00,2026-07-17,2026-07-04T22:11:42+08:00
ORD00110759,M006105,P00262,門市,created,1,USD,7751.53,300.0,2026-07-03T19:06:09+08:00,2026-08-20,2026-07-03T21:11:09+08:00
ORD00111917,M003614,P00147,app,created,3,USD,19168.8,200.0,2026-07-03T03:03:18+08:00,2026-08-07,2026-07-03T04:40:18+08:00
ORD00111890,M003085,P00252,web,created,2,TWD,135281.0,600.0,2026-07-03T05:58:23+08:00,2026-10-09,2026-07-04T20:52:23+08:00
ORD00109470,M001914,P00109,web,created,1,USD,1530.13,850.0,2026-07-03T16:23:47+08:00,2026-08-18,2026-07-05T01:57:47+08:00
ORD00109078,M002873,P00007,web,paid,2,USD,3370.02,850.0,2026-07-03T12:59:31+08:00,2026-08-06,2026-07-04T03:59:31+08:00
ORD00110542,M003565,P00240,電銷,paid,1,TWD,99910.0,0.0,2026-07-03T19:54:13+08:00,2026-09-15,2026-07-05T12:53:13+08:00
ORD00108328,M007297,P00300,web,created,4,USD,11656.14,350.0,2026-07-03T10:57:54+08:00,2026-10-27,2026-07-05T08:30:54+08:00
ORD00110189,M006080,P00231,電銷,created,2,TWD,371311.0,650.0,2026-07-03T05:43:52+08:00,2026-10-18,2026-07-03T07:32:52+08:00
ORD00111581,M000386,P00154,web,created,4,JPY,2406362.0,150.0,2026-07-03T03:59:04+08:00,2026-10-08,2026-07-04T11:56:04+08:00
ORD00109517,M005561,P00161,電銷,paid,1,USD,6657.17,450.0,2026-07-03T10:22:50+08:00,2026-08-25,2026-07-05T07:17:50+08:00
ORD00108267,M007629,P00109,app,paid,1,TWD,47870.0,550.0,2026-07-03T02:00:40+08:00,2026-10-30,2026-07-05T18:05:40+08:00
ORD00109387,M001872,P00255,web,created,2,TWD,443172.0,50.0,2026-07-03T13:27:30+08:00,2026-08-13,2026-07-06T05:34:30+08:00
ORD00109126,M006249,P00123,app,created,3,TWD,202392.0,0.0,2026-07-03T03:55:25+08:00,2026-09-25,2026-07-04T19:27:25+08:00
ORD00083651,M007964,P00044,電銷,completed,2,TWD,89634.0,0.0,2026-05-29T08:42:36+08:00,2026-08-05,2026-07-03T03:35:16+08:00
ORD00085400,M005846,P00005,電銷,cancelled,2,TWD,210536.0,300.0,2026-06-07T00:40:50+08:00,2026-08-29,2026-07-03T05:06:16+08:00
ORD00089216,M002822,P00081,電銷,cancelled,4,USD,16958.07,900.0,2026-05-30T22:38:08+08:00,2026-08-03,2026-07-03T18:59:57+08:00
ORD00111289,M007927,P00049,電銷,created,1,USD,542.61,350.0,2026-07-03T11:00:55+08:00,2026-09-01,2026-07-04T12:41:55+08:00
ORD00108679,M003295,P00018,app,paid,1,USD,3757.37,500.0,2026-07-03T08:27:21+08:00,2026-10-22,2026-07-05T08:35:21+08:00
ORD00023433,M000063,P00094,電銷,completed,4,TWD,585979.0,0.0,2026-06-22T08:59:56+08:00,2026-08-15,2026-07-03T23:12:51+08:00
ORD00003852,M007438,P00049,門市,cancelled,1,TWD,16490.0,200.0,2026-05-15T07:49:05+08:00,2026-09-11,2026-07-03T04:39:57+08:00
ORD00111089,M005334,P00079,電銷,paid,4,USD,4827.58,150.0,2026-07-03T21:38:21+08:00,2026-10-05,2026-07-05T18:55:21+08:00
ORD00109527,M003836,P00082,電銷,paid,1,USD,5639.49,650.0,2026-07-03T03:22:44+08:00,2026-10-06,2026-07-05T16:46:44+08:00
ORD00109231,M003006,P00203,電銷,paid,4,TWD,432975.0,50.0,2026-07-03T01:21:30+08:00,2026-10-21,2026-07-05T15:16:30+08:00
ORD00109778,M002276,P00039,門市,paid,4,TWD,611085.0,450.0,2026-07-03T05:12:22+08:00,2026-09-03,2026-07-04T19:33:22+08:00
ORD00109905,M003753,P00060,門市,created,4,TWD,474777.0,800.0,2026-07-03T06:59:11+08:00,2026-09-06,2026-07-04T18:38:11+08:00
ORD00029964,M007659,P00290,電銷,completed,2,USD,7428.22,500.0,2026-05-02T09:38:13+08:00,2026-06-09,2026-07-03T22:05:36+08:00
ORD00110401,M007644,P00256,電銷,created,3,USD,19896.33,50.0,2026-07-03T23:50:06+08:00,2026-10-13,2026-07-06T04:29:06+08:00
ORD00110909,M007100,P00189,電銷,paid,3,USD,8057.62,500.0,2026-07-03T18:01:08+08:00,2026-09-24,2026-07-06T12:33:08+08:00
ORD00111933,M002581,P00184,電銷,created,2,TWD,336722.0,200.0,2026-07-03T20:19:26+08:00,2026-08-18,2026-07-06T09:15:26+08:00
ORD00110426,M003561,P00074,電銷,paid,2,TWD,332694.0,500.0,2026-07-03T11:22:12+08:00,2026-10-10,2026-07-06T01:47:12+08:00
ORD00109889,M004113,P00092,門市,created,1,USD,6056.57,550.0,2026-07-03T11:32:45+08:00,2026-07-17,2026-07-03T14:46:45+08:00
ORD00110953,M001678,P00077,app,paid,2,TWD,459867.0,850.0,2026-07-03T20:09:04+08:00,2026-08-23,2026-07-04T12:04:04+08:00
ORD00083916,M007723,P00037,電銷,completed,4,TWD,403783.0,0.0,2026-06-01T14:49:01+08:00,2026-09-28,2026-07-03T10:36:11+08:00
ORD00109160,M007896,P00180,web,paid,3,TWD,354912.0,550.0,2026-07-03T07:38:12+08:00,2026-09-25,2026-07-04T08:54:12+08:00
ORD00108332,M005476,P00272,門市,paid,1,TWD,137386.0,250.0,2026-07-03T17:08:33+08:00,2026-07-30,2026-07-06T10:51:33+08:00
ORD00074709,M003386,P00119,電銷,cancelled,4,USD,19721.34,550.0,2026-06-05T10:47:34+08:00,2026-09-11,2026-07-03T20:32:42+08:00
ORD00111432,M000403,P00055,web,paid,3,TWD,340257.0,850.0,2026-07-03T12:58:39+08:00,2026-07-18,2026-07-04T18:04:39+08:00
ORD00111921,M005820,P00206,app,paid,4,USD,24077.6,50.0,2026-07-03T01:42:20+08:00,2026-10-30,2026-07-04T20:37:20+08:00
ORD00111548,M006861,P00210,web,created,2,TWD,322360.0,850.0,2026-07-03T05:20:27+08:00,2026-07-27,2026-07-05T02:06:27+08:00
ORD00007429,M003282,P00157,app,cancelled,1,TWD,89790.0,350.0,2026-06-17T07:54:21+08:00,2026-06-25,2026-07-03T10:49:04+08:00
ORD00109371,M007446,P00298,web,created,3,USD,10201.11,950.0,2026-07-03T02:20:49+08:00,2026-08-02,2026-07-04T00:09:49+08:00
ORD00108886,M006635,P00095,門市,created,3,TWD,660705.0,900.0,2026-07-03T00:11:28+08:00,2026-10-13,2026-07-03T03:59:28+08:00
ORD00108244,M007619,P00261,門市,created,3,TWD,13484.0,0.0,2026-07-03T03:58:46+08:00,2026-08-19,2026-07-04T15:20:46+08:00
ORD00018039,M003013,P00212,web,completed,4,TWD,99062.0,800.0,2026-06-20T03:53:37+08:00,2026-10-05,2026-07-03T06:56:35+08:00
ORD00109271,M005632,P00148,web,paid,2,USD,1977.03,850.0,2026-07-03T15:18:02+08:00,2026-08-09,2026-07-05T14:03:02+08:00
ORD00109374,M007948,P00123,app,paid,1,TWD,76088.0,100.0,2026-07-03T10:32:30+08:00,2026-08-24,2026-07-05T11:11:30+08:00
ORD00078794,M003887,P00060,web,completed,2,TWD,288050.0,900.0,2026-05-03T13:23:24+08:00,2026-06-01,2026-07-03T15:41:01+08:00
ORD00109757,M001480,P00248,門市,created,1,TWD,18859.0,500.0,2026-07-03T17:39:32+08:00,2026-09-08,2026-07-05T02:43:32+08:00
ORD00111922,M005895,P00197,app,paid,2,JPY,630982.0,250.0,2026-07-03T22:33:59+08:00,2026-07-18,2026-07-05T08:58:59+08:00
ORD00111023,M000006,P00295,電銷,paid,2,TWD,94709.0,550.0,2026-07-03T20:08:22+08:00,2026-10-04,2026-07-05T19:58:22+08:00
ORD00110658,M001106,P00220,web,created,3,TWD,127465.0,950.0,2026-07-03T09:51:41+08:00,2026-08-12,2026-07-05T02:41:41+08:00
ORD00111768,M004832,P00273,web,paid,4,USD,11067.21,750.0,2026-07-03T13:56:05+08:00,2026-07-21,2026-07-05T11:11:05+08:00
ORD00110283,M005601,P00077,門市,created,1,TWD,243655.0,550.0,2026-07-03T22:48:28+08:00,2026-07-11,2026-07-05T14:42:28+08:00
ORD00109649,M006088,P00035,門市,paid,1,TWD,226508.0,0.0,2026-07-03T20:37:34+08:00,2026-10-06,2026-07-06T08:20:34+08:00
ORD00108912,M003668,P00179,web,paid,4,TWD,620147.0,700.0,2026-07-03T15:41:47+08:00,2026-08-15,2026-07-05T22:28:47+08:00
ORD00109076,M001512,P00299,門市,created,4,TWD,93195.0,900.0,2026-07-03T23:04:53+08:00,2026-07-22,2026-07-04T19:58:53+08:00
ORD00111367,M006616,P00130,app,paid,3,JPY,2720948.0,850.0,2026-07-03T03:49:22+08:00,2026-08-10,2026-07-05T20:03:22+08:00
ORD00029482,M002120,P00061,電銷,completed,1,TWD,164047.0,550.0,2026-06-19T18:33:02+08:00,2026-06-27,2026-07-03T00:55:27+08:00
ORD00108290,M000640,P00143,app,paid,1,TWD,9415.0,100.0,2026-07-03T00:34:56+08:00,2026-09-25,2026-07-05T15:46:56+08:00
ORD00110558,M003757,P00143,web,paid,2,USD,521.73,550.0,2026-07-03T22:12:47+08:00,2026-10-24,2026-07-05T11:44:47+08:00
ORD00108372,M005933,P00295,電銷,paid,2,TWD,111462.0,800.0,2026-07-03T02:26:35+08:00,2026-08-27,2026-07-03T15:14:35+08:00
ORD00108700,M003649,P00099,門市,created,2,TWD,320274.0,0.0,2026-07-03T18:09:48+08:00,2026-09-20,2026-07-04T18:31:48+08:00
ORD00110199,M006898,P00119,電銷,created,1,TWD,149249.0,150.0,2026-07-03T13:43:33+08:00,2026-09-03,2026-07-06T05:01:33+08:00
ORD00109378,M006008,P00013,web,paid,2,TWD,308526.0,450.0,2026-07-03T10:31:10+08:00,2026-09-13,2026-07-03T21:33:10+08:00
ORD00111634,M002720,P00141,電銷,created,2,TWD,135631.0,800.0,2026-07-03T08:56:41+08:00,2026-07-31,2026-07-03T22:06:41+08:00
ORD00109685,M003868,P00210,電銷,paid,1,TWD,175280.0,650.0,2026-07-03T19:30:25+08:00,2026-10-07,2026-07-03T19:53:25+08:00
ORD00111729,M005851,P00286,app,paid,1,USD,6244.38,200.0,2026-07-03T02:06:45+08:00,2026-10-19,2026-07-03T22:17:45+08:00
ORD00108148,M000766,P00173,門市,paid,4,USD,882.81,600.0,2026-07-03T11:00:50+08:00,2026-07-13,2026-07-05T23:45:50+08:00
ORD00111964,M002895,P00016,web,paid,2,USD,4846.76,700.0,2026-07-03T21:10:55+08:00,2026-10-11,2026-07-04T23:53:55+08:00
ORD00050076,M006104,P00207,web,cancelled,1,TWD,82484.0,50.0,2026-06-19T09:00:11+08:00,2026-09-01,2026-07-03T17:47:29+08:00
ORD00108836,M003463,P00242,app,paid,3,USD,2336.89,850.0,2026-07-03T09:06:30+08:00,2026-09-01,2026-07-03T21:33:30+08:00
ORD00109295,M003885,P00054,web,created,1,TWD,136794.0,950.0,2026-07-03T15:52:27+08:00,2026-07-31,2026-07-04T02:38:27+08:00
ORD00111479,M004554,P00127,web,paid,1,TWD,58833.0,850.0,2026-07-03T10:53:55+08:00,2026-10-24,2026-07-04T06:12:55+08:00
ORD00109949,M002710,P00237,電銷,created,1,TWD,159945.0,300.0,2026-07-03T00:21:50+08:00,2026-09-04,2026-07-03T05:17:11+08:00
ORD00108374,M005186,P00028,電銷,paid,2,TWD,249867.0,100.0,2026-07-03T19:38:44+08:00,2026-10-04,2026-07-05T09:55:44+08:00
ORD00108163,M001794,P00225,app,paid,2,TWD,92929.0,750.0,2026-07-03T00:03:24+08:00,2026-08-08,2026-07-03T01:27:24+08:00
ORD00110462,M000600,P00067,電銷,paid,3,USD,10686.66,100.0,2026-07-03T15:19:20+08:00,2026-08-20,2026-07-06T06:18:20+08:00
ORD00079422,M000347,P00110,app,completed,2,USD,12867.64,50.0,2026-06-19T01:49:29+08:00,2026-09-04,2026-07-03T03:44:59+08:00
ORD00109679,M007225,P00129,門市,created,2,TWD,302317.0,950.0,2026-07-03T03:51:59+08:00,2026-08-14,2026-07-04T06:02:59+08:00
ORD00064575,M000617,P00053,web,completed,4,USD,9229.1,500.0,2026-06-03T08:48:08+08:00,2026-07-15,2026-07-03T08:49:19+08:00
ORD00109816,M006802,P00043,app,created,3,TWD,360647.0,300.0,2026-07-03T18:01:25+08:00,2026-10-17,2026-07-05T12:07:25+08:00
ORD00109532,M003790,P00155,app,paid,4,USD,6605.64,250.0,2026-07-03T06:37:30+08:00,2026-09-03,2026-07-03T18:59:30+08:00
ORD00111347,M001959,P00257,電銷,paid,4,TWD,162759.0,50.0,2026-07-03T22:06:24+08:00,2026-10-24,2026-07-05T05:50:24+08:00
ORD00110369,M003950,P00200,電銷,paid,3,JPY,1759406.0,900.0,2026-07-03T10:46:06+08:00,2026-09-27,2026-07-03T22:43:06+08:00
ORD00111039,M003924,P00248,web,created,2,TWD,51302.0,750.0,2026-07-03T11:44:57+08:00,2026-09-19,2026-07-04T10:23:57+08:00
ORD00111772,M004652,P00076,app,paid,4,USD,618.02,900.0,2026-07-03T18:38:11+08:00,2026-08-10,2026-07-04T21:02:11+08:00
ORD00110198,M000763,P00196,電銷,paid,4,TWD,207573.0,850.0,2026-07-03T01:32:12+08:00,2026-10-17,2026-07-03T22:30:12+08:00
ORD00109966,M002179,P00245,電銷,paid,3,TWD,358246.0,300.0,2026-07-03T21:17:48+08:00,2026-09-10,2026-07-05T13:10:48+08:00
ORD00111489,M000286,P00169,電銷,created,2,TWD,84842.0,350.0,2026-07-03T06:31:41+08:00,2026-10-10,2026-07-05T11:53:41+08:00
ORD00110095,M003523,P00181,門市,paid,3,TWD,48617.0,650.0,2026-07-03T21:57:58+08:00,2026-08-14,2026-07-04T04:17:58+08:00
ORD00109116,M000381,P00042,web,paid,1,TWD,153722.0,350.0,2026-07-03T13:13:18+08:00,2026-07-27,2026-07-05T18:49:18+08:00
ORD00109184,M005283,P00238,電銷,created,3,TWD,274258.0,950.0,2026-07-03T21:19:46+08:00,2026-09-07,2026-07-04T15:36:46+08:00
ORD00109937,M001898,P00103,web,paid,4,TWD,102112.0,100.0,2026-07-03T00:58:39+08:00,2026-08-17,2026-07-05T06:59:39+08:00
ORD00108481,M006071,P00107,web,paid,2,USD,10438.42,600.0,2026-07-03T23:06:37+08:00,2026-09-04,2026-07-06T03:50:37+08:00
ORD00079286,M004367,P00266,web,completed,1,TWD,19321.0,700.0,2026-06-02T05:09:23+08:00,2026-08-05,2026-07-03T23:12:34+08:00
ORD00109885,M005676,P00267,app,paid,1,USD,7013.88,750.0,2026-07-03T00:30:44+08:00,2026-08-13,2026-07-03T20:01:44+08:00
ORD00109920,M006129,P00057,門市,paid,3,TWD,374989.0,500.0,2026-07-03T16:32:21+08:00,2026-09-09,2026-07-05T07:54:21+08:00
ORD00014464,M004599,P00186,web,completed,2,TWD,243490.0,900.0,2026-05-16T14:01:36+08:00,2026-07-30,2026-07-03T16:11:16+08:00
ORD00108347,M001815,P00275,app,paid,3,TWD,277392.0,950.0,2026-07-03T09:55:14+08:00,2026-09-06,2026-07-04T22:19:14+08:00
ORD00110650,M003013,P00134,電銷,paid,1,USD,4035.13,150.0,2026-07-03T05:07:43+08:00,2026-09-02,2026-07-05T09:33:43+08:00
ORD00108236,M001030,P00097,門市,created,1,TWD,137705.0,750.0,2026-07-03T19:44:22+08:00,2026-10-28,2026-07-06T06:02:22+08:00
ORD00109671,M005847,P00264,電銷,created,3,USD,1137.28,50.0,2026-07-03T07:10:48+08:00,2026-10-02,2026-07-03T08:35:48+08:00
ORD00110796,M001752,P00217,門市,created,3,USD,17329.75,200.0,2026-07-03T22:51:30+08:00,2026-10-20,2026-07-04T09:39:30+08:00
ORD00111856,M005581,P00218,app,paid,3,TWD,112166.0,800.0,2026-07-03T02:17:12+08:00,2026-10-04,2026-07-03T17:47:12+08:00
ORD00108491,M003636,P00273,app,paid,1,JPY,366295.0,900.0,2026-07-03T12:06:43+08:00,2026-08-23,2026-07-04T03:02:43+08:00
ORD00108285,M006916,P00253,app,paid,2,TWD,389449.0,200.0,2026-07-03T19:39:58+08:00,2026-10-26,2026-07-06T00:36:58+08:00
ORD00042248,M007490,P00196,web,completed,2,USD,3312.6,100.0,2026-06-27T22:31:53+08:00,2026-07-18,2026-07-03T01:45:24+08:00
ORD00110897,M005485,P00084,web,paid,2,TWD,86406.0,50.0,2026-07-03T20:26:47+08:00,2026-09-18,2026-07-04T08:42:47+08:00
ORD00110603,M004949,P00271,web,paid,2,USD,1429.14,500.0,2026-07-03T11:44:13+08:00,2026-08-25,2026-07-05T08:54:13+08:00
ORD00108020,M002921,P00064,app,paid,3,TWD,72803.0,650.0,2026-07-03T08:55:02+08:00,2026-07-23,2026-07-05T16:06:02+08:00
ORD00016565,M001646,P00075,電銷,cancelled,4,TWD,86626.0,700.0,2026-06-03T13:16:14+08:00,2026-06-10,2026-07-03T17:27:07+08:00
ORD00111263,M001755,P00161,電銷,paid,2,TWD,408786.0,0.0,2026-07-03T02:53:30+08:00,2026-10-24,2026-07-04T01:09:30+08:00
ORD00111471,M007126,P00196,web,created,2,USD,3265.54,700.0,2026-07-03T20:39:16+08:00,2026-07-21,2026-07-05T22:39:16+08:00
ORD00108892,M004690,P00003,電銷,paid,3,TWD,280763.0,650.0,2026-07-03T01:05:04+08:00,2026-07-28,2026-07-03T20:57:04+08:00
ORD00071465,M000604,P00117,門市,cancelled,1,TWD,141709.0,250.0,2026-05-15T22:13:23+08:00,2026-07-17,2026-07-03T23:07:07+08:00
ORD00109073,M001063,P00219,電銷,paid,2,USD,6014.53,600.0,2026-07-03T03:54:43+08:00,2026-08-10,2026-07-04T07:47:43+08:00
ORD00109720,M002688,P00266,app,created,2,TWD,38823.0,150.0,2026-07-03T11:37:09+08:00,2026-10-29,2026-07-05T06:52:09+08:00
ORD00108429,M007628,P00036,門市,paid,1,TWD,60363.0,800.0,2026-07-03T14:34:13+08:00,2026-07-20,2026-07-06T07:33:13+08:00
ORD00111508,M005539,P00134,app,paid,3,TWD,386287.0,450.0,2026-07-03T22:53:15+08:00,2026-07-12,2026-07-06T09:08:15+08:00
ORD00111500,M003746,P00267,app,created,3,TWD,499384.0,500.0,2026-07-03T21:31:33+08:00,2026-09-23,2026-07-06T11:12:33+08:00
ORD00109489,M006493,P00114,web,paid,3,USD,7582.24,800.0,2026-07-03T14:13:11+08:00,2026-07-16,2026-07-04T22:29:11+08:00
ORD00109819,M005293,P00140,web,created,1,TWD,47491.0,500.0,2026-07-03T03:34:41+08:00,2026-10-13,2026-07-03T16:17:41+08:00
ORD00110739,M003967,P00298,web,paid,4,JPY,1917433.0,850.0,2026-07-03T23:26:24+08:00,2026-10-02,2026-07-05T10:37:24+08:00
ORD00109241,M005938,P00286,電銷,paid,4,TWD,613043.0,650.0,2026-07-03T03:07:15+08:00,2026-07-10,2026-07-05T02:38:15+08:00
ORD00110516,M006992,P00148,app,paid,3,TWD,80629.0,750.0,2026-07-03T18:44:56+08:00,2026-08-19,2026-07-03T19:33:56+08:00
ORD00109342,M007734,P00034,電銷,created,1,JPY,128764.0,800.0,2026-07-03T01:11:44+08:00,2026-10-13,2026-07-04T05:58:44+08:00
ORD00012822,M005559,P00175,app,cancelled,2,TWD,35164.0,200.0,2026-05-09T15:39:52+08:00,2026-07-25,2026-07-03T01:30:06+08:00
ORD00096445,M001938,P00015,app,completed,4,TWD,230280.0,750.0,2026-06-12T18:53:08+08:00,2026-08-02,2026-07-03T14:29:40+08:00
ORD00108400,M006274,P00212,web,paid,3,TWD,83708.0,600.0,2026-07-03T21:54:52+08:00,2026-08-27,2026-07-04T01:02:52+08:00
ORD00111812,M001835,P00108,電銷,created,3,TWD,307080.0,400.0,2026-07-03T21:53:46+08:00,2026-08-05,2026-07-04T14:27:46+08:00
ORD00109731,M000677,P00138,app,created,3,TWD,186278.0,200.0,2026-07-03T22:39:33+08:00,2026-08-04,2026-07-04T02:27:33+08:00
ORD00110089,M002469,P00182,門市,created,1,TWD,7003.0,650.0,2026-07-03T03:39:12+08:00,2026-10-26,2026-07-05T14:53:12+08:00
ORD00111798,M001630,P00098,電銷,paid,3,JPY,2270486.0,950.0,2026-07-03T07:41:17+08:00,2026-10-11,2026-07-05T04:04:17+08:00
ORD00110290,M005768,P00064,web,created,4,TWD,90518.0,950.0,2026-07-03T22:49:31+08:00,2026-10-20,2026-07-06T08:12:31+08:00
ORD00108062,M006381,P00231,web,paid,2,JPY,1629030.0,750.0,2026-07-03T11:04:31+08:00,2026-08-24,2026-07-03T18:56:31+08:00
ORD00111811,M005190,P00294,app,created,1,TWD,180772.0,0.0,2026-07-03T04:55:59+08:00,2026-09-08,2026-07-04T07:12:59+08:00
ORD00109722,M001110,P00039,web,created,1,TWD,190310.0,50.0,2026-07-03T21:46:31+08:00,2026-07-22,2026-07-04T03:19:31+08:00
ORD00033159,M001476,P00055,門市,completed,2,TWD,264321.0,750.0,2026-06-26T06:49:30+08:00,2026-07-17,2026-07-03T03:48:12+08:00
ORD00108957,M005896,P00152,app,paid,2,TWD,90036.0,0.0,2026-07-03T22:46:55+08:00,2026-08-28,2026-07-05T11:29:55+08:00
ORD00110315,M000413,P00193,電銷,paid,3,TWD,543526.0,700.0,2026-07-03T18:34:24+08:00,2026-07-13,2026-07-04T20:41:24+08:00
ORD00108083,M001099,P00082,電銷,paid,4,TWD,858875.0,450.0,2026-07-03T12:49:12+08:00,2026-09-30,2026-07-04T03:43:12+08:00
ORD00108102,M007118,P00204,web,created,3,USD,17133.96,450.0,2026-07-03T08:00:29+08:00,2026-09-28,2026-07-04T19:21:29+08:00
ORD00111592,M003564,P00082,門市,paid,1,JPY,912795.0,150.0,2026-07-03T00:37:33+08:00,2026-09-27,2026-07-03T08:23:33+08:00
ORD00109593,M007161,P00064,app,paid,1,JPY,136360.0,550.0,2026-07-03T01:13:11+08:00,2026-08-07,2026-07-05T03:23:11+08:00
ORD00110816,M004590,P00289,門市,paid,3,TWD,373207.0,550.0,2026-07-03T14:48:35+08:00,2026-09-10,2026-07-04T01:46:35+08:00
ORD00111863,M000913,P00219,app,paid,4,TWD,369041.0,850.0,2026-07-03T13:07:40+08:00,2026-08-08,2026-07-05T21:03:40+08:00
ORD00110432,M001221,P00230,電銷,paid,1,TWD,208269.0,550.0,2026-07-03T03:10:35+08:00,2026-09-13,2026-07-03T14:22:35+08:00
ORD00110858,M006619,P00179,app,paid,3,USD,13379.16,0.0,2026-07-03T07:56:03+08:00,2026-09-11,2026-07-04T05:09:03+08:00
ORD00111971,M006270,P00185,app,created,4,TWD,647462.0,200.0,2026-07-03T22:46:45+08:00,2026-07-28,2026-07-06T03:23:45+08:00
ORD00108498,M007800,P00022,web,paid,4,TWD,182765.0,950.0,2026-07-03T12:51:43+08:00,2026-09-05,2026-07-05T17:32:43+08:00
ORD00110404,M000066,P00218,web,paid,2,TWD,70726.0,750.0,2026-07-03T12:28:30+08:00,2026-10-10,2026-07-05T07:15:30+08:00
ORD00111330,M002558,P00234,電銷,paid,3,JPY,156134.0,750.0,2026-07-03T12:16:07+08:00,2026-08-12,2026-07-05T07:25:07+08:00
ORD00108222,M001920,P00257,門市,paid,2,USD,1979.37,150.0,2026-07-03T03:21:57+08:00,2026-09-07,2026-07-04T03:55:57+08:00
ORD00109196,M002850,P00064,app,created,3,TWD,71086.0,500.0,2026-07-03T23:01:05+08:00,2026-08-16,2026-07-05T02:30:05+08:00
ORD00109608,M004263,P00237,電銷,created,4,TWD,733565.0,850.0,2026-07-03T06:47:50+08:00,2026-10-21,2026-07-04T23:28:50+08:00
ORD00108255,M001392,P00181,web,created,3,TWD,41200.0,100.0,2026-07-03T10:36:47+08:00,2026-10-07,2026-07-04T21:44:47+08:00
ORD00111251,M007247,P00177,電銷,paid,1,TWD,25780.0,100.0,2026-07-03T02:25:06+08:00,2026-08-24,2026-07-03T06:31:06+08:00
ORD00109530,M004787,P00252,web,created,4,TWD,230171.0,300.0,2026-07-03T16:39:50+08:00,2026-10-25,2026-07-05T18:57:50+08:00
ORD00110507,M001614,P00046,電銷,paid,4,TWD,257463.0,750.0,2026-07-03T09:34:08+08:00,2026-10-05,2026-07-04T09:28:08+08:00
ORD00111033,M001785,P00238,電銷,paid,3,TWD,257961.0,700.0,2026-07-03T02:01:28+08:00,2026-09-15,2026-07-05T12:17:28+08:00
ORD00110409,M002845,P00181,門市,created,2,TWD,34766.0,600.0,2026-07-03T07:24:49+08:00,2026-09-23,2026-07-04T05:43:49+08:00
ORD00108532,M007149,P00049,web,paid,2,USD,1019.33,0.0,2026-07-03T13:22:33+08:00,2026-10-26,2026-07-06T00:59:33+08:00
ORD00109041,M007140,P00210,web,created,3,TWD,541601.0,500.0,2026-07-03T17:24:45+08:00,2026-10-03,2026-07-06T04:59:45+08:00
ORD00108339,M006076,P00171,app,created,2,JPY,647813.0,850.0,2026-07-03T06:39:37+08:00,2026-09-06,2026-07-05T17:36:37+08:00
ORD00111223,M003685,P00008,電銷,paid,4,JPY,1824021.0,850.0,2026-07-03T05:22:05+08:00,2026-09-07,2026-07-03T21:05:05+08:00
ORD00111073,M005203,P00260,門市,created,1,TWD,123255.0,500.0,2026-07-03T02:24:40+08:00,2026-09-12,2026-07-03T14:40:40+08:00
ORD00110518,M004562,P00159,電銷,created,4,JPY,786740.0,0.0,2026-07-03T08:08:23+08:00,2026-08-18,2026-07-05T05:30:23+08:00
ORD00108774,M000289,P00075,門市,created,2,TWD,40700.0,450.0,2026-07-03T16:30:40+08:00,2026-09-18,2026-07-05T13:38:40+08:00
ORD00111135,M001207,P00150,電銷,paid,4,TWD,625473.0,750.0,2026-07-03T09:42:08+08:00,2026-09-13,2026-07-06T04:21:08+08:00
ORD00111260,M004479,P00120,電銷,paid,4,JPY,2187948.0,300.0,2026-07-03T11:43:15+08:00,2026-08-08,2026-07-05T14:55:15+08:00
ORD00110929,M004228,P00222,app,paid,2,TWD,69994.0,550.0,2026-07-03T14:53:57+08:00,2026-08-13,2026-07-05T05:33:57+08:00
ORD00108740,M001897,P00111,電銷,paid,4,TWD,360288.0,350.0,2026-07-03T00:44:44+08:00,2026-09-07,2026-07-05T12:41:44+08:00
ORD00109502,M004450,P00255,電銷,paid,1,JPY,978450.0,550.0,2026-07-03T16:44:05+08:00,2026-10-23,2026-07-06T02:09:05+08:00
ORD00060231,M007952,P00052,電銷,cancelled,1,TWD,79313.0,150.0,2026-06-30T14:54:37+08:00,2026-07-17,2026-07-03T14:22:06+08:00
ORD00109178,M005950,P00054,app,paid,1,TWD,136343.0,950.0,2026-07-03T16:55:32+08:00,2026-08-05,2026-07-04T13:05:32+08:00
ORD00109420,M001450,P00040,門市,paid,3,TWD,215757.0,100.0,2026-07-03T03:04:02+08:00,2026-09-06,2026-07-04T00:13:02+08:00
ORD00108934,M000757,P00175,web,created,4,USD,2313.07,300.0,2026-07-03T08:54:40+08:00,2026-08-06,2026-07-03T12:04:40+08:00
ORD00110220,M003367,P00035,門市,paid,3,TWD,592709.0,200.0,2026-07-03T07:54:50+08:00,2026-10-28,2026-07-04T20:04:50+08:00
ORD00108943,M002470,P00145,門市,paid,3,TWD,247274.0,550.0,2026-07-03T09:20:41+08:00,2026-10-16,2026-07-05T17:49:41+08:00
ORD00109691,M000141,P00149,web,created,3,TWD,564617.0,200.0,2026-07-03T08:45:05+08:00,2026-08-08,2026-07-03T15:44:05+08:00
ORD00080931,M002039,P00176,web,cancelled,3,TWD,406652.0,650.0,2026-05-10T20:42:27+08:00,2026-08-30,2026-07-03T13:23:40+08:00
ORD00110212,M005860,P00025,門市,paid,4,USD,22949.83,150.0,2026-07-03T09:46:31+08:00,2026-08-17,2026-07-05T06:35:31+08:00
ORD00109221,M001819,P00292,web,created,1,USD,5220.61,700.0,2026-07-03T17:32:27+08:00,2026-07-19,2026-07-04T23:35:27+08:00
ORD00109896,M007917,P00002,web,created,1,TWD,67860.0,0.0,2026-07-03T22:37:21+08:00,2026-07-25,2026-07-05T11:09:21+08:00
ORD00109098,M001274,P00127,門市,created,2,TWD,113498.0,800.0,2026-07-03T04:42:37+08:00,2026-09-18,2026-07-05T21:43:37+08:00
ORD00110515,M004986,P00191,app,paid,3,TWD,450357.0,500.0,2026-07-03T21:52:53+08:00,2026-10-12,2026-07-06T12:34:53+08:00
ORD00111426,M003397,P00254,app,created,3,JPY,52046.0,650.0,2026-07-03T08:08:17+08:00,2026-08-15,2026-07-05T20:51:17+08:00
ORD00108902,M005315,P00063,web,paid,4,TWD,590334.0,750.0,2026-07-03T07:48:10+08:00,2026-09-01,2026-07-04T09:01:10+08:00
ORD00111578,M007825,P00067,web,paid,3,TWD,331948.0,50.0,2026-07-03T13:00:48+08:00,2026-08-01,2026-07-04T05:04:48+08:00
ORD00110996,M006166,P00253,app,paid,2,TWD,456194.0,700.0,2026-07-03T15:43:42+08:00,2026-10-17,2026-07-05T20:39:42+08:00
ORD00109835,M001157,P00054,app,paid,4,TWD,523495.0,700.0,2026-07-03T13:51:30+08:00,2026-09-11,2026-07-04T23:29:30+08:00
ORD00108490,M001500,P00075,app,created,1,TWD,20799.0,450.0,2026-07-03T02:39:11+08:00,2026-10-13,2026-07-05T09:51:11+08:00
ORD00110552,M003597,P00037,web,created,1,USD,3781.58,700.0,2026-07-03T16:02:20+08:00,2026-08-30,2026-07-03T22:09:20+08:00
ORD00109725,M006290,P00261,app,created,2,JPY,54676.0,600.0,2026-07-03T07:25:35+08:00,2026-09-23,2026-07-05T21:41:35+08:00
ORD00108310,M000661,P00018,門市,paid,1,TWD,146431.0,350.0,2026-07-03T20:20:21+08:00,2026-08-22,2026-07-05T16:19:21+08:00
ORD00109487,M006118,P00065,app,paid,3,TWD,516312.0,700.0,2026-07-03T14:57:59+08:00,2026-09-25,2026-07-04T05:46:59+08:00
ORD00109370,M005032,P00212,web,created,1,TWD,25962.0,850.0,2026-07-03T01:02:57+08:00,2026-10-07,2026-07-04T06:50:57+08:00
ORD00110656,M005107,P00097,app,created,4,TWD,601589.0,850.0,2026-07-03T18:41:29+08:00,2026-08-22,2026-07-06T00:54:29+08:00
ORD00109114,M006816,P00133,門市,created,4,USD,749.06,350.0,2026-07-03T02:45:47+08:00,2026-09-21,2026-07-04T10:33:47+08:00
ORD00111958,M007864,P00120,電銷,paid,2,TWD,261316.0,750.0,2026-07-03T05:21:53+08:00,2026-08-05,2026-07-04T14:05:53+08:00
ORD00111698,M007961,P00105,門市,paid,3,TWD,189249.0,400.0,2026-07-03T12:08:21+08:00,2026-10-02,2026-07-04T12:55:21+08:00
ORD00073661,M001685,P00252,電銷,completed,4,USD,9000.17,500.0,2026-06-05T05:05:45+08:00,2026-07-08,2026-07-03T14:18:45+08:00
ORD00111067,M002556,P00127,app,paid,2,USD,3770.48,750.0,2026-07-03T05:17:33+08:00,2026-10-14,2026-07-05T06:58:33+08:00
ORD00110470,M002836,P00289,電銷,paid,1,JPY,551088.0,450.0,2026-07-03T14:48:11+08:00,2026-10-16,2026-07-05T13:44:11+08:00
ORD00108093,M007747,P00279,web,paid,4,TWD,445008.0,400.0,2026-07-03T14:43:24+08:00,2026-07-10,2026-07-04T20:02:24+08:00
ORD00035369,M000154,P00259,電銷,completed,3,TWD,372628.0,750.0,2026-05-23T11:33:50+08:00,2026-08-04,2026-07-03T15:35:34+08:00
ORD00111469,M005652,P00236,門市,paid,3,TWD,466317.0,600.0,2026-07-03T23:46:19+08:00,2026-09-08,2026-07-06T15:37:19+08:00
ORD00110319,M000561,P00003,app,paid,3,USD,9110.89,200.0,2026-07-03T12:05:44+08:00,2026-09-25,2026-07-05T09:29:44+08:00
ORD00111163,M002109,P00134,app,paid,1,USD,3095.46,250.0,2026-07-03T16:02:57+08:00,2026-07-21,2026-07-04T16:01:57+08:00
ORD00108766,M004419,P00120,電銷,paid,3,USD,11220.75,600.0,2026-07-03T16:15:27+08:00,2026-10-08,2026-07-06T08:05:27+08:00
ORD00108644,M004133,P00160,門市,paid,2,TWD,27909.0,550.0,2026-07-03T22:43:42+08:00,2026-09-12,2026-07-05T14:57:42+08:00
ORD00036210,M007296,P00247,門市,cancelled,3,TWD,573584.0,400.0,2026-06-09T22:36:28+08:00,2026-07-09,2026-07-03T00:31:45+08:00
ORD00109619,M000446,P00010,web,paid,4,USD,15240.02,500.0,2026-07-03T14:54:48+08:00,2026-07-21,2026-07-05T03:31:48+08:00
ORD00111338,M000195,P00138,web,paid,3,JPY,1143697.0,750.0,2026-07-03T18:04:43+08:00,2026-09-05,2026-07-05T16:55:43+08:00
ORD00111770,M007175,P00288,app,paid,2,TWD,23148.0,750.0,2026-07-03T21:07:53+08:00,2026-10-10,2026-07-05T16:45:53+08:00
ORD00111030,M000620,P00146,app,created,1,TWD,20690.0,950.0,2026-07-03T00:30:02+08:00,2026-08-04,2026-07-03T12:40:02+08:00
ORD00108212,M005883,P00139,web,created,2,TWD,292233.0,300.0,2026-07-03T21:40:55+08:00,2026-10-24,2026-07-06T06:12:55+08:00
ORD00023054,M003756,P00260,app,cancelled,4,JPY,2551044.0,150.0,2026-05-25T21:24:02+08:00,2026-07-14,2026-07-03T04:47:28+08:00
ORD00039192,M004863,P00272,app,completed,4,USD,12771.86,200.0,2026-06-24T09:11:57+08:00,2026-09-27,2026-07-03T12:36:02+08:00
ORD00108452,M005314,P00159,app,paid,2,TWD,76623.0,600.0,2026-07-03T05:17:50+08:00,2026-08-10,2026-07-03T12:24:50+08:00
ORD00110979,M003718,P00262,電銷,created,3,TWD,661088.0,650.0,2026-07-03T20:37:15+08:00,2026-08-07,2026-07-04T22:49:15+08:00
ORD00110457,M004755,P00230,電銷,paid,1,TWD,170635.0,850.0,2026-07-03T09:30:07+08:00,2026-08-07,2026-07-04T04:26:07+08:00
ORD00110496,M001094,P00183,電銷,paid,1,TWD,128835.0,200.0,2026-07-03T03:24:43+08:00,2026-09-23,2026-07-05T10:42:43+08:00
ORD00109159,M005182,P00214,web,created,2,JPY,1485689.0,850.0,2026-07-03T13:07:59+08:00,2026-07-16,2026-07-05T04:30:59+08:00
ORD00108883,M002795,P00036,web,paid,4,TWD,265244.0,450.0,2026-07-03T10:42:45+08:00,2026-08-11,2026-07-05T17:36:45+08:00
ORD00028308,M003490,P00074,web,cancelled,3,USD,15153.15,0.0,2026-05-19T05:19:45+08:00,2026-07-14,2026-07-03T01:04:11+08:00
ORD00111861,M001463,P00067,電銷,created,4,USD,15519.71,400.0,2026-07-03T13:34:35+08:00,2026-08-28,2026-07-06T05:05:35+08:00
ORD00111660,M004671,P00086,門市,paid,3,TWD,48532.0,400.0,2026-07-03T07:09:48+08:00,2026-07-15,2026-07-03T14:20:48+08:00
ORD00110379,M002588,P00143,門市,paid,4,TWD,40879.0,850.0,2026-07-03T11:26:06+08:00,2026-08-26,2026-07-04T10:40:06+08:00
ORD00109603,M003511,P00165,門市,paid,2,TWD,156623.0,650.0,2026-07-03T15:59:07+08:00,2026-08-24,2026-07-03T16:24:07+08:00
ORD00110792,M005171,P00174,門市,created,1,TWD,22092.0,700.0,2026-07-03T00:56:57+08:00,2026-09-12,2026-07-04T17:39:57+08:00
ORD00095907,M004320,P00129,電銷,completed,4,USD,21867.21,350.0,2026-05-12T10:43:52+08:00,2026-07-21,2026-07-03T07:47:24+08:00
ORD00110128,M002178,P00137,app,paid,2,TWD,278451.0,850.0,2026-07-03T00:28:40+08:00,2026-09-11,2026-07-05T18:00:50+08:00
ORD00108536,M007382,P00225,web,paid,2,JPY,448466.0,100.0,2026-07-03T09:09:00+08:00,2026-10-16,2026-07-04T00:02:00+08:00
ORD00110696,M000392,P00255,電銷,paid,3,TWD,680594.0,850.0,2026-07-03T15:41:57+08:00,2026-07-10,2026-07-05T22:52:57+08:00
ORD00020336,M004932,P00265,web,completed,1,JPY,877198.0,850.0,2026-06-29T08:28:14+08:00,2026-08-27,2026-07-03T19:20:12+08:00
ORD00109564,M006573,P00106,電銷,paid,2,USD,2649.83,750.0,2026-07-03T06:01:52+08:00,2026-09-18,2026-07-04T08:58:52+08:00
ORD00108722,M000165,P00131,門市,paid,1,JPY,999884.0,850.0,2026-07-03T10:13:52+08:00,2026-10-28,2026-07-06T04:04:52+08:00
ORD00109398,M000173,P00295,app,created,3,TWD,154691.0,700.0,2026-07-03T17:00:09+08:00,2026-10-30,2026-07-04T17:38:09+08:00
ORD00110523,M000346,P00269,門市,created,3,USD,5153.68,250.0,2026-07-03T08:45:39+08:00,2026-08-19,2026-07-04T19:27:39+08:00
ORD00111492,M001414,P00106,web,paid,1,TWD,36768.0,0.0,2026-07-03T08:51:10+08:00,2026-08-18,2026-07-03T19:35:10+08:00
ORD00111543,M003841,P00026,app,paid,2,TWD,206564.0,650.0,2026-07-03T08:07:35+08:00,2026-10-27,2026-07-04T06:00:35+08:00
ORD00109548,M001657,P00031,門市,created,2,TWD,417070.0,200.0,2026-07-03T19:30:11+08:00,2026-09-09,2026-07-05T04:43:11+08:00
ORD00065680,M002407,P00141,app,completed,1,TWD,86130.0,750.0,2026-06-20T08:43:39+08:00,2026-10-03,2026-07-03T17:38:36+08:00
ORD00108027,M001699,P00060,門市,created,4,TWD,658054.0,150.0,2026-07-03T12:40:17+08:00,2026-08-23,2026-07-04T20:56:17+08:00
ORD00111510,M001580,P00243,門市,created,3,TWD,450899.0,200.0,2026-07-03T09:46:39+08:00,2026-07-20,2026-07-05T08:16:39+08:00
ORD00109799,M003273,P00258,電銷,paid,2,TWD,266378.0,0.0,2026-07-03T09:16:02+08:00,2026-08-25,2026-07-04T20:52:02+08:00
ORD00111585,M003770,P00062,電銷,paid,2,TWD,259163.0,50.0,2026-07-03T18:40:45+08:00,2026-10-05,2026-07-04T17:31:45+08:00
ORD00090042,M000691,P00211,電銷,cancelled,3,TWD,315262.0,100.0,2026-06-17T04:46:34+08:00,2026-09-05,2026-07-03T03:00:02+08:00
ORD00108713,M006597,P00139,web,created,3,TWD,352558.0,500.0,2026-07-03T04:40:30+08:00,2026-07-18,2026-07-04T23:00:30+08:00
ORD00015197,M005089,P00274,app,completed,2,TWD,227037.0,950.0,2026-06-13T08:22:55+08:00,2026-06-21,2026-07-03T22:03:48+08:00
ORD00068825,M005099,P00140,app,cancelled,4,TWD,199170.0,350.0,2026-06-19T19:58:24+08:00,2026-09-13,2026-07-03T00:47:41+08:00
ORD00042318,M004063,P00272,app,completed,2,TWD,284910.0,750.0,2026-05-20T08:46:12+08:00,2026-06-15,2026-07-03T18:45:43+08:00
ORD00110726,M007387,P00036,門市,created,4,TWD,263483.0,150.0,2026-07-03T11:25:26+08:00,2026-10-29,2026-07-05T05:34:26+08:00
ORD00108619,M005560,P00270,電銷,created,4,TWD,98003.0,50.0,2026-07-03T21:45:57+08:00,2026-10-30,2026-07-04T02:21:57+08:00
ORD00109787,M007316,P00286,電銷,created,3,TWD,487248.0,300.0,2026-07-03T05:01:52+08:00,2026-09-11,2026-07-04T10:37:52+08:00
ORD00109907,M007088,P00185,電銷,paid,1,TWD,211794.0,0.0,2026-07-03T23:41:43+08:00,2026-10-26,2026-07-05T22:23:43+08:00
ORD00109867,M002154,P00008,門市,paid,4,USD,11208.69,400.0,2026-07-03T12:31:29+08:00,2026-07-21,2026-07-03T13:58:29+08:00
ORD00108789,M003209,P00010,web,paid,3,TWD,353467.0,100.0,2026-07-03T10:25:50+08:00,2026-08-22,2026-07-04T10:28:50+08:00
ORD00110087,M004407,P00147,web,paid,2,USD,13173.92,800.0,2026-07-03T06:14:50+08:00,2026-08-15,2026-07-04T01:57:50+08:00
ORD00111691,M005059,P00106,app,paid,4,USD,4637.37,250.0,2026-07-03T02:02:08+08:00,2026-07-31,2026-07-03T19:23:08+08:00
ORD00109623,M001347,P00252,電銷,paid,2,TWD,136100.0,200.0,2026-07-03T12:49:40+08:00,2026-10-27,2026-07-04T17:59:40+08:00
ORD00110974,M000764,P00069,門市,created,1,TWD,162392.0,700.0,2026-07-03T08:11:35+08:00,2026-10-05,2026-07-05T15:47:35+08:00
ORD00110958,M007565,P00076,門市,paid,3,TWD,10544.0,650.0,2026-07-03T16:49:36+08:00,2026-10-09,2026-07-05T19:31:36+08:00
ORD00108218,M002131,P00108,電銷,paid,3,USD,9264.24,300.0,2026-07-03T02:59:41+08:00,2026-07-26,2026-07-04T21:48:41+08:00
ORD00109634,M007582,P00233,web,paid,1,TWD,106194.0,400.0,2026-07-03T13:30:28+08:00,2026-09-08,2026-07-06T02:17:28+08:00
ORD00109028,M001153,P00068,app,created,2,TWD,188549.0,50.0,2026-07-03T12:57:43+08:00,2026-10-02,2026-07-04T16:02:43+08:00
ORD00111188,M002982,P00229,web,created,2,TWD,294654.0,950.0,2026-07-03T16:20:36+08:00,2026-08-27,2026-07-04T09:07:36+08:00
ORD00006605,M007914,P00185,web,completed,3,TWD,598962.0,850.0,2026-06-12T12:44:17+08:00,2026-07-31,2026-07-03T09:54:27+08:00
ORD00108785,M007687,P00030,app,created,3,TWD,465798.0,850.0,2026-07-03T23:19:10+08:00,2026-07-13,2026-07-05T15:13:10+08:00
ORD00110116,M000964,P00084,web,created,4,TWD,239565.0,850.0,2026-07-03T21:16:22+08:00,2026-09-13,2026-07-05T10:33:22+08:00
ORD00109280,M002037,P00123,門市,created,3,TWD,216319.0,50.0,2026-07-03T07:34:04+08:00,2026-07-20,2026-07-04T18:41:04+08:00
ORD00037658,M006033,P00208,門市,completed,4,USD,20042.73,750.0,2026-05-23T07:05:10+08:00,2026-08-16,2026-07-03T05:01:12+08:00
ORD00030553,M001522,P00233,web,completed,1,TWD,85402.0,200.0,2026-06-14T18:13:28+08:00,2026-09-15,2026-07-03T21:59:07+08:00
ORD00109614,M002158,P00027,web,created,3,TWD,429359.0,700.0,2026-07-03T23:11:07+08:00,2026-07-29,2026-07-04T03:53:07+08:00
ORD00109638,M002959,P00227,門市,paid,3,JPY,2076659.0,500.0,2026-07-03T03:46:11+08:00,2026-08-18,2026-07-05T16:16:11+08:00
ORD00110347,M002822,P00190,門市,paid,2,TWD,338132.0,100.0,2026-07-03T17:08:57+08:00,2026-09-22,2026-07-05T05:00:57+08:00
ORD00111122,M005260,P00045,app,paid,1,TWD,7775.0,550.0,2026-07-03T10:36:54+08:00,2026-09-16,2026-07-04T12:32:54+08:00
ORD00109137,M003136,P00043,app,paid,2,TWD,242923.0,900.0,2026-07-03T16:34:50+08:00,2026-09-20,2026-07-05T06:15:50+08:00
ORD00108412,M005410,P00121,web,paid,1,TWD,24186.0,600.0,2026-07-03T11:44:39+08:00,2026-09-09,2026-07-05T02:52:39+08:00
ORD00109202,M002480,P00131,電銷,created,2,JPY,1980218.0,650.0,2026-07-03T13:12:46+08:00,2026-10-11,2026-07-04T16:44:46+08:00
ORD00108352,M007113,P00083,門市,paid,1,TWD,126621.0,450.0,2026-07-03T15:41:00+08:00,2026-10-16,2026-07-05T20:58:00+08:00
ORD00051945,M007197,P00025,app,completed,2,USD,12437.08,450.0,2026-05-04T01:47:02+08:00,2026-08-20,2026-07-03T05:22:02+08:00
ORD00067110,M001901,P00053,app,completed,3,TWD,274653.0,400.0,2026-06-21T01:49:17+08:00,2026-07-23,2026-07-03T09:41:17+08:00
ORD00110152,M006071,P00102,app,paid,2,TWD,70665.0,700.0,2026-07-03T18:53:48+08:00,2026-10-10,2026-07-03T21:32:48+08:00
ORD00110266,M002658,P00279,web,paid,3,USD,7865.03,800.0,2026-07-03T03:30:40+08:00,2026-07-10,2026-07-05T11:01:40+08:00
ORD00110960,M001430,P00151,門市,paid,1,TWD,86934.0,50.0,2026-07-03T09:47:51+08:00,2026-10-14,2026-07-05T05:20:51+08:00
ORD00110494,M000778,P00294,門市,paid,3,TWD,420815.0,500.0,2026-07-03T05:52:41+08:00,2026-10-22,2026-07-04T09:28:41+08:00
ORD00108418,M001344,P00064,app,paid,4,TWD,102256.0,850.0,2026-07-03T13:17:40+08:00,2026-09-25,2026-07-04T08:43:40+08:00
ORD00108521,M003289,P00117,app,created,1,TWD,132795.0,150.0,2026-07-03T05:34:35+08:00,2026-08-16,2026-07-04T19:59:35+08:00
ORD00109322,M002842,P00108,電銷,paid,3,USD,11872.95,400.0,2026-07-03T04:40:57+08:00,2026-10-06,2026-07-05T14:21:57+08:00
ORD00056042,M006331,P00020,web,completed,3,TWD,166823.0,550.0,2026-06-26T18:38:23+08:00,2026-09-17,2026-07-03T03:24:58+08:00
ORD00110270,M002512,P00247,電銷,paid,1,TWD,133792.0,350.0,2026-07-03T15:45:52+08:00,2026-07-20,2026-07-04T13:44:52+08:00
ORD00109668,M004982,P00157,web,paid,4,USD,9164.82,200.0,2026-07-03T16:45:21+08:00,2026-08-09,2026-07-04T10:07:21+08:00
ORD00109003,M006967,P00089,電銷,created,2,TWD,188371.0,850.0,2026-07-03T23:43:27+08:00,2026-07-14,2026-07-04T18:06:27+08:00
ORD00110611,M002079,P00290,門市,created,1,TWD,118351.0,300.0,2026-07-03T23:41:37+08:00,2026-10-07,2026-07-05T02:43:37+08:00
ORD00108573,M004995,P00246,電銷,paid,3,TWD,366617.0,750.0,2026-07-03T19:05:00+08:00,2026-08-04,2026-07-05T10:27:00+08:00
ORD00108467,M000180,P00057,電銷,paid,4,TWD,380108.0,600.0,2026-07-03T13:28:18+08:00,2026-09-08,2026-07-05T07:28:18+08:00
ORD00111066,M003358,P00226,web,paid,2,TWD,246336.0,100.0,2026-07-03T00:36:55+08:00,2026-09-04,2026-07-03T15:10:55+08:00
ORD00046137,M002381,P00162,web,cancelled,2,JPY,70346.0,600.0,2026-05-29T01:03:27+08:00,2026-06-24,2026-07-03T14:25:21+08:00
ORD00111910,M002101,P00073,app,paid,4,TWD,384164.0,650.0,2026-07-03T20:44:50+08:00,2026-08-19,2026-07-04T21:55:50+08:00
ORD00110149,M006618,P00109,門市,paid,3,TWD,156616.0,650.0,2026-07-03T05:07:25+08:00,2026-10-19,2026-07-03T19:57:25+08:00
ORD00108837,M003197,P00258,電銷,created,3,TWD,500095.0,900.0,2026-07-03T13:45:46+08:00,2026-08-27,2026-07-05T01:30:46+08:00
ORD00108699,M007719,P00121,門市,paid,3,TWD,78329.0,0.0,2026-07-03T21:58:17+08:00,2026-10-20,2026-07-05T20:37:17+08:00
ORD00108767,M002696,P00193,門市,paid,2,JPY,1885591.0,250.0,2026-07-03T05:48:38+08:00,2026-08-09,2026-07-03T13:09:38+08:00
ORD00110797,M005189,P00113,門市,paid,2,USD,10621.29,450.0,2026-07-03T13:11:48+08:00,2026-10-21,2026-07-05T18:31:48+08:00
ORD00109391,M003105,P00170,app,paid,3,TWD,178066.0,850.0,2026-07-03T11:20:35+08:00,2026-09-15,2026-07-03T23:23:35+08:00
ORD00108784,M004271,P00247,app,paid,4,USD,21047.83,750.0,2026-07-03T06:54:02+08:00,2026-10-10,2026-07-03T17:47:02+08:00
ORD00108360,M002972,P00192,app,created,3,JPY,3064510.0,150.0,2026-07-03T09:32:18+08:00,2026-08-26,2026-07-03T11:41:18+08:00
ORD00109211,M001709,P00031,電銷,created,1,TWD,206400.0,150.0,2026-07-03T04:16:45+08:00,2026-10-20,2026-07-03T14:04:45+08:00
ORD00109324,M006716,P00189,門市,paid,2,TWD,226804.0,450.0,2026-07-03T14:58:37+08:00,2026-10-02,2026-07-06T00:51:37+08:00
ORD00109738,M005520,P00259,web,paid,2,TWD,308518.0,500.0,2026-07-03T12:44:28+08:00,2026-10-17,2026-07-04T04:14:28+08:00
ORD00109699,M007389,P00219,web,paid,2,TWD,185522.0,650.0,2026-07-03T11:19:43+08:00,2026-09-24,2026-07-05T18:22:43+08:00
ORD00109854,M002732,P00180,門市,created,1,TWD,93738.0,150.0,2026-07-03T22:34:53+08:00,2026-10-04,2026-07-05T16:54:53+08:00
ORD00108514,M000058,P00222,門市,paid,1,TWD,45611.0,800.0,2026-07-03T17:54:32+08:00,2026-07-20,2026-07-03T20:42:32+08:00
ORD00108620,M002373,P00062,電銷,paid,3,TWD,288965.0,850.0,2026-07-03T20:46:40+08:00,2026-08-21,2026-07-06T08:24:40+08:00
ORD00110143,M007025,P00215,門市,paid,1,TWD,35798.0,600.0,2026-07-03T08:52:59+08:00,2026-09-24,2026-07-03T19:01:59+08:00
ORD00108595,M006134,P00097,門市,created,1,TWD,154852.0,600.0,2026-07-03T05:20:20+08:00,2026-08-19,2026-07-05T15:23:20+08:00
ORD00068677,M007246,P00178,app,completed,4,USD,4263.12,750.0,2026-06-16T07:46:52+08:00,2026-08-01,2026-07-03T15:40:48+08:00
ORD00111769,M001234,P00086,web,paid,1,TWD,22417.0,600.0,2026-07-03T03:48:58+08:00,2026-10-21,2026-07-05T11:19:58+08:00
ORD00084864,M002974,P00122,app,completed,3,TWD,647104.0,0.0,2026-05-11T15:32:20+08:00,2026-05-21,2026-07-03T12:49:02+08:00
ORD00108284,M006636,P00147,門市,paid,2,TWD,408765.0,250.0,2026-07-03T13:02:56+08:00,2026-10-11,2026-07-05T14:58:56+08:00
ORD00112000,M001853,P00051,web,paid,1,JPY,907675.0,850.0,2026-07-03T16:45:43+08:00,2026-08-27,2026-07-04T00:14:43+08:00
ORD00097757,M004118,P00181,web,cancelled,2,TWD,27619.0,200.0,2026-05-24T09:44:32+08:00,2026-07-29,2026-07-03T15:42:11+08:00
ORD00083920,M007642,P00071,web,cancelled,1,TWD,52211.0,0.0,2026-05-25T13:51:12+08:00,2026-07-01,2026-07-03T17:43:49+08:00
ORD00108317,M006989,P00095,門市,paid,2,USD,10800.24,250.0,2026-07-03T14:15:05+08:00,2026-10-22,2026-07-05T02:04:05+08:00
ORD00108904,M004548,P00178,web,paid,2,USD,2317.53,900.0,2026-07-03T16:41:35+08:00,2026-10-24,2026-07-05T18:53:35+08:00
ORD00109484,M007677,P00266,電銷,paid,2,TWD,37374.0,450.0,2026-07-03T04:48:31+08:00,2026-07-20,2026-07-03T08:56:31+08:00
ORD00111679,M004425,P00027,門市,paid,4,JPY,2688713.0,750.0,2026-07-03T22:58:07+08:00,2026-08-28,2026-07-05T19:22:07+08:00
ORD00109541,M006769,P00255,app,created,2,USD,14117.83,650.0,2026-07-03T03:23:17+08:00,2026-07-27,2026-07-05T03:24:17+08:00
ORD00000052,M005154,P00292,電銷,completed,3,USD,13018.71,500.0,2026-06-18T08:54:13+08:00,2026-08-15,2026-07-03T02:34:03+08:00
ORD00111423,M004524,P00267,電銷,created,1,USD,7333.0,500.0,2026-07-03T16:47:49+08:00,2026-09-11,2026-07-05T13:29:49+08:00
ORD00110670,M001778,P00228,web,created,1,USD,3537.61,600.0,2026-07-03T07:21:24+08:00,2026-08-22,2026-07-03T20:32:24+08:00
ORD00109314,M000648,P00190,門市,paid,4,TWD,713408.0,100.0,2026-07-03T06:16:04+08:00,2026-09-23,2026-07-04T05:40:04+08:00
ORD00110955,M003493,P00285,電銷,paid,1,USD,3094.3,50.0,2026-07-03T00:10:54+08:00,2026-07-19,2026-07-03T16:39:54+08:00
ORD00061007,M005589,P00081,門市,cancelled,2,TWD,256400.0,500.0,2026-05-27T08:06:23+08:00,2026-07-20,2026-07-03T16:07:56+08:00
ORD00109866,M000683,P00197,電銷,created,3,USD,6807.48,650.0,2026-07-03T10:48:08+08:00,2026-09-13,2026-07-05T20:47:08+08:00
ORD00110200,M002381,P00078,app,paid,3,TWD,322793.0,950.0,2026-07-03T10:11:50+08:00,2026-07-31,2026-07-03T12:51:50+08:00
ORD00111759,M006317,P00227,電銷,paid,2,USD,7704.97,450.0,2026-07-03T23:25:31+08:00,2026-07-28,2026-07-06T03:01:31+08:00
ORD00111590,M006878,P00271,門市,created,1,TWD,27661.0,750.0,2026-07-03T17:32:11+08:00,2026-07-11,2026-07-04T10:26:11+08:00
ORD00108681,M004527,P00033,web,created,3,USD,14265.28,950.0,2026-07-03T06:35:29+08:00,2026-07-11,2026-07-04T22:27:53+08:00
ORD00111949,M001630,P00211,門市,paid,4,TWD,409259.0,950.0,2026-07-03T15:55:56+08:00,2026-08-24,2026-07-06T08:55:56+08:00
ORD00111741,M000458,P00137,app,created,3,TWD,421936.0,800.0,2026-07-03T13:49:14+08:00,2026-10-07,2026-07-04T21:37:14+08:00
ORD00111177,M000082,P00228,門市,paid,2,USD,8558.69,650.0,2026-07-03T14:28:22+08:00,2026-08-22,2026-07-05T01:25:22+08:00
ORD00108615,M004578,P00130,web,paid,2,JPY,1878544.0,600.0,2026-07-03T00:05:37+08:00,2026-09-16,2026-07-04T04:43:37+08:00
ORD00109335,M005738,P00235,web,paid,2,USD,3645.76,250.0,2026-07-03T23:20:45+08:00,2026-08-26,2026-07-06T02:48:45+08:00
ORD00110768,M006831,P00208,web,created,4,TWD,644114.0,450.0,2026-07-03T10:20:02+08:00,2026-10-06,2026-07-05T09:02:02+08:00
ORD00109952,M004439,P00018,app,paid,2,TWD,305084.0,600.0,2026-07-03T07:49:27+08:00,2026-10-18,2026-07-03T22:10:27+08:00
ORD00111552,M000857,P00032,電銷,created,1,TWD,109964.0,650.0,2026-07-03T09:48:05+08:00,2026-07-20,2026-07-03T12:51:05+08:00
ORD00108574,M003468,P00167,電銷,created,4,TWD,504768.0,50.0,2026-07-03T06:55:24+08:00,2026-08-31,2026-07-04T08:20:24+08:00
ORD00111116,M002077,P00288,app,paid,2,JPY,122297.0,900.0,2026-07-03T07:06:37+08:00,2026-08-18,2026-07-03T15:47:37+08:00
ORD00036187,M007425,P00158,web,cancelled,3,JPY,562838.0,200.0,2026-06-18T21:13:51+08:00,2026-08-08,2026-07-03T23:48:14+08:00
ORD00111091,M006219,P00228,app,paid,2,TWD,250297.0,650.0,2026-07-03T21:42:59+08:00,2026-10-05,2026-07-05T07:06:59+08:00
ORD00108157,M006206,P00151,web,paid,3,TWD,227363.0,400.0,2026-07-03T03:13:55+08:00,2026-08-21,2026-07-04T18:59:55+08:00
ORD00108780,M000161,P00268,電銷,created,4,TWD,243053.0,400.0,2026-07-03T13:30:06+08:00,2026-08-19,2026-07-05T00:15:06+08:00
ORD00083916,M006667,P00220,電銷,cancelled,3,TWD,93987.0,850.0,2026-05-03T21:51:35+08:00,2026-08-29,2026-07-03T03:47:04+08:00
ORD00108237,M006186,P00233,電銷,paid,1,TWD,79490.0,800.0,2026-07-03T23:02:32+08:00,2026-10-04,2026-07-06T02:48:32+08:00
ORD00110853,M006812,P00055,app,paid,3,TWD,344333.0,650.0,2026-07-03T00:58:12+08:00,2026-09-21,2026-07-03T12:13:12+08:00
ORD00111245,M001204,P00177,門市,paid,4,USD,2677.88,300.0,2026-07-03T02:21:27+08:00,2026-08-26,2026-07-03T09:46:27+08:00
ORD00109260,M000597,P00008,電銷,created,2,TWD,152117.0,200.0,2026-07-03T10:42:24+08:00,2026-10-05,2026-07-05T13:09:24+08:00
ORD00027022,M006951,P00294,app,cancelled,1,USD,4178.99,150.0,2026-06-24T21:10:48+08:00,2026-07-13,2026-07-03T13:12:54+08:00
ORD00111743,M005468,P00038,門市,paid,1,TWD,16584.0,700.0,2026-07-03T20:41:45+08:00,2026-10-19,2026-07-04T00:44:45+08:00
ORD00111244,M004800,P00095,門市,paid,1,TWD,198088.0,350.0,2026-07-03T06:13:54+08:00,2026-08-28,2026-07-03T20:44:54+08:00
ORD00006577,M003906,P00110,web,completed,1,TWD,200737.0,500.0,2026-06-07T02:38:59+08:00,2026-08-16,2026-07-03T01:11:20+08:00
ORD00109697,M002466,P00041,電銷,paid,2,TWD,18626.0,700.0,2026-07-03T18:54:56+08:00,2026-10-28,2026-07-05T16:17:56+08:00
ORD00110927,M003462,P00144,app,paid,4,USD,17738.12,0.0,2026-07-03T14:21:35+08:00,2026-10-15,2026-07-03T16:22:35+08:00
ORD00109431,M006136,P00101,web,paid,3,TWD,187803.0,600.0,2026-07-03T15:30:20+08:00,2026-09-15,2026-07-04T06:12:20+08:00
ORD00110855,M007395,P00193,門市,paid,2,JPY,1441243.0,50.0,2026-07-03T02:09:54+08:00,2026-09-22,2026-07-03T07:20:54+08:00
ORD00035324,M004566,P00227,電銷,cancelled,4,TWD,530706.0,650.0,2026-06-03T16:26:18+08:00,2026-08-28,2026-07-03T17:23:06+08:00
ORD00109068,M002061,P00039,web,paid,2,TWD,335110.0,0.0,2026-07-03T23:03:38+08:00,2026-08-30,2026-07-04T10:57:38+08:00
ORD00109085,M005177,P00007,門市,paid,1,TWD,49972.0,300.0,2026-07-03T03:38:43+08:00,2026-10-28,2026-07-04T15:38:43+08:00
ORD00108596,M004898,P00177,web,paid,3,TWD,59770.0,100.0,2026-07-03T04:48:00+08:00,2026-07-29,2026-07-03T12:38:00+08:00
ORD00041478,M002586,P00125,電銷,completed,3,USD,4502.03,50.0,2026-06-01T06:32:04+08:00,2026-07-11,2026-07-03T23:04:43+08:00
ORD00108833,M003129,P00142,app,created,1,USD,6415.03,50.0,2026-07-03T14:09:03+08:00,2026-07-16,2026-07-05T01:46:03+08:00
ORD00108567,M004641,P00080,web,paid,1,TWD,143022.0,950.0,2026-07-03T06:10:28+08:00,2026-09-09,2026-07-04T03:44:28+08:00
ORD00109981,M001411,P00181,app,created,2,JPY,150592.0,450.0,2026-07-03T09:45:41+08:00,2026-08-24,2026-07-04T02:41:41+08:00
ORD00111168,M002937,P00033,門市,paid,3,TWD,475222.0,0.0,2026-07-03T14:44:26+08:00,2026-09-27,2026-07-06T04:43:26+08:00
ORD00109404,M007750,P00229,web,paid,3,TWD,456302.0,100.0,2026-07-03T05:27:04+08:00,2026-08-26,2026-07-04T16:08:04+08:00
ORD00108379,M001029,P00173,門市,paid,3,TWD,25574.0,250.0,2026-07-03T04:47:57+08:00,2026-08-30,2026-07-05T12:27:57+08:00
ORD00110568,M005925,P00244,門市,created,2,JPY,430445.0,0.0,2026-07-03T21:18:30+08:00,2026-08-22,2026-07-05T03:16:30+08:00
ORD00108028,M005233,P00099,web,created,1,USD,4598.07,350.0,2026-07-03T18:50:05+08:00,2026-09-14,2026-07-04T08:39:05+08:00
ORD00109784,M001264,P00161,app,paid,1,TWD,166618.0,400.0,2026-07-03T02:53:00+08:00,2026-08-02,2026-07-03T06:15:00+08:00
ORD00109454,M003880,P00177,門市,paid,3,TWD,67735.0,150.0,2026-07-03T19:50:31+08:00,2026-10-20,2026-07-04T12:30:31+08:00
ORD00108953,M002514,P00023,門市,created,4,USD,21209.08,200.0,2026-07-03T02:06:21+08:00,2026-07-25,2026-07-05T03:08:21+08:00
ORD00109545,M003681,P00264,web,created,1,TWD,11680.0,850.0,2026-07-03T06:16:52+08:00,2026-09-20,2026-07-05T18:36:52+08:00
ORD00109293,M006951,P00115,web,created,4,TWD,641408.0,400.0,2026-07-03T17:29:56+08:00,2026-08-03,2026-07-04T16:00:56+08:00
ORD00110733,M001347,P00042,web,created,1,USD,4724.7,850.0,2026-07-03T22:10:37+08:00,2026-09-04,2026-07-05T15:47:37+08:00
ORD00080928,M001641,P00219,web,cancelled,3,USD,9474.36,400.0,2026-05-29T17:09:24+08:00,2026-06-25,2026-07-03T12:50:20+08:00
ORD00031398,M004680,P00300,電銷,cancelled,2,USD,5591.01,750.0,2026-05-22T16:41:42+08:00,2026-08-31,2026-07-03T23:35:24+08:00
ORD00109320,M006200,P00091,門市,paid,4,TWD,474480.0,950.0,2026-07-03T00:06:06+08:00,2026-09-22,2026-07-05T15:18:06+08:00
ORD00108693,M006843,P00125,電銷,created,1,TWD,47267.0,500.0,2026-07-03T07:44:25+08:00,2026-10-22,2026-07-04T23:41:25+08:00
ORD00110422,M003043,P00185,app,created,4,USD,28627.52,750.0,2026-07-03T13:00:09+08:00,2026-08-10,2026-07-05T18:34:09+08:00
ORD00111516,M001281,P00075,web,paid,2,TWD,40463.0,500.0,2026-07-03T02:30:02+08:00,2026-09-14,2026-07-03T07:19:02+08:00
ORD00109516,M002778,P00286,電銷,paid,4,TWD,668806.0,750.0,2026-07-03T13:26:48+08:00,2026-10-09,2026-07-06T01:17:48+08:00
ORD00110074,M000513,P00127,web,paid,1,TWD,56668.0,950.0,2026-07-03T18:16:54+08:00,2026-09-05,2026-07-05T16:21:54+08:00
ORD00108213,M001641,P00235,門市,paid,2,TWD,115555.0,850.0,2026-07-03T18:36:54+08:00,2026-08-13,2026-07-04T05:31:54+08:00
ORD00110795,M006378,P00285,電銷,paid,1,USD,3626.11,350.0,2026-07-03T17:36:30+08:00,2026-08-01,2026-07-05T13:46:30+08:00
ORD00109495,M007098,P00145,門市,created,4,USD,11669.46,650.0,2026-07-03T19:53:34+08:00,2026-09-02,2026-07-05T22:34:34+08:00
ORD00109219,M005685,P00040,門市,paid,2,TWD,133206.0,650.0,2026-07-03T17:35:44+08:00,2026-09-05,2026-07-05T10:38:44+08:00
ORD00109302,M000474,P00055,app,paid,4,TWD,545365.0,950.0,2026-07-03T08:57:21+08:00,2026-09-17,2026-07-04T11:51:21+08:00
ORD00110281,M001307,P00225,app,paid,2,TWD,104336.0,850.0,2026-07-03T14:57:41+08:00,2026-10-10,2026-07-03T22:09:41+08:00
ORD00108159,M001582,P00007,門市,created,4,JPY,963281.0,900.0,2026-07-03T07:56:21+08:00,2026-08-03,2026-07-03T11:41:33+08:00
ORD00110709,M000994,P00212,電銷,paid,3,USD,3124.89,600.0,2026-07-03T03:55:41+08:00,2026-10-09,2026-07-03T06:04:41+08:00
ORD00111406,M000145,P00227,門市,created,1,TWD,171131.0,950.0,2026-07-03T23:23:33+08:00,2026-09-06,2026-07-05T19:41:33+08:00
ORD00110620,M001758,P00076,電銷,paid,3,TWD,13090.0,650.0,2026-07-03T19:50:31+08:00,2026-10-11,2026-07-04T02:10:31+08:00
ORD00111233,M004977,P00151,門市,created,1,TWD,75715.0,700.0,2026-07-03T23:05:20+08:00,2026-09-02,2026-07-05T09:27:20+08:00
ORD00111114,M003641,P00078,門市,paid,3,TWD,378586.0,650.0,2026-07-03T21:36:26+08:00,2026-09-10,2026-07-06T00:00:26+08:00
ORD00108929,M007838,P00259,app,paid,1,TWD,127167.0,650.0,2026-07-03T04:59:38+08:00,2026-08-29,2026-07-05T06:11:38+08:00
ORD00108261,M006756,P00270,電銷,paid,3,TWD,65002.0,850.0,2026-07-03T21:59:01+08:00,2026-10-25,2026-07-05T13:17:01+08:00
ORD00111938,M002301,P00101,電銷,paid,3,TWD,167359.0,450.0,2026-07-03T08:48:23+08:00,2026-08-14,2026-07-05T04:07:23+08:00
ORD00108037,M006195,P00238,電銷,paid,1,USD,3204.26,700.0,2026-07-03T22:07:32+08:00,2026-07-10,2026-07-06T16:25:32+08:00
ORD00109469,M000985,P00011,app,paid,4,JPY,2587297.0,700.0,2026-07-03T20:30:47+08:00,2026-10-04,2026-07-06T13:26:47+08:00
ORD00035679,M001347,P00011,app,completed,3,JPY,2149299.0,700.0,2026-05-19T18:46:31+08:00,2026-06-05,2026-07-03T15:42:41+08:00
ORD00109508,M001805,P00096,電銷,paid,3,TWD,23665.0,150.0,2026-07-03T01:00:49+08:00,2026-08-14,2026-07-03T20:24:49+08:00
ORD00110176,M007698,P00049,app,created,4,TWD,86038.0,950.0,2026-07-03T08:42:51+08:00,2026-08-17,2026-07-03T15:06:51+08:00
ORD00039725,M004394,P00174,電銷,completed,4,USD,2378.06,450.0,2026-06-19T17:35:25+08:00,2026-09-26,2026-07-03T13:39:03+08:00
ORD00109931,M005154,P00141,web,paid,4,TWD,357548.0,900.0,2026-07-03T18:40:58+08:00,2026-08-21,2026-07-04T03:32:58+08:00
ORD00111459,M002634,P00238,web,paid,1,TWD,117214.0,250.0,2026-07-03T04:45:18+08:00,2026-07-19,2026-07-05T00:43:18+08:00
ORD00111336,M001063,P00258,門市,created,3,TWD,482512.0,800.0,2026-07-03T08:37:40+08:00,2026-08-03,2026-07-03T10:03:40+08:00
ORD00111113,M006528,P00213,web,paid,3,TWD,353373.0,900.0,2026-07-03T11:17:53+08:00,2026-09-08,2026-07-04T05:08:53+08:00
ORD00109365,M004800,P00228,門市,created,1,TWD,132132.0,550.0,2026-07-03T15:57:35+08:00,2026-10-21,2026-07-06T03:29:35+08:00
ORD00092589,M007146,P00186,web,cancelled,3,USD,10451.91,700.0,2026-05-07T22:09:24+08:00,2026-08-22,2026-07-03T23:43:29+08:00
ORD00110091,M000469,P00050,app,created,2,TWD,6189.0,900.0,2026-07-03T17:13:55+08:00,2026-08-18,2026-07-04T09:49:55+08:00
ORD00108039,M004003,P00205,門市,created,4,TWD,43518.0,750.0,2026-07-03T23:38:31+08:00,2026-09-28,2026-07-05T21:57:31+08:00
ORD00111801,M003793,P00030,app,created,3,USD,14505.51,100.0,2026-07-03T06:43:44+08:00,2026-08-27,2026-07-04T00:09:44+08:00
ORD00109128,M008000,P00217,電銷,created,4,TWD,605506.0,250.0,2026-07-03T13:54:18+08:00,2026-10-01,2026-07-04T02:04:18+08:00
ORD00109841,M006422,P00090,app,created,2,TWD,374616.0,800.0,2026-07-03T17:14:09+08:00,2026-09-04,2026-07-06T03:12:09+08:00
ORD00110695,M005200,P00062,web,paid,2,TWD,195336.0,900.0,2026-07-03T14:50:59+08:00,2026-07-10,2026-07-05T22:46:59+08:00
ORD00108844,M002760,P00198,web,paid,3,TWD,63259.0,500.0,2026-07-03T20:30:14+08:00,2026-10-23,2026-07-06T13:38:14+08:00
ORD00110181,M000792,P00148,電銷,paid,1,USD,1063.28,950.0,2026-07-03T21:49:12+08:00,2026-08-07,2026-07-05T09:14:12+08:00
ORD00108478,M006611,P00280,web,created,2,TWD,240686.0,750.0,2026-07-03T12:41:30+08:00,2026-10-14,2026-07-06T03:43:30+08:00
ORD00091389,M004483,P00250,電銷,cancelled,2,TWD,193138.0,450.0,2026-05-14T23:55:48+08:00,2026-09-03,2026-07-03T01:18:50+08:00
ORD00108554,M003516,P00081,門市,paid,2,TWD,263565.0,800.0,2026-07-03T11:10:12+08:00,2026-08-21,2026-07-06T04:18:12+08:00
ORD00108818,M006226,P00212,門市,paid,4,TWD,97831.0,500.0,2026-07-03T17:45:01+08:00,2026-09-11,2026-07-06T10:43:01+08:00
ORD00109200,M004734,P00272,app,created,3,TWD,397486.0,700.0,2026-07-03T21:50:27+08:00,2026-08-20,2026-07-05T06:42:27+08:00
ORD00108899,M003790,P00172,門市,paid,3,TWD,413747.0,350.0,2026-07-03T22:18:10+08:00,2026-08-06,2026-07-05T04:07:10+08:00
ORD00110771,M005067,P00007,web,paid,2,TWD,120612.0,100.0,2026-07-03T03:50:45+08:00,2026-10-21,2026-07-03T09:30:45+08:00
ORD00109770,M004348,P00124,app,created,4,JPY,893683.0,0.0,2026-07-03T05:36:27+08:00,2026-08-04,2026-07-05T06:26:27+08:00
ORD00111324,M000719,P00274,門市,paid,4,JPY,2270607.0,50.0,2026-07-03T08:46:26+08:00,2026-08-12,2026-07-03T16:04:26+08:00
ORD00111232,M002326,P00162,電銷,paid,2,TWD,17396.0,750.0,2026-07-03T16:23:10+08:00,2026-09-05,2026-07-06T02:29:10+08:00
ORD00111781,M006653,P00274,web,created,3,TWD,282306.0,700.0,2026-07-03T21:13:33+08:00,2026-09-04,2026-07-05T10:15:33+08:00
ORD00108654,M003749,P00295,app,paid,3,TWD,178266.0,0.0,2026-07-03T16:38:25+08:00,2026-07-23,2026-07-03T22:55:25+08:00
ORD00111398,M003153,P00034,門市,created,3,JPY,335480.0,800.0,2026-07-03T23:52:17+08:00,2026-07-11,2026-07-05T15:22:17+08:00
ORD00015295,M003148,P00015,門市,completed,3,TWD,200686.0,550.0,2026-06-01T18:51:30+08:00,2026-08-25,2026-07-03T08:11:53+08:00
ORD00111509,M006732,P00171,web,created,2,TWD,159007.0,600.0,2026-07-03T17:19:24+08:00,2026-07-14,2026-07-04T07:08:24+08:00
ORD00111087,M001371,P00275,門市,paid,2,TWD,184258.0,350.0,2026-07-03T06:21:06+08:00,2026-09-04,2026-07-04T15:49:06+08:00
ORD00110257,M000730,P00230,門市,paid,4,TWD,795460.0,650.0,2026-07-03T15:45:18+08:00,2026-09-25,2026-07-05T12:42:18+08:00
ORD00110454,M002678,P00196,app,created,2,TWD,116629.0,700.0,2026-07-03T17:05:58+08:00,2026-08-29,2026-07-05T13:51:58+08:00
ORD00108463,M005824,P00191,web,paid,2,TWD,228664.0,500.0,2026-07-03T00:01:25+08:00,2026-09-24,2026-07-03T08:41:25+08:00
ORD00108792,M000254,P00261,web,paid,2,TWD,11001.0,900.0,2026-07-03T04:04:10+08:00,2026-09-18,2026-07-04T00:46:10+08:00
ORD00110147,M002408,P00044,web,paid,4,TWD,153646.0,150.0,2026-07-03T23:58:03+08:00,2026-07-20,2026-07-04T10:50:03+08:00
ORD00111279,M004723,P00022,門市,paid,3,TWD,138908.0,850.0,2026-07-03T07:10:28+08:00,2026-07-31,2026-07-04T19:29:28+08:00
ORD00110575,M001993,P00163,門市,created,4,USD,10546.59,900.0,2026-07-03T08:36:04+08:00,2026-08-10,2026-07-04T23:30:04+08:00
ORD00111732,M006207,P00254,門市,paid,3,USD,336.38,350.0,2026-07-03T15:21:12+08:00,2026-08-11,2026-07-04T14:14:12+08:00
ORD00110833,M001228,P00253,電銷,paid,3,TWD,642848.0,100.0,2026-07-03T13:30:06+08:00,2026-09-06,2026-07-04T21:05:06+08:00
ORD00091608,M007364,P00185,app,cancelled,2,TWD,358785.0,100.0,2026-05-31T20:20:05+08:00,2026-09-27,2026-07-03T05:39:09+08:00
ORD00108292,M002432,P00047,電銷,paid,1,TWD,26568.0,550.0,2026-07-03T22:15:32+08:00,2026-08-27,2026-07-04T19:35:32+08:00
ORD00111462,M000850,P00159,app,paid,4,JPY,766775.0,700.0,2026-07-03T15:41:21+08:00,2026-09-13,2026-07-04T19:19:21+08:00
ORD00108005,M002354,P00027,電銷,paid,3,TWD,363974.0,100.0,2026-07-03T16:28:59+08:00,2026-08-31,2026-07-06T08:30:59+08:00
ORD00109232,M001610,P00203,電銷,paid,1,TWD,145499.0,50.0,2026-07-03T19:27:30+08:00,2026-10-23,2026-07-06T13:03:30+08:00
ORD00109027,M006030,P00284,電銷,paid,1,TWD,169713.0,650.0,2026-07-03T15:18:21+08:00,2026-09-19,2026-07-05T09:18:21+08:00
ORD00111498,M006074,P00258,門市,paid,1,TWD,146796.0,50.0,2026-07-03T22:31:16+08:00,2026-07-16,2026-07-05T22:53:16+08:00
ORD00110487,M001421,P00074,電銷,created,4,TWD,647997.0,50.0,2026-07-03T21:39:26+08:00,2026-10-19,2026-07-04T01:21:26+08:00
ORD00110474,M003316,P00227,app,paid,3,TWD,415695.0,750.0,2026-07-03T07:42:32+08:00,2026-08-04,2026-07-05T02:47:32+08:00
ORD00108304,M004985,P00045,門市,created,1,TWD,8918.0,150.0,2026-07-03T13:28:53+08:00,2026-10-14,2026-07-03T17:21:53+08:00
ORD00110045,M005935,P00218,電銷,paid,1,USD,1231.85,400.0,2026-07-03T06:43:22+08:00,2026-09-06,2026-07-03T22:52:22+08:00
ORD00110896,M004542,P00273,門市,paid,2,TWD,177439.0,100.0,2026-07-03T09:22:35+08:00,2026-08-13,2026-07-05T01:13:35+08:00
ORD00111853,M006640,P00231,門市,paid,1,TWD,152731.0,950.0,2026-07-03T18:52:23+08:00,2026-09-08,2026-07-06T03:44:23+08:00
ORD00108513,M006186,P00138,app,paid,4,TWD,297274.0,600.0,2026-07-03T06:05:33+08:00,2026-09-05,2026-07-03T10:05:33+08:00
ORD00110109,M004240,P00079,app,paid,3,TWD,130227.0,100.0,2026-07-03T21:06:56+08:00,2026-08-11,2026-07-05T18:29:56+08:00
ORD00110472,M003299,P00191,web,paid,3,TWD,381460.0,550.0,2026-07-03T20:07:01+08:00,2026-08-23,2026-07-06T09:34:01+08:00
ORD00054659,M004043,P00206,app,cancelled,4,USD,24642.32,300.0,2026-05-03T11:35:35+08:00,2026-05-31,2026-07-03T05:26:35+08:00
ORD00111370,M007253,P00031,門市,paid,1,JPY,849771.0,400.0,2026-07-03T17:47:45+08:00,2026-07-24,2026-07-03T18:44:45+08:00
ORD00110539,M005630,P00007,app,paid,3,TWD,170247.0,800.0,2026-07-03T09:38:08+08:00,2026-09-19,2026-07-05T01:50:08+08:00
ORD00109730,M003662,P00034,app,created,1,TWD,25470.0,200.0,2026-07-03T13:38:32+08:00,2026-10-07,2026-07-04T06:11:32+08:00
ORD00108920,M006453,P00299,app,paid,4,TWD,97315.0,950.0,2026-07-03T16:13:36+08:00,2026-09-29,2026-07-04T22:09:36+08:00
ORD00111642,M007014,P00215,app,created,2,TWD,91494.0,50.0,2026-07-03T00:06:00+08:00,2026-09-08,2026-07-03T06:24:00+08:00
ORD00072219,M004622,P00047,app,cancelled,4,TWD,85636.0,150.0,2026-06-06T11:17:40+08:00,2026-06-26,2026-07-03T12:33:38+08:00
ORD00110020,M002157,P00239,web,paid,2,TWD,302702.0,650.0,2026-07-03T21:50:30+08:00,2026-07-16,2026-07-04T18:45:30+08:00
ORD00032255,M001744,P00177,電銷,cancelled,4,USD,2387.69,500.0,2026-05-29T05:47:24+08:00,2026-08-10,2026-07-03T16:51:24+08:00
ORD00108219,M000426,P00146,web,created,4,TWD,101680.0,100.0,2026-07-03T21:19:19+08:00,2026-08-25,2026-07-04T11:44:19+08:00
ORD00110477,M001915,P00256,電銷,paid,1,TWD,178626.0,150.0,2026-07-03T15:22:33+08:00,2026-07-29,2026-07-04T02:40:33+08:00
ORD00109248,M006689,P00192,電銷,created,4,TWD,765830.0,950.0,2026-07-03T04:48:09+08:00,2026-08-31,2026-07-03T10:47:09+08:00
ORD00109066,M007209,P00151,電銷,paid,3,TWD,228161.0,100.0,2026-07-03T13:11:03+08:00,2026-07-13,2026-07-05T01:51:03+08:00
ORD00109498,M005080,P00008,app,paid,3,TWD,241388.0,350.0,2026-07-03T18:11:10+08:00,2026-07-29,2026-07-06T11:10:10+08:00
ORD00109390,M002297,P00021,app,created,2,TWD,446624.0,50.0,2026-07-03T19:06:28+08:00,2026-08-03,2026-07-05T10:18:28+08:00
ORD00109974,M003140,P00205,web,paid,1,TWD,12161.0,800.0,2026-07-03T20:52:28+08:00,2026-09-29,2026-07-04T04:10:28+08:00
ORD00109441,M006272,P00173,web,paid,2,USD,593.1,50.0,2026-07-03T21:29:20+08:00,2026-10-24,2026-07-06T15:10:20+08:00
ORD00111429,M004057,P00206,電銷,paid,1,TWD,179927.0,0.0,2026-07-03T18:45:15+08:00,2026-08-10,2026-07-05T08:55:15+08:00
ORD00109641,M005455,P00152,web,paid,2,TWD,79668.0,800.0,2026-07-03T17:16:31+08:00,2026-09-09,2026-07-04T19:58:31+08:00
ORD00111061,M002878,P00057,門市,paid,4,TWD,463960.0,700.0,2026-07-03T16:28:03+08:00,2026-08-07,2026-07-04T17:32:03+08:00
ORD00109284,M006515,P00090,電銷,paid,2,TWD,262009.0,650.0,2026-07-03T00:04:11+08:00,2026-10-03,2026-07-05T05:07:11+08:00
ORD00025950,M007925,P00265,門市,cancelled,4,TWD,619150.0,350.0,2026-05-23T08:47:18+08:00,2026-06-29,2026-07-03T19:37:21+08:00
ORD00111828,M003793,P00156,app,created,1,TWD,170281.0,550.0,2026-07-03T12:37:43+08:00,2026-10-07,2026-07-04T08:42:43+08:00
ORD00110967,M000853,P00211,門市,created,1,JPY,398477.0,0.0,2026-07-03T21:34:34+08:00,2026-10-11,2026-07-06T13:02:34+08:00
ORD00110986,M004104,P00047,門市,paid,1,TWD,24253.0,750.0,2026-07-03T10:41:36+08:00,2026-07-13,2026-07-05T14:27:36+08:00
ORD00109306,M007901,P00274,app,paid,3,JPY,1633229.0,550.0,2026-07-03T11:34:24+08:00,2026-10-06,2026-07-05T17:29:24+08:00
ORD00096654,M001426,P00172,門市,cancelled,3,TWD,467744.0,150.0,2026-06-06T06:07:53+08:00,2026-09-26,2026-07-03T14:09:21+08:00
ORD00108787,M007313,P00296,電銷,paid,4,USD,795.3,50.0,2026-07-03T00:56:37+08:00,2026-09-10,2026-07-04T08:12:37+08:00
ORD00051366,M000969,P00189,app,completed,2,TWD,224799.0,350.0,2026-06-13T01:38:28+08:00,2026-07-03,2026-07-03T21:59:07+08:00
ORD00109386,M003627,P00284,app,paid,1,TWD,160779.0,250.0,2026-07-03T11:45:46+08:00,2026-08-20,2026-07-04T21:10:46+08:00
ORD00108814,M004099,P00146,app,created,4,JPY,524762.0,650.0,2026-07-03T04:29:22+08:00,2026-10-21,2026-07-04T16:08:22+08:00
ORD00111979,M007798,P00127,電銷,paid,1,TWD,53245.0,0.0,2026-07-03T02:19:21+08:00,2026-09-21,2026-07-04T03:22:21+08:00
ORD00108909,M007776,P00129,電銷,created,4,TWD,526157.0,450.0,2026-07-03T16:55:07+08:00,2026-09-17,2026-07-04T05:57:07+08:00
ORD00111902,M004157,P00292,電銷,paid,3,JPY,2611043.0,950.0,2026-07-03T02:31:52+08:00,2026-10-19,2026-07-05T05:24:52+08:00
ORD00109672,M000628,P00006,app,paid,3,TWD,511560.0,300.0,2026-07-03T00:19:16+08:00,2026-09-25,2026-07-03T03:59:16+08:00
ORD00056710,M001846,P00176,門市,completed,1,TWD,180218.0,750.0,2026-06-16T22:34:32+08:00,2026-06-28,2026-07-03T12:18:11+08:00
ORD00046272,M003301,P00054,門市,completed,4,TWD,613502.0,850.0,2026-06-27T02:24:59+08:00,2026-08-30,2026-07-03T02:15:57+08:00
ORD00109318,M000971,P00215,電銷,created,3,TWD,105763.0,600.0,2026-07-03T11:51:35+08:00,2026-08-22,2026-07-04T05:39:35+08:00
ORD00111129,M002775,P00265,電銷,paid,2,USD,11870.04,800.0,2026-07-03T18:32:39+08:00,2026-07-20,2026-07-05T12:39:39+08:00
ORD00108626,M005949,P00181,web,paid,2,TWD,30916.0,950.0,2026-07-03T00:58:56+08:00,2026-09-03,2026-07-04T12:43:56+08:00
ORD00061892,M006716,P00222,電銷,cancelled,3,TWD,106732.0,700.0,2026-06-20T07:27:47+08:00,2026-10-03,2026-07-03T06:59:10+08:00
ORD00111048,M005956,P00102,門市,paid,3,TWD,121896.0,700.0,2026-07-03T12:40:24+08:00,2026-09-25,2026-07-03T20:33:24+08:00
ORD00109300,M005435,P00099,電銷,created,4,USD,16001.81,800.0,2026-07-03T16:13:40+08:00,2026-10-17,2026-07-04T17:52:40+08:00
ORD00109765,M005300,P00059,電銷,created,4,TWD,341079.0,550.0,2026-07-03T08:26:14+08:00,2026-10-27,2026-07-05T02:29:14+08:00
ORD00110593,M005338,P00151,門市,paid,3,TWD,214902.0,300.0,2026-07-03T20:40:51+08:00,2026-10-25,2026-07-05T23:53:51+08:00
ORD00040080,M007956,P00265,電銷,cancelled,2,JPY,1604525.0,950.0,2026-06-11T14:17:45+08:00,2026-09-11,2026-07-03T21:54:17+08:00
ORD00110617,M003247,P00007,門市,paid,3,JPY,734920.0,550.0,2026-07-03T12:31:10+08:00,2026-08-03,2026-07-05T00:38:10+08:00
ORD00111884,M006072,P00249,web,paid,3,USD,7270.59,950.0,2026-07-03T23:22:06+08:00,2026-09-15,2026-07-06T09:38:06+08:00
ORD00110415,M005144,P00228,門市,paid,4,TWD,573008.0,700.0,2026-07-03T12:21:00+08:00,2026-10-16,2026-07-04T10:06:00+08:00
ORD00045701,M006677,P00272,web,completed,4,TWD,421584.0,500.0,2026-06-14T17:29:48+08:00,2026-08-16,2026-07-03T15:15:54+08:00
ORD00111612,M000843,P00270,電銷,created,3,USD,2266.24,650.0,2026-07-03T13:59:07+08:00,2026-07-16,2026-07-06T04:36:07+08:00
ORD00108915,M002165,P00097,web,paid,4,TWD,473330.0,250.0,2026-07-03T15:41:51+08:00,2026-07-12,2026-07-03T19:10:51+08:00
ORD00111816,M004278,P00049,app,paid,3,TWD,55331.0,750.0,2026-07-03T04:05:29+08:00,2026-08-01,2026-07-03T06:18:29+08:00
ORD00110952,M003752,P00101,門市,created,1,TWD,52478.0,350.0,2026-07-03T05:21:07+08:00,2026-07-15,2026-07-04T12:17:07+08:00
ORD00056546,M000365,P00005,門市,cancelled,1,USD,2415.74,450.0,2026-05-29T06:04:11+08:00,2026-09-12,2026-07-03T03:34:13+08:00
ORD00111026,M001406,P00218,web,paid,2,TWD,61086.0,350.0,2026-07-03T23:13:47+08:00,2026-08-19,2026-07-04T16:25:47+08:00
ORD00108930,M005788,P00205,門市,paid,3,TWD,35795.0,500.0,2026-07-03T19:29:55+08:00,2026-10-13,2026-07-04T09:58:55+08:00
ORD00109567,M002286,P00128,web,created,4,TWD,614173.0,500.0,2026-07-03T02:07:54+08:00,2026-09-07,2026-07-03T22:09:54+08:00
ORD00109588,M005021,P00072,web,paid,1,TWD,16957.0,300.0,2026-07-03T13:47:24+08:00,2026-09-20,2026-07-04T17:53:24+08:00
ORD00111618,M001437,P00154,app,created,2,USD,5688.6,250.0,2026-07-03T20:24:13+08:00,2026-09-13,2026-07-04T21:09:13+08:00
ORD00109651,M007004,P00098,app,created,2,TWD,275099.0,50.0,2026-07-03T19:13:37+08:00,2026-10-20,2026-07-04T15:25:37+08:00
ORD00109104,M005416,P00075,電銷,paid,1,TWD,20945.0,750.0,2026-07-03T20:10:46+08:00,2026-07-12,2026-07-05T08:39:46+08:00
ORD00111519,M007660,P00050,電銷,paid,4,USD,356.71,850.0,2026-07-03T02:47:44+08:00,2026-09-03,2026-07-03T12:18:44+08:00
ORD00110641,M005731,P00041,門市,created,2,TWD,16348.0,650.0,2026-07-03T20:24:46+08:00,2026-10-05,2026-07-06T01:35:46+08:00
ORD00110043,M004110,P00089,門市,paid,3,TWD,278489.0,300.0,2026-07-03T14:45:20+08:00,2026-08-28,2026-07-05T02:18:20+08:00
ORD00111238,M004955,P00028,web,paid,1,TWD,98702.0,700.0,2026-07-03T17:52:27+08:00,2026-09-16,2026-07-04T16:51:27+08:00
ORD00109411,M001434,P00080,門市,paid,3,TWD,485574.0,0.0,2026-07-03T08:11:01+08:00,2026-08-02,2026-07-03T16:09:01+08:00
ORD00111821,M003411,P00295,電銷,paid,1,TWD,64864.0,800.0,2026-07-03T19:15:39+08:00,2026-07-29,2026-07-05T08:21:39+08:00
ORD00109439,M005127,P00249,app,paid,4,TWD,326972.0,650.0,2026-07-03T12:27:23+08:00,2026-10-27,2026-07-04T12:03:23+08:00
ORD00111557,M004784,P00155,app,created,3,USD,5518.54,550.0,2026-07-03T19:56:43+08:00,2026-10-02,2026-07-04T09:05:43+08:00
ORD00032430,M003517,P00186,電銷,completed,3,JPY,1894516.0,850.0,2026-05-10T06:19:16+08:00,2026-06-25,2026-07-03T13:28:33+08:00
ORD00111435,M006246,P00139,門市,paid,2,JPY,1444834.0,750.0,2026-07-03T10:13:30+08:00,2026-10-18,2026-07-04T00:19:30+08:00
ORD00081669,M004645,P00208,web,completed,4,TWD,694523.0,850.0,2026-05-24T13:15:47+08:00,2026-06-14,2026-07-03T02:19:12+08:00
ORD00111138,M003302,P00082,web,created,2,USD,10946.56,200.0,2026-07-03T05:01:54+08:00,2026-09-16,2026-07-04T11:26:54+08:00
ORD00110479,M004238,P00217,app,paid,4,TWD,687689.0,200.0,2026-07-03T10:52:14+08:00,2026-07-26,2026-07-03T16:00:14+08:00
ORD00084476,M000661,P00163,app,cancelled,4,USD,14094.58,650.0,2026-05-20T09:26:35+08:00,2026-06-06,2026-07-03T09:29:28+08:00
ORD00111164,M004159,P00232,電銷,paid,1,TWD,220041.0,500.0,2026-07-03T02:11:12+08:00,2026-07-15,2026-07-03T08:04:12+08:00
ORD00111320,M000342,P00183,app,paid,4,JPY,2803437.0,450.0,2026-07-03T19:42:50+08:00,2026-08-27,2026-07-06T02:09:50+08:00
ORD00108201,M005878,P00247,app,paid,3,JPY,2245175.0,800.0,2026-07-03T16:09:51+08:00,2026-10-19,2026-07-06T04:58:51+08:00
ORD00109021,M005921,P00225,app,created,2,JPY,435444.0,350.0,2026-07-03T03:33:34+08:00,2026-08-02,2026-07-03T06:48:34+08:00
ORD00108081,M004996,P00108,電銷,paid,2,TWD,186614.0,100.0,2026-07-03T17:28:51+08:00,2026-07-15,2026-07-03T19:28:51+08:00
ORD00111907,M004287,P00010,web,paid,2,USD,9054.7,50.0,2026-07-03T18:26:48+08:00,2026-09-15,2026-07-06T05:33:48+08:00
ORD00108773,M001181,P00300,電銷,created,1,USD,2921.66,900.0,2026-07-03T23:21:31+08:00,2026-07-27,2026-07-04T08:57:31+08:00
ORD00110052,M006926,P00207,web,paid,2,JPY,624305.0,150.0,2026-07-03T05:59:16+08:00,2026-07-14,2026-07-03T12:37:16+08:00
ORD00111156,M004727,P00037,web,created,3,TWD,382511.0,500.0,2026-07-03T18:59:00+08:00,2026-09-14,2026-07-04T08:20:00+08:00
ORD00037424,M005452,P00058,web,completed,1,TWD,36807.0,800.0,2026-05-07T18:03:57+08:00,2026-07-31,2026-07-03T14:14:18+08:00
ORD00109291,M001049,P00182,web,paid,2,TWD,15408.0,800.0,2026-07-03T00:13:41+08:00,2026-09-11,2026-07-03T16:04:41+08:00
ORD00110136,M001949,P00181,app,paid,1,USD,552.58,250.0,2026-07-03T14:46:14+08:00,2026-08-28,2026-07-04T13:07:14+08:00
ORD00110251,M004040,P00019,web,paid,4,JPY,2107528.0,450.0,2026-07-03T17:25:21+08:00,2026-10-24,2026-07-05T09:24:21+08:00
ORD00110662,M002663,P00213,web,created,1,USD,3538.76,600.0,2026-07-03T12:35:37+08:00,2026-07-29,2026-07-04T13:55:37+08:00
ORD00111787,M001725,P00048,web,created,3,USD,9711.86,100.0,2026-07-03T03:36:53+08:00,2026-07-15,2026-07-03T23:36:53+08:00
ORD00109369,M004982,P00181,web,paid,1,TWD,17277.0,750.0,2026-07-03T20:30:55+08:00,2026-07-12,2026-07-05T01:06:55+08:00
ORD00109950,M007881,P00031,門市,created,1,TWD,174834.0,750.0,2026-07-03T14:40:30+08:00,2026-07-23,2026-07-05T06:45:30+08:00
ORD00109223,M002786,P00044,web,paid,2,USD,2067.55,50.0,2026-07-03T16:40:35+08:00,2026-08-20,2026-07-04T11:03:35+08:00
ORD00110201,M000672,P00087,電銷,paid,1,USD,6439.42,300.0,2026-07-03T21:26:43+08:00,2026-07-25,2026-07-04T15:16:43+08:00
ORD00110898,M004467,P00049,app,created,1,TWD,20264.0,250.0,2026-07-03T18:42:50+08:00,2026-07-31,2026-07-06T11:10:50+08:00
ORD00108107,M003730,P00124,門市,created,1,USD,1333.06,350.0,2026-07-03T01:14:33+08:00,2026-08-16,2026-07-03T22:30:33+08:00
ORD00110563,M001527,P00254,web,paid,3,JPY,50179.0,600.0,2026-07-03T07:53:47+08:00,2026-08-29,2026-07-05T00:01:47+08:00
ORD00110133,M000132,P00061,電銷,paid,4,TWD,601452.0,250.0,2026-07-03T17:12:21+08:00,2026-10-30,2026-07-04T17:11:21+08:00
ORD00111314,M005594,P00126,門市,paid,4,TWD,99478.0,500.0,2026-07-03T15:14:16+08:00,2026-10-30,2026-07-04T10:06:16+08:00
ORD00110537,M001421,P00141,web,paid,1,TWD,85266.0,650.0,2026-07-03T15:37:48+08:00,2026-10-28,2026-07-04T01:52:48+08:00
ORD00110683,M003152,P00236,app,paid,4,TWD,700426.0,200.0,2026-07-03T02:54:43+08:00,2026-09-15,2026-07-05T10:20:43+08:00
ORD00108096,M007995,P00087,電銷,created,2,TWD,451347.0,450.0,2026-07-03T00:51:32+08:00,2026-10-05,2026-07-04T03:04:32+08:00
ORD00108822,M001175,P00265,電銷,paid,4,TWD,574736.0,150.0,2026-07-03T21:57:22+08:00,2026-07-30,2026-07-04T13:06:22+08:00
ORD00111710,M001960,P00033,電銷,paid,1,TWD,122236.0,500.0,2026-07-03T10:58:20+08:00,2026-07-12,2026-07-04T12:46:20+08:00
ORD00108738,M001616,P00063,電銷,paid,4,TWD,670458.0,850.0,2026-07-03T18:16:49+08:00,2026-08-07,2026-07-05T13:50:49+08:00
ORD00082894,M001581,P00014,app,completed,4,USD,11963.95,550.0,2026-06-06T12:43:20+08:00,2026-07-12,2026-07-03T09:24:17+08:00
ORD00111364,M004614,P00203,電銷,paid,2,TWD,270626.0,0.0,2026-07-03T02:14:24+08:00,2026-10-20,2026-07-03T15:14:24+08:00
ORD00108875,M007347,P00128,app,created,2,TWD,349111.0,150.0,2026-07-03T18:23:46+08:00,2026-10-11,2026-07-04T16:47:46+08:00
ORD00109444,M006829,P00293,電銷,paid,1,TWD,77445.0,150.0,2026-07-03T06:53:06+08:00,2026-08-25,2026-07-05T18:22:06+08:00
ORD00109884,M002050,P00131,門市,created,4,USD,28952.02,200.0,2026-07-03T18:44:41+08:00,2026-09-04,2026-07-06T09:46:41+08:00
ORD00111333,M000082,P00147,門市,paid,1,TWD,178364.0,800.0,2026-07-03T03:01:31+08:00,2026-07-11,2026-07-03T08:37:31+08:00
ORD00004406,M000341,P00191,web,completed,2,USD,8737.7,300.0,2026-06-02T07:45:30+08:00,2026-09-05,2026-07-03T18:25:28+08:00
ORD00109693,M003376,P00038,web,created,3,TWD,64468.0,100.0,2026-07-03T17:52:12+08:00,2026-09-23,2026-07-04T04:23:12+08:00
ORD00098005,M002853,P00127,門市,completed,4,TWD,191644.0,0.0,2026-05-22T11:45:55+08:00,2026-07-11,2026-07-03T00:05:09+08:00
ORD00108905,M007749,P00089,電銷,paid,4,USD,9562.33,900.0,2026-07-03T15:01:55+08:00,2026-08-31,2026-07-04T08:19:55+08:00
ORD00110687,M004812,P00160,門市,paid,2,TWD,34051.0,450.0,2026-07-03T19:17:34+08:00,2026-09-28,2026-07-04T19:49:34+08:00
ORD00109550,M006510,P00092,門市,paid,4,TWD,634188.0,200.0,2026-07-03T14:43:02+08:00,2026-09-08,2026-07-04T14:03:02+08:00
ORD00111744,M007796,P00124,web,created,2,TWD,72902.0,750.0,2026-07-03T02:11:15+08:00,2026-10-10,2026-07-04T17:33:15+08:00
ORD00109401,M006694,P00032,web,paid,1,TWD,153735.0,150.0,2026-07-03T18:29:38+08:00,2026-08-12,2026-07-04T04:43:38+08:00
ORD00109112,M007320,P00185,門市,paid,4,TWD,938991.0,700.0,2026-07-03T00:07:06+08:00,2026-09-17,2026-07-04T08:28:06+08:00
ORD00111440,M002867,P00094,web,paid,4,TWD,691349.0,800.0,2026-07-03T08:27:31+08:00,2026-09-13,2026-07-05T00:55:31+08:00
ORD00109244,M002223,P00251,門市,paid,3,TWD,380348.0,350.0,2026-07-03T11:06:06+08:00,2026-10-22,2026-07-03T16:41:06+08:00
ORD00069214,M004641,P00047,web,completed,2,JPY,221581.0,950.0,2026-05-04T12:49:35+08:00,2026-06-22,2026-07-03T11:18:14+08:00
ORD00108497,M003305,P00211,電銷,created,3,TWD,277650.0,850.0,2026-07-03T08:01:53+08:00,2026-07-21,2026-07-06T01:52:53+08:00
ORD00111984,M005018,P00151,web,paid,3,TWD,236683.0,500.0,2026-07-03T09:29:30+08:00,2026-07-26,2026-07-04T16:36:30+08:00
ORD00110939,M003722,P00019,app,created,4,TWD,376767.0,650.0,2026-07-03T21:50:54+08:00,2026-10-24,2026-07-05T03:03:54+08:00
ORD00110654,M006425,P00092,電銷,created,1,USD,5068.35,550.0,2026-07-03T20:28:15+08:00,2026-10-01,2026-07-04T17:05:15+08:00
ORD00110171,M003571,P00278,web,paid,1,JPY,931807.0,50.0,2026-07-03T19:31:25+08:00,2026-09-22,2026-07-05T16:55:25+08:00
ORD00109704,M004605,P00193,電銷,created,1,TWD,185739.0,650.0,2026-07-03T06:58:52+08:00,2026-09-01,2026-07-05T14:28:52+08:00
ORD00109325,M007469,P00156,app,paid,1,TWD,189334.0,300.0,2026-07-03T05:44:02+08:00,2026-09-29,2026-07-03T18:26:02+08:00
ORD00111676,M006542,P00275,web,created,3,TWD,229888.0,150.0,2026-07-03T23:21:24+08:00,2026-07-21,2026-07-06T16:16:24+08:00
ORD00108778,M006894,P00054,電銷,created,1,TWD,133536.0,250.0,2026-07-03T10:00:49+08:00,2026-10-17,2026-07-03T17:23:49+08:00
ORD00110233,M003493,P00103,app,paid,3,TWD,54341.0,450.0,2026-07-03T12:35:29+08:00,2026-08-12,2026-07-03T18:39:29+08:00
ORD00111386,M000488,P00055,app,paid,4,USD,13901.05,800.0,2026-07-03T16:05:33+08:00,2026-09-02,2026-07-04T14:14:33+08:00
ORD00111137,M000299,P00048,電銷,paid,2,TWD,221603.0,850.0,2026-07-03T11:34:43+08:00,2026-10-19,2026-07-05T01:19:43+08:00
ORD00108614,M001477,P00185,web,paid,3,TWD,616714.0,850.0,2026-07-03T08:37:48+08:00,2026-10-13,2026-07-05T08:11:48+08:00
ORD00108895,M000041,P00199,電銷,paid,2,TWD,14710.0,300.0,2026-07-03T05:24:57+08:00,2026-09-28,2026-07-03T17:33:57+08:00
ORD00110824,M001979,P00241,門市,created,4,USD,19050.2,900.0,2026-07-03T22:05:12+08:00,2026-07-24,2026-07-06T02:36:12+08:00
ORD00110148,M004077,P00036,電銷,paid,2,USD,4566.54,400.0,2026-07-03T12:19:40+08:00,2026-09-01,2026-07-03T19:11:40+08:00
ORD00064027,M002483,P00073,web,cancelled,3,JPY,1446965.0,450.0,2026-05-14T17:45:39+08:00,2026-05-29,2026-07-03T22:31:45+08:00
ORD00057365,M000699,P00127,電銷,completed,3,TWD,159586.0,200.0,2026-06-18T10:17:10+08:00,2026-07-28,2026-07-03T20:15:28+08:00
ORD00028052,M004892,P00129,web,completed,4,TWD,610966.0,850.0,2026-05-13T15:20:20+08:00,2026-06-13,2026-07-03T04:24:34+08:00
ORD00109210,M005354,P00273,app,created,4,TWD,324189.0,800.0,2026-07-03T06:07:51+08:00,2026-10-01,2026-07-03T07:26:51+08:00
ORD00108546,M002772,P00028,門市,paid,1,TWD,129785.0,50.0,2026-07-03T02:12:17+08:00,2026-07-30,2026-07-03T17:01:17+08:00
ORD00109690,M006843,P00151,app,created,4,JPY,1222695.0,550.0,2026-07-03T17:15:23+08:00,2026-08-03,2026-07-04T19:09:23+08:00
ORD00111301,M001031,P00242,電銷,paid,4,TWD,89990.0,450.0,2026-07-03T09:10:14+08:00,2026-09-09,2026-07-03T18:02:14+08:00
ORD00110757,M001795,P00023,門市,created,2,TWD,351879.0,850.0,2026-07-03T04:55:16+08:00,2026-09-10,2026-07-05T22:09:16+08:00
ORD00110100,M000793,P00090,app,paid,3,TWD,544117.0,0.0,2026-07-03T18:53:04+08:00,2026-09-18,2026-07-04T01:08:04+08:00
ORD00109878,M007256,P00263,電銷,created,1,USD,2902.06,50.0,2026-07-03T02:33:11+08:00,2026-09-13,2026-07-05T01:38:11+08:00
ORD00109139,M001112,P00001,web,paid,4,TWD,513895.0,350.0,2026-07-03T04:06:46+08:00,2026-07-16,2026-07-03T04:16:46+08:00
ORD00004385,M001788,P00011,門市,cancelled,4,JPY,2960259.0,350.0,2026-05-17T12:58:43+08:00,2026-06-24,2026-07-03T14:23:01+08:00
ORD00109998,M000287,P00295,電銷,created,1,JPY,310773.0,350.0,2026-07-03T17:09:58+08:00,2026-08-30,2026-07-04T19:19:58+08:00
ORD00109242,M001209,P00104,app,paid,1,USD,118.34,900.0,2026-07-03T21:18:49+08:00,2026-09-15,2026-07-04T11:43:49+08:00
ORD00085055,M004413,P00250,電銷,completed,3,TWD,212815.0,950.0,2026-05-05T00:24:02+08:00,2026-08-27,2026-07-03T18:18:47+08:00
ORD00111379,M001397,P00254,門市,paid,3,TWD,10039.0,150.0,2026-07-03T18:48:40+08:00,2026-09-07,2026-07-05T20:10:40+08:00
ORD00110829,M002891,P00056,web,paid,3,TWD,233828.0,950.0,2026-07-03T04:35:59+08:00,2026-09-16,2026-07-05T02:46:59+08:00
ORD00111603,M004278,P00293,門市,paid,3,TWD,205022.0,0.0,2026-07-03T16:40:11+08:00,2026-07-18,2026-07-05T22:37:11+08:00
ORD00108597,M002016,P00008,app,paid,3,TWD,252249.0,200.0,2026-07-03T12:45:11+08:00,2026-09-28,2026-07-05T09:40:11+08:00
ORD00108095,M002595,P00020,門市,paid,3,USD,6407.34,800.0,2026-07-03T09:10:55+08:00,2026-09-16,2026-07-04T05:59:55+08:00
ORD00108745,M003099,P00172,電銷,created,4,USD,17154.83,750.0,2026-07-03T07:58:02+08:00,2026-07-27,2026-07-04T04:28:02+08:00
ORD00109471,M007586,P00195,門市,created,3,TWD,170908.0,0.0,2026-07-03T18:26:08+08:00,2026-09-05,2026-07-03T21:02:08+08:00
ORD00108156,M001933,P00015,電銷,paid,4,TWD,291074.0,200.0,2026-07-03T10:45:29+08:00,2026-09-12,2026-07-04T23:59:29+08:00
ORD00111457,M000803,P00128,門市,paid,4,JPY,2751560.0,50.0,2026-07-03T22:03:53+08:00,2026-08-01,2026-07-04T01:49:53+08:00
ORD00108203,M006496,P00168,web,paid,2,TWD,300692.0,600.0,2026-07-03T11:35:16+08:00,2026-08-13,2026-07-05T18:16:16+08:00
ORD00109352,M005356,P00152,電銷,created,1,TWD,42390.0,950.0,2026-07-03T15:40:52+08:00,2026-10-02,2026-07-03T21:47:52+08:00
ORD00026125,M002038,P00075,門市,completed,1,TWD,19268.0,850.0,2026-06-27T02:26:09+08:00,2026-09-10,2026-07-03T10:34:35+08:00
ORD00108365,M005544,P00094,app,paid,1,TWD,152762.0,450.0,2026-07-03T18:13:35+08:00,2026-10-04,2026-07-06T12:16:35+08:00
ORD00108613,M007866,P00200,電銷,paid,4,TWD,639164.0,250.0,2026-07-03T14:22:58+08:00,2026-09-17,2026-07-04T10:54:58+08:00
ORD00110584,M000174,P00157,門市,created,4,TWD,297324.0,250.0,2026-07-03T09:46:34+08:00,2026-07-30,2026-07-04T22:41:34+08:00
ORD00110501,M007888,P00134,web,paid,2,TWD,204437.0,450.0,2026-07-03T03:50:43+08:00,2026-10-07,2026-07-04T04:01:43+08:00
ORD00109579,M004062,P00093,web,paid,3,JPY,1903407.0,600.0,2026-07-03T08:14:55+08:00,2026-07-27,2026-07-03T10:07:55+08:00
ORD00108206,M004755,P00127,app,paid,2,TWD,117549.0,150.0,2026-07-03T04:34:21+08:00,2026-07-11,2026-07-03T20:09:21+08:00
ORD00063106,M005113,P00188,門市,completed,3,TWD,194889.0,850.0,2026-06-05T17:15:29+08:00,2026-08-27,2026-07-03T10:57:47+08:00
ORD00110019,M003109,P00070,電銷,paid,3,TWD,387526.0,550.0,2026-07-03T18:14:01+08:00,2026-10-26,2026-07-04T01:58:01+08:00
ORD00111305,M002303,P00080,電銷,paid,4,USD,16012.39,150.0,2026-07-03T18:00:39+08:00,2026-10-05,2026-07-05T16:11:39+08:00
ORD00109664,M000263,P00225,電銷,created,2,TWD,100510.0,900.0,2026-07-03T20:47:25+08:00,2026-07-11,2026-07-03T23:01:25+08:00
ORD00110788,M006786,P00143,app,paid,3,USD,891.87,200.0,2026-07-03T18:28:32+08:00,2026-08-11,2026-07-03T18:43:32+08:00
ORD00108579,M002448,P00123,電銷,paid,4,TWD,278619.0,550.0,2026-07-03T08:49:45+08:00,2026-07-31,2026-07-05T14:00:45+08:00
ORD00108342,M003648,P00021,電銷,created,4,JPY,3234953.0,500.0,2026-07-03T01:33:17+08:00,2026-10-01,2026-07-03T23:14:17+08:00
ORD00111701,M006289,P00245,電銷,paid,4,TWD,448088.0,750.0,2026-07-03T04:32:35+08:00,2026-10-12,2026-07-04T22:18:35+08:00
ORD00110090,M005427,P00158,電銷,paid,2,JPY,395834.0,250.0,2026-07-03T12:46:18+08:00,2026-08-08,2026-07-04T00:41:18+08:00
ORD00110541,M005514,P00108,web,paid,2,TWD,242921.0,600.0,2026-07-03T03:05:18+08:00,2026-10-21,2026-07-03T07:58:18+08:00
ORD00015806,M003375,P00184,電銷,completed,1,TWD,153672.0,50.0,2026-05-21T11:17:03+08:00,2026-07-19,2026-07-03T11:55:21+08:00
ORD00109433,M006195,P00088,app,created,4,TWD,259462.0,700.0,2026-07-03T23:30:11+08:00,2026-10-18,2026-07-06T03:17:11+08:00
ORD00109996,M006314,P00082,門市,paid,3,TWD,472575.0,700.0,2026-07-03T17:57:17+08:00,2026-10-29,2026-07-05T06:09:17+08:00
ORD00087881,M002905,P00036,app,completed,1,TWD,76070.0,200.0,2026-06-17T10:24:53+08:00,2026-08-25,2026-07-03T14:46:11+08:00
ORD00111616,M000690,P00295,app,paid,3,TWD,156131.0,450.0,2026-07-03T16:30:43+08:00,2026-07-11,2026-07-06T01:09:43+08:00
ORD00108808,M004459,P00081,電銷,paid,3,TWD,409409.0,100.0,2026-07-03T18:13:14+08:00,2026-10-07,2026-07-05T19:36:14+08:00
ORD00110264,M004759,P00256,電銷,paid,2,USD,12376.77,0.0,2026-07-03T19:26:24+08:00,2026-08-21,2026-07-04T19:37:24+08:00
ORD00110364,M002377,P00101,門市,paid,4,USD,7881.21,500.0,2026-07-03T09:22:47+08:00,2026-07-14,2026-07-03T21:11:47+08:00
ORD00108078,M001362,P00021,門市,created,3,TWD,598577.0,950.0,2026-07-03T14:11:50+08:00,2026-09-25,2026-07-03T15:14:50+08:00
ORD00111523,M004094,P00237,門市,paid,3,TWD,475200.0,100.0,2026-07-03T03:54:49+08:00,2026-09-04,2026-07-05T21:23:49+08:00
ORD00110227,M007930,P00120,電銷,created,3,TWD,299949.0,550.0,2026-07-03T08:17:04+08:00,2026-07-22,2026-07-04T06:28:04+08:00
ORD00111378,M000449,P00293,門市,paid,4,USD,7529.08,0.0,2026-07-03T18:43:46+08:00,2026-09-30,2026-07-05T20:44:46+08:00
ORD00110222,M001306,P00124,門市,paid,1,USD,1307.86,100.0,2026-07-03T00:45:09+08:00,2026-07-27,2026-07-05T06:31:09+08:00
ORD00025100,M005869,P00103,電銷,completed,2,TWD,42004.0,350.0,2026-05-29T13:50:05+08:00,2026-07-06,2026-07-03T14:48:36+08:00
ORD00109670,M001488,P00106,app,created,4,JPY,969663.0,650.0,2026-07-03T07:13:01+08:00,2026-10-02,2026-07-04T08:22:01+08:00
ORD00109577,M004942,P00042,app,paid,3,TWD,374814.0,750.0,2026-07-03T22:54:01+08:00,2026-10-21,2026-07-04T22:59:01+08:00
ORD00111010,M007023,P00205,app,created,3,JPY,167211.0,800.0,2026-07-03T14:25:29+08:00,2026-08-24,2026-07-03T17:39:29+08:00
ORD00108086,M006134,P00221,電銷,paid,2,USD,8352.76,400.0,2026-07-03T08:30:29+08:00,2026-08-28,2026-07-03T08:50:29+08:00
ORD00110555,M001149,P00164,門市,paid,2,TWD,86417.0,550.0,2026-07-03T14:48:52+08:00,2026-10-11,2026-07-04T03:49:52+08:00
ORD00108694,M002294,P00242,web,paid,2,TWD,58318.0,600.0,2026-07-03T16:20:51+08:00,2026-07-10,2026-07-05T13:23:51+08:00
ORD00111961,M007001,P00052,電銷,paid,2,TWD,158076.0,400.0,2026-07-03T17:27:37+08:00,2026-09-18,2026-07-04T04:20:37+08:00
ORD00108874,M000525,P00112,門市,created,1,TWD,9529.0,500.0,2026-07-03T09:13:31+08:00,2026-09-10,2026-07-03T13:14:31+08:00
ORD00111765,M005839,P00054,app,created,4,TWD,635489.0,500.0,2026-07-03T14:44:10+08:00,2026-07-22,2026-07-04T19:12:10+08:00
ORD00108688,M005164,P00012,app,created,3,USD,9156.99,300.0,2026-07-03T12:44:08+08:00,2026-08-21,2026-07-04T03:03:08+08:00
ORD00109152,M003079,P00246,門市,paid,3,USD,13854.11,550.0,2026-07-03T13:20:21+08:00,2026-09-17,2026-07-05T03:59:21+08:00
ORD00066490,M005843,P00233,app,completed,4,TWD,356831.0,100.0,2026-05-20T10:57:10+08:00,2026-06-25,2026-07-03T03:02:48+08:00
ORD00109987,M005979,P00061,app,paid,2,TWD,357391.0,950.0,2026-07-03T10:25:20+08:00,2026-08-24,2026-07-06T01:35:20+08:00
ORD00108523,M006935,P00091,門市,paid,2,TWD,239932.0,350.0,2026-07-03T19:49:03+08:00,2026-08-07,2026-07-04T00:36:03+08:00
ORD00109051,M005243,P00082,web,created,2,USD,10723.33,400.0,2026-07-03T02:59:39+08:00,2026-09-11,2026-07-05T15:02:39+08:00
ORD00111695,M000136,P00276,app,paid,2,USD,12282.45,50.0,2026-07-03T06:25:44+08:00,2026-08-14,2026-07-03T17:24:44+08:00
ORD00110633,M004530,P00033,門市,paid,1,TWD,135525.0,450.0,2026-07-03T23:56:55+08:00,2026-10-23,2026-07-05T00:05:55+08:00
ORD00108751,M001521,P00016,門市,paid,1,TWD,97855.0,450.0,2026-07-03T21:17:04+08:00,2026-09-08,2026-07-06T10:57:04+08:00
ORD00109923,M004580,P00177,門市,paid,1,TWD,19874.0,900.0,2026-07-03T00:15:41+08:00,2026-08-09,2026-07-05T11:10:41+08:00
ORD00110447,M006370,P00147,app,paid,1,TWD,202580.0,100.0,2026-07-03T09:14:04+08:00,2026-10-25,2026-07-04T02:54:04+08:00
ORD00109791,M004945,P00190,web,created,1,TWD,162836.0,100.0,2026-07-03T09:10:54+08:00,2026-09-26,2026-07-04T00:17:54+08:00
ORD00111652,M003805,P00083,web,paid,3,JPY,2387676.0,600.0,2026-07-03T10:23:11+08:00,2026-10-18,2026-07-04T14:02:11+08:00
ORD00110599,M004992,P00165,app,paid,2,TWD,124288.0,50.0,2026-07-03T05:35:16+08:00,2026-10-01,2026-07-05T18:35:16+08:00
ORD00009408,M002542,P00170,app,cancelled,1,TWD,65290.0,600.0,2026-06-17T21:48:31+08:00,2026-07-26,2026-07-03T01:27:19+08:00
ORD00109062,M002589,P00059,app,paid,3,TWD,227257.0,900.0,2026-07-03T06:11:25+08:00,2026-09-16,2026-07-03T16:34:25+08:00
ORD00111050,M005197,P00226,門市,created,3,TWD,296012.0,100.0,2026-07-03T17:55:28+08:00,2026-07-15,2026-07-03T20:19:28+08:00
ORD00109185,M000439,P00251,電銷,created,3,USD,8844.71,150.0,2026-07-03T18:39:15+08:00,2026-08-09,2026-07-05T09:41:15+08:00
ORD00110096,M004985,P00082,門市,paid,4,TWD,756821.0,950.0,2026-07-03T09:52:22+08:00,2026-07-26,2026-07-05T19:43:22+08:00
ORD00111186,M002051,P00042,門市,paid,1,TWD,135605.0,550.0,2026-07-03T03:33:22+08:00,2026-08-01,2026-07-05T06:07:22+08:00
ORD00110424,M007932,P00117,門市,created,2,TWD,309542.0,850.0,2026-07-03T15:53:47+08:00,2026-09-22,2026-07-03T21:26:47+08:00
ORD00110211,M007062,P00289,app,paid,3,TWD,296214.0,400.0,2026-07-03T13:38:32+08:00,2026-09-02,2026-07-05T04:41:32+08:00
ORD00108754,M003295,P00205,電銷,paid,1,TWD,10346.0,100.0,2026-07-03T08:25:13+08:00,2026-10-02,2026-07-05T07:33:13+08:00
ORD00109054,M007837,P00011,電銷,created,1,TWD,139273.0,150.0,2026-07-03T18:34:11+08:00,2026-10-24,2026-07-04T02:23:11+08:00
ORD00110490,M003632,P00286,web,paid,1,TWD,151018.0,350.0,2026-07-03T04:05:01+08:00,2026-08-24,2026-07-04T19:26:01+08:00
ORD00110784,M007237,P00144,web,created,2,TWD,232576.0,300.0,2026-07-03T07:26:05+08:00,2026-08-06,2026-07-04T12:12:05+08:00
ORD00111145,M005096,P00128,app,paid,1,TWD,137185.0,550.0,2026-07-03T04:19:14+08:00,2026-10-23,2026-07-04T16:13:14+08:00
ORD00109308,M003319,P00069,app,paid,4,TWD,720377.0,800.0,2026-07-03T12:23:34+08:00,2026-07-12,2026-07-05T00:23:34+08:00
ORD00108091,M002284,P00170,web,paid,1,TWD,62610.0,650.0,2026-07-03T14:27:16+08:00,2026-08-30,2026-07-04T17:24:16+08:00
ORD00110865,M005721,P00089,門市,created,4,USD,11973.12,750.0,2026-07-03T17:09:09+08:00,2026-08-31,2026-07-03T18:05:09+08:00
ORD00109689,M000900,P00249,web,paid,3,TWD,254389.0,900.0,2026-07-03T05:34:05+08:00,2026-07-30,2026-07-03T07:59:05+08:00
ORD00111682,M002950,P00002,web,created,1,JPY,374224.0,150.0,2026-07-03T03:06:45+08:00,2026-10-02,2026-07-05T16:43:45+08:00
ORD00108183,M007659,P00036,門市,paid,3,TWD,234161.0,200.0,2026-07-03T21:54:07+08:00,2026-07-19,2026-07-04T23:28:07+08:00
ORD00044829,M002427,P00072,電銷,cancelled,4,TWD,87735.0,250.0,2026-05-09T07:47:28+08:00,2026-07-31,2026-07-03T09:40:01+08:00
ORD00109476,M007893,P00118,app,paid,4,TWD,429594.0,350.0,2026-07-03T00:46:34+08:00,2026-09-16,2026-07-04T17:33:34+08:00
ORD00109435,M005808,P00113,web,paid,4,JPY,3062188.0,800.0,2026-07-03T15:48:56+08:00,2026-07-23,2026-07-05T13:28:56+08:00
ORD00108862,M004665,P00070,web,paid,4,USD,13610.13,850.0,2026-07-03T22:24:57+08:00,2026-09-14,2026-07-06T03:37:57+08:00
ORD00111490,M006413,P00040,app,paid,3,TWD,269358.0,100.0,2026-07-03T02:27:01+08:00,2026-08-18,2026-07-05T17:21:01+08:00
ORD00111760,M002008,P00238,web,paid,3,TWD,295180.0,450.0,2026-07-03T12:18:21+08:00,2026-10-12,2026-07-04T06:32:21+08:00
ORD00111908,M000814,P00001,app,paid,2,TWD,199456.0,600.0,2026-07-03T11:16:28+08:00,2026-10-22,2026-07-05T12:33:28+08:00
ORD00110751,M003328,P00074,電銷,paid,4,TWD,634447.0,900.0,2026-07-03T06:48:20+08:00,2026-07-23,2026-07-04T05:26:20+08:00
ORD00109890,M003949,P00088,web,paid,4,USD,8063.91,150.0,2026-07-03T01:20:01+08:00,2026-09-12,2026-07-03T21:19:01+08:00
ORD00093489,M001206,P00214,app,cancelled,3,JPY,2273230.0,0.0,2026-05-11T06:11:48+08:00,2026-06-22,2026-07-03T14:30:04+08:00
ORD00108355,M001379,P00223,web,paid,1,USD,6440.34,300.0,2026-07-03T18:40:04+08:00,2026-10-28,2026-07-04T08:52:04+08:00
ORD00111042,M007106,P00180,web,paid,4,JPY,1880873.0,950.0,2026-07-03T18:47:22+08:00,2026-07-16,2026-07-06T11:32:22+08:00
ORD00018413,M001751,P00288,app,cancelled,2,TWD,28873.0,100.0,2026-05-25T00:07:33+08:00,2026-08-29,2026-07-03T16:07:57+08:00
ORD00111662,M006934,P00058,app,paid,2,USD,2461.36,200.0,2026-07-03T20:07:41+08:00,2026-07-21,2026-07-04T09:16:41+08:00
ORD00111210,M004926,P00034,web,paid,1,USD,834.03,550.0,2026-07-03T22:57:40+08:00,2026-09-03,2026-07-06T15:57:40+08:00
ORD00056600,M005633,P00294,電銷,completed,2,USD,9604.59,400.0,2026-05-14T07:48:47+08:00,2026-07-09,2026-07-03T17:02:37+08:00
ORD00009838,M004718,P00146,app,completed,4,TWD,87116.0,950.0,2026-06-04T18:29:32+08:00,2026-06-27,2026-07-03T12:32:49+08:00
ORD00111790,M003725,P00033,電銷,created,4,TWD,557477.0,400.0,2026-07-03T14:02:29+08:00,2026-09-07,2026-07-05T01:50:29+08:00
ORD00108717,M001214,P00044,app,paid,3,TWD,123347.0,700.0,2026-07-03T19:15:56+08:00,2026-10-17,2026-07-05T06:02:56+08:00
ORD00110357,M002434,P00188,門市,paid,1,TWD,50220.0,300.0,2026-07-03T03:03:23+08:00,2026-07-17,2026-07-03T19:28:23+08:00
ORD00110425,M001663,P00172,app,paid,4,USD,16390.42,50.0,2026-07-03T00:15:18+08:00,2026-07-13,2026-07-05T18:19:18+08:00
ORD00111928,M003481,P00265,web,paid,3,JPY,2896459.0,400.0,2026-07-03T11:00:43+08:00,2026-08-13,2026-07-03T19:11:43+08:00
ORD00111894,M004453,P00206,web,paid,2,USD,9826.93,700.0,2026-07-03T20:19:43+08:00,2026-08-13,2026-07-05T12:59:43+08:00
ORD00111495,M000122,P00018,門市,created,2,TWD,308376.0,100.0,2026-07-03T11:27:09+08:00,2026-10-19,2026-07-04T23:47:09+08:00
ORD00109397,M001750,P00292,web,paid,3,TWD,579503.0,250.0,2026-07-03T16:57:55+08:00,2026-07-10,2026-07-05T05:56:55+08:00
ORD00111246,M005301,P00111,電銷,paid,1,TWD,76386.0,200.0,2026-07-03T20:41:49+08:00,2026-10-14,2026-07-04T00:32:49+08:00
ORD00108361,M007903,P00035,電銷,paid,4,TWD,699769.0,350.0,2026-07-03T07:32:51+08:00,2026-08-25,2026-07-05T23:00:51+08:00
ORD00111842,M004013,P00073,電銷,paid,3,TWD,367332.0,700.0,2026-07-03T09:52:24+08:00,2026-10-13,2026-07-04T08:08:24+08:00
ORD00111204,M004860,P00064,app,created,3,TWD,85940.0,600.0,2026-07-03T20:07:48+08:00,2026-09-27,2026-07-04T09:19:48+08:00
ORD00108962,M001302,P00169,app,paid,4,TWD,145589.0,100.0,2026-07-03T10:44:14+08:00,2026-08-07,2026-07-04T10:56:14+08:00
ORD00108970,M001031,P00197,app,paid,2,TWD,141079.0,500.0,2026-07-03T22:26:16+08:00,2026-08-01,2026-07-04T20:10:16+08:00
ORD00108425,M001624,P00168,電銷,paid,3,TWD,437791.0,50.0,2026-07-03T06:57:12+08:00,2026-09-02,2026-07-04T18:39:12+08:00
ORD00110962,M007548,P00232,電銷,paid,3,USD,16022.44,900.0,2026-07-03T08:17:19+08:00,2026-09-25,2026-07-05T21:09:19+08:00
ORD00110728,M007703,P00216,門市,paid,1,TWD,11404.0,500.0,2026-07-03T23:06:17+08:00,2026-07-22,2026-07-04T01:04:17+08:00
ORD00109858,M003993,P00037,電銷,created,1,TWD,134796.0,600.0,2026-07-03T07:55:43+08:00,2026-07-19,2026-07-04T12:34:43+08:00
ORD00110534,M003407,P00212,app,paid,3,TWD,88810.0,800.0,2026-07-03T12:49:53+08:00,2026-08-09,2026-07-05T03:12:53+08:00
ORD00109810,M002699,P00187,門市,paid,2,TWD,43098.0,700.0,2026-07-03T03:00:20+08:00,2026-07-12,2026-07-03T05:15:20+08:00
ORD00108528,M005508,P00190,電銷,created,4,TWD,797395.0,850.0,2026-07-03T19:19:35+08:00,2026-08-24,2026-07-05T23:58:35+08:00
ORD00108105,M003917,P00041,門市,paid,1,TWD,7288.0,250.0,2026-07-03T20:43:16+08:00,2026-07-22,2026-07-06T15:02:16+08:00
ORD00111327,M000083,P00209,門市,paid,2,JPY,1065441.0,450.0,2026-07-03T17:30:07+08:00,2026-09-29,2026-07-06T08:50:07+08:00
ORD00110293,M001354,P00061,web,paid,3,TWD,458937.0,650.0,2026-07-03T15:34:37+08:00,2026-08-13,2026-07-05T13:46:37+08:00
ORD00110941,M003679,P00214,web,paid,2,TWD,265496.0,450.0,2026-07-03T08:16:58+08:00,2026-10-20,2026-07-03T12:21:58+08:00
ORD00109711,M002777,P00027,門市,paid,2,USD,7777.49,850.0,2026-07-03T15:05:52+08:00,2026-09-07,2026-07-05T12:56:52+08:00
ORD00109253,M005684,P00011,電銷,paid,2,TWD,347209.0,850.0,2026-07-03T18:15:33+08:00,2026-08-22,2026-07-04T18:48:33+08:00
ORD00110840,M003290,P00208,app,paid,2,JPY,1622919.0,700.0,2026-07-03T10:20:04+08:00,2026-07-24,2026-07-05T04:03:04+08:00
ORD00108931,M000566,P00141,電銷,paid,4,TWD,267560.0,150.0,2026-07-03T10:13:43+08:00,2026-10-28,2026-07-04T18:31:43+08:00
ORD00109763,M004059,P00161,app,paid,3,JPY,3212594.0,200.0,2026-07-03T07:22:27+08:00,2026-09-21,2026-07-04T00:09:27+08:00
ORD00109012,M002140,P00235,web,paid,1,JPY,268394.0,300.0,2026-07-03T08:14:05+08:00,2026-08-08,2026-07-04T23:43:05+08:00
ORD00109849,M004963,P00221,門市,created,1,JPY,485769.0,100.0,2026-07-03T09:28:52+08:00,2026-09-12,2026-07-05T00:01:52+08:00
ORD00108937,M006242,P00248,app,paid,2,USD,1168.74,200.0,2026-07-03T05:53:43+08:00,2026-09-28,2026-07-05T23:23:43+08:00
ORD00108476,M000038,P00164,門市,paid,2,JPY,348429.0,650.0,2026-07-03T16:39:37+08:00,2026-10-29,2026-07-04T12:44:37+08:00
ORD00109377,M002759,P00253,門市,created,3,TWD,638087.0,450.0,2026-07-03T02:29:07+08:00,2026-09-06,2026-07-04T04:55:07+08:00
ORD00108768,M002606,P00132,門市,paid,1,JPY,315629.0,550.0,2026-07-03T23:23:47+08:00,2026-09-05,2026-07-04T07:18:47+08:00
ORD00109182,M003218,P00220,門市,created,1,TWD,32606.0,950.0,2026-07-03T09:53:44+08:00,2026-08-15,2026-07-04T21:56:44+08:00
ORD00109092,M007450,P00201,電銷,paid,2,TWD,201624.0,700.0,2026-07-03T09:22:52+08:00,2026-09-26,2026-07-03T13:04:52+08:00
ORD00110826,M005894,P00186,app,paid,1,USD,4257.31,650.0,2026-07-03T05:38:38+08:00,2026-07-17,2026-07-05T04:08:38+08:00
ORD00110505,M006379,P00244,app,created,1,TWD,45038.0,350.0,2026-07-03T05:22:53+08:00,2026-10-06,2026-07-05T17:40:53+08:00
ORD00111175,M003362,P00097,web,paid,1,TWD,152074.0,400.0,2026-07-03T19:46:08+08:00,2026-08-07,2026-07-04T12:11:08+08:00
ORD00111493,M006008,P00080,web,paid,1,USD,4087.07,300.0,2026-07-03T00:55:53+08:00,2026-08-08,2026-07-04T09:03:53+08:00
ORD00109984,M006390,P00281,web,paid,1,TWD,196965.0,150.0,2026-07-03T04:39:29+08:00,2026-10-11,2026-07-04T09:47:29+08:00
ORD00108260,M003919,P00170,web,paid,3,USD,7215.47,250.0,2026-07-03T12:37:21+08:00,2026-08-17,2026-07-04T13:14:21+08:00
ORD00109088,M006950,P00120,電銷,paid,4,TWD,391983.0,750.0,2026-07-03T05:23:09+08:00,2026-08-05,2026-07-03T13:26:09+08:00
ORD00109834,M000467,P00157,app,paid,3,TWD,240214.0,350.0,2026-07-03T07:06:24+08:00,2026-07-23,2026-07-04T14:12:24+08:00
ORD00045615,M007710,P00030,電銷,cancelled,1,USD,4376.49,800.0,2026-05-30T01:59:50+08:00,2026-07-03,2026-07-03T08:37:39+08:00
ORD00110693,M007094,P00026,電銷,paid,1,TWD,114047.0,500.0,2026-07-03T11:27:56+08:00,2026-10-14,2026-07-04T10:59:56+08:00
ORD00110703,M003736,P00248,電銷,paid,1,USD,764.52,750.0,2026-07-03T17:34:34+08:00,2026-07-24,2026-07-05T10:53:34+08:00
ORD00034900,M004619,P00159,web,cancelled,2,TWD,73959.0,450.0,2026-05-28T16:16:14+08:00,2026-06-21,2026-07-03T16:46:10+08:00
ORD00111689,M002908,P00070,app,paid,4,TWD,458431.0,600.0,2026-07-03T06:06:52+08:00,2026-10-02,2026-07-05T15:19:52+08:00
ORD00109418,M005463,P00270,web,paid,4,USD,2529.59,300.0,2026-07-03T10:02:26+08:00,2026-08-19,2026-07-03T19:54:26+08:00
ORD00110530,M007346,P00021,app,paid,4,TWD,880101.0,450.0,2026-07-03T21:00:23+08:00,2026-08-23,2026-07-05T04:26:23+08:00
ORD00108917,M000304,P00216,web,paid,4,TWD,52013.0,450.0,2026-07-03T19:30:39+08:00,2026-08-19,2026-07-06T11:11:39+08:00
ORD00111405,M003658,P00216,電銷,created,1,JPY,59124.0,600.0,2026-07-03T14:22:20+08:00,2026-07-18,2026-07-06T02:39:20+08:00
ORD00110248,M006387,P00175,電銷,created,3,TWD,53025.0,500.0,2026-07-03T00:32:25+08:00,2026-10-24,2026-07-04T08:47:25+08:00
ORD00110708,M006275,P00259,門市,paid,4,USD,18119.36,450.0,2026-07-03T16:29:38+08:00,2026-07-10,2026-07-05T09:28:38+08:00
ORD00070319,M000437,P00037,app,cancelled,2,TWD,242506.0,250.0,2026-06-11T17:15:00+08:00,2026-08-18,2026-07-03T01:25:45+08:00
ORD00109071,M001984,P00246,web,paid,3,TWD,358067.0,250.0,2026-07-03T03:07:04+08:00,2026-08-24,2026-07-05T19:15:04+08:00
ORD00108475,M006761,P00265,門市,created,1,TWD,197414.0,400.0,2026-07-03T07:24:00+08:00,2026-09-15,2026-07-03T23:35:00+08:00
ORD00111149,M000979,P00088,app,paid,2,TWD,136244.0,50.0,2026-07-03T07:50:56+08:00,2026-08-10,2026-07-03T21:48:56+08:00
ORD00110720,M001176,P00153,web,created,2,TWD,209912.0,250.0,2026-07-03T07:13:46+08:00,2026-08-30,2026-07-05T04:27:46+08:00
ORD00110423,M007181,P00193,app,created,3,TWD,465131.0,300.0,2026-07-03T05:41:29+08:00,2026-08-03,2026-07-05T08:01:29+08:00
ORD00109382,M007508,P00250,web,paid,2,TWD,134744.0,0.0,2026-07-03T16:02:58+08:00,2026-09-30,2026-07-05T16:20:58+08:00
ORD00033316,M002447,P00064,電銷,cancelled,2,USD,1759.93,250.0,2026-06-23T06:19:50+08:00,2026-09-20,2026-07-03T09:40:27+08:00
ORD00110991,M007896,P00256,web,paid,1,TWD,180474.0,450.0,2026-07-03T23:37:25+08:00,2026-08-30,2026-07-05T08:53:25+08:00
ORD00110377,M001568,P00290,門市,paid,2,USD,8560.36,300.0,2026-07-03T13:31:49+08:00,2026-08-03,2026-07-06T02:21:49+08:00
ORD00110030,M007372,P00218,電銷,paid,4,JPY,730814.0,600.0,2026-07-03T05:27:55+08:00,2026-10-07,2026-07-05T07:52:55+08:00
ORD00108034,M004369,P00118,app,paid,4,TWD,571729.0,600.0,2026-07-03T14:11:48+08:00,2026-09-05,2026-07-03T19:48:48+08:00
ORD00087780,M006358,P00104,門市,cancelled,1,TWD,3385.0,700.0,2026-06-25T15:42:49+08:00,2026-08-26,2026-07-03T23:53:16+08:00
ORD00108941,M002009,P00054,電銷,paid,2,JPY,1585566.0,850.0,2026-07-03T17:09:01+08:00,2026-08-23,2026-07-03T19:17:01+08:00
ORD00108207,M004907,P00006,電銷,paid,2,TWD,334855.0,150.0,2026-07-03T22:19:20+08:00,2026-07-29,2026-07-06T16:50:20+08:00
ORD00110565,M001320,P00270,app,created,2,TWD,45047.0,600.0,2026-07-03T03:30:49+08:00,2026-09-12,2026-07-03T14:35:49+08:00
ORD00111446,M006189,P00054,電銷,paid,2,TWD,285761.0,850.0,2026-07-03T13:27:00+08:00,2026-09-06,2026-07-03T23:31:00+08:00
ORD00109207,M000037,P00276,門市,paid,4,TWD,811451.0,350.0,2026-07-03T03:15:52+08:00,2026-10-18,2026-07-05T21:42:52+08:00
ORD00110126,M004683,P00259,web,paid,3,USD,13130.16,50.0,2026-07-03T00:54:53+08:00,2026-10-06,2026-07-03T18:23:53+08:00
ORD00109978,M000231,P00214,web,created,1,USD,4878.95,750.0,2026-07-03T17:19:34+08:00,2026-10-23,2026-07-06T03:32:34+08:00
ORD00109158,M001358,P00003,門市,paid,3,TWD,342180.0,150.0,2026-07-03T21:58:22+08:00,2026-08-05,2026-07-06T13:17:22+08:00
ORD00108193,M004890,P00233,門市,paid,3,TWD,249863.0,650.0,2026-07-03T00:56:05+08:00,2026-08-27,2026-07-04T14:57:05+08:00
ORD00111931,M007686,P00095,app,paid,2,TWD,353798.0,200.0,2026-07-03T01:26:34+08:00,2026-10-25,2026-07-03T08:53:34+08:00
ORD00111903,M005985,P00103,門市,paid,2,TWD,41989.0,650.0,2026-07-03T16:14:40+08:00,2026-08-25,2026-07-05T06:53:40+08:00
ORD00108589,M000186,P00137,web,paid,4,TWD,519288.0,200.0,2026-07-03T06:08:46+08:00,2026-09-17,2026-07-05T13:21:46+08:00
ORD00108015,M000484,P00237,門市,paid,1,TWD,190845.0,600.0,2026-07-03T14:28:10+08:00,2026-10-02,2026-07-04T22:49:10+08:00
ORD00111496,M005946,P00251,電銷,created,3,TWD,323609.0,500.0,2026-07-03T23:43:37+08:00,2026-09-02,2026-07-06T14:20:37+08:00
ORD00111778,M000809,P00287,app,paid,2,JPY,1431497.0,850.0,2026-07-03T17:30:16+08:00,2026-07-25,2026-07-06T00:01:16+08:00
ORD00110818,M006429,P00166,web,created,2,TWD,356957.0,550.0,2026-07-03T04:46:06+08:00,2026-07-12,2026-07-05T22:42:06+08:00
ORD00066766,M003842,P00272,web,completed,2,TWD,222235.0,450.0,2026-05-04T15:58:29+08:00,2026-08-26,2026-07-03T20:24:03+08:00
ORD00108038,M001704,P00237,app,paid,2,USD,9786.27,150.0,2026-07-03T07:27:36+08:00,2026-07-20,2026-07-03T23:15:36+08:00
ORD00108716,M005836,P00276,web,paid,1,TWD,153125.0,800.0,2026-07-03T17:50:40+08:00,2026-08-30,2026-07-03T23:12:40+08:00
ORD00108739,M003116,P00059,電銷,paid,1,TWD,76563.0,800.0,2026-07-03T00:41:08+08:00,2026-10-11,2026-07-03T10:11:08+08:00
ORD00033274,M000495,P00009,門市,cancelled,2,TWD,141596.0,700.0,2026-06-05T07:54:25+08:00,2026-08-01,2026-07-03T22:32:44+08:00
ORD00108125,M007948,P00099,門市,paid,1,TWD,153327.0,400.0,2026-07-03T12:23:39+08:00,2026-10-15,2026-07-06T06:12:39+08:00
ORD00111242,M002581,P00248,電銷,paid,2,USD,1352.79,250.0,2026-07-03T07:27:34+08:00,2026-08-17,2026-07-05T07:51:34+08:00
ORD00108877,M000547,P00255,電銷,created,1,TWD,175735.0,650.0,2026-07-03T02:29:05+08:00,2026-10-01,2026-07-04T00:25:05+08:00
ORD00109775,M007227,P00053,app,paid,3,TWD,260581.0,700.0,2026-07-03T03:17:20+08:00,2026-08-13,2026-07-03T10:56:20+08:00
ORD00109644,M005116,P00077,app,created,4,TWD,723360.0,50.0,2026-07-03T22:55:09+08:00,2026-08-21,2026-07-05T07:47:09+08:00
ORD00110153,M004596,P00082,app,created,4,TWD,814001.0,350.0,2026-07-03T23:48:33+08:00,2026-07-18,2026-07-05T10:52:33+08:00
ORD00109684,M003059,P00295,電銷,paid,1,JPY,300973.0,100.0,2026-07-03T09:11:50+08:00,2026-08-22,2026-07-04T21:56:50+08:00
ORD00111789,M004362,P00241,app,created,3,USD,19853.2,750.0,2026-07-03T23:24:02+08:00,2026-09-10,2026-07-04T10:30:02+08:00
ORD00056540,M002913,P00181,web,completed,4,USD,2416.61,500.0,2026-05-16T05:02:59+08:00,2026-06-30,2026-07-03T00:07:50+08:00
ORD00110629,M003324,P00159,門市,paid,3,TWD,115367.0,150.0,2026-07-03T11:42:38+08:00,2026-07-24,2026-07-04T14:22:38+08:00
ORD00110987,M002275,P00041,門市,paid,1,TWD,8145.0,950.0,2026-07-03T06:37:43+08:00,2026-08-13,2026-07-04T15:20:43+08:00
ORD00108032,M001355,P00287,app,paid,3,TWD,434803.0,250.0,2026-07-03T15:32:27+08:00,2026-07-26,2026-07-05T14:21:27+08:00
ORD00109718,M006540,P00291,電銷,created,2,TWD,67403.0,200.0,2026-07-03T22:22:22+08:00,2026-07-20,2026-07-04T12:00:22+08:00
ORD00109962,M007825,P00283,電銷,paid,3,TWD,87624.0,650.0,2026-07-03T21:19:32+08:00,2026-09-28,2026-07-04T22:10:32+08:00
ORD00023658,M004770,P00116,門市,completed,2,TWD,185320.0,200.0,2026-06-13T07:33:10+08:00,2026-09-12,2026-07-03T15:29:43+08:00
ORD00110488,M006420,P00134,電銷,paid,2,TWD,252797.0,750.0,2026-07-03T09:48:37+08:00,2026-07-30,2026-07-05T04:34:37+08:00
ORD00001723,M000222,P00099,電銷,cancelled,3,JPY,2527850.0,900.0,2026-06-07T12:53:21+08:00,2026-06-30,2026-07-03T06:44:33+08:00
ORD00110580,M005330,P00136,app,paid,3,JPY,236515.0,750.0,2026-07-03T22:59:29+08:00,2026-09-22,2026-07-06T05:55:29+08:00
ORD00109168,M002105,P00272,門市,paid,2,JPY,1117217.0,800.0,2026-07-03T03:15:35+08:00,2026-08-21,2026-07-04T04:29:35+08:00
ORD00110721,M007373,P00084,web,paid,3,TWD,128804.0,850.0,2026-07-03T16:23:45+08:00,2026-08-27,2026-07-04T05:12:45+08:00
ORD00108758,M005870,P00243,web,paid,1,TWD,153778.0,250.0,2026-07-03T01:57:06+08:00,2026-09-02,2026-07-03T10:14:06+08:00
ORD00110433,M003446,P00283,門市,created,1,TWD,21523.0,900.0,2026-07-03T22:00:37+08:00,2026-10-30,2026-07-05T16:30:37+08:00
ORD00111003,M004487,P00190,電銷,created,1,TWD,224810.0,800.0,2026-07-03T19:19:18+08:00,2026-10-12,2026-07-05T05:59:18+08:00
ORD00111837,M001729,P00063,web,created,3,TWD,478461.0,750.0,2026-07-03T05:51:21+08:00,2026-10-02,2026-07-05T10:35:21+08:00
ORD00108590,M000820,P00255,web,paid,1,TWD,175946.0,650.0,2026-07-03T14:18:30+08:00,2026-07-23,2026-07-04T19:23:30+08:00
ORD00111387,M007651,P00041,web,paid,4,JPY,173671.0,50.0,2026-07-03T17:06:42+08:00,2026-10-18,2026-07-05T05:11:42+08:00
ORD00111873,M002290,P00189,app,paid,3,USD,8092.83,450.0,2026-07-03T19:10:12+08:00,2026-08-12,2026-07-05T00:29:12+08:00
ORD00075738,M004824,P00076,門市,completed,3,TWD,12355.0,900.0,2026-05-11T09:13:31+08:00,2026-07-24,2026-07-03T08:24:51+08:00
ORD00111889,M001167,P00288,app,paid,2,TWD,24875.0,450.0,2026-07-03T15:21:24+08:00,2026-09-19,2026-07-04T11:42:24+08:00
ORD00109389,M006700,P00139,電銷,paid,4,TWD,459587.0,100.0,2026-07-03T04:33:03+08:00,2026-07-16,2026-07-03T07:25:03+08:00
ORD00110397,M003731,P00212,app,created,3,TWD,95556.0,150.0,2026-07-03T09:05:38+08:00,2026-09-30,2026-07-05T05:19:38+08:00
ORD00110059,M004291,P00011,web,paid,4,TWD,713484.0,300.0,2026-07-03T20:30:02+08:00,2026-08-02,2026-07-05T21:01:02+08:00
ORD00083312,M006274,P00227,門市,cancelled,2,TWD,293022.0,550.0,2026-06-30T05:03:13+08:00,2026-10-21,2026-07-03T04:19:51+08:00
ORD00111974,M006131,P00005,電銷,paid,1,TWD,104084.0,150.0,2026-07-03T00:04:00+08:00,2026-09-21,2026-07-04T10:11:00+08:00
ORD00110316,M007581,P00253,web,paid,1,TWD,178110.0,350.0,2026-07-03T22:04:24+08:00,2026-09-11,2026-07-06T11:40:24+08:00
ORD00110332,M000405,P00114,web,paid,1,TWD,96272.0,850.0,2026-07-03T19:56:46+08:00,2026-10-09,2026-07-05T13:25:46+08:00
ORD00111319,M000437,P00210,門市,created,4,TWD,554340.0,450.0,2026-07-03T19:47:16+08:00,2026-10-25,2026-07-05T18:24:16+08:00
ORD00109982,M005461,P00233,門市,paid,4,USD,12129.87,650.0,2026-07-03T04:05:00+08:00,2026-10-23,2026-07-05T01:46:00+08:00
ORD00109939,M003659,P00030,web,paid,2,TWD,268369.0,550.0,2026-07-03T01:53:34+08:00,2026-08-14,2026-07-03T22:15:34+08:00
ORD00109413,M003803,P00134,web,paid,4,TWD,423795.0,950.0,2026-07-03T10:37:24+08:00,2026-09-25,2026-07-05T14:43:24+08:00
ORD00093613,M006500,P00256,app,completed,4,TWD,703282.0,450.0,2026-06-04T04:16:52+08:00,2026-09-24,2026-07-03T05:44:00+08:00
ORD00109450,M001576,P00223,app,created,2,TWD,441914.0,150.0,2026-07-03T03:06:12+08:00,2026-09-05,2026-07-03T21:26:12+08:00
ORD00111978,M007903,P00288,電銷,paid,1,USD,453.32,450.0,2026-07-03T20:50:57+08:00,2026-08-18,2026-07-04T19:54:57+08:00
ORD00111929,M003691,P00144,門市,created,1,TWD,123900.0,600.0,2026-07-03T08:19:01+08:00,2026-08-08,2026-07-04T15:57:01+08:00
ORD00111895,M001534,P00021,app,paid,1,JPY,832854.0,300.0,2026-07-03T13:32:45+08:00,2026-08-09,2026-07-05T11:18:45+08:00
ORD00111120,M004194,P00016,app,created,4,TWD,374638.0,150.0,2026-07-03T08:32:55+08:00,2026-08-24,2026-07-03T12:39:55+08:00
ORD00110836,M004342,P00292,電銷,created,3,TWD,414525.0,0.0,2026-07-03T09:20:42+08:00,2026-08-27,2026-07-04T20:18:42+08:00
ORD00109797,M003929,P00050,門市,created,3,JPY,43508.0,550.0,2026-07-03T04:11:39+08:00,2026-08-19,2026-07-04T22:01:39+08:00
ORD00108910,M007161,P00207,門市,created,4,TWD,255212.0,650.0,2026-07-03T19:21:23+08:00,2026-09-02,2026-07-06T02:37:23+08:00
ORD00109822,M005640,P00054,app,created,4,TWD,584002.0,450.0,2026-07-03T18:36:21+08:00,2026-10-04,2026-07-04T20:04:21+08:00
ORD00110882,M004368,P00248,web,paid,2,TWD,49641.0,350.0,2026-07-03T11:09:45+08:00,2026-09-12,2026-07-05T16:28:45+08:00
ORD00109047,M004849,P00248,電銷,paid,1,TWD,23258.0,100.0,2026-07-03T07:49:14+08:00,2026-10-23,2026-07-04T21:24:14+08:00
ORD00109118,M005389,P00203,電銷,paid,1,USD,3987.41,50.0,2026-07-03T20:04:21+08:00,2026-08-06,2026-07-06T05:15:21+08:00
ORD00059053,M001623,P00287,app,completed,1,TWD,127071.0,750.0,2026-05-26T11:58:55+08:00,2026-08-30,2026-07-03T14:21:47+08:00
ORD00109656,M001444,P00068,app,created,2,TWD,185932.0,200.0,2026-07-03T08:55:36+08:00,2026-10-07,2026-07-04T22:25:36+08:00
ORD00108968,M001370,P00250,門市,paid,4,TWD,280534.0,350.0,2026-07-03T19:34:09+08:00,2026-09-23,2026-07-05T17:55:09+08:00
ORD00111515,M004816,P00104,app,paid,1,TWD,3401.0,50.0,2026-07-03T20:48:42+08:00,2026-08-15,2026-07-06T00:20:42+08:00
ORD00111785,M000916,P00019,門市,paid,2,TWD,164472.0,300.0,2026-07-03T18:09:12+08:00,2026-10-17,2026-07-05T19:38:12+08:00
ORD00111442,M006538,P00146,門市,created,3,USD,2149.75,350.0,2026-07-03T13:17:38+08:00,2026-08-06,2026-07-03T13:44:38+08:00
ORD00110532,M007319,P00020,電銷,created,1,USD,1635.56,0.0,2026-07-03T21:00:08+08:00,2026-08-22,2026-07-04T08:47:08+08:00
ORD00109622,M005335,P00298,app,paid,4,USD,14098.63,700.0,2026-07-03T22:03:24+08:00,2026-09-19,2026-07-06T02:31:24+08:00
ORD00111833,M007857,P00232,web,paid,1,TWD,223917.0,250.0,2026-07-03T12:15:58+08:00,2026-09-16,2026-07-04T22:35:58+08:00
ORD00109918,M003219,P00162,app,paid,4,JPY,142476.0,600.0,2026-07-03T18:03:10+08:00,2026-08-18,2026-07-06T01:39:10+08:00
ORD00110621,M004436,P00247,app,paid,1,USD,5623.48,100.0,2026-07-03T16:33:50+08:00,2026-09-01,2026-07-04T21:25:50+08:00
ORD00110704,M003484,P00051,web,created,1,TWD,165546.0,350.0,2026-07-03T22:19:32+08:00,2026-10-22,2026-07-05T20:29:32+08:00
ORD00111687,M000682,P00103,web,created,1,JPY,108111.0,650.0,2026-07-03T11:51:30+08:00,2026-07-16,2026-07-06T04:54:30+08:00
ORD00094309,M006448,P00010,門市,cancelled,4,TWD,469050.0,600.0,2026-05-17T07:00:04+08:00,2026-07-05,2026-07-03T05:10:37+08:00
ORD00111528,M001129,P00267,app,paid,1,TWD,218290.0,300.0,2026-07-03T21:45:20+08:00,2026-10-20,2026-07-06T16:23:20+08:00
ORD00110005,M005384,P00144,web,paid,3,TWD,406097.0,650.0,2026-07-03T18:07:18+08:00,2026-09-09,2026-07-03T22:50:18+08:00
ORD00042046,M000696,P00090,web,cancelled,4,TWD,567122.0,100.0,2026-06-18T22:39:09+08:00,2026-10-14,2026-07-03T20:42:05+08:00
ORD00109856,M003544,P00106,app,paid,4,TWD,209201.0,750.0,2026-07-03T14:18:50+08:00,2026-07-11,2026-07-03T19:30:50+08:00
ORD00109625,M004269,P00141,web,created,3,TWD,215131.0,200.0,2026-07-03T01:53:48+08:00,2026-10-09,2026-07-04T08:40:48+08:00
ORD00110440,M003385,P00236,電銷,paid,2,TWD,254302.0,300.0,2026-07-03T20:13:05+08:00,2026-09-12,2026-07-05T20:29:05+08:00
ORD00055910,M003783,P00074,門市,cancelled,3,JPY,2032075.0,250.0,2026-05-10T01:40:15+08:00,2026-07-28,2026-07-03T01:45:10+08:00
ORD00109283,M001802,P00072,門市,paid,1,TWD,19284.0,400.0,2026-07-03T11:20:51+08:00,2026-09-23,2026-07-04T08:40:51+08:00
ORD00109983,M000806,P00198,電銷,created,2,USD,1441.12,900.0,2026-07-03T05:38:12+08:00,2026-09-02,2026-07-04T12:34:12+08:00
ORD00110889,M002518,P00213,web,paid,4,USD,11988.84,600.0,2026-07-03T00:42:21+08:00,2026-10-13,2026-07-05T06:53:21+08:00
ORD00108245,M004916,P00153,電銷,created,1,TWD,75125.0,550.0,2026-07-03T15:01:13+08:00,2026-09-16,2026-07-04T01:03:13+08:00
ORD00109968,M001865,P00033,電銷,paid,2,JPY,1556432.0,450.0,2026-07-03T06:02:41+08:00,2026-07-15,2026-07-03T23:30:41+08:00
ORD00079405,M006576,P00226,web,cancelled,1,TWD,107949.0,550.0,2026-06-16T16:21:18+08:00,2026-08-25,2026-07-03T00:24:34+08:00
ORD00108551,M005931,P00284,電銷,paid,3,TWD,357932.0,0.0,2026-07-03T16:04:14+08:00,2026-08-13,2026-07-05T10:11:14+08:00
ORD00110809,M003707,P00292,app,created,3,TWD,524498.0,750.0,2026-07-03T14:23:27+08:00,2026-08-21,2026-07-05T11:56:27+08:00
ORD00111747,M005271,P00045,app,paid,2,TWD,18298.0,150.0,2026-07-03T00:59:35+08:00,2026-10-12,2026-07-03T05:57:35+08:00
ORD00111731,M004514,P00149,app,paid,4,TWD,700450.0,750.0,2026-07-03T04:13:20+08:00,2026-09-01,2026-07-03T18:28:20+08:00
ORD00109111,M002743,P00277,web,paid,2,USD,7318.56,200.0,2026-07-03T22:26:16+08:00,2026-09-30,2026-07-05T16:34:16+08:00
ORD00109147,M003665,P00283,門市,paid,3,USD,2529.28,150.0,2026-07-03T14:34:33+08:00,2026-08-16,2026-07-03T20:27:33+08:00
ORD00031514,M004915,P00184,app,cancelled,2,TWD,321229.0,350.0,2026-06-20T04:00:04+08:00,2026-10-05,2026-07-03T14:15:53+08:00
ORD00110535,M002148,P00068,電銷,created,1,USD,2785.62,50.0,2026-07-03T05:46:18+08:00,2026-09-16,2026-07-04T09:16:18+08:00
ORD00110649,M006841,P00221,web,paid,1,TWD,122720.0,250.0,2026-07-03T09:41:23+08:00,2026-07-21,2026-07-03T15:20:23+08:00
ORD00014037,M007620,P00248,web,completed,4,TWD,84407.0,900.0,2026-05-04T12:28:30+08:00,2026-08-22,2026-07-03T21:01:32+08:00
ORD00111506,M003348,P00287,app,created,2,TWD,298973.0,500.0,2026-07-03T18:06:25+08:00,2026-08-09,2026-07-05T22:52:25+08:00
ORD00108253,M007789,P00300,web,paid,4,USD,12808.19,300.0,2026-07-03T23:32:10+08:00,2026-10-07,2026-07-04T17:34:10+08:00
ORD00110058,M007648,P00040,門市,created,2,USD,5485.92,700.0,2026-07-03T09:59:06+08:00,2026-08-10,2026-07-06T00:35:06+08:00
ORD00108451,M004201,P00222,電銷,paid,2,TWD,70229.0,400.0,2026-07-03T21:21:23+08:00,2026-10-24,2026-07-06T15:27:23+08:00
ORD00110351,M001758,P00107,web,paid,4,TWD,864166.0,800.0,2026-07-03T06:22:07+08:00,2026-10-17,2026-07-05T07:49:07+08:00
ORD00109479,M004761,P00071,門市,created,2,USD,2629.93,300.0,2026-07-03T08:07:32+08:00,2026-10-04,2026-07-04T00:40:32+08:00
ORD00110808,M000924,P00148,門市,created,3,TWD,96366.0,750.0,2026-07-03T20:29:19+08:00,2026-10-03,2026-07-06T12:12:19+08:00
ORD00111174,M004621,P00186,web,created,3,JPY,2314347.0,550.0,2026-07-03T05:30:40+08:00,2026-09-08,2026-07-05T20:50:40+08:00
ORD00110272,M000802,P00098,app,paid,4,USD,20344.87,50.0,2026-07-03T07:15:56+08:00,2026-10-26,2026-07-04T19:58:56+08:00
ORD00108711,M006467,P00194,web,paid,2,JPY,816954.0,100.0,2026-07-03T04:11:50+08:00,2026-07-23,2026-07-03T20:58:50+08:00
ORD00109270,M007754,P00240,電銷,paid,3,TWD,276537.0,750.0,2026-07-03T03:09:34+08:00,2026-10-26,2026-07-05T11:34:34+08:00
ORD00108263,M004345,P00164,門市,created,3,TWD,124344.0,50.0,2026-07-03T07:21:10+08:00,2026-10-28,2026-07-03T20:45:10+08:00
ORD00032148,M000709,P00086,app,completed,1,TWD,17236.0,550.0,2026-05-05T04:53:17+08:00,2026-05-30,2026-07-03T03:24:21+08:00
ORD00108637,M006077,P00264,web,paid,2,TWD,20971.0,900.0,2026-07-03T19:33:24+08:00,2026-10-25,2026-07-04T02:45:24+08:00
ORD00108575,M001372,P00224,app,paid,4,TWD,510366.0,550.0,2026-07-03T03:33:57+08:00,2026-09-25,2026-07-05T06:31:57+08:00
ORD00108549,M005078,P00235,app,paid,3,JPY,1054024.0,850.0,2026-07-03T22:48:21+08:00,2026-08-15,2026-07-06T06:02:21+08:00
ORD00110807,M007002,P00166,電銷,created,1,USD,6914.83,650.0,2026-07-03T00:49:56+08:00,2026-10-13,2026-07-04T18:40:56+08:00
ORD00109852,M003784,P00068,電銷,created,3,TWD,269146.0,750.0,2026-07-03T12:59:37+08:00,2026-10-04,2026-07-03T14:22:37+08:00
ORD00110140,M004921,P00251,app,paid,4,USD,13745.2,950.0,2026-07-03T22:32:10+08:00,2026-09-19,2026-07-04T07:42:10+08:00
ORD00110646,M007291,P00251,電銷,paid,4,USD,13560.65,0.0,2026-07-03T20:54:59+08:00,2026-09-01,2026-07-03T23:39:59+08:00
ORD00111925,M000285,P00080,門市,paid,2,TWD,289117.0,150.0,2026-07-03T04:03:32+08:00,2026-08-01,2026-07-03T16:37:32+08:00
ORD00109503,M002516,P00025,web,paid,1,TWD,183129.0,750.0,2026-07-03T03:22:07+08:00,2026-08-29,2026-07-04T11:38:07+08:00
ORD00109868,M007390,P00299,門市,created,3,JPY,341784.0,750.0,2026-07-03T23:04:38+08:00,2026-08-07,2026-07-06T00:24:38+08:00
ORD00109531,M001408,P00030,web,paid,2,JPY,1626628.0,650.0,2026-07-03T06:47:24+08:00,2026-08-25,2026-07-05T20:46:24+08:00
ORD00111570,M001026,P00145,app,created,1,TWD,94049.0,50.0,2026-07-03T09:50:44+08:00,2026-08-28,2026-07-06T00:06:44+08:00
ORD00110038,M006433,P00242,app,created,4,TWD,116767.0,200.0,2026-07-03T12:43:01+08:00,2026-07-28,2026-07-03T16:19:01+08:00
ORD00110862,M004551,P00113,app,paid,3,USD,15896.85,700.0,2026-07-03T09:29:57+08:00,2026-07-25,2026-07-03T21:25:57+08:00
ORD00109674,M001830,P00094,門市,paid,4,TWD,737241.0,650.0,2026-07-03T04:14:35+08:00,2026-10-01,2026-07-03T22:57:35+08:00
ORD00109955,M003512,P00154,app,paid,1,TWD,122405.0,850.0,2026-07-03T16:45:43+08:00,2026-08-21,2026-07-05T05:31:43+08:00
ORD00111904,M004075,P00198,電銷,paid,3,TWD,81412.0,450.0,2026-07-03T14:11:19+08:00,2026-07-16,2026-07-05T14:48:19+08:00
ORD00110677,M005377,P00228,app,created,2,TWD,230642.0,50.0,2026-07-03T20:25:09+08:00,2026-09-12,2026-07-06T10:38:09+08:00
ORD00111524,M002925,P00051,門市,created,3,TWD,476947.0,350.0,2026-07-03T11:24:37+08:00,2026-09-28,2026-07-05T05:31:37+08:00
ORD00111341,M001991,P00035,電銷,created,4,TWD,836175.0,700.0,2026-07-03T00:26:49+08:00,2026-08-22,2026-07-04T00:57:49+08:00
ORD00108257,M005134,P00202,電銷,paid,2,TWD,253554.0,200.0,2026-07-03T05:31:48+08:00,2026-09-22,2026-07-05T07:33:48+08:00
ORD00110326,M005574,P00211,電銷,paid,3,TWD,262311.0,0.0,2026-07-03T15:09:38+08:00,2026-07-10,2026-07-06T02:45:38+08:00
ORD00072041,M001640,P00204,web,cancelled,2,TWD,291008.0,900.0,2026-06-21T09:45:06+08:00,2026-10-04,2026-07-03T09:07:02+08:00
ORD00108092,M006042,P00016,電銷,paid,3,TWD,228090.0,100.0,2026-07-03T09:31:34+08:00,2026-08-26,2026-07-05T06:44:34+08:00
ORD00110178,M004569,P00001,電銷,paid,1,USD,3532.66,50.0,2026-07-03T17:11:32+08:00,2026-07-12,2026-07-05T21:46:32+08:00
ORD00108997,M001401,P00036,web,paid,2,USD,5362.9,950.0,2026-07-03T19:25:31+08:00,2026-07-26,2026-07-03T19:53:31+08:00
ORD00110448,M004919,P00273,app,paid,2,USD,6707.6,700.0,2026-07-03T14:52:46+08:00,2026-07-12,2026-07-04T19:51:46+08:00
ORD00109551,M003891,P00145,web,created,4,TWD,350114.0,0.0,2026-07-03T06:00:09+08:00,2026-08-21,2026-07-04T08:05:09+08:00
ORD00111152,M000557,P00295,門市,paid,2,TWD,105794.0,850.0,2026-07-03T19:04:28+08:00,2026-07-29,2026-07-04T20:04:28+08:00
ORD00109565,M006004,P00161,門市,paid,1,TWD,187080.0,850.0,2026-07-03T11:22:04+08:00,2026-08-28,2026-07-04T02:41:04+08:00
ORD00108664,M000018,P00015,門市,created,1,TWD,70886.0,50.0,2026-07-03T01:11:48+08:00,2026-10-11,2026-07-05T09:22:48+08:00
ORD00111888,M000863,P00088,web,paid,3,JPY,1196162.0,800.0,2026-07-03T02:20:55+08:00,2026-07-16,2026-07-04T06:48:55+08:00
ORD00110060,M002352,P00210,電銷,paid,3,USD,14354.9,0.0,2026-07-03T14:18:50+08:00,2026-10-15,2026-07-04T11:40:50+08:00
ORD00110024,M000364,P00117,web,created,4,TWD,671999.0,150.0,2026-07-03T07:24:36+08:00,2026-09-16,2026-07-04T22:46:36+08:00
ORD00111735,M002283,P00110,app,paid,4,TWD,631624.0,300.0,2026-07-03T03:41:02+08:00,2026-09-30,2026-07-05T11:46:02+08:00
ORD00111131,M007584,P00008,門市,paid,1,USD,2447.43,950.0,2026-07-03T18:06:05+08:00,2026-10-25,2026-07-04T17:50:05+08:00
ORD00109667,M006220,P00220,web,paid,2,USD,2307.02,900.0,2026-07-03T18:19:37+08:00,2026-07-13,2026-07-03T19:18:37+08:00
ORD00111119,M005328,P00170,電銷,created,4,USD,7968.99,750.0,2026-07-03T16:43:50+08:00,2026-10-18,2026-07-05T19:47:50+08:00
ORD00108453,M005076,P00024,門市,paid,3,TWD,219562.0,500.0,2026-07-03T01:19:08+08:00,2026-10-17,2026-07-04T10:59:08+08:00
ORD00109707,M001806,P00300,app,created,2,TWD,187049.0,100.0,2026-07-03T05:41:53+08:00,2026-07-26,2026-07-03T22:25:53+08:00
ORD00109298,M003149,P00141,app,paid,1,TWD,68645.0,150.0,2026-07-03T05:43:58+08:00,2026-07-22,2026-07-05T11:36:58+08:00
ORD00108196,M000367,P00112,電銷,paid,3,JPY,137508.0,550.0,2026-07-03T07:15:53+08:00,2026-07-10,2026-07-05T05:26:53+08:00
ORD00111740,M002666,P00105,app,paid,1,TWD,74406.0,150.0,2026-07-03T02:31:50+08:00,2026-07-21,2026-07-05T09:40:50+08:00
ORD00082128,M003070,P00288,app,completed,3,JPY,167224.0,550.0,2026-05-22T04:16:10+08:00,2026-07-15,2026-07-03T10:02:36+08:00
ORD00109091,M004966,P00078,app,paid,4,TWD,461254.0,900.0,2026-07-03T09:34:32+08:00,2026-09-16,2026-07-03T17:54:32+08:00
ORD00109380,M003170,P00264,app,created,2,TWD,18527.0,200.0,2026-07-03T19:40:13+08:00,2026-10-18,2026-07-05T20:14:13+08:00
ORD00108414,M003158,P00100,app,paid,3,TWD,420793.0,900.0,2026-07-03T07:27:42+08:00,2026-10-25,2026-07-03T16:12:42+08:00
ORD00110607,M007779,P00192,電銷,paid,4,JPY,4267371.0,750.0,2026-07-03T04:57:56+08:00,2026-07-18,2026-07-04T06:18:56+08:00
ORD00111651,M007372,P00084,app,created,1,TWD,62067.0,700.0,2026-07-03T02:15:00+08:00,2026-08-29,2026-07-03T11:56:00+08:00
ORD00111194,M000663,P00245,電銷,paid,3,TWD,311620.0,950.0,2026-07-03T07:27:14+08:00,2026-09-30,2026-07-04T17:22:14+08:00
ORD00108827,M004178,P00153,電銷,created,2,TWD,182529.0,600.0,2026-07-03T12:41:17+08:00,2026-08-23,2026-07-04T00:15:17+08:00
ORD00110435,M005153,P00111,門市,paid,3,USD,7573.93,950.0,2026-07-03T02:47:29+08:00,2026-10-29,2026-07-04T20:15:29+08:00
ORD00111254,M003967,P00040,web,created,2,TWD,164519.0,850.0,2026-07-03T18:00:33+08:00,2026-08-06,2026-07-04T00:23:33+08:00
ORD00110478,M004016,P00081,app,created,1,TWD,139411.0,900.0,2026-07-03T16:29:17+08:00,2026-08-18,2026-07-05T18:29:17+08:00
ORD00109921,M003914,P00234,門市,paid,3,TWD,25529.0,0.0,2026-07-03T18:43:42+08:00,2026-09-14,2026-07-05T06:46:42+08:00
ORD00108326,M007241,P00006,web,paid,2,TWD,306862.0,850.0,2026-07-03T10:23:26+08:00,2026-08-19,2026-07-04T21:33:26+08:00
ORD00111517,M006648,P00206,電銷,paid,3,TWD,520452.0,100.0,2026-07-03T13:51:30+08:00,2026-08-26,2026-07-04T07:37:30+08:00
ORD00109203,M003313,P00041,門市,paid,4,TWD,35907.0,950.0,2026-07-03T16:04:58+08:00,2026-07-15,2026-07-06T00:35:58+08:00
ORD00037313,M006704,P00003,電銷,completed,4,TWD,429110.0,350.0,2026-06-22T16:12:48+08:00,2026-10-02,2026-07-03T14:10:54+08:00
ORD00057131,M006233,P00148,web,cancelled,2,TWD,57739.0,400.0,2026-06-27T16:00:33+08:00,2026-08-16,2026-07-03T20:59:21+08:00
ORD00109575,M000932,P00297,門市,paid,2,TWD,205139.0,100.0,2026-07-03T01:48:59+08:00,2026-10-04,2026-07-05T04:32:59+08:00
ORD00111947,M000877,P00256,門市,paid,4,TWD,831614.0,0.0,2026-07-03T11:45:10+08:00,2026-10-14,2026-07-05T14:29:10+08:00
ORD00108757,M006252,P00176,web,created,4,USD,19466.96,300.0,2026-07-03T20:08:40+08:00,2026-09-05,2026-07-06T11:57:40+08:00
ORD00109050,M003006,P00084,電銷,paid,1,TWD,62334.0,200.0,2026-07-03T04:56:53+08:00,2026-09-15,2026-07-04T08:49:53+08:00
ORD00110373,M006550,P00032,app,created,4,JPY,2907380.0,250.0,2026-07-03T23:44:48+08:00,2026-07-25,2026-07-04T18:39:48+08:00
ORD00060356,M001849,P00289,門市,completed,1,JPY,521299.0,250.0,2026-06-16T20:13:38+08:00,2026-07-08,2026-07-03T19:19:50+08:00
ORD00088430,M007398,P00103,app,completed,3,TWD,54509.0,800.0,2026-05-23T06:43:41+08:00,2026-08-29,2026-07-03T10:58:40+08:00
ORD00109040,M003591,P00152,門市,created,2,JPY,377554.0,250.0,2026-07-03T13:24:47+08:00,2026-09-14,2026-07-04T22:54:47+08:00
ORD00014777,M006463,P00022,app,completed,1,TWD,36207.0,600.0,2026-06-03T14:18:00+08:00,2026-08-30,2026-07-03T16:16:06+08:00
ORD00111172,M001942,P00264,app,paid,1,TWD,10942.0,450.0,2026-07-03T23:02:32+08:00,2026-10-29,2026-07-05T10:09:32+08:00
ORD00110972,M006424,P00203,app,paid,3,TWD,396513.0,150.0,2026-07-03T19:46:26+08:00,2026-08-27,2026-07-04T06:39:26+08:00
ORD00109780,M007000,P00287,web,paid,1,TWD,142611.0,900.0,2026-07-03T03:58:23+08:00,2026-09-18,2026-07-04T00:58:23+08:00
ORD00109228,M003466,P00194,電銷,paid,4,TWD,349496.0,650.0,2026-07-03T08:17:23+08:00,2026-08-31,2026-07-04T12:33:23+08:00
ORD00110334,M004138,P00148,app,paid,2,TWD,66136.0,300.0,2026-07-03T21:47:13+08:00,2026-09-11,2026-07-05T00:37:13+08:00
ORD00108592,M000485,P00063,門市,created,4,USD,18986.27,150.0,2026-07-03T07:01:08+08:00,2026-08-27,2026-07-05T05:31:08+08:00
ORD00111308,M003595,P00007,門市,paid,1,USD,1659.96,150.0,2026-07-03T23:09:39+08:00,2026-10-29,2026-07-06T13:00:39+08:00
ORD00111456,M005656,P00122,電銷,paid,2,TWD,400630.0,300.0,2026-07-03T04:18:39+08:00,2026-10-18,2026-07-04T11:28:39+08:00
ORD00110349,M004946,P00260,門市,paid,4,TWD,565985.0,500.0,2026-07-03T07:12:57+08:00,2026-09-04,2026-07-04T02:57:57+08:00
ORD00111096,M005586,P00010,電銷,paid,1,TWD,109501.0,800.0,2026-07-03T01:07:54+08:00,2026-08-07,2026-07-04T03:56:54+08:00
ORD00109154,M005241,P00138,app,created,2,USD,5420.63,50.0,2026-07-03T14:13:38+08:00,2026-10-29,2026-07-05T00:54:38+08:00
ORD00109752,M006724,P00142,門市,paid,2,TWD,408960.0,100.0,2026-07-03T14:27:42+08:00,2026-07-31,2026-07-05T08:08:42+08:00
ORD00110950,M002652,P00255,電銷,paid,3,TWD,613096.0,0.0,2026-07-03T19:29:33+08:00,2026-09-08,2026-07-05T19:38:33+08:00
ORD00111868,M004097,P00159,電銷,created,3,TWD,136344.0,650.0,2026-07-03T03:22:43+08:00,2026-07-21,2026-07-03T16:19:43+08:00
ORD00089892,M004845,P00059,門市,cancelled,1,TWD,96017.0,150.0,2026-05-27T21:34:19+08:00,2026-06-13,2026-07-03T16:26:33+08:00
ORD00108221,M001376,P00294,web,paid,2,JPY,1322756.0,200.0,2026-07-03T03:22:10+08:00,2026-10-07,2026-07-05T15:14:10+08:00
ORD00109247,M003275,P00019,app,paid,3,TWD,234802.0,100.0,2026-07-03T13:37:13+08:00,2026-07-23,2026-07-06T06:49:13+08:00
ORD00110406,M002581,P00134,app,paid,2,JPY,912853.0,250.0,2026-07-03T23:53:34+08:00,2026-08-15,2026-07-06T06:31:34+08:00
ORD00110114,M005176,P00042,app,paid,2,TWD,244218.0,600.0,2026-07-03T09:59:12+08:00,2026-09-21,2026-07-03T22:44:12+08:00
ORD00111146,M005334,P00126,門市,paid,2,TWD,53414.0,650.0,2026-07-03T04:22:15+08:00,2026-09-02,2026-07-04T01:13:15+08:00
ORD00110586,M002504,P00105,web,paid,1,TWD,51194.0,0.0,2026-07-03T07:13:53+08:00,2026-10-06,2026-07-05T01:58:53+08:00
ORD00109504,M002249,P00238,電銷,paid,4,TWD,374356.0,700.0,2026-07-03T23:37:49+08:00,2026-10-24,2026-07-04T00:30:49+08:00
ORD00109525,M005540,P00094,電銷,paid,1,JPY,812959.0,700.0,2026-07-03T10:18:42+08:00,2026-08-21,2026-07-04T16:07:42+08:00
ORD00111700,M003685,P00033,web,created,3,JPY,1810431.0,650.0,2026-07-03T15:59:52+08:00,2026-08-15,2026-07-05T11:41:52+08:00
ORD00109122,M003400,P00047,app,created,2,TWD,55876.0,50.0,2026-07-03T21:05:26+08:00,2026-09-16,2026-07-05T11:59:26+08:00
ORD00109052,M006708,P00211,web,paid,1,TWD,84563.0,450.0,2026-07-03T02:54:04+08:00,2026-09-12,2026-07-04T15:33:04+08:00
ORD00109194,M007307,P00290,門市,paid,1,USD,3344.37,200.0,2026-07-03T06:28:28+08:00,2026-10-28,2026-07-03T15:40:28+08:00
ORD00111025,M005802,P00223,web,created,1,USD,5817.41,750.0,2026-07-03T17:35:01+08:00,2026-10-25,2026-07-05T12:12:01+08:00
ORD00109609,M007881,P00037,門市,paid,3,USD,11089.49,700.0,2026-07-03T12:25:31+08:00,2026-08-18,2026-07-04T03:50:31+08:00
ORD00109715,M000387,P00085,門市,created,4,JPY,4213539.0,550.0,2026-07-03T20:15:10+08:00,2026-08-06,2026-07-05T00:48:10+08:00
ORD00111045,M000677,P00049,電銷,paid,1,TWD,15391.0,0.0,2026-07-03T14:06:01+08:00,2026-10-13,2026-07-04T22:48:01+08:00
ORD00109574,M006363,P00154,電銷,paid,4,TWD,416865.0,750.0,2026-07-03T01:02:19+08:00,2026-08-21,2026-07-04T06:39:19+08:00
ORD00003219,M004025,P00072,門市,cancelled,4,TWD,83298.0,950.0,2026-06-03T12:35:15+08:00,2026-09-22,2026-07-03T08:43:02+08:00
ORD00111538,M002907,P00257,電銷,paid,4,TWD,151232.0,500.0,2026-07-03T19:46:54+08:00,2026-07-30,2026-07-04T16:40:54+08:00
ORD00111212,M004346,P00137,app,paid,1,TWD,138308.0,650.0,2026-07-03T07:59:37+08:00,2026-08-01,2026-07-04T18:25:37+08:00
ORD00108865,M006200,P00225,app,created,2,JPY,416656.0,350.0,2026-07-03T19:29:50+08:00,2026-09-22,2026-07-06T03:25:50+08:00
ORD00053712,M004598,P00182,門市,completed,1,TWD,7148.0,950.0,2026-06-15T05:55:07+08:00,2026-09-16,2026-07-03T20:56:01+08:00
ORD00110376,M000869,P00079,電銷,paid,1,TWD,37526.0,300.0,2026-07-03T11:43:12+08:00,2026-10-10,2026-07-05T09:00:12+08:00
ORD00110594,M006413,P00239,電銷,paid,1,TWD,169188.0,250.0,2026-07-03T01:49:38+08:00,2026-08-02,2026-07-03T17:41:38+08:00
ORD00108696,M004756,P00184,app,paid,2,TWD,326103.0,550.0,2026-07-03T13:02:48+08:00,2026-08-08,2026-07-03T16:57:48+08:00
ORD00111725,M005782,P00019,電銷,paid,2,USD,6201.24,700.0,2026-07-03T16:56:44+08:00,2026-09-05,2026-07-05T06:23:44+08:00
ORD00110187,M003105,P00292,門市,paid,1,TWD,169151.0,900.0,2026-07-03T13:58:16+08:00,2026-10-05,2026-07-03T18:52:16+08:00
ORD00108748,M003246,P00285,app,paid,3,TWD,342516.0,850.0,2026-07-03T12:01:37+08:00,2026-08-03,2026-07-04T06:04:37+08:00
ORD00006410,M001990,P00081,web,cancelled,3,TWD,318679.0,900.0,2026-06-28T21:13:06+08:00,2026-10-21,2026-07-03T20:42:10+08:00
ORD00109130,M007854,P00056,app,paid,3,TWD,263600.0,700.0,2026-07-03T21:21:19+08:00,2026-08-30,2026-07-04T17:09:19+08:00
ORD00109452,M000958,P00015,門市,created,2,USD,4041.9,950.0,2026-07-03T17:47:41+08:00,2026-07-21,2026-07-04T17:40:41+08:00
ORD00110130,M003787,P00095,門市,created,1,TWD,215805.0,300.0,2026-07-03T05:56:31+08:00,2026-09-05,2026-07-05T16:42:31+08:00
ORD00108847,M003089,P00189,app,created,3,TWD,330902.0,650.0,2026-07-03T16:41:31+08:00,2026-10-22,2026-07-04T17:05:31+08:00
ORD00109586,M001322,P00197,web,paid,3,TWD,187682.0,500.0,2026-07-03T16:31:47+08:00,2026-09-11,2026-07-05T02:48:47+08:00
ORD00110157,M003579,P00171,門市,created,3,JPY,1173047.0,350.0,2026-07-03T19:53:40+08:00,2026-10-26,2026-07-04T20:02:40+08:00
ORD00016663,M003115,P00073,web,cancelled,3,TWD,355180.0,750.0,2026-05-30T22:59:00+08:00,2026-07-07,2026-07-03T02:25:47+08:00
ORD00016657,M002196,P00046,app,completed,4,TWD,250420.0,200.0,2026-06-04T06:29:40+08:00,2026-08-10,2026-07-03T13:30:37+08:00
ORD00111952,M007592,P00184,app,paid,1,TWD,155463.0,550.0,2026-07-03T15:09:16+08:00,2026-09-25,2026-07-04T20:11:16+08:00
ORD00109261,M005430,P00122,web,paid,2,TWD,392700.0,450.0,2026-07-03T10:37:21+08:00,2026-07-10,2026-07-04T06:48:21+08:00
ORD00111431,M005163,P00149,web,created,3,JPY,3088774.0,600.0,2026-07-03T14:19:06+08:00,2026-07-19,2026-07-04T10:38:06+08:00
ORD00111150,M007224,P00290,電銷,created,1,TWD,108423.0,400.0,2026-07-03T09:44:16+08:00,2026-07-22,2026-07-03T15:51:16+08:00
ORD00111950,M001775,P00010,門市,created,3,TWD,397764.0,450.0,2026-07-03T14:23:25+08:00,2026-09-17,2026-07-05T03:40:25+08:00
ORD00111794,M002918,P00257,電銷,paid,1,TWD,34100.0,150.0,2026-07-03T23:09:16+08:00,2026-09-10,2026-07-04T14:36:16+08:00
ORD00108564,M006688,P00026,電銷,created,2,USD,9323.21,950.0,2026-07-03T14:43:54+08:00,2026-08-02,2026-07-05T08:31:54+08:00
ORD00108190,M004745,P00148,web,created,3,TWD,103652.0,250.0,2026-07-03T20:24:54+08:00,2026-10-14,2026-07-06T10:11:54+08:00
ORD00109079,M003101,P00069,app,paid,2,USD,11990.95,550.0,2026-07-03T15:54:45+08:00,2026-08-23,2026-07-06T04:31:45+08:00
ORD00110328,M001496,P00158,電銷,paid,1,JPY,174557.0,250.0,2026-07-03T11:37:20+08:00,2026-09-22,2026-07-03T12:43:20+08:00
ORD00110863,M004065,P00297,app,created,3,TWD,346084.0,800.0,2026-07-03T22:23:28+08:00,2026-10-22,2026-07-04T08:47:28+08:00
ORD00111806,M006247,P00025,電銷,paid,4,USD,17742.3,850.0,2026-07-03T02:19:32+08:00,2026-09-16,2026-07-05T19:09:32+08:00
ORD00109888,M001655,P00118,電銷,created,4,TWD,591516.0,800.0,2026-07-03T11:39:10+08:00,2026-07-13,2026-07-04T03:34:10+08:00
ORD00111262,M006044,P00126,app,paid,4,TWD,121634.0,750.0,2026-07-03T14:21:44+08:00,2026-10-27,2026-07-04T18:37:44+08:00
ORD00108209,M004896,P00185,電銷,paid,3,TWD,678816.0,600.0,2026-07-03T22:19:53+08:00,2026-10-30,2026-07-05T15:50:53+08:00
ORD00110623,M007337,P00097,門市,created,1,TWD,110212.0,150.0,2026-07-03T18:54:53+08:00,2026-09-06,2026-07-06T12:44:53+08:00
ORD00084917,M007829,P00203,web,cancelled,4,USD,14026.99,450.0,2026-06-29T00:11:56+08:00,2026-08-09,2026-07-03T04:48:24+08:00
ORD00111243,M004451,P00107,app,paid,4,JPY,3057080.0,100.0,2026-07-03T18:33:12+08:00,2026-07-17,2026-07-03T19:04:12+08:00
ORD00111027,M001555,P00222,web,created,2,TWD,73300.0,400.0,2026-07-03T23:11:55+08:00,2026-10-12,2026-07-04T21:08:55+08:00
ORD00108885,M006969,P00089,門市,paid,4,TWD,316957.0,550.0,2026-07-03T18:49:24+08:00,2026-09-07,2026-07-06T05:56:24+08:00
ORD00073816,M007972,P00103,門市,cancelled,2,TWD,44378.0,100.0,2026-05-08T23:26:46+08:00,2026-06-08,2026-07-03T11:00:44+08:00
ORD00110011,M003108,P00025,web,paid,4,TWD,741821.0,600.0,2026-07-03T15:59:17+08:00,2026-10-10,2026-07-05T19:55:17+08:00
ORD00111487,M001850,P00077,app,paid,2,TWD,496615.0,800.0,2026-07-03T06:24:07+08:00,2026-08-22,2026-07-04T10:57:07+08:00
ORD00111684,M007444,P00265,app,paid,4,TWD,799549.0,950.0,2026-07-03T04:17:43+08:00,2026-10-11,2026-07-05T18:13:43+08:00
ORD00110938,M007909,P00082,門市,paid,2,TWD,318972.0,0.0,2026-07-03T11:41:02+08:00,2026-10-28,2026-07-04T04:42:02+08:00
ORD00048075,M004501,P00107,app,completed,2,USD,13759.29,900.0,2026-05-22T10:32:54+08:00,2026-07-10,2026-07-03T16:57:30+08:00
ORD00110727,M003364,P00150,電銷,paid,2,TWD,381421.0,150.0,2026-07-03T22:40:32+08:00,2026-10-27,2026-07-06T11:18:32+08:00
ORD00074931,M005204,P00130,門市,cancelled,4,JPY,2978119.0,750.0,2026-06-20T21:24:09+08:00,2026-08-26,2026-07-03T00:36:54+08:00
ORD00016486,M002968,P00184,app,completed,1,TWD,166226.0,200.0,2026-05-16T17:19:01+08:00,2026-06-09,2026-07-03T11:08:08+08:00
ORD00111063,M005728,P00115,web,paid,3,TWD,452913.0,150.0,2026-07-03T22:25:24+08:00,2026-08-07,2026-07-05T10:33:24+08:00
ORD00109341,M007588,P00234,web,created,4,TWD,36556.0,250.0,2026-07-03T04:20:28+08:00,2026-10-15,2026-07-05T05:27:28+08:00
ORD00108013,M005529,P00250,電銷,paid,4,USD,9099.05,900.0,2026-07-03T12:15:29+08:00,2026-09-27,2026-07-05T22:00:29+08:00
ORD00047307,M005435,P00294,web,completed,3,USD,17283.75,450.0,2026-06-08T15:12:45+08:00,2026-09-05,2026-07-03T11:14:40+08:00
ORD00109537,M006012,P00003,app,created,3,USD,10958.89,350.0,2026-07-03T15:38:05+08:00,2026-10-08,2026-07-05T13:26:05+08:00
ORD00109747,M006591,P00119,門市,created,1,USD,6739.8,0.0,2026-07-03T03:48:37+08:00,2026-10-25,2026-07-05T16:24:37+08:00
ORD00094115,M000721,P00126,電銷,cancelled,4,USD,3264.5,750.0,2026-05-02T18:56:18+08:00,2026-06-22,2026-07-03T17:50:42+08:00
ORD00111756,M006109,P00068,門市,created,3,USD,8194.57,650.0,2026-07-03T11:26:25+08:00,2026-10-27,2026-07-05T00:12:25+08:00
ORD00071628,M005594,P00288,電銷,cancelled,1,TWD,12918.0,150.0,2026-06-18T15:53:48+08:00,2026-08-26,2026-07-03T23:29:35+08:00
ORD00111374,M007968,P00229,電銷,created,3,TWD,606902.0,900.0,2026-07-03T12:07:58+08:00,2026-08-11,2026-07-03T16:33:58+08:00
ORD00108137,M000450,P00236,app,paid,1,TWD,137522.0,950.0,2026-07-03T14:51:45+08:00,2026-10-03,2026-07-05T20:53:45+08:00
ORD00031300,M000352,P00011,app,cancelled,4,TWD,668494.0,600.0,2026-06-27T06:01:37+08:00,2026-09-07,2026-07-03T21:40:51+08:00
ORD00109151,M003181,P00095,web,created,4,TWD,882348.0,700.0,2026-07-03T19:38:49+08:00,2026-09-29,2026-07-04T11:57:49+08:00
ORD00110196,M002442,P00132,web,paid,1,TWD,52107.0,200.0,2026-07-03T00:03:20+08:00,2026-07-21,2026-07-04T10:59:20+08:00
ORD00108480,M001844,P00212,門市,paid,3,TWD,96390.0,400.0,2026-07-03T07:49:18+08:00,2026-10-30,2026-07-04T13:34:18+08:00
ORD00110860,M004740,P00159,app,paid,2,TWD,74844.0,900.0,2026-07-03T18:10:07+08:00,2026-10-24,2026-07-05T10:06:07+08:00
ORD00111818,M004409,P00294,電銷,paid,1,JPY,777902.0,550.0,2026-07-03T13:48:42+08:00,2026-10-29,2026-07-03T15:00:42+08:00
ORD00110360,M007555,P00042,電銷,created,3,TWD,381997.0,150.0,2026-07-03T04:33:18+08:00,2026-08-29,2026-07-03T08:35:18+08:00
ORD00110651,M005768,P00204,web,paid,2,TWD,283314.0,450.0,2026-07-03T15:35:55+08:00,2026-07-30,2026-07-05T13:37:55+08:00
ORD00109001,M002967,P00007,電銷,paid,2,TWD,115783.0,800.0,2026-07-03T00:50:02+08:00,2026-08-31,2026-07-03T13:59:02+08:00
ORD00111963,M002741,P00248,app,paid,2,TWD,36139.0,750.0,2026-07-03T10:07:04+08:00,2026-09-15,2026-07-03T23:46:04+08:00
ORD00109511,M001191,P00106,app,paid,1,TWD,46088.0,300.0,2026-07-03T10:20:57+08:00,2026-09-03,2026-07-06T00:26:57+08:00
ORD00110540,M000606,P00142,門市,paid,4,TWD,850414.0,250.0,2026-07-03T03:21:58+08:00,2026-08-12,2026-07-05T06:41:58+08:00
ORD00111692,M001684,P00037,web,paid,2,USD,8428.91,0.0,2026-07-03T21:01:55+08:00,2026-09-30,2026-07-04T07:23:55+08:00
ORD00111436,M005147,P00287,app,paid,4,JPY,2468094.0,600.0,2026-07-03T16:02:09+08:00,2026-09-08,2026-07-06T03:23:09+08:00
ORD00109351,M003007,P00189,app,paid,3,TWD,331484.0,750.0,2026-07-03T02:33:25+08:00,2026-08-25,2026-07-05T09:05:25+08:00
ORD00034218,M004565,P00077,web,completed,4,USD,27882.43,850.0,2026-05-24T18:20:42+08:00,2026-07-03,2026-07-03T22:15:09+08:00
ORD00108777,M007934,P00039,app,created,3,TWD,487176.0,400.0,2026-07-03T00:37:59+08:00,2026-08-14,2026-07-05T04:53:59+08:00
ORD00111274,M000234,P00099,app,paid,1,JPY,695527.0,150.0,2026-07-03T02:26:24+08:00,2026-10-30,2026-07-03T08:52:24+08:00
ORD00109766,M002414,P00074,門市,created,4,TWD,540985.0,50.0,2026-07-03T20:33:10+08:00,2026-07-22,2026-07-04T09:50:10+08:00
ORD00108636,M005797,P00124,電銷,created,2,TWD,84978.0,500.0,2026-07-03T19:24:54+08:00,2026-07-25,2026-07-05T20:18:54+08:00
ORD00110463,M000344,P00096,web,paid,1,TWD,7082.0,750.0,2026-07-03T03:51:52+08:00,2026-09-20,2026-07-03T19:02:52+08:00
ORD00109141,M002129,P00011,電銷,paid,1,TWD,184387.0,850.0,2026-07-03T12:54:26+08:00,2026-08-27,2026-07-04T07:07:26+08:00
ORD00057965,M007497,P00058,app,completed,1,TWD,36689.0,200.0,2026-06-28T04:06:50+08:00,2026-08-14,2026-07-03T02:55:02+08:00
ORD00111101,M006959,P00252,web,created,2,USD,3567.59,650.0,2026-07-03T20:08:58+08:00,2026-08-22,2026-07-04T20:27:58+08:00
ORD00108594,M006049,P00282,app,paid,4,USD,30769.42,350.0,2026-07-03T02:47:27+08:00,2026-07-18,2026-07-04T09:41:27+08:00
ORD00109829,M005450,P00247,web,paid,4,TWD,597754.0,50.0,2026-07-03T09:40:41+08:00,2026-07-21,2026-07-05T22:02:41+08:00
ORD00108246,M005749,P00237,門市,created,1,TWD,180771.0,900.0,2026-07-03T04:18:15+08:00,2026-07-24,2026-07-05T11:18:15+08:00
ORD00076020,M007160,P00089,web,completed,3,USD,9344.73,600.0,2026-05-29T15:16:39+08:00,2026-08-10,2026-07-03T21:48:36+08:00
ORD00108652,M002125,P00120,電銷,paid,2,USD,8496.33,250.0,2026-07-03T23:57:57+08:00,2026-07-18,2026-07-06T04:45:57+08:00
ORD00108603,M002575,P00275,web,paid,1,TWD,92859.0,500.0,2026-07-03T16:01:57+08:00,2026-07-22,2026-07-04T19:20:57+08:00
ORD00110215,M005728,P00172,電銷,paid,4,TWD,593216.0,600.0,2026-07-03T02:41:14+08:00,2026-08-24,2026-07-05T07:33:14+08:00
ORD00110864,M006967,P00235,web,paid,1,TWD,68785.0,900.0,2026-07-03T16:07:05+08:00,2026-09-02,2026-07-05T01:54:05+08:00
ORD00110073,M006362,P00088,app,created,4,USD,10005.31,600.0,2026-07-03T03:52:27+08:00,2026-09-13,2026-07-03T07:52:27+08:00
ORD00077332,M002161,P00054,門市,completed,3,USD,14369.81,550.0,2026-06-13T07:51:32+08:00,2026-07-02,2026-07-03T07:52:33+08:00
ORD00109568,M000783,P00285,web,paid,2,JPY,908669.0,200.0,2026-07-03T14:38:49+08:00,2026-09-26,2026-07-03T15:28:49+08:00
ORD00109850,M000003,P00086,web,created,3,TWD,52986.0,500.0,2026-07-03T03:33:17+08:00,2026-10-30,2026-07-03T21:27:17+08:00
ORD00108446,M004392,P00017,電銷,paid,1,USD,5005.63,0.0,2026-07-03T08:26:07+08:00,2026-08-01,2026-07-04T19:06:07+08:00
ORD00108897,M003969,P00011,web,paid,3,JPY,1913713.0,200.0,2026-07-03T12:36:15+08:00,2026-09-18,2026-07-06T06:06:15+08:00
ORD00110999,M005890,P00054,門市,created,3,TWD,463817.0,200.0,2026-07-03T03:46:39+08:00,2026-07-16,2026-07-04T10:02:39+08:00
ORD00111322,M002861,P00073,app,created,2,TWD,261448.0,500.0,2026-07-03T00:27:41+08:00,2026-10-19,2026-07-04T17:13:41+08:00
ORD00109096,M007195,P00067,app,paid,1,TWD,111447.0,650.0,2026-07-03T13:48:18+08:00,2026-09-28,2026-07-03T15:33:18+08:00
ORD00111295,M005265,P00237,門市,created,2,TWD,306865.0,400.0,2026-07-03T17:47:36+08:00,2026-09-05,2026-07-04T23:46:36+08:00
ORD00005950,M005927,P00251,app,completed,3,USD,12334.73,400.0,2026-05-20T20:17:21+08:00,2026-09-09,2026-07-03T01:27:33+08:00
ORD00110922,M002217,P00076,web,created,2,USD,317.1,50.0,2026-07-03T14:35:18+08:00,2026-08-05,2026-07-06T05:42:18+08:00
ORD00108018,M002898,P00011,web,created,2,JPY,1551161.0,800.0,2026-07-03T17:00:33+08:00,2026-07-24,2026-07-04T14:42:33+08:00
ORD00109904,M004983,P00175,app,paid,3,JPY,263145.0,500.0,2026-07-03T22:06:07+08:00,2026-07-22,2026-07-04T01:51:07+08:00
ORD00110635,M000538,P00157,門市,paid,1,TWD,85818.0,0.0,2026-07-03T17:43:29+08:00,2026-09-12,2026-07-04T06:45:29+08:00
ORD00111284,M001403,P00166,web,paid,1,USD,5879.74,550.0,2026-07-03T03:29:02+08:00,2026-09-24,2026-07-04T22:09:02+08:00
ORD00108632,M006312,P00012,app,created,3,JPY,1498569.0,850.0,2026-07-03T01:55:23+08:00,2026-09-20,2026-07-04T13:37:23+08:00
ORD00108210,M002992,P00079,門市,created,2,TWD,78825.0,700.0,2026-07-03T09:10:50+08:00,2026-10-28,2026-07-05T23:54:50+08:00
ORD00110957,M003031,P00157,電銷,created,3,TWD,225680.0,200.0,2026-07-03T03:52:29+08:00,2026-08-26,2026-07-03T18:12:29+08:00
ORD00108121,M004075,P00042,app,paid,3,TWD,505160.0,350.0,2026-07-03T11:17:04+08:00,2026-08-26,2026-07-05T03:55:04+08:00
ORD00108771,M006689,P00087,門市,paid,3,TWD,676541.0,550.0,2026-07-03T10:17:22+08:00,2026-10-24,2026-07-05T05:28:22+08:00
ORD00109995,M007172,P00129,門市,created,4,TWD,582738.0,400.0,2026-07-03T08:17:57+08:00,2026-07-23,2026-07-04T09:52:57+08:00
ORD00109606,M005663,P00098,電銷,paid,1,TWD,127264.0,100.0,2026-07-03T17:28:16+08:00,2026-09-25,2026-07-06T00:39:16+08:00
ORD00110078,M005137,P00150,app,paid,4,TWD,762242.0,400.0,2026-07-03T13:50:06+08:00,2026-07-26,2026-07-03T16:51:06+08:00
ORD00111396,M000925,P00148,web,paid,1,TWD,33611.0,800.0,2026-07-03T17:58:02+08:00,2026-10-21,2026-07-05T21:05:02+08:00
ORD00111443,M005188,P00217,電銷,paid,3,TWD,631467.0,900.0,2026-07-03T07:20:58+08:00,2026-08-27,2026-07-03T18:44:58+08:00
ORD00110805,M003561,P00051,門市,paid,2,USD,11159.11,50.0,2026-07-03T01:16:12+08:00,2026-10-04,2026-07-05T15:00:12+08:00
ORD00111060,M003626,P00270,門市,paid,1,TWD,21740.0,900.0,2026-07-03T05:19:49+08:00,2026-08-17,2026-07-03T08:05:49+08:00
ORD00110907,M000067,P00285,web,paid,3,TWD,301022.0,550.0,2026-07-03T04:09:02+08:00,2026-08-15,2026-07-05T15:56:02+08:00
ORD00108325,M000384,P00238,app,paid,1,TWD,118745.0,650.0,2026-07-03T18:43:42+08:00,2026-09-01,2026-07-04T03:45:42+08:00
ORD00111294,M002240,P00145,電銷,paid,4,TWD,361651.0,250.0,2026-07-03T03:34:53+08:00,2026-09-01,2026-07-04T09:28:53+08:00
ORD00109509,M003677,P00048,web,paid,3,USD,7876.75,800.0,2026-07-03T00:35:23+08:00,2026-08-19,2026-07-03T21:42:23+08:00
ORD00108487,M002907,P00238,web,created,1,TWD,110166.0,250.0,2026-07-03T15:40:18+08:00,2026-08-02,2026-07-05T00:20:18+08:00
ORD00066488,M002873,P00278,門市,cancelled,4,TWD,820654.0,600.0,2026-05-02T15:40:05+08:00,2026-05-09,2026-07-03T17:10:24+08:00
ORD00108878,M005050,P00077,web,created,3,TWD,669922.0,100.0,2026-07-03T10:50:44+08:00,2026-08-22,2026-07-06T00:20:44+08:00
ORD00109871,M006234,P00198,門市,paid,4,TWD,93697.0,0.0,2026-07-03T07:46:23+08:00,2026-08-10,2026-07-05T05:43:23+08:00
ORD00109582,M000019,P00089,web,paid,1,USD,2858.01,250.0,2026-07-03T11:06:27+08:00,2026-10-07,2026-07-04T00:47:27+08:00
ORD00111497,M004430,P00045,電銷,created,4,TWD,33927.0,250.0,2026-07-03T14:53:32+08:00,2026-07-20,2026-07-03T19:42:32+08:00
ORD00110827,M001009,P00147,電銷,created,3,USD,14751.88,100.0,2026-07-03T23:10:58+08:00,2026-09-10,2026-07-06T10:15:58+08:00
ORD00108810,M002129,P00197,web,paid,2,TWD,132542.0,100.0,2026-07-03T06:29:43+08:00,2026-10-08,2026-07-04T07:02:43+08:00
ORD00110498,M002044,P00145,門市,paid,3,TWD,251169.0,850.0,2026-07-03T04:56:30+08:00,2026-10-03,2026-07-05T16:00:30+08:00
ORD00110166,M006841,P00107,web,paid,2,TWD,323349.0,950.0,2026-07-03T17:36:31+08:00,2026-07-28,2026-07-05T16:36:31+08:00
ORD00110557,M006131,P00006,電銷,paid,2,TWD,284686.0,100.0,2026-07-03T18:50:55+08:00,2026-09-21,2026-07-05T02:06:55+08:00
ORD00111344,M004237,P00266,web,paid,3,TWD,53328.0,600.0,2026-07-03T08:24:37+08:00,2026-08-30,2026-07-04T13:45:37+08:00
ORD00111064,M007357,P00088,電銷,created,1,TWD,79081.0,100.0,2026-07-03T19:12:12+08:00,2026-10-28,2026-07-05T22:19:12+08:00
ORD00060751,M005745,P00059,門市,completed,3,TWD,224517.0,300.0,2026-05-22T07:23:17+08:00,2026-08-31,2026-07-03T03:45:54+08:00
ORD00109946,M004556,P00109,電銷,paid,1,USD,1447.04,0.0,2026-07-03T04:43:33+08:00,2026-09-24,2026-07-04T07:59:33+08:00
ORD00109767,M000736,P00289,電銷,paid,2,TWD,244147.0,650.0,2026-07-03T15:39:17+08:00,2026-09-28,2026-07-06T06:42:17+08:00
ORD00108932,M003975,P00275,app,created,1,TWD,83042.0,300.0,2026-07-03T20:11:18+08:00,2026-08-20,2026-07-04T08:26:18+08:00
ORD00110427,M004842,P00018,電銷,paid,1,TWD,123527.0,900.0,2026-07-03T14:04:23+08:00,2026-10-10,2026-07-06T05:34:23+08:00
ORD00111467,M004281,P00110,電銷,created,3,TWD,560329.0,900.0,2026-07-03T09:09:11+08:00,2026-09-04,2026-07-03T16:33:11+08:00
ORD00109557,M004775,P00148,門市,created,3,JPY,480949.0,0.0,2026-07-03T05:55:38+08:00,2026-09-06,2026-07-05T05:38:38+08:00
ORD00110008,M003208,P00145,app,created,3,JPY,1463004.0,600.0,2026-07-03T16:29:42+08:00,2026-09-01,2026-07-05T14:21:42+08:00
ORD00047983,M000435,P00219,門市,completed,3,TWD,363697.0,250.0,2026-06-18T12:03:01+08:00,2026-07-26,2026-07-03T14:51:56+08:00
ORD00079518,M003738,P00207,app,completed,1,TWD,64883.0,650.0,2026-05-07T01:14:14+08:00,2026-08-21,2026-07-03T08:48:45+08:00
ORD00111644,M001416,P00147,app,paid,4,TWD,764195.0,250.0,2026-07-03T07:20:10+08:00,2026-08-18,2026-07-05T09:17:10+08:00
ORD00029609,M006864,P00101,app,completed,2,USD,3510.55,800.0,2026-06-11T03:07:19+08:00,2026-08-10,2026-07-03T13:01:06+08:00
ORD00108565,M004126,P00105,web,created,1,USD,2088.97,600.0,2026-07-03T11:12:41+08:00,2026-10-18,2026-07-06T05:41:41+08:00
ORD00110616,M006771,P00253,app,created,1,TWD,229394.0,550.0,2026-07-03T12:35:49+08:00,2026-08-05,2026-07-05T03:51:49+08:00
ORD00111598,M001449,P00038,app,paid,1,TWD,17729.0,900.0,2026-07-03T06:18:56+08:00,2026-10-01,2026-07-05T13:47:56+08:00
ORD00111834,M003818,P00216,app,paid,1,JPY,62161.0,750.0,2026-07-03T16:33:22+08:00,2026-08-29,2026-07-05T10:22:22+08:00
ORD00066545,M007239,P00192,app,completed,1,TWD,211525.0,0.0,2026-06-07T15:29:50+08:00,2026-08-13,2026-07-03T19:06:15+08:00
ORD00109419,M002003,P00218,門市,paid,2,TWD,70976.0,550.0,2026-07-03T20:59:17+08:00,2026-09-05,2026-07-06T02:20:17+08:00
ORD00080725,M002653,P00300,web,completed,4,TWD,330561.0,100.0,2026-05-31T21:47:26+08:00,2026-07-11,2026-07-03T05:42:15+08:00
ORD00111723,M002621,P00033,web,paid,1,TWD,123343.0,400.0,2026-07-03T23:57:56+08:00,2026-07-29,2026-07-06T14:37:56+08:00
ORD00109853,M005034,P00097,web,created,2,TWD,305773.0,350.0,2026-07-03T22:20:18+08:00,2026-08-29,2026-07-04T01:12:18+08:00
ORD00111034,M007444,P00122,web,paid,2,JPY,1882642.0,50.0,2026-07-03T00:18:18+08:00,2026-08-23,2026-07-03T15:29:18+08:00
ORD00109093,M007376,P00277,門市,paid,3,TWD,366617.0,950.0,2026-07-03T03:22:23+08:00,2026-09-27,2026-07-05T03:56:23+08:00
ORD00108542,M003134,P00228,web,paid,1,TWD,137116.0,550.0,2026-07-03T16:11:17+08:00,2026-08-13,2026-07-06T07:05:17+08:00
ORD00109553,M000557,P00219,web,paid,2,TWD,185421.0,450.0,2026-07-03T19:42:21+08:00,2026-07-27,2026-07-04T16:22:21+08:00
ORD00077780,M002454,P00173,門市,completed,1,TWD,9768.0,200.0,2026-06-13T12:06:06+08:00,2026-08-18,2026-07-03T04:18:23+08:00
ORD00111774,M004173,P00022,app,created,4,TWD,178609.0,450.0,2026-07-03T11:42:22+08:00,2026-07-13,2026-07-05T18:11:22+08:00
ORD00110375,M007647,P00180,電銷,paid,2,USD,7982.65,900.0,2026-07-03T00:27:33+08:00,2026-10-21,2026-07-05T17:28:33+08:00
ORD00110475,M002348,P00194,web,paid,1,JPY,299097.0,900.0,2026-07-03T22:34:48+08:00,2026-08-17,2026-07-04T05:26:48+08:00
ORD00108512,M002873,P00047,門市,created,4,TWD,88543.0,900.0,2026-07-03T20:12:18+08:00,2026-10-11,2026-07-06T06:54:18+08:00
ORD00111621,M006788,P00050,電銷,created,1,TWD,3488.0,50.0,2026-07-03T18:03:38+08:00,2026-07-21,2026-07-05T06:15:38+08:00
ORD00111501,M007560,P00098,web,paid,2,TWD,258723.0,200.0,2026-07-03T10:04:37+08:00,2026-10-22,2026-07-04T01:53:37+08:00
ORD00111712,M002481,P00042,門市,paid,4,USD,18119.87,500.0,2026-07-03T23:26:29+08:00,2026-07-22,2026-07-06T04:13:29+08:00
ORD00109201,M003811,P00147,web,paid,4,TWD,606976.0,500.0,2026-07-03T04:32:10+08:00,2026-10-16,2026-07-05T12:19:10+08:00
ORD00110776,M006089,P00123,app,paid,3,TWD,270721.0,350.0,2026-07-03T15:01:04+08:00,2026-08-08,2026-07-04T15:22:04+08:00
ORD00108458,M002783,P00292,電銷,created,4,USD,23634.23,50.0,2026-07-03T04:33:05+08:00,2026-10-09,2026-07-03T13:04:05+08:00
ORD00108770,M003001,P00041,門市,paid,3,TWD,21451.0,600.0,2026-07-03T16:02:36+08:00,2026-10-09,2026-07-06T06:18:36+08:00
ORD00077629,M004100,P00153,電銷,completed,2,TWD,157056.0,250.0,2026-05-05T09:56:21+08:00,2026-08-19,2026-07-03T03:03:03+08:00
ORD00111804,M006481,P00215,web,paid,3,JPY,695059.0,850.0,2026-07-03T05:22:08+08:00,2026-10-29,2026-07-05T05:52:08+08:00
ORD00109224,M003314,P00270,電銷,paid,3,TWD,63968.0,750.0,2026-07-03T23:57:09+08:00,2026-09-22,2026-07-06T11:07:09+08:00
ORD00110098,M007922,P00117,電銷,created,1,TWD,137635.0,250.0,2026-07-03T21:55:47+08:00,2026-10-08,2026-07-04T07:25:47+08:00
ORD00004294,M002281,P00258,門市,completed,4,USD,20144.72,50.0,2026-05-28T08:45:27+08:00,2026-07-26,2026-07-03T20:45:26+08:00
ORD00038808,M002813,P00060,app,cancelled,2,TWD,287433.0,600.0,2026-05-31T18:06:11+08:00,2026-07-18,2026-07-03T10:28:26+08:00
ORD00111631,M003614,P00166,電銷,paid,4,TWD,655864.0,250.0,2026-07-03T16:27:00+08:00,2026-09-19,2026-07-04T04:46:00+08:00
ORD00084811,M004418,P00250,web,completed,2,TWD,183711.0,950.0,2026-05-26T15:41:47+08:00,2026-08-18,2026-07-03T11:45:26+08:00
ORD00110289,M000357,P00177,電銷,paid,3,TWD,76876.0,850.0,2026-07-03T21:52:39+08:00,2026-10-07,2026-07-05T21:22:39+08:00
ORD00109478,M005608,P00134,app,paid,1,TWD,104245.0,50.0,2026-07-03T07:12:34+08:00,2026-09-06,2026-07-05T20:15:34+08:00
ORD00108195,M004689,P00123,門市,created,3,TWD,229786.0,650.0,2026-07-03T15:39:30+08:00,2026-09-21,2026-07-05T21:36:30+08:00
ORD00048197,M007311,P00225,web,cancelled,4,TWD,165697.0,600.0,2026-06-02T11:30:10+08:00,2026-07-05,2026-07-03T23:44:06+08:00
ORD00108182,M006774,P00248,門市,paid,4,USD,3047.56,750.0,2026-07-03T10:39:35+08:00,2026-08-31,2026-07-06T05:10:35+08:00
ORD00109064,M006095,P00052,門市,paid,2,TWD,182084.0,50.0,2026-07-03T12:15:55+08:00,2026-10-10,2026-07-04T03:21:55+08:00
ORD00109060,M002150,P00111,app,paid,3,TWD,244737.0,650.0,2026-07-03T18:55:45+08:00,2026-07-12,2026-07-03T21:03:45+08:00
ORD00110528,M001417,P00130,web,paid,3,TWD,650220.0,150.0,2026-07-03T10:09:52+08:00,2026-08-12,2026-07-06T03:00:52+08:00
ORD00111965,M002422,P00171,門市,paid,2,TWD,174931.0,900.0,2026-07-03T05:45:46+08:00,2026-09-09,2026-07-04T12:14:46+08:00
ORD00109279,M006803,P00102,電銷,created,3,TWD,111565.0,950.0,2026-07-03T03:18:02+08:00,2026-07-23,2026-07-04T05:04:02+08:00
ORD00110344,M004953,P00103,門市,paid,1,USD,655.78,150.0,2026-07-03T03:02:25+08:00,2026-10-13,2026-07-05T19:29:25+08:00
ORD00109570,M001967,P00275,門市,paid,3,TWD,246878.0,950.0,2026-07-03T03:19:23+08:00,2026-09-17,2026-07-04T07:21:23+08:00
ORD00110843,M001697,P00089,電銷,created,1,TWD,96322.0,650.0,2026-07-03T15:20:26+08:00,2026-07-31,2026-07-05T05:59:26+08:00
ORD00110372,M000644,P00292,web,created,4,USD,23896.62,0.0,2026-07-03T08:02:43+08:00,2026-10-30,2026-07-04T14:43:43+08:00
ORD00111784,M005687,P00022,門市,paid,2,JPY,362376.0,350.0,2026-07-03T01:57:21+08:00,2026-09-01,2026-07-04T02:05:21+08:00
ORD00111468,M003707,P00118,電銷,created,4,TWD,563356.0,200.0,2026-07-03T03:09:30+08:00,2026-07-16,2026-07-04T07:17:30+08:00
ORD00110837,M002527,P00093,web,paid,1,TWD,133532.0,950.0,2026-07-03T15:28:44+08:00,2026-10-12,2026-07-03T18:03:44+08:00
ORD00110694,M005600,P00173,電銷,paid,4,TWD,35673.0,750.0,2026-07-03T05:10:16+08:00,2026-08-30,2026-07-04T15:21:16+08:00
ORD00110056,M000230,P00254,app,created,4,USD,354.94,450.0,2026-07-03T14:54:57+08:00,2026-08-20,2026-07-06T04:40:57+08:00
ORD00109010,M002962,P00165,電銷,created,2,TWD,117217.0,600.0,2026-07-03T07:02:52+08:00,2026-08-17,2026-07-04T19:07:52+08:00
ORD00109630,M007676,P00153,門市,paid,2,USD,5951.62,600.0,2026-07-03T19:01:40+08:00,2026-10-08,2026-07-04T01:01:40+08:00
ORD00042034,M007841,P00100,web,completed,4,TWD,744463.0,800.0,2026-05-29T01:55:25+08:00,2026-07-19,2026-07-03T22:16:06+08:00
ORD00110378,M000183,P00104,app,paid,2,JPY,25146.0,450.0,2026-07-03T01:30:12+08:00,2026-07-21,2026-07-05T11:49:12+08:00
ORD00053364,M004232,P00063,app,cancelled,4,TWD,651810.0,700.0,2026-06-12T02:33:45+08:00,2026-06-25,2026-07-03T20:46:01+08:00
ORD00110335,M003227,P00185,電銷,paid,4,TWD,811888.0,250.0,2026-07-03T03:06:45+08:00,2026-10-18,2026-07-04T14:19:45+08:00
ORD00110054,M007437,P00175,app,paid,2,TWD,30821.0,300.0,2026-07-03T05:29:55+08:00,2026-08-14,2026-07-04T03:16:55+08:00
ORD00056448,M007809,P00064,電銷,cancelled,1,USD,861.04,700.0,2026-06-27T11:27:55+08:00,2026-07-21,2026-07-03T10:49:22+08:00
ORD00109894,M001511,P00244,web,created,3,TWD,131901.0,50.0,2026-07-03T20:46:01+08:00,2026-07-18,2026-07-05T21:24:01+08:00
ORD00111972,M003450,P00032,web,paid,3,USD,14688.94,750.0,2026-07-03T00:03:15+08:00,2026-09-17,2026-07-04T04:32:15+08:00
ORD00108601,M002507,P00065,app,created,3,USD,20464.88,900.0,2026-07-03T18:56:14+08:00,2026-10-02,2026-07-04T00:14:14+08:00
ORD00110208,M006223,P00207,電銷,paid,3,TWD,255546.0,850.0,2026-07-03T00:25:13+08:00,2026-09-13,2026-07-05T15:52:13+08:00
ORD00108775,M002595,P00282,電銷,created,3,USD,22090.11,700.0,2026-07-03T10:56:46+08:00,2026-08-26,2026-07-03T17:11:46+08:00
ORD00109610,M005856,P00252,門市,created,4,TWD,258681.0,700.0,2026-07-03T04:07:44+08:00,2026-07-30,2026-07-04T18:27:44+08:00
ORD00108099,M004053,P00007,web,paid,4,TWD,214152.0,800.0,2026-07-03T20:34:21+08:00,2026-10-24,2026-07-04T14:16:21+08:00
ORD00108842,M002234,P00052,web,paid,4,USD,9909.29,600.0,2026-07-03T20:51:17+08:00,2026-10-30,2026-07-03T21:42:17+08:00
ORD00011882,M005830,P00154,web,completed,4,TWD,363254.0,350.0,2026-05-13T22:06:07+08:00,2026-08-05,2026-07-03T21:00:10+08:00
ORD00109165,M005451,P00062,電銷,paid,2,TWD,199578.0,700.0,2026-07-03T12:23:09+08:00,2026-08-31,2026-07-05T14:30:09+08:00
ORD00063990,M002960,P00218,門市,completed,4,USD,4462.89,50.0,2026-06-29T02:26:56+08:00,2026-08-26,2026-07-03T16:34:48+08:00
ORD00108612,M007976,P00075,app,paid,2,TWD,41005.0,300.0,2026-07-03T16:09:44+08:00,2026-09-13,2026-07-04T15:10:44+08:00
ORD00110333,M004832,P00192,app,paid,3,TWD,614457.0,950.0,2026-07-03T18:53:39+08:00,2026-10-19,2026-07-05T07:06:39+08:00
ORD00111032,M003471,P00009,web,paid,4,TWD,349896.0,150.0,2026-07-03T09:52:17+08:00,2026-07-17,2026-07-03T18:08:17+08:00
ORD00110572,M005223,P00257,電銷,paid,2,TWD,65773.0,700.0,2026-07-03T04:12:14+08:00,2026-07-18,2026-07-04T09:07:14+08:00
ORD00109240,M004906,P00180,app,paid,2,TWD,191647.0,950.0,2026-07-03T11:11:29+08:00,2026-07-27,2026-07-05T16:30:29+08:00
ORD00108396,M001686,P00079,門市,paid,4,JPY,1039140.0,250.0,2026-07-03T03:30:20+08:00,2026-08-09,2026-07-03T19:03:20+08:00
ORD00110777,M005547,P00252,門市,created,3,TWD,177459.0,950.0,2026-07-03T07:54:30+08:00,2026-10-14,2026-07-04T04:04:30+08:00
ORD00083970,M007261,P00198,電銷,cancelled,3,JPY,391373.0,100.0,2026-05-14T14:44:42+08:00,2026-09-10,2026-07-03T02:59:45+08:00
ORD00110978,M001509,P00096,電銷,created,3,TWD,22118.0,350.0,2026-07-03T00:04:13+08:00,2026-08-06,2026-07-03T15:35:13+08:00
ORD00111635,M003490,P00101,web,created,4,USD,7806.16,650.0,2026-07-03T19:05:06+08:00,2026-08-11,2026-07-04T04:06:06+08:00
ORD00108976,M006574,P00263,門市,paid,3,TWD,323825.0,250.0,2026-07-03T11:30:03+08:00,2026-09-10,2026-07-04T12:57:03+08:00
ORD00108869,M006968,P00174,app,paid,2,JPY,209455.0,200.0,2026-07-03T06:18:03+08:00,2026-09-29,2026-07-05T10:00:03+08:00
ORD00108268,M006823,P00104,電銷,paid,3,TWD,9854.0,550.0,2026-07-03T17:35:29+08:00,2026-10-20,2026-07-04T17:35:29+08:00
ORD00108008,M000939,P00245,門市,paid,2,TWD,220445.0,0.0,2026-07-03T22:34:49+08:00,2026-10-30,2026-07-04T19:49:49+08:00
ORD00110710,M004454,P00244,門市,created,2,USD,3881.17,450.0,2026-07-03T00:56:33+08:00,2026-08-07,2026-07-03T19:45:33+08:00
ORD00110503,M004700,P00028,app,paid,2,TWD,242406.0,550.0,2026-07-03T02:57:42+08:00,2026-10-21,2026-07-05T03:51:42+08:00
ORD00111864,M002553,P00174,web,created,4,TWD,93852.0,50.0,2026-07-03T22:02:15+08:00,2026-09-22,2026-07-05T11:55:15+08:00
ORD00108541,M007129,P00107,門市,created,2,TWD,378038.0,900.0,2026-07-03T13:38:24+08:00,2026-09-09,2026-07-03T20:52:24+08:00
ORD00110144,M003784,P00014,電銷,paid,1,TWD,128623.0,200.0,2026-07-03T03:55:20+08:00,2026-09-07,2026-07-03T11:36:20+08:00
ORD00077512,M000592,P00212,app,completed,2,TWD,54288.0,300.0,2026-05-03T10:21:58+08:00,2026-05-13,2026-07-03T16:43:52+08:00
ORD00108479,M007427,P00158,電銷,created,2,TWD,78758.0,400.0,2026-07-03T08:36:18+08:00,2026-07-30,2026-07-06T03:05:18+08:00
ORD00073916,M004763,P00015,web,cancelled,1,JPY,339786.0,100.0,2026-06-09T01:50:32+08:00,2026-10-03,2026-07-03T11:07:40+08:00
ORD00108217,M007547,P00181,門市,paid,2,TWD,37545.0,600.0,2026-07-03T08:42:56+08:00,2026-07-29,2026-07-04T14:55:56+08:00
ORD00110627,M006282,P00253,門市,paid,3,TWD,582424.0,800.0,2026-07-03T21:34:22+08:00,2026-10-01,2026-07-04T03:35:22+08:00
ORD00109142,M000392,P00212,app,paid,3,JPY,386904.0,0.0,2026-07-03T13:07:52+08:00,2026-07-20,2026-07-03T16:09:52+08:00
ORD00109536,M004021,P00249,門市,paid,1,TWD,90665.0,400.0,2026-07-03T01:25:23+08:00,2026-07-23,2026-07-05T14:53:23+08:00
ORD00045667,M007157,P00226,app,completed,2,TWD,210113.0,450.0,2026-06-23T15:13:46+08:00,2026-09-28,2026-07-03T20:23:34+08:00
ORD00111606,M005923,P00235,app,paid,3,TWD,200465.0,300.0,2026-07-03T12:50:04+08:00,2026-08-10,2026-07-03T17:04:04+08:00
ORD00109095,M004131,P00029,電銷,paid,1,TWD,106730.0,50.0,2026-07-03T06:07:22+08:00,2026-10-08,2026-07-03T09:55:22+08:00
ORD00109359,M006590,P00011,web,paid,2,USD,11086.48,50.0,2026-07-03T05:37:08+08:00,2026-10-20,2026-07-04T16:38:08+08:00
ORD00110714,M001653,P00111,app,paid,2,TWD,213383.0,100.0,2026-07-03T04:36:51+08:00,2026-07-18,2026-07-05T05:22:51+08:00
ORD00110798,M006655,P00181,電銷,created,2,TWD,31900.0,50.0,2026-07-03T01:25:09+08:00,2026-09-11,2026-07-05T08:13:09+08:00
ORD00111247,M007629,P00123,電銷,paid,3,TWD,243229.0,950.0,2026-07-03T15:36:50+08:00,2026-07-28,2026-07-06T07:33:50+08:00
ORD00086483,M003440,P00086,門市,cancelled,1,TWD,18362.0,800.0,2026-05-10T07:44:54+08:00,2026-06-09,2026-07-03T00:45:23+08:00
ORD00110890,M000404,P00089,電銷,created,3,JPY,1358038.0,300.0,2026-07-03T19:18:11+08:00,2026-09-09,2026-07-04T05:42:11+08:00
ORD00111791,M007947,P00001,app,created,4,USD,12205.74,600.0,2026-07-03T20:39:28+08:00,2026-08-05,2026-07-04T14:13:28+08:00
ORD00109560,M006708,P00212,電銷,paid,3,USD,2439.85,600.0,2026-07-03T18:32:54+08:00,2026-07-28,2026-07-03T21:31:54+08:00
ORD00110185,M001541,P00059,電銷,paid,4,TWD,323479.0,0.0,2026-07-03T20:59:18+08:00,2026-08-15,2026-07-05T12:24:18+08:00
ORD00108129,M004513,P00140,門市,paid,2,USD,2573.0,400.0,2026-07-03T10:28:22+08:00,2026-07-24,2026-07-05T06:08:22+08:00
ORD00110046,M002144,P00107,web,paid,1,TWD,220941.0,800.0,2026-07-03T03:14:50+08:00,2026-10-25,2026-07-04T03:40:50+08:00
ORD00108198,M004224,P00273,web,created,3,USD,8924.2,700.0,2026-07-03T07:03:13+08:00,2026-10-15,2026-07-04T12:50:13+08:00
ORD00110712,M004058,P00154,web,paid,4,TWD,391228.0,800.0,2026-07-03T20:40:49+08:00,2026-09-11,2026-07-06T14:01:49+08:00
ORD00108381,M007496,P00142,門市,paid,1,TWD,230724.0,750.0,2026-07-03T18:01:06+08:00,2026-09-10,2026-07-04T10:25:06+08:00
ORD00110203,M001924,P00197,電銷,created,2,USD,4619.77,250.0,2026-07-03T12:33:16+08:00,2026-10-07,2026-07-05T11:52:16+08:00
ORD00109019,M003187,P00124,門市,created,4,TWD,178655.0,500.0,2026-07-03T19:43:03+08:00,2026-10-12,2026-07-05T18:31:03+08:00
ORD00109263,M005875,P00049,門市,paid,2,JPY,199502.0,150.0,2026-07-03T06:52:24+08:00,2026-10-05,2026-07-05T03:02:24+08:00
ORD00108074,M005548,P00217,app,paid,4,TWD,759199.0,500.0,2026-07-03T21:54:00+08:00,2026-08-05,2026-07-04T00:25:00+08:00
ORD00111705,M006539,P00172,web,paid,3,JPY,1883378.0,400.0,2026-07-03T03:53:06+08:00,2026-08-22,2026-07-05T07:30:06+08:00
ORD00111062,M001910,P00211,app,paid,4,TWD,449740.0,500.0,2026-07-03T19:24:41+08:00,2026-10-26,2026-07-06T10:36:41+08:00
ORD00110685,M004371,P00230,app,paid,3,TWD,567456.0,950.0,2026-07-03T16:36:30+08:00,2026-08-22,2026-07-05T05:20:30+08:00
ORD00108269,M000028,P00189,web,paid,4,USD,13823.77,100.0,2026-07-03T11:10:48+08:00,2026-07-29,2026-07-03T13:03:48+08:00
ORD00110076,M001649,P00214,web,paid,2,TWD,264623.0,200.0,2026-07-03T03:07:52+08:00,2026-08-07,2026-07-05T17:09:52+08:00
ORD00109198,M006535,P00052,門市,paid,3,TWD,271258.0,350.0,2026-07-03T13:57:18+08:00,2026-08-09,2026-07-06T03:42:18+08:00
ORD00110634,M006946,P00241,app,paid,1,USD,5275.04,0.0,2026-07-03T22:34:14+08:00,2026-08-19,2026-07-05T09:29:14+08:00
ORD00108709,M006629,P00088,電銷,paid,3,TWD,242467.0,550.0,2026-07-03T04:24:24+08:00,2026-08-10,2026-07-04T15:25:24+08:00
ORD00110583,M004093,P00183,門市,paid,1,TWD,160244.0,250.0,2026-07-03T11:10:58+08:00,2026-08-27,2026-07-04T16:37:58+08:00
ORD00110363,M002878,P00028,web,paid,4,TWD,385134.0,250.0,2026-07-03T14:18:46+08:00,2026-09-30,2026-07-05T05:19:46+08:00
ORD00111976,M000290,P00222,web,created,4,TWD,164811.0,100.0,2026-07-03T15:32:18+08:00,2026-10-29,2026-07-05T13:08:18+08:00
ORD00066306,M004503,P00109,app,completed,3,TWD,118652.0,900.0,2026-06-19T14:24:44+08:00,2026-06-27,2026-07-03T13:39:50+08:00
ORD00111356,M005759,P00140,電銷,paid,3,USD,5093.9,350.0,2026-07-03T05:16:16+08:00,2026-08-29,2026-07-04T05:55:16+08:00
ORD00111802,M007026,P00070,電銷,created,3,TWD,300666.0,300.0,2026-07-03T13:10:31+08:00,2026-10-09,2026-07-05T19:29:31+08:00
ORD00062977,M005461,P00059,web,cancelled,2,TWD,148357.0,750.0,2026-06-18T00:29:44+08:00,2026-08-27,2026-07-03T10:48:17+08:00
ORD00109266,M006635,P00252,app,created,4,USD,6979.45,550.0,2026-07-03T23:18:17+08:00,2026-09-23,2026-07-04T08:24:17+08:00
ORD00111126,M000295,P00169,app,created,3,TWD,117048.0,550.0,2026-07-03T04:12:09+08:00,2026-10-27,2026-07-05T19:25:09+08:00
ORD00108309,M002693,P00027,web,paid,3,TWD,410183.0,550.0,2026-07-03T04:36:05+08:00,2026-09-18,2026-07-03T11:50:05+08:00
ORD00110007,M003279,P00182,門市,paid,4,TWD,27068.0,850.0,2026-07-03T00:23:06+08:00,2026-10-22,2026-07-05T10:49:06+08:00
ORD00111171,M005017,P00011,app,paid,2,TWD,333576.0,750.0,2026-07-03T20:26:51+08:00,2026-09-04,2026-07-05T03:05:51+08:00
ORD00051307,M006980,P00188,門市,cancelled,3,TWD,158075.0,200.0,2026-05-20T00:18:28+08:00,2026-08-29,2026-07-03T07:11:03+08:00
ORD00003276,M005576,P00046,web,completed,1,TWD,54848.0,400.0,2026-06-02T03:38:49+08:00,2026-07-26,2026-07-03T20:31:51+08:00
ORD00003603,M005836,P00216,門市,completed,1,TWD,11111.0,650.0,2026-06-19T14:27:55+08:00,2026-09-29,2026-07-03T15:11:38+08:00
ORD00110265,M004259,P00133,電銷,paid,2,TWD,9717.0,300.0,2026-07-03T16:46:04+08:00,2026-10-02,2026-07-04T04:06:04+08:00
ORD00110800,M006549,P00158,app,paid,2,TWD,70996.0,750.0,2026-07-03T14:38:21+08:00,2026-07-19,2026-07-04T12:51:21+08:00
ORD00085135,M005373,P00293,app,cancelled,2,TWD,125766.0,600.0,2026-05-16T15:31:06+08:00,2026-08-11,2026-07-03T01:33:22+08:00
ORD00110846,M000777,P00130,門市,created,1,TWD,176161.0,100.0,2026-07-03T06:08:24+08:00,2026-07-10,2026-07-03T16:54:24+08:00
ORD00108401,M005950,P00169,web,paid,3,TWD,99962.0,900.0,2026-07-03T10:53:52+08:00,2026-10-08,2026-07-04T20:00:52+08:00
ORD00109869,M007414,P00153,web,created,3,TWD,275180.0,900.0,2026-07-03T14:18:32+08:00,2026-09-27,2026-07-03T17:35:32+08:00
ORD00111657,M003532,P00260,電銷,paid,2,TWD,284648.0,50.0,2026-07-03T06:37:37+08:00,2026-09-26,2026-07-03T11:51:37+08:00
ORD00109145,M003298,P00080,電銷,paid,1,TWD,157998.0,900.0,2026-07-03T11:44:28+08:00,2026-10-14,2026-07-05T14:47:28+08:00
ORD00110018,M007440,P00007,門市,paid,2,USD,3991.7,400.0,2026-07-03T05:43:27+08:00,2026-09-13,2026-07-05T22:54:27+08:00
ORD00109895,M007375,P00122,門市,paid,1,TWD,189942.0,600.0,2026-07-03T12:41:33+08:00,2026-08-22,2026-07-04T22:09:33+08:00
ORD00110104,M006604,P00149,app,paid,1,TWD,227929.0,350.0,2026-07-03T12:41:14+08:00,2026-10-04,2026-07-06T05:39:14+08:00
ORD00022840,M002027,P00253,web,cancelled,2,TWD,379792.0,700.0,2026-06-19T17:15:08+08:00,2026-07-01,2026-07-03T03:37:37+08:00
ORD00110869,M000655,P00057,web,created,3,USD,10977.9,450.0,2026-07-03T06:27:33+08:00,2026-09-07,2026-07-03T23:59:33+08:00
ORD00108916,M007124,P00027,web,created,2,USD,8831.8,450.0,2026-07-03T09:48:55+08:00,2026-09-27,2026-07-05T02:25:55+08:00
ORD00108234,M002148,P00264,門市,created,4,TWD,46692.0,50.0,2026-07-03T22:56:09+08:00,2026-09-18,2026-07-04T08:33:09+08:00
ORD00109607,M006722,P00298,web,paid,3,TWD,374544.0,850.0,2026-07-03T23:42:27+08:00,2026-09-29,2026-07-04T16:52:27+08:00
ORD00108460,M002228,P00256,門市,paid,3,TWD,513348.0,850.0,2026-07-03T00:39:55+08:00,2026-08-05,2026-07-05T00:03:55+08:00
ORD00111409,M007696,P00088,門市,paid,3,USD,8553.71,800.0,2026-07-03T13:41:03+08:00,2026-10-15,2026-07-04T01:24:03+08:00
ORD00108816,M000182,P00081,web,paid,3,TWD,341431.0,0.0,2026-07-03T21:42:03+08:00,2026-10-28,2026-07-05T11:28:03+08:00
ORD00109712,M004314,P00296,電銷,created,4,TWD,32924.0,850.0,2026-07-03T09:45:16+08:00,2026-09-30,2026-07-04T02:44:16+08:00
ORD00108436,M003823,P00116,web,paid,4,USD,11890.0,150.0,2026-07-03T06:55:14+08:00,2026-09-16,2026-07-05T16:32:14+08:00
ORD00108230,M006800,P00141,web,paid,1,USD,2131.56,50.0,2026-07-03T20:47:03+08:00,2026-10-30,2026-07-06T05:41:03+08:00
ORD00005812,M006114,P00006,電銷,cancelled,1,TWD,166787.0,200.0,2026-06-21T04:21:48+08:00,2026-09-11,2026-07-03T16:24:18+08:00
ORD00111141,M000378,P00207,app,created,2,TWD,178431.0,900.0,2026-07-03T07:58:26+08:00,2026-08-19,2026-07-04T03:43:26+08:00
ORD00109035,M000074,P00270,web,paid,1,TWD,24670.0,50.0,2026-07-03T00:11:44+08:00,2026-07-28,2026-07-03T07:52:44+08:00
ORD00110132,M004989,P00146,門市,paid,2,TWD,49458.0,950.0,2026-07-03T11:36:06+08:00,2026-08-23,2026-07-05T21:50:26+08:00
ORD00109462,M001603,P00242,app,paid,1,TWD,25956.0,450.0,2026-07-03T23:04:21+08:00,2026-08-27,2026-07-04T01:50:21+08:00
ORD00032451,M003311,P00128,電銷,cancelled,3,TWD,419856.0,800.0,2026-05-09T08:36:27+08:00,2026-06-21,2026-07-03T03:48:20+08:00
ORD00111846,M003557,P00290,門市,paid,3,TWD,364708.0,650.0,2026-07-03T07:07:06+08:00,2026-10-05,2026-07-03T14:00:06+08:00
ORD00111250,M007551,P00288,web,paid,4,TWD,50980.0,200.0,2026-07-03T04:39:20+08:00,2026-08-12,2026-07-05T11:10:20+08:00
ORD00110660,M003902,P00242,門市,paid,2,TWD,64133.0,800.0,2026-07-03T17:33:13+08:00,2026-10-21,2026-07-05T17:33:13+08:00
ORD00111221,M002121,P00259,web,paid,2,TWD,279469.0,100.0,2026-07-03T21:16:55+08:00,2026-09-25,2026-07-05T18:53:55+08:00
ORD00108312,M002477,P00200,門市,created,1,USD,4290.19,650.0,2026-07-03T16:34:08+08:00,2026-07-22,2026-07-05T10:23:08+08:00
ORD00096998,M001646,P00016,web,cancelled,1,TWD,88852.0,850.0,2026-05-07T03:36:23+08:00,2026-08-23,2026-07-03T06:51:47+08:00
ORD00110047,M003586,P00123,電銷,paid,3,TWD,234044.0,150.0,2026-07-03T06:38:15+08:00,2026-10-21,2026-07-05T19:03:15+08:00
ORD00108660,M002940,P00028,電銷,paid,4,TWD,476007.0,950.0,2026-07-03T19:44:46+08:00,2026-09-26,2026-07-06T11:31:46+08:00
ORD00110193,M001104,P00059,web,paid,1,TWD,97168.0,350.0,2026-07-03T09:37:18+08:00,2026-07-21,2026-07-03T18:28:18+08:00
ORD00111973,M006085,P00227,app,created,3,TWD,403983.0,300.0,2026-07-03T20:58:45+08:00,2026-08-08,2026-07-06T08:44:45+08:00
ORD00086123,M005336,P00054,電銷,cancelled,2,TWD,282339.0,50.0,2026-05-07T02:25:42+08:00,2026-08-19,2026-07-03T12:45:09+08:00
ORD00111919,M005814,P00005,web,paid,2,TWD,156111.0,50.0,2026-07-03T23:07:11+08:00,2026-07-21,2026-07-05T13:59:11+08:00
ORD00109973,M007520,P00252,web,paid,1,JPY,275004.0,350.0,2026-07-03T08:00:20+08:00,2026-08-05,2026-07-05T22:11:20+08:00
ORD00108435,M007547,P00148,web,paid,3,TWD,96406.0,0.0,2026-07-03T20:40:13+08:00,2026-09-23,2026-07-05T16:36:13+08:00
ORD00110061,M006954,P00069,app,paid,4,TWD,908324.0,850.0,2026-07-03T13:48:45+08:00,2026-09-11,2026-07-03T18:11:45+08:00
ORD00109013,M004136,P00075,電銷,paid,3,TWD,63767.0,950.0,2026-07-03T17:13:37+08:00,2026-10-26,2026-07-04T20:43:37+08:00
ORD00010027,M001392,P00158,電銷,cancelled,4,USD,4208.83,0.0,2026-05-18T15:19:33+08:00,2026-06-30,2026-07-03T20:03:26+08:00
ORD00109209,M002704,P00057,門市,created,2,TWD,221522.0,400.0,2026-07-03T03:30:54+08:00,2026-08-21,2026-07-05T19:47:54+08:00
ORD00108080,M005161,P00279,電銷,paid,1,TWD,90212.0,650.0,2026-07-03T19:02:57+08:00,2026-10-14,2026-07-03T20:14:57+08:00
ORD00111572,M006584,P00186,web,created,1,USD,4636.73,300.0,2026-07-03T22:45:08+08:00,2026-08-19,2026-07-04T02:35:08+08:00
ORD00109916,M001278,P00119,電銷,paid,2,USD,13485.6,550.0,2026-07-03T02:00:18+08:00,2026-10-09,2026-07-04T04:03:18+08:00
ORD00111133,M000180,P00229,門市,paid,4,USD,20099.0,400.0,2026-07-03T04:39:07+08:00,2026-08-02,2026-07-04T06:01:07+08:00
ORD00110086,M005991,P00276,app,paid,1,TWD,191671.0,850.0,2026-07-03T18:47:40+08:00,2026-10-27,2026-07-04T06:39:40+08:00
ORD00110766,M004829,P00016,app,paid,1,TWD,89341.0,50.0,2026-07-03T06:28:32+08:00,2026-08-18,2026-07-04T20:35:32+08:00
ORD00035526,M006582,P00027,門市,cancelled,4,TWD,465644.0,150.0,2026-06-22T12:29:24+08:00,2026-07-29,2026-07-03T08:08:33+08:00
ORD00110591,M007406,P00025,web,paid,4,TWD,611895.0,150.0,2026-07-03T10:19:02+08:00,2026-08-02,2026-07-04T22:46:02+08:00
ORD00108559,M006044,P00094,web,created,4,TWD,655934.0,700.0,2026-07-03T04:18:36+08:00,2026-08-07,2026-07-05T05:32:36+08:00
ORD00110786,M007374,P00176,電銷,paid,3,TWD,519546.0,850.0,2026-07-03T09:21:10+08:00,2026-10-08,2026-07-06T03:15:10+08:00
ORD00110453,M004086,P00234,電銷,created,2,TWD,16697.0,900.0,2026-07-03T06:01:02+08:00,2026-07-22,2026-07-05T23:53:02+08:00
ORD00110244,M005193,P00161,app,paid,3,TWD,528809.0,400.0,2026-07-03T05:11:16+08:00,2026-09-22,2026-07-03T12:32:16+08:00
ORD00109881,M006876,P00169,web,paid,4,TWD,151307.0,850.0,2026-07-03T12:31:51+08:00,2026-08-31,2026-07-05T07:05:51+08:00
ORD00110050,M000721,P00300,web,paid,3,TWD,281029.0,900.0,2026-07-03T07:27:45+08:00,2026-07-11,2026-07-05T09:47:45+08:00
ORD00110330,M001901,P00154,門市,paid,2,TWD,252807.0,550.0,2026-07-03T03:01:44+08:00,2026-08-29,2026-07-05T10:45:44+08:00
ORD00108366,M000872,P00255,app,paid,3,USD,18178.81,700.0,2026-07-03T05:12:10+08:00,2026-08-17,2026-07-05T16:42:10+08:00
ORD00110394,M002521,P00062,門市,created,1,TWD,91078.0,550.0,2026-07-03T04:44:48+08:00,2026-10-05,2026-07-05T06:02:48+08:00
ORD00108703,M006194,P00129,web,paid,1,TWD,162041.0,50.0,2026-07-03T16:25:45+08:00,2026-08-13,2026-07-03T23:53:45+08:00
ORD00111268,M007793,P00076,web,paid,4,TWD,14396.0,750.0,2026-07-03T15:24:37+08:00,2026-09-02,2026-07-05T04:38:37+08:00
ORD00109944,M004172,P00269,web,paid,1,TWD,53141.0,50.0,2026-07-03T03:28:11+08:00,2026-09-25,2026-07-03T12:55:11+08:00
ORD00110217,M002089,P00066,app,created,1,TWD,153161.0,200.0,2026-07-03T18:18:54+08:00,2026-08-13,2026-07-04T21:48:54+08:00
ORD00110079,M007630,P00246,web,paid,3,TWD,449945.0,650.0,2026-07-03T15:38:20+08:00,2026-08-07,2026-07-04T11:46:20+08:00
ORD00110647,M000469,P00291,app,paid,3,TWD,97372.0,100.0,2026-07-03T04:20:58+08:00,2026-09-22,2026-07-05T21:05:58+08:00
ORD00109543,M000950,P00022,app,paid,4,TWD,148265.0,550.0,2026-07-03T11:02:43+08:00,2026-10-11,2026-07-04T01:39:43+08:00
ORD00111960,M004453,P00148,門市,paid,2,JPY,294574.0,900.0,2026-07-03T02:43:40+08:00,2026-09-26,2026-07-03T13:15:40+08:00
ORD00111900,M001099,P00207,電銷,created,4,USD,10910.44,500.0,2026-07-03T15:31:14+08:00,2026-10-19,2026-07-05T21:40:14+08:00
ORD00109792,M006989,P00226,門市,paid,2,TWD,179130.0,550.0,2026-07-03T22:10:42+08:00,2026-08-15,2026-07-05T17:44:42+08:00
ORD00108913,M007813,P00126,電銷,paid,1,TWD,23505.0,950.0,2026-07-03T11:20:43+08:00,2026-09-27,2026-07-05T20:45:43+08:00
ORD00109148,M002174,P00013,電銷,paid,4,TWD,646264.0,500.0,2026-07-03T01:05:35+08:00,2026-08-11,2026-07-04T13:14:35+08:00
ORD00110442,M004119,P00160,app,paid,2,TWD,26365.0,650.0,2026-07-03T16:51:34+08:00,2026-07-12,2026-07-04T00:13:34+08:00
ORD00108616,M000907,P00283,web,paid,1,USD,856.32,150.0,2026-07-03T22:40:42+08:00,2026-07-29,2026-07-04T11:23:42+08:00
ORD00111937,M006092,P00049,app,created,1,TWD,22122.0,300.0,2026-07-03T19:59:59+08:00,2026-09-15,2026-07-05T20:46:59+08:00
ORD00110247,M001517,P00120,門市,created,2,TWD,201706.0,850.0,2026-07-03T19:46:23+08:00,2026-07-17,2026-07-05T17:22:23+08:00
ORD00111989,M002106,P00127,門市,paid,4,USD,8308.37,350.0,2026-07-03T01:08:53+08:00,2026-08-16,2026-07-04T16:04:53+08:00
ORD00109827,M003674,P00073,web,paid,4,JPY,1825829.0,700.0,2026-07-03T22:12:09+08:00,2026-08-07,2026-07-06T15:27:09+08:00
ORD00110276,M002119,P00067,web,created,4,TWD,393127.0,300.0,2026-07-03T15:42:38+08:00,2026-08-17,2026-07-06T07:56:38+08:00
ORD00110780,M007552,P00237,web,paid,4,TWD,754410.0,650.0,2026-07-03T09:51:52+08:00,2026-10-27,2026-07-05T16:17:52+08:00
ORD00111914,M002548,P00112,web,paid,1,TWD,8572.0,950.0,2026-07-03T08:20:25+08:00,2026-07-13,2026-07-03T16:38:25+08:00
ORD00111424,M004586,P00145,app,paid,2,TWD,151387.0,100.0,2026-07-03T02:33:30+08:00,2026-09-24,2026-07-04T20:20:30+08:00
ORD00110419,M000415,P00132,門市,paid,2,JPY,611665.0,650.0,2026-07-03T16:10:12+08:00,2026-08-05,2026-07-03T23:45:12+08:00
ORD00110577,M003317,P00270,電銷,paid,1,TWD,28719.0,600.0,2026-07-03T18:26:00+08:00,2026-07-14,2026-07-05T04:49:00+08:00
ORD00111600,M006791,P00095,電銷,created,1,TWD,227243.0,700.0,2026-07-03T08:05:19+08:00,2026-10-07,2026-07-05T19:44:19+08:00
ORD00093031,M004374,P00224,web,completed,4,TWD,467243.0,100.0,2026-06-29T23:14:21+08:00,2026-09-06,2026-07-03T18:49:39+08:00
ORD00110437,M007033,P00286,app,paid,2,TWD,280737.0,0.0,2026-07-03T00:46:19+08:00,2026-09-25,2026-07-04T02:08:19+08:00
ORD00110063,M003685,P00119,web,created,4,TWD,662417.0,300.0,2026-07-03T05:50:49+08:00,2026-08-09,2026-07-03T15:12:49+08:00
ORD00109225,M002964,P00216,web,paid,4,JPY,208359.0,550.0,2026-07-03T06:08:32+08:00,2026-08-14,2026-07-03T08:11:32+08:00
ORD00109786,M001319,P00191,web,created,2,TWD,273574.0,0.0,2026-07-03T18:51:19+08:00,2026-10-05,2026-07-05T21:25:19+08:00
ORD00110135,M006562,P00214,電銷,paid,3,USD,12291.69,450.0,2026-07-03T03:29:56+08:00,2026-07-20,2026-07-05T07:26:56+08:00
ORD00095168,M004415,P00251,電銷,cancelled,4,TWD,408597.0,950.0,2026-05-06T01:26:50+08:00,2026-08-29,2026-07-03T14:03:54+08:00
ORD00111190,M000002,P00059,門市,paid,3,TWD,221950.0,350.0,2026-07-03T03:53:44+08:00,2026-09-09,2026-07-05T15:08:44+08:00
ORD00111615,M001591,P00215,app,paid,3,JPY,673481.0,550.0,2026-07-03T15:38:24+08:00,2026-07-28,2026-07-05T23:34:24+08:00
ORD00109554,M004551,P00281,門市,paid,1,TWD,216802.0,750.0,2026-07-03T12:32:31+08:00,2026-09-04,2026-07-03T13:18:31+08:00
ORD00111575,M004031,P00193,app,paid,1,TWD,132090.0,850.0,2026-07-03T22:20:47+08:00,2026-08-01,2026-07-05T17:29:47+08:00
ORD00110669,M005657,P00273,門市,created,2,TWD,163889.0,750.0,2026-07-03T12:51:50+08:00,2026-10-23,2026-07-05T21:54:50+08:00
ORD00108668,M000288,P00167,電銷,paid,1,JPY,615931.0,400.0,2026-07-03T22:49:19+08:00,2026-08-08,2026-07-04T12:04:19+08:00
ORD00014192,M006032,P00104,電銷,cancelled,2,TWD,5862.0,50.0,2026-05-05T07:11:29+08:00,2026-07-01,2026-07-03T18:57:06+08:00
ORD00108646,M001899,P00148,門市,paid,3,TWD,78897.0,400.0,2026-07-03T10:26:43+08:00,2026-08-12,2026-07-05T17:15:43+08:00
ORD00110701,M003263,P00127,web,created,2,TWD,130420.0,650.0,2026-07-03T04:46:11+08:00,2026-07-15,2026-07-04T16:08:11+08:00
ORD00110297,M006317,P00001,app,paid,1,JPY,475975.0,400.0,2026-07-03T22:39:20+08:00,2026-08-23,2026-07-06T16:20:20+08:00
ORD00109061,M001292,P00236,電銷,created,1,TWD,146666.0,400.0,2026-07-03T05:56:43+08:00,2026-09-16,2026-07-04T22:14:43+08:00
ORD00110914,M005183,P00129,app,paid,1,USD,4558.65,850.0,2026-07-03T12:53:08+08:00,2026-07-19,2026-07-06T02:28:08+08:00
ORD00110386,M007435,P00115,web,created,3,TWD,487806.0,50.0,2026-07-03T22:33:41+08:00,2026-08-26,2026-07-05T13:48:41+08:00
ORD00109429,M004413,P00285,web,paid,3,TWD,364659.0,800.0,2026-07-03T22:59:40+08:00,2026-10-23,2026-07-04T03:12:40+08:00
ORD00108798,M006673,P00187,電銷,created,4,TWD,101682.0,700.0,2026-07-03T01:09:35+08:00,2026-10-22,2026-07-04T15:46:35+08:00
ORD00111404,M001388,P00275,電銷,paid,4,TWD,322026.0,400.0,2026-07-03T18:09:01+08:00,2026-09-25,2026-07-03T23:33:01+08:00
ORD00108488,M003972,P00007,web,paid,1,TWD,51547.0,950.0,2026-07-03T21:01:08+08:00,2026-08-21,2026-07-04T04:51:08+08:00
ORD00109468,M003997,P00082,電銷,created,3,JPY,2293641.0,800.0,2026-07-03T15:36:43+08:00,2026-07-22,2026-07-05T12:55:43+08:00
ORD00109472,M005563,P00300,app,created,3,TWD,312018.0,150.0,2026-07-03T03:15:50+08:00,2026-09-06,2026-07-03T05:36:50+08:00
ORD00072490,M000344,P00198,web,cancelled,3,TWD,73658.0,550.0,2026-06-04T20:02:11+08:00,2026-08-07,2026-07-03T08:17:02+08:00
ORD00109451,M001479,P00139,web,paid,1,TWD,131238.0,900.0,2026-07-03T09:47:54+08:00,2026-10-09,2026-07-05T09:39:54+08:00
ORD00062984,M007455,P00177,門市,completed,1,TWD,23353.0,800.0,2026-06-02T19:07:44+08:00,2026-08-29,2026-07-03T04:12:41+08:00
ORD00108797,M004390,P00146,app,paid,3,TWD,65319.0,250.0,2026-07-03T10:39:32+08:00,2026-10-21,2026-07-05T13:44:32+08:00
ORD00110084,M006264,P00031,電銷,created,3,USD,18210.22,900.0,2026-07-03T09:09:50+08:00,2026-10-03,2026-07-03T13:24:50+08:00
ORD00109802,M001246,P00057,門市,paid,3,TWD,386303.0,100.0,2026-07-03T15:41:47+08:00,2026-08-16,2026-07-04T16:22:47+08:00
ORD00110783,M000439,P00082,app,created,2,USD,10212.58,0.0,2026-07-03T23:21:27+08:00,2026-09-26,2026-07-04T15:20:27+08:00
ORD00110235,M006609,P00295,web,created,4,TWD,223224.0,500.0,2026-07-03T16:27:49+08:00,2026-09-14,2026-07-04T07:20:49+08:00
ORD00109008,M003903,P00154,web,created,2,USD,6479.53,850.0,2026-07-03T20:37:08+08:00,2026-07-27,2026-07-04T09:07:08+08:00
ORD00109742,M003934,P00024,門市,paid,1,TWD,105669.0,750.0,2026-07-03T07:51:38+08:00,2026-09-15,2026-07-06T01:01:38+08:00
ORD00063549,M000213,P00285,web,cancelled,2,USD,5733.98,650.0,2026-06-20T19:25:05+08:00,2026-07-24,2026-07-03T12:32:51+08:00
ORD00110561,M000627,P00235,電銷,paid,4,TWD,260335.0,950.0,2026-07-03T05:47:03+08:00,2026-08-27,2026-07-04T13:32:03+08:00
ORD00109814,M006828,P00278,門市,created,1,TWD,203365.0,850.0,2026-07-03T06:46:18+08:00,2026-10-06,2026-07-03T14:58:18+08:00
ORD00108772,M000669,P00183,門市,created,3,TWD,524580.0,0.0,2026-07-03T13:53:15+08:00,2026-10-14,2026-07-05T16:25:15+08:00
ORD00109734,M004752,P00253,web,paid,3,TWD,530258.0,250.0,2026-07-03T16:15:25+08:00,2026-07-20,2026-07-04T22:32:25+08:00
ORD00110195,M004702,P00035,app,paid,4,JPY,3737955.0,450.0,2026-07-03T16:22:58+08:00,2026-08-25,2026-07-05T12:29:58+08:00
ORD00108431,M003441,P00275,電銷,paid,2,USD,6177.24,900.0,2026-07-03T04:20:10+08:00,2026-09-08,2026-07-04T15:49:10+08:00
ORD00111074,M004841,P00162,web,created,2,USD,534.89,650.0,2026-07-03T00:39:38+08:00,2026-09-17,2026-07-03T22:56:38+08:00
ORD00110026,M003821,P00160,app,paid,2,TWD,33248.0,700.0,2026-07-03T02:24:34+08:00,2026-09-23,2026-07-03T14:27:34+08:00
ORD00111985,M004073,P00206,web,created,1,TWD,160158.0,50.0,2026-07-03T06:01:38+08:00,2026-08-25,2026-07-05T03:58:38+08:00
ORD00110277,M007832,P00018,電銷,paid,3,TWD,368370.0,450.0,2026-07-03T17:07:59+08:00,2026-07-31,2026-07-04T00:48:59+08:00
ORD00109038,M001900,P00016,web,paid,2,USD,4971.09,550.0,2026-07-03T03:56:55+08:00,2026-07-11,2026-07-04T06:34:55+08:00
ORD00108303,M004375,P00031,web,created,4,USD,23006.48,650.0,2026-07-03T11:07:18+08:00,2026-09-12,2026-07-05T05:15:18+08:00
ORD00110920,M004614,P00207,門市,created,3,USD,7762.3,550.0,2026-07-03T05:57:01+08:00,2026-10-13,2026-07-04T14:29:01+08:00
ORD00110466,M004229,P00086,web,created,4,JPY,354570.0,50.0,2026-07-03T00:52:38+08:00,2026-08-21,2026-07-03T04:50:38+08:00
ORD00110956,M000008,P00123,app,created,4,TWD,289929.0,300.0,2026-07-03T10:37:47+08:00,2026-07-26,2026-07-06T03:58:47+08:00
ORD00111448,M005231,P00051,app,paid,2,JPY,1404534.0,0.0,2026-07-03T21:15:41+08:00,2026-10-08,2026-07-04T23:08:41+08:00
ORD00111203,M005091,P00250,web,paid,2,TWD,147795.0,600.0,2026-07-03T04:45:14+08:00,2026-10-01,2026-07-04T06:41:14+08:00
ORD00109883,M001693,P00200,web,paid,4,TWD,586932.0,300.0,2026-07-03T12:53:32+08:00,2026-08-03,2026-07-04T13:08:32+08:00
ORD00108441,M004695,P00228,電銷,created,3,TWD,319646.0,900.0,2026-07-03T16:39:22+08:00,2026-07-18,2026-07-06T01:04:22+08:00
ORD00109395,M005952,P00150,web,created,4,TWD,573124.0,700.0,2026-07-03T18:03:34+08:00,2026-08-13,2026-07-06T07:08:34+08:00
ORD00109238,M001090,P00286,app,created,3,USD,18515.85,650.0,2026-07-03T15:20:08+08:00,2026-10-07,2026-07-05T02:40:08+08:00
ORD00008018,M005814,P00206,門市,completed,3,TWD,578250.0,900.0,2026-05-16T22:47:54+08:00,2026-09-07,2026-07-03T07:17:58+08:00
ORD00110120,M002040,P00171,門市,paid,1,TWD,74535.0,100.0,2026-07-03T14:12:07+08:00,2026-10-27,2026-07-04T16:08:07+08:00
ORD00109773,M007879,P00217,web,created,1,TWD,186405.0,150.0,2026-07-03T07:16:25+08:00,2026-08-21,2026-07-03T13:59:25+08:00
ORD00109127,M007275,P00011,app,paid,2,TWD,355841.0,250.0,2026-07-03T06:27:46+08:00,2026-08-17,2026-07-05T01:42:46+08:00
ORD00111076,M005614,P00147,web,created,4,USD,25995.4,550.0,2026-07-03T09:25:48+08:00,2026-07-13,2026-07-03T13:07:48+08:00
ORD00110574,M006803,P00281,web,created,3,TWD,617741.0,200.0,2026-07-03T03:29:42+08:00,2026-08-24,2026-07-03T19:00:42+08:00
ORD00110177,M007432,P00145,門市,created,4,TWD,353596.0,50.0,2026-07-03T22:33:12+08:00,2026-08-27,2026-07-04T07:23:12+08:00
ORD00111568,M005439,P00088,app,created,4,TWD,261976.0,600.0,2026-07-03T17:54:47+08:00,2026-08-09,2026-07-04T08:07:47+08:00
ORD00108653,M000939,P00135,app,paid,4,TWD,39592.0,950.0,2026-07-03T05:58:06+08:00,2026-10-17,2026-07-03T16:55:06+08:00
ORD00109463,M001544,P00291,web,paid,3,TWD,86922.0,600.0,2026-07-03T01:37:44+08:00,2026-10-20,2026-07-05T00:53:44+08:00
ORD00110287,M003334,P00258,app,paid,4,TWD,522009.0,0.0,2026-07-03T12:47:58+08:00,2026-08-30,2026-07-05T20:18:58+08:00
ORD00108675,M006232,P00112,電銷,paid,4,USD,878.73,950.0,2026-07-03T06:14:39+08:00,2026-08-16,2026-07-03T07:06:39+08:00
ORD00109349,M004799,P00024,門市,paid,1,TWD,107199.0,550.0,2026-07-03T06:58:51+08:00,2026-10-25,2026-07-04T06:31:51+08:00
ORD00111077,M006480,P00296,電銷,paid,2,USD,453.35,850.0,2026-07-03T05:34:56+08:00,2026-07-20,2026-07-04T04:28:56+08:00
ORD00109676,M003537,P00014,門市,paid,3,USD,9203.27,200.0,2026-07-03T19:19:51+08:00,2026-10-28,2026-07-04T15:37:51+08:00
ORD00108410,M000257,P00094,app,paid,1,TWD,152532.0,150.0,2026-07-03T04:46:03+08:00,2026-07-21,2026-07-04T02:00:03+08:00
ORD00111850,M004292,P00043,web,paid,1,USD,4440.46,800.0,2026-07-03T14:00:09+08:00,2026-10-20,2026-07-05T11:32:09+08:00
ORD00108003,M001684,P00026,門市,created,3,USD,10423.98,50.0,2026-07-03T13:51:01+08:00,2026-08-06,2026-07-05T01:46:01+08:00
ORD00110309,M000484,P00153,電銷,paid,4,USD,11477.05,600.0,2026-07-03T02:16:29+08:00,2026-10-09,2026-07-04T13:02:29+08:00
ORD00108776,M007589,P00100,電銷,created,1,USD,4665.51,250.0,2026-07-03T04:49:38+08:00,2026-10-07,2026-07-05T02:23:38+08:00
ORD00110254,M002111,P00212,app,paid,2,TWD,56220.0,850.0,2026-07-03T20:02:04+08:00,2026-10-15,2026-07-05T00:04:04+08:00
ORD00110075,M000796,P00099,app,paid,3,TWD,460882.0,950.0,2026-07-03T02:03:31+08:00,2026-08-19,2026-07-03T02:47:31+08:00
ORD00110895,M007669,P00223,門市,created,1,TWD,230876.0,750.0,2026-07-03T01:00:54+08:00,2026-08-17,2026-07-05T02:41:54+08:00
ORD00001145,M005196,P00197,web,completed,3,TWD,259067.0,0.0,2026-06-20T19:47:09+08:00,2026-09-11,2026-07-03T22:32:48+08:00
ORD00109360,M007737,P00039,web,paid,2,TWD,389057.0,400.0,2026-07-03T16:01:47+08:00,2026-09-07,2026-07-06T02:37:47+08:00
ORD00108173,M007577,P00248,app,paid,1,USD,713.86,500.0,2026-07-03T09:02:11+08:00,2026-08-07,2026-07-05T15:22:11+08:00
ORD00110493,M007809,P00049,web,paid,4,USD,2096.84,900.0,2026-07-03T16:23:47+08:00,2026-10-21,2026-07-05T14:31:47+08:00
ORD00108926,M007742,P00002,app,paid,1,TWD,87980.0,100.0,2026-07-03T11:05:38+08:00,2026-10-29,2026-07-06T01:54:38+08:00
ORD00048924,M004389,P00134,門市,cancelled,4,TWD,466651.0,250.0,2026-05-04T12:10:12+08:00,2026-07-14,2026-07-03T18:09:55+08:00
ORD00108250,M003675,P00234,門市,paid,2,TWD,15428.0,700.0,2026-07-03T02:08:00+08:00,2026-10-10,2026-07-05T20:34:00+08:00
ORD00108341,M003036,P00173,web,paid,1,USD,291.6,600.0,2026-07-03T18:41:38+08:00,2026-09-11,2026-07-04T08:17:38+08:00
ORD00108985,M005488,P00021,電銷,paid,4,TWD,874646.0,200.0,2026-07-03T00:16:21+08:00,2026-07-18,2026-07-03T12:03:21+08:00
ORD00048228,M007162,P00257,門市,cancelled,1,TWD,35659.0,800.0,2026-06-17T13:54:07+08:00,2026-08-07,2026-07-03T17:14:27+08:00
ORD00108631,M004831,P00068,app,paid,2,USD,5715.94,800.0,2026-07-03T11:26:05+08:00,2026-07-27,2026-07-05T23:02:05+08:00
ORD00111995,M003811,P00088,web,created,1,TWD,87519.0,850.0,2026-07-03T00:56:35+08:00,2026-10-07,2026-07-05T05:22:35+08:00
ORD00109399,M006786,P00129,web,paid,1,USD,4897.91,300.0,2026-07-03T07:47:21+08:00,2026-10-19,2026-07-05T14:12:21+08:00
ORD00108214,M002818,P00035,web,created,3,TWD,619160.0,450.0,2026-07-03T19:33:38+08:00,2026-08-13,2026-07-05T03:56:38+08:00
ORD00108604,M000104,P00133,web,created,3,JPY,74441.0,50.0,2026-07-03T12:31:55+08:00,2026-08-06,2026-07-04T03:49:55+08:00
ORD00108054,M006554,P00007,門市,created,4,TWD,236609.0,0.0,2026-07-03T21:49:33+08:00,2026-08-19,2026-07-05T11:28:33+08:00
ORD00108753,M004495,P00141,web,paid,1,JPY,440351.0,700.0,2026-07-03T07:00:48+08:00,2026-08-16,2026-07-05T22:37:48+08:00
ORD00109249,M004086,P00190,web,created,4,TWD,699338.0,400.0,2026-07-03T10:32:55+08:00,2026-10-27,2026-07-04T20:42:55+08:00
ORD00110639,M001125,P00151,web,paid,3,TWD,241608.0,0.0,2026-07-03T03:21:04+08:00,2026-07-23,2026-07-03T04:27:04+08:00
ORD00071778,M007161,P00227,app,completed,3,TWD,498848.0,600.0,2026-06-29T03:18:53+08:00,2026-08-23,2026-07-03T05:05:55+08:00
ORD00110968,M003636,P00070,web,created,3,JPY,1596674.0,800.0,2026-07-03T16:48:43+08:00,2026-07-26,2026-07-05T15:12:43+08:00
ORD00109808,M002483,P00205,web,paid,3,TWD,28588.0,500.0,2026-07-03T13:22:55+08:00,2026-10-17,2026-07-04T00:49:55+08:00
ORD00109251,M007125,P00203,門市,paid,1,USD,3676.35,100.0,2026-07-03T21:04:37+08:00,2026-07-29,2026-07-06T02:26:37+08:00
ORD00110597,M005550,P00099,web,paid,4,TWD,689641.0,900.0,2026-07-03T09:27:01+08:00,2026-10-14,2026-07-04T21:08:01+08:00
ORD00108788,M000988,P00233,電銷,paid,1,TWD,81468.0,250.0,2026-07-03T03:13:12+08:00,2026-08-09,2026-07-04T09:53:12+08:00
ORD00110039,M001789,P00161,web,created,3,TWD,465130.0,900.0,2026-07-03T12:40:23+08:00,2026-07-28,2026-07-06T06:27:23+08:00
ORD00109150,M000931,P00146,web,created,1,TWD,25932.0,450.0,2026-07-03T10:45:03+08:00,2026-08-15,2026-07-04T04:30:03+08:00
ORD00108022,M007874,P00152,門市,paid,2,TWD,94098.0,650.0,2026-07-03T03:34:21+08:00,2026-09-04,2026-07-05T13:03:21+08:00
ORD00110982,M004390,P00238,app,created,1,TWD,113340.0,650.0,2026-07-03T10:00:21+08:00,2026-07-23,2026-07-03T19:54:21+08:00
ORD00110367,M007592,P00099,電銷,paid,2,TWD,295774.0,600.0,2026-07-03T20:14:16+08:00,2026-10-06,2026-07-04T23:43:16+08:00
ORD00109942,M005064,P00040,web,paid,4,USD,10437.49,500.0,2026-07-03T18:52:40+08:00,2026-09-20,2026-07-04T17:33:40+08:00
ORD00111511,M003968,P00096,web,paid,3,TWD,18818.0,650.0,2026-07-03T03:57:51+08:00,2026-09-20,2026-07-03T10:42:51+08:00
ORD00108116,M002137,P00169,web,paid,1,TWD,48217.0,900.0,2026-07-03T05:51:42+08:00,2026-07-22,2026-07-03T22:29:42+08:00
ORD00111930,M006272,P00151,app,paid,1,USD,2440.13,900.0,2026-07-03T13:11:07+08:00,2026-09-15,2026-07-04T05:17:07+08:00
ORD00110514,M007175,P00297,web,paid,1,USD,4495.85,900.0,2026-07-03T18:53:10+08:00,2026-07-15,2026-07-05T14:52:10+08:00
ORD00086808,M004449,P00250,app,cancelled,1,JPY,449216.0,900.0,2026-06-06T15:45:45+08:00,2026-08-17,2026-07-03T01:30:27+08:00
ORD00111597,M006842,P00171,電銷,paid,1,TWD,85079.0,500.0,2026-07-03T10:44:17+08:00,2026-08-01,2026-07-05T04:38:17+08:00
ORD00077482,M006021,P00003,門市,completed,1,USD,3154.5,850.0,2026-06-07T06:16:30+08:00,2026-07-24,2026-07-03T21:44:27+08:00
ORD00110031,M001625,P00189,門市,paid,2,USD,6706.76,450.0,2026-07-03T00:02:10+08:00,2026-09-01,2026-07-05T16:40:10+08:00
ORD00064070,M000490,P00043,電銷,cancelled,4,TWD,414180.0,650.0,2026-05-24T09:33:44+08:00,2026-07-20,2026-07-03T06:19:07+08:00
ORD00109621,M007076,P00255,web,paid,3,TWD,693558.0,100.0,2026-07-03T07:17:49+08:00,2026-08-11,2026-07-05T14:46:49+08:00
ORD00109761,M004623,P00277,web,created,1,TWD,144891.0,500.0,2026-07-03T18:29:06+08:00,2026-08-03,2026-07-04T11:33:06+08:00
ORD00004564,M006486,P00003,門市,completed,3,JPY,1701103.0,200.0,2026-05-13T04:09:53+08:00,2026-08-16,2026-07-03T18:00:16+08:00
ORD00111872,M001540,P00289,門市,created,1,TWD,109406.0,250.0,2026-07-03T08:37:53+08:00,2026-07-11,2026-07-04T05:53:53+08:00
ORD00109972,M006340,P00185,app,created,2,TWD,344965.0,750.0,2026-07-03T21:30:27+08:00,2026-07-16,2026-07-04T03:36:27+08:00
ORD00108769,M002626,P00251,電銷,paid,1,TWD,123039.0,100.0,2026-07-03T13:38:50+08:00,2026-09-06,2026-07-03T23:40:50+08:00
ORD00108445,M002158,P00271,門市,paid,3,USD,2236.01,100.0,2026-07-03T16:06:31+08:00,2026-08-23,2026-07-04T19:51:31+08:00
ORD00108635,M002374,P00177,web,paid,3,TWD,70195.0,900.0,2026-07-03T21:01:59+08:00,2026-09-25,2026-07-05T06:09:59+08:00
ORD00110764,M005465,P00122,web,created,2,TWD,418256.0,950.0,2026-07-03T06:20:31+08:00,2026-10-30,2026-07-05T22:23:31+08:00
ORD00109716,M006026,P00134,web,created,2,JPY,1046501.0,350.0,2026-07-03T10:26:24+08:00,2026-09-29,2026-07-03T10:58:24+08:00
ORD00111055,M004065,P00094,app,paid,4,TWD,666300.0,850.0,2026-07-03T14:05:46+08:00,2026-10-19,2026-07-03T22:58:46+08:00
ORD00108702,M006818,P00127,web,paid,4,TWD,184689.0,850.0,2026-07-03T12:12:22+08:00,2026-07-21,2026-07-05T17:01:22+08:00
ORD00110016,M001758,P00063,門市,paid,4,JPY,3658843.0,150.0,2026-07-03T03:55:04+08:00,2026-10-12,2026-07-05T12:05:04+08:00
ORD00108011,M001854,P00211,門市,paid,4,TWD,387181.0,200.0,2026-07-03T00:27:48+08:00,2026-07-17,2026-07-04T11:51:48+08:00
ORD00111654,M000380,P00009,門市,paid,2,TWD,129712.0,650.0,2026-07-03T20:09:11+08:00,2026-09-27,2026-07-05T20:43:11+08:00
ORD00109358,M003663,P00212,app,created,2,TWD,46244.0,900.0,2026-07-03T02:03:11+08:00,2026-09-01,2026-07-04T16:29:11+08:00
ORD00111081,M007413,P00211,app,paid,4,TWD,411640.0,250.0,2026-07-03T01:44:35+08:00,2026-07-15,2026-07-03T17:35:35+08:00
ORD00110598,M005812,P00177,門市,created,3,USD,1961.94,850.0,2026-07-03T08:37:29+08:00,2026-08-24,2026-07-05T05:56:29+08:00
ORD00108530,M006845,P00083,app,created,2,TWD,248536.0,900.0,2026-07-03T08:46:50+08:00,2026-08-21,2026-07-05T09:18:50+08:00
ORD00081590,M001442,P00047,門市,completed,2,TWD,42832.0,600.0,2026-06-05T12:04:55+08:00,2026-06-29,2026-07-03T05:11:34+08:00
ORD00108629,M004617,P00058,web,created,1,TWD,32617.0,250.0,2026-07-03T04:00:29+08:00,2026-08-01,2026-07-03T15:07:29+08:00
ORD00109804,M003751,P00030,web,paid,2,TWD,253615.0,100.0,2026-07-03T11:34:55+08:00,2026-09-07,2026-07-05T11:19:55+08:00
ORD00110917,M007595,P00074,電銷,paid,1,TWD,142929.0,600.0,2026-07-03T08:49:19+08:00,2026-08-27,2026-07-05T18:54:19+08:00
ORD00108685,M000872,P00296,電銷,paid,2,USD,532.3,50.0,2026-07-03T09:48:40+08:00,2026-07-24,2026-07-05T15:04:40+08:00
ORD00109601,M001068,P00071,電銷,paid,2,TWD,97666.0,950.0,2026-07-03T06:35:31+08:00,2026-09-24,2026-07-04T03:13:31+08:00
ORD00108247,M001742,P00186,電銷,created,2,JPY,1093949.0,50.0,2026-07-03T09:21:30+08:00,2026-08-12,2026-07-03T10:16:30+08:00
ORD00109758,M007080,P00137,web,paid,1,TWD,127978.0,850.0,2026-07-03T19:03:01+08:00,2026-10-04,2026-07-05T14:16:01+08:00
ORD00110964,M005790,P00094,門市,created,1,TWD,140086.0,550.0,2026-07-03T20:00:26+08:00,2026-09-06,2026-07-05T19:44:26+08:00
ORD00111576,M006685,P00292,電銷,paid,4,TWD,744676.0,250.0,2026-07-03T09:24:35+08:00,2026-10-12,2026-07-04T13:17:35+08:00
ORD00108505,M004018,P00201,電銷,paid,2,JPY,1116825.0,500.0,2026-07-03T08:11:40+08:00,2026-07-18,2026-07-03T22:49:40+08:00
ORD00109034,M007593,P00079,web,paid,1,USD,1711.07,150.0,2026-07-03T16:30:45+08:00,2026-07-26,2026-07-04T19:23:45+08:00
ORD00098818,M004313,P00140,電銷,cancelled,2,JPY,447294.0,300.0,2026-05-01T03:23:51+08:00,2026-06-18,2026-07-03T04:22:49+08:00
ORD00109520,M004275,P00075,web,paid,2,USD,1412.52,150.0,2026-07-03T18:25:40+08:00,2026-10-01,2026-07-06T00:57:40+08:00
ORD00110971,M002787,P00037,app,paid,3,TWD,345576.0,600.0,2026-07-03T23:29:00+08:00,2026-09-10,2026-07-06T03:35:00+08:00
ORD00109584,M006468,P00086,web,paid,2,TWD,42365.0,100.0,2026-07-03T06:47:33+08:00,2026-08-24,2026-07-04T16:52:33+08:00
ORD00014969,M001700,P00186,web,cancelled,4,TWD,533345.0,950.0,2026-05-31T02:10:24+08:00,2026-08-03,2026-07-03T01:26:04+08:00
ORD00111326,M001964,P00162,web,paid,4,JPY,133605.0,500.0,2026-07-03T20:29:59+08:00,2026-08-14,2026-07-06T07:55:59+08:00
ORD00110238,M007741,P00139,web,paid,4,TWD,588858.0,750.0,2026-07-03T20:05:09+08:00,2026-07-22,2026-07-06T01:30:09+08:00
ORD00109886,M001072,P00208,電銷,paid,1,TWD,150090.0,600.0,2026-07-03T10:08:46+08:00,2026-07-25,2026-07-03T16:01:46+08:00
ORD00110814,M004196,P00003,電銷,created,3,TWD,328893.0,800.0,2026-07-03T05:18:35+08:00,2026-07-24,2026-07-05T01:48:35+08:00
ORD00110601,M000357,P00256,web,created,3,TWD,501230.0,0.0,2026-07-03T17:21:03+08:00,2026-08-23,2026-07-03T18:43:03+08:00
ORD00110799,M003546,P00136,app,created,3,TWD,47877.0,250.0,2026-07-03T19:14:54+08:00,2026-08-28,2026-07-04T18:01:54+08:00
ORD00092180,M002477,P00075,電銷,completed,2,TWD,36269.0,550.0,2026-06-18T20:14:56+08:00,2026-07-08,2026-07-03T05:23:01+08:00
ORD00003047,M000433,P00024,web,completed,1,TWD,77896.0,100.0,2026-06-12T07:38:40+08:00,2026-08-10,2026-07-03T04:08:56+08:00
ORD00111473,M000757,P00299,電銷,paid,1,USD,715.02,150.0,2026-07-03T02:35:31+08:00,2026-09-03,2026-07-03T07:38:31+08:00
ORD00108820,M006542,P00254,電銷,paid,4,USD,414.06,400.0,2026-07-03T06:58:50+08:00,2026-09-10,2026-07-05T23:11:50+08:00
ORD00111876,M000630,P00256,電銷,created,2,USD,10158.43,450.0,2026-07-03T09:56:05+08:00,2026-08-23,2026-07-05T22:22:05+08:00
ORD00111911,M007951,P00069,門市,paid,1,TWD,168188.0,100.0,2026-07-03T16:56:32+08:00,2026-07-31,2026-07-06T07:38:32+08:00
ORD00109566,M001246,P00020,門市,paid,3,TWD,160533.0,950.0,2026-07-03T13:36:31+08:00,2026-08-08,2026-07-06T08:07:31+08:00
ORD00109936,M006748,P00265,web,paid,4,TWD,681158.0,600.0,2026-07-03T23:42:54+08:00,2026-08-06,2026-07-04T21:54:54+08:00
ORD00109460,M000563,P00164,門市,paid,2,TWD,88438.0,600.0,2026-07-03T10:05:48+08:00,2026-10-11,2026-07-06T02:42:51+08:00
ORD00109793,M006230,P00184,電銷,paid,2,TWD,363212.0,200.0,2026-07-03T08:06:00+08:00,2026-10-17,2026-07-05T21:01:00+08:00
ORD00109455,M005804,P00080,app,created,4,TWD,502796.0,500.0,2026-07-03T05:04:57+08:00,2026-08-08,2026-07-05T21:14:57+08:00
ORD00108442,M005693,P00178,app,paid,3,TWD,126488.0,900.0,2026-07-03T02:37:51+08:00,2026-09-28,2026-07-04T01:23:51+08:00
ORD00109465,M005444,P00092,電銷,paid,4,TWD,591080.0,0.0,2026-07-03T01:25:02+08:00,2026-08-11,2026-07-05T11:07:02+08:00
ORD00035786,M005163,P00121,電銷,cancelled,3,TWD,63344.0,900.0,2026-06-07T09:19:50+08:00,2026-06-16,2026-07-03T17:08:24+08:00
ORD00066659,M006928,P00061,app,cancelled,3,TWD,431832.0,50.0,2026-06-07T19:02:41+08:00,2026-07-20,2026-07-03T21:11:07+08:00
ORD00108686,M006748,P00080,web,paid,2,TWD,259732.0,650.0,2026-07-03T12:49:45+08:00,2026-10-23,2026-07-06T05:22:45+08:00
ORD00013649,M007999,P00021,app,completed,1,TWD,215819.0,800.0,2026-06-23T05:35:46+08:00,2026-09-16,2026-07-03T10:31:33+08:00
ORD00110032,M007578,P00143,門市,created,1,TWD,8480.0,600.0,2026-07-03T07:03:35+08:00,2026-10-07,2026-07-03T15:57:35+08:00
ORD00032863,M003180,P00199,門市,cancelled,2,TWD,11098.0,700.0,2026-06-19T10:32:52+08:00,2026-10-13,2026-07-03T15:41:58+08:00
ORD00110014,M007224,P00106,web,paid,1,TWD,36845.0,550.0,2026-07-03T06:41:54+08:00,2026-07-14,2026-07-05T12:12:54+08:00
ORD00111000,M006023,P00035,門市,paid,1,TWD,167955.0,850.0,2026-07-03T08:35:52+08:00,2026-09-29,2026-07-04T22:33:52+08:00
ORD00110390,M005743,P00075,web,paid,1,JPY,119862.0,800.0,2026-07-03T14:40:39+08:00,2026-07-19,2026-07-06T04:09:39+08:00
ORD00111007,M001612,P00012,電銷,created,1,TWD,83881.0,850.0,2026-07-03T19:13:04+08:00,2026-10-30,2026-07-05T05:04:04+08:00
ORD00086787,M007438,P00210,門市,completed,1,TWD,161786.0,300.0,2026-05-31T19:50:13+08:00,2026-09-19,2026-07-03T15:38:23+08:00
ORD00108287,M005765,P00211,web,paid,2,USD,7064.36,800.0,2026-07-03T15:20:22+08:00,2026-07-16,2026-07-05T23:48:22+08:00
ORD00110167,M006090,P00010,電銷,paid,3,TWD,350909.0,300.0,2026-07-03T07:22:24+08:00,2026-10-19,2026-07-03T07:50:24+08:00
ORD00111980,M001351,P00004,電銷,paid,4,TWD,859248.0,500.0,2026-07-03T04:42:38+08:00,2026-10-07,2026-07-04T04:14:38+08:00
ORD00111813,M005321,P00177,app,paid,4,USD,3111.95,300.0,2026-07-03T06:36:33+08:00,2026-09-09,2026-07-03T15:48:33+08:00
ORD00110966,M002303,P00091,門市,paid,3,TWD,268458.0,800.0,2026-07-03T03:27:21+08:00,2026-08-06,2026-07-03T15:38:21+08:00
ORD00108667,M004833,P00212,門市,created,2,TWD,56861.0,900.0,2026-07-03T07:46:58+08:00,2026-09-05,2026-07-03T18:39:58+08:00
ORD00110003,M006870,P00286,電銷,paid,1,TWD,189708.0,750.0,2026-07-03T10:30:00+08:00,2026-10-17,2026-07-05T03:45:00+08:00
ORD00026675,M000516,P00060,門市,completed,4,TWD,541965.0,600.0,2026-06-13T20:43:27+08:00,2026-06-25,2026-07-03T07:13:26+08:00
ORD00056707,M007412,P00292,web,cancelled,1,TWD,167528.0,0.0,2026-05-13T10:46:33+08:00,2026-05-26,2026-07-03T12:43:14+08:00
ORD00108921,M005237,P00269,app,paid,4,USD,6735.87,600.0,2026-07-03T15:15:53+08:00,2026-07-26,2026-07-04T09:14:53+08:00
ORD00111323,M006179,P00225,web,created,1,JPY,227499.0,800.0,2026-07-03T17:16:48+08:00,2026-10-20,2026-07-05T11:01:48+08:00
ORD00111586,M004857,P00221,電銷,created,2,TWD,197348.0,650.0,2026-07-03T05:10:49+08:00,2026-07-17,2026-07-05T19:17:49+08:00
ORD00109663,M006973,P00288,app,paid,4,USD,1653.79,750.0,2026-07-03T07:13:06+08:00,2026-08-12,2026-07-05T01:59:06+08:00
ORD00110520,M001816,P00071,門市,created,2,TWD,87592.0,600.0,2026-07-03T12:01:29+08:00,2026-09-25,2026-07-05T20:05:29+08:00
ORD00109924,M002030,P00227,電銷,paid,3,USD,12232.14,550.0,2026-07-03T08:06:26+08:00,2026-07-15,2026-07-05T18:44:26+08:00
ORD00038838,M003125,P00214,電銷,completed,4,USD,19727.15,100.0,2026-06-02T04:49:35+08:00,2026-09-01,2026-07-03T09:16:12+08:00
ORD00110667,M002103,P00253,電銷,paid,4,TWD,748655.0,500.0,2026-07-03T21:39:44+08:00,2026-10-16,2026-07-04T19:30:44+08:00
ORD00109362,M000107,P00157,app,paid,2,USD,4798.74,450.0,2026-07-03T11:02:59+08:00,2026-08-13,2026-07-04T07:34:59+08:00
ORD00110094,M003507,P00111,電銷,created,1,USD,3337.31,350.0,2026-07-03T22:31:45+08:00,2026-07-26,2026-07-06T06:48:45+08:00
ORD00109898,M003159,P00118,門市,paid,1,TWD,120013.0,700.0,2026-07-03T19:15:38+08:00,2026-08-11,2026-07-05T20:17:38+08:00
ORD00110260,M006295,P00126,web,paid,2,TWD,58733.0,400.0,2026-07-03T15:21:35+08:00,2026-07-20,2026-07-04T03:26:35+08:00
ORD00110997,M004039,P00020,web,paid,1,TWD,64172.0,750.0,2026-07-03T11:02:24+08:00,2026-08-14,2026-07-06T02:33:24+08:00
ORD00109337,M000494,P00289,web,paid,3,JPY,1870477.0,200.0,2026-07-03T15:31:24+08:00,2026-10-30,2026-07-04T23:13:24+08:00
ORD00108642,M000970,P00119,門市,paid,4,TWD,612211.0,950.0,2026-07-03T05:20:36+08:00,2026-10-18,2026-07-04T05:48:36+08:00
ORD00108172,M006552,P00265,app,paid,1,TWD,147802.0,550.0,2026-07-03T23:41:36+08:00,2026-08-02,2026-07-04T03:15:36+08:00
ORD00110746,M000543,P00188,電銷,created,4,TWD,188547.0,200.0,2026-07-03T09:19:41+08:00,2026-08-06,2026-07-05T13:51:41+08:00
ORD00110885,M005435,P00295,門市,paid,1,TWD,59051.0,300.0,2026-07-03T15:17:38+08:00,2026-09-24,2026-07-04T08:33:38+08:00
ORD00110164,M007427,P00177,電銷,paid,2,TWD,41958.0,350.0,2026-07-03T07:41:06+08:00,2026-09-26,2026-07-05T21:11:06+08:00
ORD00111159,M005208,P00093,web,paid,1,TWD,138290.0,800.0,2026-07-03T12:52:29+08:00,2026-07-15,2026-07-04T17:57:29+08:00
ORD00109970,M003686,P00148,門市,paid,3,TWD,87784.0,600.0,2026-07-03T04:54:46+08:00,2026-07-19,2026-07-04T18:48:46+08:00
ORD00111484,M007406,P00243,app,paid,3,USD,12618.15,250.0,2026-07-03T04:27:35+08:00,2026-07-30,2026-07-03T19:29:35+08:00
ORD00108928,M000442,P00074,app,paid,3,USD,16998.1,950.0,2026-07-03T17:50:50+08:00,2026-09-08,2026-07-06T03:36:50+08:00
ORD00108324,M003853,P00162,門市,paid,2,TWD,16161.0,50.0,2026-07-03T18:10:21+08:00,2026-07-11,2026-07-04T23:24:21+08:00
ORD00108898,M007953,P00099,app,paid,4,TWD,482133.0,100.0,2026-07-03T19:10:21+08:00,2026-08-26,2026-07-04T19:53:21+08:00
ORD00108042,M005385,P00254,門市,created,1,TWD,3069.0,950.0,2026-07-03T00:09:28+08:00,2026-09-10,2026-07-05T10:29:28+08:00
ORD00108763,M006314,P00120,門市,paid,2,TWD,206013.0,950.0,2026-07-03T08:11:36+08:00,2026-09-08,2026-07-04T16:50:36+08:00
ORD00111253,M003395,P00168,電銷,paid,3,JPY,1908054.0,50.0,2026-07-03T22:40:53+08:00,2026-09-23,2026-07-05T20:40:53+08:00
ORD00111704,M000970,P00131,web,paid,3,TWD,659581.0,650.0,2026-07-03T02:42:59+08:00,2026-09-15,2026-07-03T11:22:59+08:00
ORD00111814,M001095,P00013,web,paid,4,TWD,520882.0,800.0,2026-07-03T04:37:50+08:00,2026-09-06,2026-07-05T13:11:50+08:00
ORD00111199,M005775,P00086,app,paid,3,TWD,53231.0,900.0,2026-07-03T05:02:33+08:00,2026-08-23,2026-07-03T17:09:33+08:00
ORD00111518,M002278,P00067,電銷,paid,3,TWD,405214.0,550.0,2026-07-03T08:46:27+08:00,2026-08-15,2026-07-04T01:23:27+08:00
ORD00111070,M002509,P00148,app,paid,4,TWD,100642.0,400.0,2026-07-03T15:44:07+08:00,2026-09-27,2026-07-04T23:30:07+08:00
ORD00108678,M001916,P00265,門市,created,2,TWD,371534.0,900.0,2026-07-03T19:43:23+08:00,2026-09-02,2026-07-03T21:31:23+08:00
ORD00109643,M007934,P00286,app,paid,3,TWD,517157.0,800.0,2026-07-03T01:05:51+08:00,2026-10-24,2026-07-05T02:05:51+08:00
ORD00108560,M001285,P00109,門市,paid,3,USD,5003.2,550.0,2026-07-03T02:05:07+08:00,2026-09-13,2026-07-04T10:13:07+08:00
ORD00111776,M005147,P00044,web,paid,3,TWD,125013.0,550.0,2026-07-03T16:52:50+08:00,2026-08-20,2026-07-05T09:10:50+08:00
ORD00026058,M000010,P00134,app,completed,4,TWD,371175.0,750.0,2026-06-12T18:09:15+08:00,2026-09-11,2026-07-03T09:33:32+08:00
ORD00061878,M003428,P00036,web,cancelled,2,TWD,154428.0,0.0,2026-06-29T22:08:03+08:00,2026-09-24,2026-07-03T00:09:19+08:00
ORD00110258,M001651,P00108,門市,paid,4,TWD,465031.0,400.0,2026-07-03T19:58:32+08:00,2026-09-26,2026-07-06T07:43:32+08:00
ORD00109048,M007457,P00114,電銷,created,2,TWD,164239.0,700.0,2026-07-03T13:25:00+08:00,2026-08-08,2026-07-04T16:30:00+08:00
ORD00108568,M001072,P00158,門市,created,2,TWD,86563.0,350.0,2026-07-03T20:28:42+08:00,2026-08-03,2026-07-04T06:30:42+08:00
ORD00108761,M007817,P00294,web,created,1,JPY,657167.0,750.0,2026-07-03T15:55:45+08:00,2026-07-31,2026-07-05T11:16:45+08:00
ORD00110674,M000182,P00173,門市,paid,1,TWD,7884.0,100.0,2026-07-03T11:58:58+08:00,2026-09-04,2026-07-04T19:19:58+08:00
ORD00109143,M002138,P00226,電銷,created,1,JPY,477276.0,300.0,2026-07-03T19:48:45+08:00,2026-08-31,2026-07-06T06:39:45+08:00
ORD00025338,M003059,P00135,web,cancelled,2,TWD,16566.0,700.0,2026-06-19T23:33:15+08:00,2026-09-19,2026-07-03T17:03:41+08:00
ORD00110280,M006752,P00221,app,paid,1,TWD,115255.0,650.0,2026-07-03T21:38:25+08:00,2026-08-10,2026-07-05T13:34:25+08:00
ORD00110663,M006074,P00254,電銷,paid,2,TWD,5550.0,250.0,2026-07-03T15:47:04+08:00,2026-10-08,2026-07-04T08:53:04+08:00
ORD00109844,M004661,P00103,門市,paid,3,TWD,60523.0,650.0,2026-07-03T20:53:43+08:00,2026-08-01,2026-07-06T05:24:43+08:00
ORD00002287,M000809,P00205,app,completed,3,JPY,132972.0,350.0,2026-05-26T05:24:23+08:00,2026-06-12,2026-07-03T05:17:51+08:00
ORD00110718,M006594,P00139,門市,paid,3,TWD,430403.0,500.0,2026-07-03T13:32:12+08:00,2026-09-10,2026-07-06T05:06:12+08:00
ORD00109769,M004089,P00147,電銷,paid,4,TWD,786002.0,500.0,2026-07-03T16:41:26+08:00,2026-07-27,2026-07-04T08:18:26+08:00
ORD00110923,M000301,P00209,門市,paid,3,USD,7937.57,100.0,2026-07-03T23:31:22+08:00,2026-09-30,2026-07-04T04:56:22+08:00
ORD00068653,M002920,P00188,門市,cancelled,2,TWD,93580.0,600.0,2026-06-13T13:21:28+08:00,2026-09-02,2026-07-03T17:28:51+08:00
ORD00111368,M002539,P00273,app,created,2,TWD,169371.0,950.0,2026-07-03T09:17:11+08:00,2026-10-03,2026-07-05T09:26:11+08:00
ORD00111617,M006070,P00078,電銷,paid,3,TWD,334693.0,250.0,2026-07-03T17:29:34+08:00,2026-08-20,2026-07-06T06:46:34+08:00
ORD00111550,M001038,P00221,門市,created,3,TWD,395509.0,250.0,2026-07-03T09:23:59+08:00,2026-07-30,2026-07-03T23:47:59+08:00
ORD00066191,M005793,P00148,app,completed,2,JPY,285826.0,550.0,2026-06-05T15:06:03+08:00,2026-06-18,2026-07-03T03:50:28+08:00
ORD00111945,M006055,P00220,門市,paid,4,USD,4162.81,850.0,2026-07-03T08:21:03+08:00,2026-09-21,2026-07-05T11:30:03+08:00
ORD00109999,M001712,P00111,web,paid,1,JPY,486217.0,0.0,2026-07-03T14:13:33+08:00,2026-07-28,2026-07-04T19:30:33+08:00
ORD00108715,M004205,P00205,app,paid,3,TWD,35666.0,200.0,2026-07-03T17:04:06+08:00,2026-10-12,2026-07-04T13:04:06+08:00
ORD00110480,M004384,P00039,web,paid,4,USD,23847.74,150.0,2026-07-03T01:48:17+08:00,2026-08-17,2026-07-03T20:43:17+08:00
ORD00108072,M007521,P00121,門市,paid,4,TWD,119652.0,700.0,2026-07-03T01:34:57+08:00,2026-08-03,2026-07-03T18:41:57+08:00
ORD00109872,M005947,P00264,門市,paid,2,TWD,18899.0,800.0,2026-07-03T14:00:28+08:00,2026-08-08,2026-07-06T05:57:28+08:00
ORD00110127,M003998,P00064,app,paid,2,TWD,46039.0,350.0,2026-07-03T04:11:10+08:00,2026-07-23,2026-07-03T07:48:10+08:00
ORD00110659,M003692,P00076,電銷,paid,3,TWD,11110.0,450.0,2026-07-03T00:22:12+08:00,2026-08-08,2026-07-05T03:14:12+08:00
ORD00056895,M004998,P00297,app,cancelled,3,JPY,1773651.0,600.0,2026-06-03T03:57:27+08:00,2026-07-26,2026-07-03T22:09:46+08:00
ORD00109265,M005108,P00260,app,paid,2,TWD,229356.0,600.0,2026-07-03T04:07:15+08:00,2026-08-30,2026-07-04T01:30:15+08:00
ORD00111434,M007396,P00031,門市,paid,2,TWD,358704.0,850.0,2026-07-03T01:06:09+08:00,2026-09-29,2026-07-04T10:56:09+08:00
ORD00108525,M000374,P00242,門市,paid,3,TWD,70054.0,50.0,2026-07-03T19:26:48+08:00,2026-09-23,2026-07-06T01:37:48+08:00
ORD00109578,M000240,P00023,app,created,2,TWD,454145.0,500.0,2026-07-03T10:15:10+08:00,2026-07-25,2026-07-04T15:35:10+08:00
ORD00108422,M007041,P00190,app,paid,3,TWD,656626.0,50.0,2026-07-03T22:50:09+08:00,2026-08-18,2026-07-05T02:10:09+08:00
ORD00108919,M003111,P00211,web,paid,4,TWD,414576.0,950.0,2026-07-03T16:04:14+08:00,2026-09-29,2026-07-04T20:59:14+08:00
ORD00109125,M003249,P00047,電銷,created,4,TWD,114801.0,950.0,2026-07-03T16:06:34+08:00,2026-07-14,2026-07-04T18:18:34+08:00
ORD00109633,M007120,P00235,電銷,paid,3,USD,6440.23,850.0,2026-07-03T11:30:53+08:00,2026-08-23,2026-07-03T17:33:53+08:00
ORD00110859,M001471,P00005,app,created,1,TWD,108746.0,100.0,2026-07-03T18:09:43+08:00,2026-09-27,2026-07-05T00:07:43+08:00
ORD00110626,M006812,P00181,電銷,paid,3,TWD,54191.0,900.0,2026-07-03T13:45:56+08:00,2026-09-08,2026-07-05T22:49:56+08:00
ORD00110012,M007484,P00171,電銷,paid,3,TWD,272906.0,300.0,2026-07-03T13:08:55+08:00,2026-07-19,2026-07-04T01:48:55+08:00
ORD00108527,M001423,P00073,app,created,4,USD,12051.69,850.0,2026-07-03T10:59:12+08:00,2026-09-03,2026-07-03T21:03:12+08:00
ORD00108351,M003270,P00237,web,paid,4,TWD,652620.0,900.0,2026-07-03T06:42:15+08:00,2026-08-27,2026-07-05T03:11:15+08:00
ORD00111160,M004812,P00087,電銷,paid,1,TWD,180241.0,600.0,2026-07-03T10:27:29+08:00,2026-08-18,2026-07-06T04:54:29+08:00
ORD00025221,M005125,P00210,門市,completed,4,USD,22776.72,400.0,2026-05-27T16:32:08+08:00,2026-07-16,2026-07-03T16:52:15+08:00
ORD00110773,M002264,P00297,門市,paid,4,TWD,551642.0,350.0,2026-07-03T09:43:42+08:00,2026-09-09,2026-07-04T19:07:42+08:00
ORD00110755,M000701,P00218,門市,paid,4,TWD,138886.0,0.0,2026-07-03T16:56:41+08:00,2026-09-22,2026-07-03T18:42:41+08:00
ORD00110051,M004018,P00137,門市,created,2,USD,9800.42,850.0,2026-07-03T17:41:41+08:00,2026-07-13,2026-07-03T20:27:41+08:00
ORD00108482,M003609,P00252,電銷,paid,2,TWD,102323.0,500.0,2026-07-03T07:29:52+08:00,2026-08-17,2026-07-04T16:30:52+08:00
ORD00108345,M006512,P00249,電銷,paid,2,TWD,145734.0,750.0,2026-07-03T03:06:54+08:00,2026-07-20,2026-07-05T15:51:54+08:00
ORD00109067,M000500,P00070,電銷,created,2,JPY,1282752.0,200.0,2026-07-03T16:24:14+08:00,2026-10-14,2026-07-06T01:55:14+08:00
ORD00108187,M001305,P00175,app,created,3,TWD,44888.0,550.0,2026-07-03T07:18:38+08:00,2026-10-25,2026-07-04T18:37:38+08:00
ORD00111395,M003447,P00209,門市,paid,4,JPY,1876176.0,650.0,2026-07-03T13:41:29+08:00,2026-09-16,2026-07-05T14:09:29+08:00
ORD00111214,M000730,P00178,app,created,4,USD,3838.46,700.0,2026-07-03T02:13:14+08:00,2026-09-03,2026-07-03T23:01:14+08:00
ORD00001898,M005174,P00212,門市,completed,1,TWD,29554.0,300.0,2026-05-10T12:09:38+08:00,2026-05-18,2026-07-03T20:01:29+08:00
ORD00082319,M001337,P00191,電銷,completed,4,JPY,2151832.0,750.0,2026-05-05T21:39:20+08:00,2026-07-06,2026-07-03T03:55:42+08:00
ORD00108423,M004726,P00255,門市,paid,4,USD,28880.18,950.0,2026-07-03T16:16:52+08:00,2026-10-30,2026-07-05T01:54:52+08:00
ORD00110040,M004501,P00083,電銷,paid,3,USD,11802.32,750.0,2026-07-03T04:39:20+08:00,2026-07-11,2026-07-03T04:56:20+08:00
ORD00109592,M000187,P00259,web,paid,3,TWD,454495.0,750.0,2026-07-03T19:19:16+08:00,2026-07-30,2026-07-05T10:40:16+08:00
ORD00111935,M004009,P00263,web,paid,1,TWD,122779.0,450.0,2026-07-03T20:43:07+08:00,2026-10-29,2026-07-05T21:37:07+08:00
ORD00109544,M006355,P00292,電銷,created,1,TWD,136082.0,0.0,2026-07-03T02:50:35+08:00,2026-07-27,2026-07-04T12:47:35+08:00
ORD00108984,M006990,P00229,門市,paid,1,TWD,196053.0,150.0,2026-07-03T18:35:20+08:00,2026-08-05,2026-07-04T05:01:20+08:00
ORD00108719,M000664,P00033,門市,paid,1,USD,3853.81,700.0,2026-07-03T10:35:40+08:00,2026-09-07,2026-07-03T15:35:40+08:00
ORD00108933,M000421,P00163,app,paid,1,TWD,101853.0,200.0,2026-07-03T00:16:06+08:00,2026-08-26,2026-07-05T07:35:06+08:00
ORD00108982,M003535,P00080,app,paid,4,TWD,558789.0,900.0,2026-07-03T18:03:23+08:00,2026-09-17,2026-07-05T22:36:23+08:00
ORD00108854,M003876,P00126,app,paid,1,TWD,28943.0,950.0,2026-07-03T03:35:36+08:00,2026-08-14,2026-07-04T15:38:36+08:00
ORD00111258,M002749,P00261,app,created,2,JPY,52318.0,750.0,2026-07-03T08:06:31+08:00,2026-10-06,2026-07-04T04:45:31+08:00
ORD00110118,M001627,P00045,電銷,paid,1,USD,235.97,400.0,2026-07-03T22:27:28+08:00,2026-09-05,2026-07-06T00:31:28+08:00
ORD00010750,M000902,P00042,app,cancelled,2,TWD,270433.0,300.0,2026-05-19T02:37:16+08:00,2026-07-22,2026-07-03T17:00:45+08:00
ORD00109627,M002289,P00288,電銷,created,4,TWD,46823.0,450.0,2026-07-03T03:40:13+08:00,2026-09-12,2026-07-04T20:42:13+08:00
ORD00108067,M005350,P00002,app,paid,1,USD,2048.62,150.0,2026-07-03T03:51:37+08:00,2026-09-24,2026-07-05T08:56:37+08:00
ORD00109497,M005886,P00176,門市,paid,1,JPY,709772.0,900.0,2026-07-03T17:07:37+08:00,2026-10-29,2026-07-04T17:01:37+08:00
ORD00109661,M005034,P00255,web,paid,3,TWD,569950.0,700.0,2026-07-03T18:07:22+08:00,2026-08-09,2026-07-06T02:09:22+08:00
ORD00109121,M004055,P00136,app,paid,1,TWD,18498.0,850.0,2026-07-03T21:38:43+08:00,2026-09-16,2026-07-06T11:42:43+08:00
ORD00108852,M000979,P00070,門市,paid,3,TWD,318725.0,50.0,2026-07-03T11:51:37+08:00,2026-08-21,2026-07-05T05:38:37+08:00
ORD00108535,M003759,P00139,門市,paid,3,TWD,332620.0,900.0,2026-07-03T10:18:01+08:00,2026-08-12,2026-07-03T14:36:01+08:00
ORD00108952,M000629,P00124,web,paid,1,TWD,44792.0,0.0,2026-07-03T23:34:58+08:00,2026-09-22,2026-07-05T16:48:58+08:00
ORD00108765,M002588,P00150,app,paid,2,JPY,1380627.0,800.0,2026-07-03T12:08:14+08:00,2026-07-28,2026-07-05T19:07:14+08:00
ORD00093850,M002241,P00228,app,completed,4,TWD,413728.0,950.0,2026-06-23T07:16:39+08:00,2026-07-23,2026-07-03T03:37:21+08:00
ORD00109875,M005481,P00296,web,created,4,USD,838.85,900.0,2026-07-03T02:41:23+08:00,2026-09-03,2026-07-03T16:03:23+08:00
ORD00111016,M006981,P00023,app,paid,3,USD,19306.26,0.0,2026-07-03T11:17:34+08:00,2026-10-25,2026-07-03T19:34:34+08:00
ORD00063694,M003861,P00194,電銷,cancelled,1,TWD,63017.0,600.0,2026-06-06T02:07:57+08:00,2026-09-23,2026-07-03T20:44:36+08:00
ORD00109917,M006839,P00196,電銷,paid,4,USD,6779.39,650.0,2026-07-03T09:26:37+08:00,2026-09-26,2026-07-03T17:04:37+08:00
ORD00111721,M002780,P00064,門市,created,2,TWD,43733.0,850.0,2026-07-03T00:31:45+08:00,2026-08-25,2026-07-03T04:16:45+08:00
ORD00110881,M006909,P00078,電銷,paid,2,USD,7485.44,950.0,2026-07-03T04:56:35+08:00,2026-09-26,2026-07-05T14:13:35+08:00
ORD00111885,M006455,P00215,web,created,4,TWD,201720.0,200.0,2026-07-03T21:16:16+08:00,2026-08-29,2026-07-05T09:49:16+08:00
ORD00109673,M003455,P00180,門市,paid,1,TWD,105351.0,400.0,2026-07-03T10:22:35+08:00,2026-09-01,2026-07-03T14:18:35+08:00
ORD00109941,M000028,P00113,電銷,paid,4,TWD,731395.0,550.0,2026-07-03T13:46:16+08:00,2026-09-08,2026-07-05T09:34:16+08:00
ORD00110033,M007343,P00130,web,paid,3,TWD,644825.0,50.0,2026-07-03T21:44:02+08:00,2026-07-17,2026-07-06T01:31:02+08:00
ORD00111018,M005986,P00206,電銷,paid,4,USD,22865.0,450.0,2026-07-03T21:53:52+08:00,2026-10-13,2026-07-04T17:07:52+08:00
ORD00108996,M006613,P00135,app,created,3,TWD,23763.0,150.0,2026-07-03T14:38:49+08:00,2026-10-21,2026-07-05T02:53:49+08:00
ORD00110202,M002640,P00246,電銷,paid,4,TWD,642138.0,50.0,2026-07-03T14:06:06+08:00,2026-09-09,2026-07-03T21:32:06+08:00
ORD00109750,M003990,P00267,app,paid,1,TWD,192315.0,800.0,2026-07-03T08:04:51+08:00,2026-09-26,2026-07-04T19:12:51+08:00
ORD00095801,M006794,P00245,門市,completed,3,USD,12337.39,500.0,2026-05-23T08:29:35+08:00,2026-09-02,2026-07-03T09:03:56+08:00
ORD00108417,M004577,P00288,app,created,2,TWD,22000.0,600.0,2026-07-03T16:35:05+08:00,2026-10-08,2026-07-04T11:27:05+08:00
ORD00108945,M007596,P00063,app,created,3,TWD,546946.0,700.0,2026-07-03T23:47:44+08:00,2026-09-11,2026-07-04T03:04:44+08:00
ORD00108118,M004022,P00243,web,paid,2,TWD,270879.0,450.0,2026-07-03T00:17:01+08:00,2026-07-16,2026-07-03T19:19:01+08:00
ORD00110906,M007972,P00099,門市,paid,4,TWD,537228.0,250.0,2026-07-03T06:42:31+08:00,2026-10-18,2026-07-03T16:54:31+08:00
ORD00108510,M007865,P00080,app,paid,1,TWD,124188.0,550.0,2026-07-03T17:20:20+08:00,2026-08-13,2026-07-03T23:58:20+08:00
ORD00037479,M005382,P00122,電銷,cancelled,1,TWD,151403.0,500.0,2026-06-21T01:06:08+08:00,2026-08-07,2026-07-03T16:27:40+08:00
ORD00111256,M001297,P00108,門市,paid,4,TWD,418515.0,900.0,2026-07-03T12:31:00+08:00,2026-10-05,2026-07-05T03:15:00+08:00
ORD00111562,M000354,P00124,app,created,2,TWD,88383.0,300.0,2026-07-03T22:14:13+08:00,2026-07-30,2026-07-04T07:22:13+08:00
ORD00111539,M007000,P00194,web,paid,4,TWD,318447.0,550.0,2026-07-03T03:39:02+08:00,2026-08-21,2026-07-05T04:18:02+08:00
ORD00108723,M002609,P00193,web,paid,1,TWD,153932.0,900.0,2026-07-03T18:12:28+08:00,2026-10-29,2026-07-06T10:04:28+08:00
ORD00109273,M004067,P00215,門市,paid,4,TWD,156290.0,550.0,2026-07-03T07:33:58+08:00,2026-07-22,2026-07-05T22:49:58+08:00
ORD00111036,M006709,P00177,web,created,4,TWD,86134.0,0.0,2026-07-03T06:15:47+08:00,2026-08-19,2026-07-03T08:15:47+08:00
ORD00109906,M000529,P00004,門市,paid,1,TWD,173061.0,0.0,2026-07-03T13:05:05+08:00,2026-07-12,2026-07-03T22:24:05+08:00
ORD00109156,M001900,P00088,門市,paid,1,TWD,82724.0,450.0,2026-07-03T23:35:57+08:00,2026-10-12,2026-07-04T13:34:57+08:00
ORD00108036,M005691,P00208,門市,paid,1,USD,4995.1,650.0,2026-07-03T04:24:43+08:00,2026-08-25,2026-07-05T03:03:43+08:00
ORD00108240,M003167,P00238,門市,paid,4,TWD,385206.0,400.0,2026-07-03T20:42:56+08:00,2026-10-21,2026-07-06T10:53:56+08:00
ORD00028561,M003152,P00024,電銷,cancelled,3,TWD,303641.0,100.0,2026-06-14T08:56:18+08:00,2026-10-02,2026-07-03T03:17:32+08:00
ORD00026535,M001412,P00115,電銷,completed,4,TWD,500961.0,0.0,2026-06-03T11:07:28+08:00,2026-06-25,2026-07-03T01:52:45+08:00
ORD00108356,M004427,P00099,門市,paid,4,USD,19994.83,900.0,2026-07-03T06:56:40+08:00,2026-07-27,2026-07-05T17:46:40+08:00
ORD00109919,M001607,P00136,電銷,paid,4,TWD,80311.0,750.0,2026-07-03T06:11:43+08:00,2026-09-14,2026-07-03T10:14:43+08:00
ORD00078619,M003343,P00253,門市,cancelled,2,TWD,442915.0,400.0,2026-06-17T05:30:18+08:00,2026-08-30,2026-07-03T06:19:34+08:00
ORD00108486,M002275,P00177,web,paid,1,TWD,22096.0,150.0,2026-07-03T06:17:34+08:00,2026-10-13,2026-07-03T17:56:34+08:00
ORD00108047,M000641,P00167,電銷,created,1,JPY,839726.0,150.0,2026-07-03T10:54:53+08:00,2026-08-11,2026-07-05T02:55:53+08:00
ORD00110844,M007701,P00236,web,paid,3,USD,13085.78,550.0,2026-07-03T07:01:24+08:00,2026-07-20,2026-07-04T04:01:24+08:00
ORD00098029,M006388,P00108,電銷,completed,1,TWD,116053.0,300.0,2026-05-09T06:21:52+08:00,2026-06-13,2026-07-03T23:00:18+08:00
ORD00108297,M007992,P00291,app,paid,1,JPY,166043.0,400.0,2026-07-03T04:44:17+08:00,2026-09-20,2026-07-04T00:39:17+08:00
ORD00108515,M007977,P00090,電銷,created,2,TWD,318963.0,550.0,2026-07-03T22:30:47+08:00,2026-08-30,2026-07-05T13:37:47+08:00
ORD00108321,M001272,P00156,app,created,3,TWD,610629.0,750.0,2026-07-03T19:19:41+08:00,2026-10-26,2026-07-04T20:30:41+08:00
ORD00109877,M007562,P00008,電銷,paid,2,TWD,165803.0,950.0,2026-07-03T14:23:22+08:00,2026-08-09,2026-07-05T19:54:22+08:00
ORD00111056,M007344,P00282,電銷,paid,1,TWD,201388.0,0.0,2026-07-03T07:34:47+08:00,2026-07-24,2026-07-03T19:48:47+08:00
ORD00043212,M000122,P00170,app,cancelled,2,TWD,121698.0,900.0,2026-06-27T04:15:46+08:00,2026-07-25,2026-07-03T05:48:21+08:00
ORD00109705,M007253,P00173,電銷,paid,4,TWD,31717.0,250.0,2026-07-03T01:06:04+08:00,2026-07-24,2026-07-04T22:34:04+08:00
ORD00006303,M002448,P00279,電銷,cancelled,1,TWD,96510.0,150.0,2026-05-03T18:35:22+08:00,2026-07-11,2026-07-03T07:53:37+08:00
ORD00065393,M004869,P00130,門市,cancelled,3,TWD,569982.0,350.0,2026-05-12T11:51:52+08:00,2026-06-18,2026-07-03T18:51:00+08:00
ORD00108248,M002566,P00166,app,paid,1,TWD,194897.0,0.0,2026-07-03T03:25:00+08:00,2026-09-12,2026-07-05T15:24:00+08:00
ORD00108174,M003662,P00205,app,paid,4,TWD,47920.0,50.0,2026-07-03T12:12:08+08:00,2026-10-09,2026-07-06T01:06:08+08:00
ORD00111200,M006536,P00069,電銷,paid,1,TWD,173215.0,300.0,2026-07-03T04:21:54+08:00,2026-08-13,2026-07-03T22:07:54+08:00
ORD00110249,M007902,P00143,app,created,3,USD,811.22,350.0,2026-07-03T20:12:26+08:00,2026-10-07,2026-07-05T17:13:26+08:00
ORD00110128,M002178,P00137,app,paid,2,TWD,278451.0,850.0,2026-07-03T00:28:40+08:00,2026-09-11,2026-07-05T18:00:40+08:00
ORD00111418,M003607,P00222,門市,paid,3,JPY,646213.0,650.0,2026-07-03T05:43:00+08:00,2026-10-13,2026-07-05T23:56:00+08:00
ORD00110983,M000023,P00056,電銷,paid,2,USD,4328.69,450.0,2026-07-03T07:53:09+08:00,2026-09-01,2026-07-05T14:51:09+08:00
ORD00109065,M004588,P00123,電銷,created,3,TWD,232948.0,100.0,2026-07-03T16:45:05+08:00,2026-10-17,2026-07-06T01:10:05+08:00
ORD00111713,M000603,P00256,電銷,paid,4,TWD,655815.0,100.0,2026-07-03T16:24:56+08:00,2026-10-27,2026-07-03T19:07:56+08:00
ORD00110723,M003289,P00135,web,created,3,TWD,28063.0,800.0,2026-07-03T16:10:56+08:00,2026-09-25,2026-07-05T05:40:56+08:00
ORD00108225,M005540,P00208,電銷,paid,2,TWD,313519.0,850.0,2026-07-03T20:29:09+08:00,2026-09-05,2026-07-04T22:23:09+08:00
ORD00111653,M004500,P00044,web,paid,4,TWD,127807.0,750.0,2026-07-03T00:05:54+08:00,2026-08-07,2026-07-03T05:17:54+08:00
ORD00111236,M002812,P00276,電銷,paid,3,TWD,588193.0,50.0,2026-07-03T08:22:09+08:00,2026-09-10,2026-07-03T22:20:09+08:00
ORD00003037,M005081,P00038,app,completed,1,TWD,21796.0,950.0,2026-06-29T16:52:44+08:00,2026-10-16,2026-07-03T05:30:45+08:00
ORD00045704,M005410,P00112,web,cancelled,1,TWD,8310.0,900.0,2026-06-09T23:32:17+08:00,2026-09-23,2026-07-03T06:55:50+08:00
ORD00108040,M003855,P00056,app,created,2,TWD,186025.0,0.0,2026-07-03T12:55:35+08:00,2026-08-05,2026-07-05T10:54:35+08:00
ORD00110407,M003149,P00004,門市,paid,3,TWD,645932.0,200.0,2026-07-03T19:42:48+08:00,2026-08-09,2026-07-04T02:07:48+08:00
ORD00045004,M003119,P00294,app,cancelled,2,USD,8870.84,850.0,2026-05-16T22:32:04+08:00,2026-08-08,2026-07-03T01:39:39+08:00
ORD00110250,M004650,P00287,app,paid,4,TWD,604850.0,150.0,2026-07-03T18:23:58+08:00,2026-10-17,2026-07-05T23:34:58+08:00
ORD00109513,M000197,P00187,web,paid,3,TWD,65754.0,600.0,2026-07-03T05:08:31+08:00,2026-09-13,2026-07-05T18:47:31+08:00
ORD00023282,M004231,P00257,電銷,completed,2,TWD,82448.0,400.0,2026-05-06T23:00:01+08:00,2026-05-19,2026-07-03T12:55:36+08:00
ORD00108063,M007188,P00119,web,paid,1,JPY,872954.0,700.0,2026-07-03T11:41:10+08:00,2026-09-28,2026-07-04T13:20:10+08:00
ORD00110546,M005402,P00275,web,paid,4,TWD,410716.0,750.0,2026-07-03T06:02:06+08:00,2026-07-19,2026-07-05T04:31:06+08:00
ORD00108975,M007449,P00276,app,paid,1,JPY,925471.0,550.0,2026-07-03T18:53:48+08:00,2026-08-31,2026-07-06T02:08:48+08:00
ORD00109084,M004927,P00057,web,paid,2,TWD,228829.0,0.0,2026-07-03T06:13:06+08:00,2026-08-17,2026-07-05T12:02:06+08:00
ORD00108672,M002382,P00087,電銷,created,2,TWD,411819.0,100.0,2026-07-03T16:45:45+08:00,2026-10-11,2026-07-04T13:13:45+08:00
ORD00110027,M000927,P00033,app,paid,3,TWD,486735.0,100.0,2026-07-03T15:22:10+08:00,2026-07-11,2026-07-05T04:58:10+08:00
ORD00109807,M001081,P00111,app,paid,3,TWD,285047.0,900.0,2026-07-03T22:26:31+08:00,2026-08-14,2026-07-05T05:30:31+08:00
ORD00111359,M007811,P00025,門市,created,1,TWD,166833.0,700.0,2026-07-03T07:16:06+08:00,2026-09-30,2026-07-04T13:52:06+08:00
ORD00108346,M002643,P00014,門市,paid,2,TWD,250737.0,350.0,2026-07-03T15:49:46+08:00,2026-09-19,2026-07-04T12:14:46+08:00
ORD00111891,M005149,P00104,web,paid,1,TWD,2917.0,50.0,2026-07-03T07:54:53+08:00,2026-10-02,2026-07-03T12:29:53+08:00
ORD00108870,M005657,P00216,門市,paid,4,TWD,43683.0,900.0,2026-07-03T01:23:47+08:00,2026-07-31,2026-07-05T15:26:47+08:00
ORD00108673,M005746,P00251,電銷,paid,1,TWD,116777.0,200.0,2026-07-03T06:40:23+08:00,2026-09-08,2026-07-03T21:34:23+08:00
ORD00110455,M003712,P00024,門市,created,3,USD,8305.28,700.0,2026-07-03T09:48:03+08:00,2026-07-25,2026-07-04T08:57:03+08:00
ORD00108233,M006402,P00216,app,created,3,TWD,32853.0,500.0,2026-07-03T19:46:33+08:00,2026-09-01,2026-07-04T13:30:33+08:00
ORD00109947,M004958,P00046,門市,paid,4,TWD,261364.0,450.0,2026-07-03T07:23:33+08:00,2026-07-28,2026-07-03T12:49:33+08:00
ORD00108073,M005215,P00072,電銷,created,2,TWD,42292.0,800.0,2026-07-03T10:02:49+08:00,2026-10-03,2026-07-04T19:50:49+08:00
ORD00109192,M006420,P00184,門市,paid,3,TWD,464120.0,350.0,2026-07-03T08:33:10+08:00,2026-08-11,2026-07-04T09:17:10+08:00
ORD00108377,M006833,P00134,門市,paid,4,TWD,416799.0,400.0,2026-07-03T04:08:00+08:00,2026-10-27,2026-07-04T15:17:00+08:00
ORD00111112,M001924,P00211,web,paid,1,USD,2911.83,950.0,2026-07-03T16:36:20+08:00,2026-10-17,2026-07-04T01:12:20+08:00
ORD00110615,M000856,P00229,web,paid,4,USD,20543.74,300.0,2026-07-03T19:20:08+08:00,2026-07-22,2026-07-06T00:29:08+08:00
ORD00110192,M001323,P00075,web,paid,1,JPY,87442.0,500.0,2026-07-03T02:19:19+08:00,2026-08-26,2026-07-04T01:05:19+08:00
ORD00108872,M004598,P00113,app,created,1,TWD,184457.0,250.0,2026-07-03T21:07:19+08:00,2026-09-24,2026-07-05T13:21:19+08:00
ORD00108252,M002197,P00292,app,paid,4,TWD,732704.0,300.0,2026-07-03T04:10:12+08:00,2026-09-26,2026-07-05T16:18:12+08:00
ORD00109581,M001119,P00059,門市,created,4,TWD,321542.0,0.0,2026-07-03T12:38:37+08:00,2026-08-28,2026-07-05T19:58:37+08:00
ORD00108714,M005075,P00037,電銷,paid,4,USD,14176.62,650.0,2026-07-03T19:09:29+08:00,2026-07-24,2026-07-05T01:18:29+08:00
ORD00108359,M001774,P00021,門市,created,1,TWD,222131.0,550.0,2026-07-03T21:22:09+08:00,2026-07-13,2026-07-05T16:45:09+08:00
ORD00110775,M006731,P00049,web,paid,4,USD,2403.15,750.0,2026-07-03T06:50:11+08:00,2026-07-15,2026-07-04T22:28:11+08:00
ORD00023360,M007131,P00080,電銷,cancelled,1,TWD,123501.0,300.0,2026-05-30T09:31:40+08:00,2026-07-07,2026-07-03T20:15:40+08:00
ORD00110207,M005266,P00086,app,paid,1,TWD,22415.0,0.0,2026-07-03T16:57:41+08:00,2026-09-17,2026-07-04T05:17:41+08:00
ORD00068454,M003464,P00039,電銷,completed,3,TWD,518462.0,200.0,2026-05-19T18:11:01+08:00,2026-06-17,2026-07-03T07:42:51+08:00
ORD00109605,M005488,P00099,門市,created,3,TWD,372345.0,700.0,2026-07-03T00:41:40+08:00,2026-10-18,2026-07-03T20:14:40+08:00
ORD00079569,M005575,P00281,門市,cancelled,1,TWD,207331.0,250.0,2026-06-22T00:56:39+08:00,2026-10-01,2026-07-03T00:14:43+08:00
ORD00109195,M006210,P00114,web,created,1,TWD,81439.0,300.0,2026-07-03T21:20:19+08:00,2026-07-17,2026-07-04T07:03:19+08:00
ORD00109011,M004836,P00206,電銷,paid,2,TWD,329529.0,250.0,2026-07-03T13:35:44+08:00,2026-09-23,2026-07-05T15:56:44+08:00
ORD00111997,M005700,P00197,電銷,created,4,JPY,1189465.0,150.0,2026-07-03T07:44:43+08:00,2026-08-19,2026-07-05T00:24:43+08:00
ORD00088175,M002811,P00134,web,cancelled,3,TWD,370947.0,600.0,2026-05-19T20:26:40+08:00,2026-07-12,2026-07-03T23:25:10+08:00
ORD00110517,M004054,P00241,web,paid,4,TWD,625047.0,300.0,2026-07-03T22:26:59+08:00,2026-09-10,2026-07-06T15:55:59+08:00
ORD00111202,M004926,P00221,電銷,paid,3,USD,11675.91,0.0,2026-07-03T22:30:35+08:00,2026-07-18,2026-07-04T18:28:35+08:00
ORD00110484,M001044,P00109,門市,paid,4,TWD,179710.0,800.0,2026-07-03T10:02:57+08:00,2026-10-29,2026-07-04T19:29:57+08:00
ORD00016406,M004824,P00261,電銷,cancelled,4,TWD,18305.0,700.0,2026-06-21T22:25:08+08:00,2026-08-24,2026-07-03T18:19:16+08:00
ORD00109880,M006173,P00017,電銷,paid,1,TWD,142668.0,650.0,2026-07-03T05:01:57+08:00,2026-09-19,2026-07-05T00:25:57+08:00
ORD00108834,M004413,P00154,門市,paid,2,TWD,242590.0,150.0,2026-07-03T12:29:03+08:00,2026-08-03,2026-07-05T20:11:03+08:00
ORD00111383,M000481,P00270,web,paid,2,TWD,51567.0,200.0,2026-07-03T06:42:13+08:00,2026-09-28,2026-07-05T02:46:13+08:00
ORD00067567,M002107,P00295,電銷,cancelled,4,USD,6169.17,100.0,2026-06-18T13:37:31+08:00,2026-09-28,2026-07-03T08:05:54+08:00
ORD00109017,M004680,P00290,電銷,created,2,TWD,228321.0,850.0,2026-07-03T19:36:42+08:00,2026-07-24,2026-07-03T22:21:42+08:00
ORD00109824,M003590,P00052,電銷,paid,4,TWD,286899.0,300.0,2026-07-03T05:03:47+08:00,2026-09-18,2026-07-04T14:24:47+08:00
ORD00111316,M006550,P00138,電銷,created,1,JPY,373517.0,100.0,2026-07-03T16:16:13+08:00,2026-07-21,2026-07-04T23:56:13+08:00
ORD00111531,M007801,P00242,web,created,4,JPY,582802.0,500.0,2026-07-03T12:12:25+08:00,2026-10-26,2026-07-03T16:11:25+08:00
ORD00111819,M002261,P00167,門市,paid,4,TWD,480528.0,250.0,2026-07-03T00:36:16+08:00,2026-10-18,2026-07-05T03:53:16+08:00
ORD00109119,M005616,P00255,電銷,paid,1,TWD,193999.0,50.0,2026-07-03T20:24:10+08:00,2026-08-30,2026-07-06T12:25:10+08:00
ORD00110678,M001481,P00157,web,paid,2,TWD,159219.0,300.0,2026-07-03T15:23:01+08:00,2026-07-20,2026-07-04T18:22:01+08:00
ORD00111649,M001997,P00165,web,paid,3,TWD,224112.0,300.0,2026-07-03T00:22:54+08:00,2026-09-22,2026-07-03T10:41:54+08:00
ORD00110851,M007266,P00143,門市,created,1,USD,317.39,300.0,2026-07-03T08:19:59+08:00,2026-07-22,2026-07-05T12:48:59+08:00
ORD00109815,M005317,P00213,app,paid,1,TWD,120791.0,950.0,2026-07-03T10:29:46+08:00,2026-09-13,2026-07-03T17:14:46+08:00
ORD00109277,M001095,P00166,電銷,paid,4,TWD,903259.0,400.0,2026-07-03T13:20:50+08:00,2026-09-22,2026-07-05T09:36:50+08:00
ORD00110323,M001005,P00183,web,paid,3,TWD,530086.0,150.0,2026-07-03T12:29:16+08:00,2026-10-07,2026-07-03T22:17:16+08:00
ORD00012396,M006227,P00244,web,cancelled,4,JPY,1172519.0,400.0,2026-06-20T21:14:41+08:00,2026-09-23,2026-07-03T18:54:23+08:00
ORD00111916,M005829,P00217,電銷,paid,3,JPY,2199165.0,750.0,2026-07-03T20:12:22+08:00,2026-09-03,2026-07-04T15:57:22+08:00
ORD00109460,M000563,P00164,門市,paid,2,TWD,88438.0,600.0,2026-07-03T10:05:48+08:00,2026-10-11,2026-07-06T02:42:48+08:00
ORD00109491,M001567,P00050,app,paid,3,TWD,10712.0,800.0,2026-07-03T02:14:03+08:00,2026-10-01,2026-07-04T12:24:03+08:00
ORD00108308,M006171,P00012,app,paid,2,USD,4590.55,350.0,2026-07-03T13:08:11+08:00,2026-10-09,2026-07-03T18:06:11+08:00
ORD00109823,M005870,P00049,門市,paid,3,TWD,59210.0,500.0,2026-07-03T01:04:33+08:00,2026-07-14,2026-07-03T08:32:33+08:00
ORD00109005,M004694,P00183,web,paid,3,USD,15254.47,400.0,2026-07-03T07:08:24+08:00,2026-09-07,2026-07-06T01:16:24+08:00
ORD00109367,M004947,P00229,門市,paid,2,TWD,368931.0,950.0,2026-07-03T20:59:28+08:00,2026-10-04,2026-07-04T17:26:28+08:00
ORD00108371,M000596,P00139,web,created,2,USD,8936.32,400.0,2026-07-03T00:30:57+08:00,2026-08-08,2026-07-04T16:40:57+08:00
ORD00036594,M000262,P00217,app,cancelled,3,USD,19154.79,650.0,2026-05-25T16:45:27+08:00,2026-08-27,2026-07-03T14:11:25+08:00
ORD00108641,M000136,P00260,app,paid,2,TWD,313619.0,700.0,2026-07-03T09:25:06+08:00,2026-10-28,2026-07-05T11:18:06+08:00
ORD00108162,M004488,P00183,門市,paid,2,TWD,343784.0,250.0,2026-07-03T20:27:51+08:00,2026-08-01,2026-07-05T02:52:51+08:00
ORD00111084,M002892,P00192,web,created,1,USD,6479.4,100.0,2026-07-03T04:17:58+08:00,2026-08-29,2026-07-04T11:51:58+08:00
ORD00108474,M000866,P00243,app,paid,4,TWD,749457.0,0.0,2026-07-03T14:08:45+08:00,2026-10-04,2026-07-05T05:59:45+08:00
ORD00111736,M003181,P00038,app,paid,4,TWD,75726.0,150.0,2026-07-03T22:08:08+08:00,2026-10-03,2026-07-05T03:58:08+08:00
ORD00109467,M006918,P00214,app,paid,1,JPY,604424.0,900.0,2026-07-03T16:27:34+08:00,2026-08-01,2026-07-03T17:20:34+08:00
ORD00111942,M003694,P00004,電銷,created,3,TWD,597774.0,800.0,2026-07-03T12:25:05+08:00,2026-10-30,2026-07-05T23:26:05+08:00
ORD00109493,M004661,P00030,門市,paid,4,USD,18495.52,950.0,2026-07-03T11:59:17+08:00,2026-08-10,2026-07-03T21:01:17+08:00
ORD00111086,M006662,P00117,app,paid,4,TWD,513867.0,500.0,2026-07-03T03:49:18+08:00,2026-10-05,2026-07-05T07:09:18+08:00
ORD00110875,M007972,P00129,app,created,4,TWD,549256.0,150.0,2026-07-03T05:30:03+08:00,2026-09-15,2026-07-04T07:32:03+08:00
ORD00109204,M004681,P00065,app,created,2,TWD,410778.0,650.0,2026-07-03T17:55:02+08:00,2026-08-27,2026-07-06T10:12:02+08:00
ORD00110934,M001670,P00226,電銷,paid,3,TWD,295599.0,450.0,2026-07-03T10:16:22+08:00,2026-07-17,2026-07-03T14:47:22+08:00
ORD00109361,M000740,P00001,web,paid,1,USD,4165.26,550.0,2026-07-03T22:33:19+08:00,2026-09-06,2026-07-06T10:32:19+08:00
ORD00111521,M005280,P00018,電銷,paid,1,USD,4852.09,450.0,2026-07-03T04:11:05+08:00,2026-08-02,2026-07-03T12:12:05+08:00
ORD00108393,M006561,P00107,電銷,paid,2,TWD,446526.0,250.0,2026-07-03T18:35:57+08:00,2026-08-18,2026-07-05T17:27:57+08:00
ORD00109732,M007911,P00205,門市,created,4,TWD,38145.0,200.0,2026-07-03T09:13:32+08:00,2026-07-21,2026-07-05T20:46:32+08:00
ORD00110679,M007366,P00007,門市,paid,3,TWD,150484.0,200.0,2026-07-03T21:04:39+08:00,2026-07-15,2026-07-06T14:12:39+08:00
ORD00110548,M000672,P00228,電銷,paid,3,JPY,1494240.0,200.0,2026-07-03T08:07:07+08:00,2026-09-15,2026-07-05T13:51:07+08:00
ORD00110492,M006754,P00214,電銷,paid,1,USD,4159.65,700.0,2026-07-03T16:14:07+08:00,2026-08-09,2026-07-04T10:35:07+08:00
ORD00094026,M005403,P00187,門市,completed,3,JPY,432003.0,300.0,2026-06-05T19:36:21+08:00,2026-07-04,2026-07-03T20:12:40+08:00
ORD00108807,M000969,P00083,門市,paid,1,TWD,149919.0,400.0,2026-07-03T20:59:38+08:00,2026-08-19,2026-07-03T23:11:38+08:00
ORD00109611,M004792,P00101,電銷,paid,1,TWD,54856.0,250.0,2026-07-03T18:09:58+08:00,2026-08-12,2026-07-04T16:01:58+08:00
ORD00108136,M007053,P00175,門市,paid,1,TWD,18172.0,300.0,2026-07-03T13:35:38+08:00,2026-09-25,2026-07-06T05:12:38+08:00
ORD00109443,M000559,P00060,app,paid,1,TWD,152152.0,50.0,2026-07-03T17:23:16+08:00,2026-10-04,2026-07-03T20:48:16+08:00
ORD00110162,M006266,P00274,電銷,paid,2,TWD,206712.0,700.0,2026-07-03T14:39:18+08:00,2026-08-27,2026-07-04T23:51:18+08:00
ORD00108697,M000387,P00053,web,paid,1,USD,2814.85,850.0,2026-07-03T14:11:29+08:00,2026-10-26,2026-07-06T06:23:29+08:00
ORD00111986,M006093,P00014,web,created,2,USD,7745.1,800.0,2026-07-03T07:20:31+08:00,2026-09-09,2026-07-03T14:41:31+08:00
ORD00109412,M007338,P00048,電銷,paid,1,TWD,95481.0,950.0,2026-07-03T00:02:03+08:00,2026-08-24,2026-07-03T01:43:03+08:00
ORD00108800,M002177,P00071,電銷,paid,4,TWD,191966.0,650.0,2026-07-03T08:59:07+08:00,2026-08-24,2026-07-03T20:14:07+08:00
ORD00110688,M007735,P00249,web,paid,4,TWD,314761.0,350.0,2026-07-03T15:24:58+08:00,2026-08-09,2026-07-06T06:10:58+08:00
ORD00108216,M005656,P00123,門市,paid,4,TWD,298159.0,50.0,2026-07-03T19:14:46+08:00,2026-09-03,2026-07-04T10:20:46+08:00
ORD00110070,M003826,P00174,門市,paid,1,TWD,21236.0,0.0,2026-07-03T01:57:23+08:00,2026-10-12,2026-07-05T10:12:23+08:00
ORD00111183,M006042,P00288,電銷,paid,3,TWD,44770.0,900.0,2026-07-03T12:53:53+08:00,2026-09-21,2026-07-03T15:10:53+08:00
ORD00111165,M005349,P00025,門市,created,3,TWD,434239.0,950.0,2026-07-03T00:00:08+08:00,2026-08-24,2026-07-04T09:24:08+08:00
ORD00108647,M000057,P00105,web,created,1,TWD,56699.0,500.0,2026-07-03T19:40:49+08:00,2026-08-17,2026-07-04T23:55:49+08:00
ORD00067993,M000725,P00284,門市,completed,4,TWD,670612.0,950.0,2026-05-06T05:31:17+08:00,2026-07-24,2026-07-03T16:09:17+08:00
ORD00110320,M007860,P00195,app,paid,3,TWD,178383.0,450.0,2026-07-03T19:03:28+08:00,2026-08-22,2026-07-06T03:00:28+08:00
ORD00036174,M001773,P00070,web,cancelled,2,TWD,211494.0,100.0,2026-05-03T05:02:15+08:00,2026-07-15,2026-07-03T07:26:11+08:00
ORD00111269,M004248,P00024,門市,created,2,TWD,161295.0,900.0,2026-07-03T08:24:01+08:00,2026-10-07,2026-07-05T09:25:01+08:00
ORD00108630,M004124,P00218,電銷,paid,1,TWD,38842.0,150.0,2026-07-03T00:23:16+08:00,2026-08-19,2026-07-04T18:37:16+08:00
ORD00109542,M003964,P00161,app,paid,1,TWD,192927.0,300.0,2026-07-03T14:09:06+08:00,2026-09-15,2026-07-04T23:29:06+08:00
ORD00108380,M004767,P00202,app,paid,4,TWD,465286.0,600.0,2026-07-03T12:42:31+08:00,2026-09-30,2026-07-03T15:07:31+08:00
ORD00109514,M005182,P00229,電銷,paid,4,TWD,730921.0,550.0,2026-07-03T14:20:56+08:00,2026-08-14,2026-07-05T15:59:56+08:00
ORD00109723,M003800,P00038,電銷,paid,1,TWD,20171.0,950.0,2026-07-03T18:33:50+08:00,2026-07-30,2026-07-03T23:28:50+08:00
ORD00108586,M000650,P00227,電銷,paid,4,TWD,503831.0,450.0,2026-07-03T07:13:48+08:00,2026-07-11,2026-07-03T23:20:48+08:00
ORD00111526,M002936,P00068,門市,created,4,TWD,288799.0,50.0,2026-07-03T12:22:02+08:00,2026-09-30,2026-07-04T22:05:02+08:00
ORD00109657,M000118,P00075,電銷,paid,3,TWD,57989.0,850.0,2026-07-03T04:49:17+08:00,2026-10-09,2026-07-05T08:00:17+08:00
ORD00111503,M004552,P00021,門市,created,3,JPY,2806701.0,150.0,2026-07-03T16:39:36+08:00,2026-07-26,2026-07-03T20:30:36+08:00
ORD00111248,M007424,P00141,門市,created,3,USD,7418.49,450.0,2026-07-03T07:11:48+08:00,2026-08-28,2026-07-04T22:50:48+08:00
ORD00109022,M007861,P00048,電銷,paid,4,TWD,339177.0,50.0,2026-07-03T05:11:35+08:00,2026-08-07,2026-07-05T08:59:35+08:00
ORD00111192,M000348,P00182,app,paid,1,TWD,8578.0,200.0,2026-07-03T03:59:36+08:00,2026-09-10,2026-07-05T11:38:36+08:00
ORD00110560,M003928,P00138,app,paid,4,JPY,1163046.0,350.0,2026-07-03T20:20:41+08:00,2026-10-05,2026-07-05T11:21:41+08:00
ORD00110405,M002494,P00230,電銷,paid,4,TWD,604887.0,550.0,2026-07-03T16:16:21+08:00,2026-10-27,2026-07-04T20:16:21+08:00
ORD00108593,M007334,P00078,web,created,2,TWD,235598.0,800.0,2026-07-03T13:40:35+08:00,2026-07-22,2026-07-05T03:25:35+08:00
ORD00109425,M000847,P00247,門市,paid,1,TWD,133382.0,800.0,2026-07-03T05:11:38+08:00,2026-08-11,2026-07-05T15:14:38+08:00
ORD00053412,M001798,P00164,web,cancelled,4,TWD,157151.0,150.0,2026-05-31T14:18:02+08:00,2026-08-14,2026-07-03T08:01:04+08:00
ORD00109239,M006317,P00084,電銷,paid,2,USD,3533.89,800.0,2026-07-03T22:01:02+08:00,2026-07-27,2026-07-05T04:08:02+08:00
ORD00110412,M007699,P00249,電銷,paid,1,TWD,80110.0,900.0,2026-07-03T13:35:57+08:00,2026-08-03,2026-07-05T00:33:57+08:00
ORD00031986,M000781,P00270,門市,cancelled,1,JPY,120379.0,400.0,2026-06-16T07:55:20+08:00,2026-06-28,2026-07-03T14:42:19+08:00
ORD00109805,M000531,P00209,電銷,paid,3,USD,9737.86,50.0,2026-07-03T23:54:23+08:00,2026-08-19,2026-07-04T12:14:23+08:00
ORD00111463,M007039,P00210,app,paid,2,TWD,301636.0,850.0,2026-07-03T13:12:23+08:00,2026-07-15,2026-07-03T16:12:23+08:00
ORD00108296,M004235,P00274,web,paid,2,TWD,183211.0,550.0,2026-07-03T22:39:58+08:00,2026-10-11,2026-07-04T02:49:58+08:00
ORD00108882,M007621,P00199,web,created,2,TWD,13442.0,450.0,2026-07-03T07:25:02+08:00,2026-10-16,2026-07-04T23:28:02+08:00
ORD00001132,M007437,P00146,web,cancelled,1,TWD,26317.0,750.0,2026-06-22T16:10:24+08:00,2026-08-28,2026-07-03T12:25:48+08:00
ORD00110131,M004193,P00151,門市,paid,2,TWD,146754.0,250.0,2026-07-03T04:52:14+08:00,2026-10-30,2026-07-03T06:16:14+08:00
ORD00109197,M007565,P00121,web,paid,4,TWD,101357.0,750.0,2026-07-03T04:23:30+08:00,2026-10-08,2026-07-04T21:28:30+08:00
ORD00110671,M002431,P00096,app,paid,3,JPY,114562.0,450.0,2026-07-03T23:22:55+08:00,2026-08-21,2026-07-05T11:37:55+08:00
ORD00111092,M006800,P00288,門市,created,3,TWD,37229.0,250.0,2026-07-03T20:06:55+08:00,2026-09-17,2026-07-05T14:39:55+08:00
ORD00111655,M006058,P00161,電銷,created,3,TWD,590625.0,700.0,2026-07-03T04:59:47+08:00,2026-08-27,2026-07-05T19:31:47+08:00
ORD00109967,M007650,P00296,app,paid,4,USD,981.95,300.0,2026-07-03T18:14:21+08:00,2026-08-22,2026-07-05T02:12:21+08:00
ORD00111708,M007200,P00131,門市,paid,4,TWD,711098.0,450.0,2026-07-03T08:55:16+08:00,2026-09-09,2026-07-04T07:36:16+08:00
ORD00110819,M001514,P00173,電銷,created,2,USD,494.09,250.0,2026-07-03T20:22:22+08:00,2026-10-20,2026-07-06T03:14:22+08:00
ORD00111303,M001772,P00217,app,paid,4,TWD,844269.0,900.0,2026-07-03T06:38:50+08:00,2026-09-09,2026-07-05T00:13:50+08:00
ORD00109348,M003379,P00231,app,created,1,JPY,765933.0,850.0,2026-07-03T14:26:48+08:00,2026-10-07,2026-07-05T07:44:48+08:00
ORD00099585,M001029,P00094,門市,completed,2,TWD,362366.0,300.0,2026-05-09T16:15:40+08:00,2026-08-16,2026-07-03T22:36:21+08:00
ORD00013209,M002652,P00116,app,cancelled,3,TWD,229348.0,50.0,2026-05-01T12:49:42+08:00,2026-05-27,2026-07-03T18:41:20+08:00
ORD00111574,M000156,P00098,app,paid,1,TWD,170416.0,600.0,2026-07-03T14:24:43+08:00,2026-10-23,2026-07-06T06:38:43+08:00
ORD00110173,M001984,P00169,app,created,3,TWD,119522.0,350.0,2026-07-03T13:06:48+08:00,2026-10-05,2026-07-06T02:22:48+08:00
ORD00034110,M005683,P00064,web,completed,2,TWD,49960.0,500.0,2026-05-17T04:53:19+08:00,2026-09-04,2026-07-03T13:00:10+08:00
ORD00110804,M003220,P00178,app,created,2,TWD,61344.0,100.0,2026-07-03T14:10:45+08:00,2026-07-31,2026-07-04T13:22:45+08:00
ORD00019127,M007236,P00027,app,cancelled,4,TWD,610133.0,100.0,2026-05-29T22:43:20+08:00,2026-07-23,2026-07-03T20:04:51+08:00
ORD00111525,M005338,P00215,web,created,4,TWD,178289.0,500.0,2026-07-03T09:19:55+08:00,2026-08-13,2026-07-04T22:30:55+08:00
ORD00111460,M004400,P00110,門市,paid,4,TWD,773950.0,150.0,2026-07-03T20:26:25+08:00,2026-08-30,2026-07-06T02:41:25+08:00
ORD00108706,M007636,P00293,電銷,created,1,TWD,64858.0,450.0,2026-07-03T14:52:34+08:00,2026-08-03,2026-07-05T16:56:34+08:00
ORD00110342,M007281,P00235,web,paid,2,TWD,110897.0,200.0,2026-07-03T01:40:00+08:00,2026-09-14,2026-07-03T10:15:00+08:00
ORD00108759,M003616,P00281,app,paid,1,TWD,201779.0,150.0,2026-07-03T00:04:55+08:00,2026-09-27,2026-07-04T16:54:55+08:00
ORD00056289,M001376,P00264,電銷,completed,4,TWD,44623.0,550.0,2026-06-06T21:35:51+08:00,2026-07-10,2026-07-03T20:08:27+08:00
ORD00108150,M003676,P00242,web,paid,1,TWD,31644.0,650.0,2026-07-03T23:28:40+08:00,2026-08-09,2026-07-05T15:51:40+08:00
ORD00108569,M001809,P00071,門市,paid,1,TWD,43027.0,400.0,2026-07-03T05:47:39+08:00,2026-08-21,2026-07-05T04:47:39+08:00
ORD00109217,M007523,P00299,門市,paid,1,TWD,25043.0,950.0,2026-07-03T20:27:33+08:00,2026-09-19,2026-07-05T18:10:33+08:00
ORD00028680,M005967,P00251,app,cancelled,1,TWD,114190.0,250.0,2026-05-12T03:20:14+08:00,2026-07-11,2026-07-03T17:00:00+08:00
ORD00108990,M007598,P00275,app,paid,1,USD,3184.77,950.0,2026-07-03T05:13:03+08:00,2026-09-20,2026-07-04T20:11:03+08:00
ORD00108853,M004933,P00286,門市,paid,2,TWD,391769.0,550.0,2026-07-03T17:55:14+08:00,2026-08-20,2026-07-05T03:00:14+08:00
ORD00110431,M000345,P00138,電銷,paid,1,TWD,68188.0,200.0,2026-07-03T12:14:43+08:00,2026-07-23,2026-07-04T22:16:43+08:00
ORD00110204,M004725,P00256,電銷,created,1,JPY,1038554.0,0.0,2026-07-03T16:58:28+08:00,2026-09-04,2026-07-05T03:26:28+08:00
ORD00111201,M001003,P00066,web,paid,3,USD,20560.65,600.0,2026-07-03T04:49:00+08:00,2026-08-05,2026-07-03T06:55:00+08:00
ORD00111217,M007396,P00193,app,paid,2,JPY,1814031.0,700.0,2026-07-03T12:54:39+08:00,2026-08-03,2026-07-04T05:43:39+08:00
ORD00108584,M007856,P00193,電銷,paid,1,USD,5049.3,400.0,2026-07-03T04:18:44+08:00,2026-09-01,2026-07-05T08:43:44+08:00
ORD00110035,M006503,P00004,電銷,created,4,TWD,766329.0,350.0,2026-07-03T14:20:22+08:00,2026-08-14,2026-07-05T04:18:22+08:00
ORD00110124,M001021,P00285,app,created,1,USD,3619.46,150.0,2026-07-03T10:28:34+08:00,2026-08-24,2026-07-05T18:13:34+08:00
ORD00109929,M004989,P00205,web,paid,3,USD,1058.73,400.0,2026-07-03T03:19:35+08:00,2026-09-22,2026-07-03T21:50:35+08:00
ORD00109654,M006153,P00037,電銷,created,4,TWD,466401.0,100.0,2026-07-03T06:08:53+08:00,2026-07-18,2026-07-04T12:39:53+08:00
ORD00110943,M002857,P00077,門市,paid,3,USD,19552.69,800.0,2026-07-03T19:22:27+08:00,2026-09-16,2026-07-03T23:52:27+08:00
ORD00109356,M006036,P00125,門市,paid,2,TWD,107584.0,800.0,2026-07-03T14:49:43+08:00,2026-10-27,2026-07-05T13:48:43+08:00
ORD00080225,M006582,P00267,電銷,cancelled,4,TWD,713912.0,550.0,2026-05-10T15:48:20+08:00,2026-06-17,2026-07-03T20:28:57+08:00
ORD00111252,M004676,P00192,app,created,1,USD,5830.01,550.0,2026-07-03T23:45:09+08:00,2026-10-20,2026-07-05T15:22:09+08:00
ORD00111854,M006730,P00201,app,paid,4,TWD,395825.0,700.0,2026-07-03T07:28:26+08:00,2026-09-23,2026-07-05T06:25:26+08:00
ORD00108202,M000996,P00211,門市,paid,3,TWD,276165.0,950.0,2026-07-03T17:20:01+08:00,2026-09-13,2026-07-05T14:13:01+08:00
ORD00108316,M002767,P00211,web,paid,1,TWD,88982.0,800.0,2026-07-03T04:33:33+08:00,2026-09-19,2026-07-04T01:11:33+08:00
ORD00109043,M003454,P00113,門市,paid,4,TWD,605604.0,850.0,2026-07-03T22:20:37+08:00,2026-08-27,2026-07-06T01:14:37+08:00
ORD00109587,M000076,P00220,電銷,paid,4,TWD,158508.0,350.0,2026-07-03T01:00:30+08:00,2026-09-05,2026-07-05T16:03:30+08:00
ORD00111211,M003246,P00030,電銷,paid,3,JPY,2455082.0,550.0,2026-07-03T09:05:29+08:00,2026-09-24,2026-07-03T20:30:29+08:00
ORD00108809,M002721,P00156,電銷,paid,4,USD,23667.0,950.0,2026-07-03T02:12:52+08:00,2026-08-24,2026-07-03T13:12:52+08:00
ORD00111292,M003340,P00075,電銷,paid,3,TWD,54209.0,450.0,2026-07-03T03:41:34+08:00,2026-09-02,2026-07-05T05:48:34+08:00
ORD00109665,M004708,P00289,門市,created,4,TWD,412924.0,950.0,2026-07-03T00:31:16+08:00,2026-07-22,2026-07-05T03:08:16+08:00
ORD00110068,M004133,P00121,電銷,paid,4,USD,3492.13,600.0,2026-07-03T15:03:42+08:00,2026-08-13,2026-07-05T21:21:42+08:00
ORD00056585,M005639,P00037,web,cancelled,4,JPY,2396867.0,800.0,2026-05-29T15:42:36+08:00,2026-07-03,2026-07-03T05:04:22+08:00
ORD00110325,M004156,P00149,電銷,paid,3,TWD,522762.0,900.0,2026-07-03T19:17:43+08:00,2026-08-28,2026-07-06T13:13:43+08:00
ORD00108386,M000909,P00069,門市,paid,4,TWD,685830.0,150.0,2026-07-03T01:15:06+08:00,2026-09-23,2026-07-05T18:46:06+08:00
ORD00111899,M007603,P00229,web,paid,2,TWD,297430.0,650.0,2026-07-03T07:53:33+08:00,2026-09-14,2026-07-04T19:20:33+08:00
ORD00108998,M001099,P00176,電銷,created,4,TWD,586428.0,700.0,2026-07-03T00:24:35+08:00,2026-08-25,2026-07-04T05:23:35+08:00
ORD00110942,M006446,P00072,web,paid,1,USD,557.42,100.0,2026-07-03T15:18:00+08:00,2026-07-12,2026-07-06T01:20:00+08:00
ORD00108447,M005638,P00054,web,paid,2,TWD,344082.0,650.0,2026-07-03T06:09:25+08:00,2026-08-13,2026-07-03T06:37:25+08:00
ORD00109686,M007860,P00283,app,paid,3,JPY,421924.0,100.0,2026-07-03T01:29:34+08:00,2026-09-26,2026-07-03T21:40:34+08:00
ORD00108368,M005379,P00210,web,paid,3,TWD,564528.0,250.0,2026-07-03T19:16:16+08:00,2026-09-23,2026-07-05T21:56:16+08:00
ORD00108076,M001898,P00122,app,paid,2,TWD,351970.0,0.0,2026-07-03T14:33:48+08:00,2026-09-15,2026-07-05T12:38:48+08:00
ORD00076883,M000673,P00251,門市,completed,4,JPY,2039979.0,400.0,2026-05-14T02:44:23+08:00,2026-06-14,2026-07-03T16:30:02+08:00
ORD00108023,M002886,P00202,web,paid,4,TWD,448528.0,850.0,2026-07-03T08:46:04+08:00,2026-08-07,2026-07-05T15:16:04+08:00
ORD00109301,M001390,P00002,app,paid,3,TWD,245115.0,450.0,2026-07-03T16:34:37+08:00,2026-08-30,2026-07-03T21:48:37+08:00
ORD00109155,M006870,P00140,app,created,1,TWD,43409.0,650.0,2026-07-03T21:54:49+08:00,2026-10-11,2026-07-05T21:41:49+08:00
ORD00110533,M002331,P00003,門市,paid,4,TWD,421694.0,450.0,2026-07-03T02:06:00+08:00,2026-09-09,2026-07-04T17:42:00+08:00
ORD00111926,M000620,P00087,電銷,paid,3,TWD,562691.0,500.0,2026-07-03T22:12:35+08:00,2026-10-26,2026-07-06T03:23:35+08:00
ORD00108605,M004376,P00114,門市,paid,4,JPY,1812404.0,950.0,2026-07-03T19:47:22+08:00,2026-10-19,2026-07-06T03:02:22+08:00
ORD00109105,M004245,P00162,app,paid,4,TWD,25412.0,450.0,2026-07-03T17:16:52+08:00,2026-07-14,2026-07-06T10:48:52+08:00
ORD00108353,M003024,P00269,門市,created,2,JPY,643904.0,0.0,2026-07-03T23:19:31+08:00,2026-07-10,2026-07-04T05:49:31+08:00
ORD00109353,M006004,P00023,app,paid,2,USD,13718.78,600.0,2026-07-03T06:49:13+08:00,2026-08-06,2026-07-03T11:03:13+08:00
ORD00108786,M007880,P00074,app,paid,2,JPY,1213308.0,150.0,2026-07-03T11:35:27+08:00,2026-08-24,2026-07-04T04:37:27+08:00
ORD00110699,M002764,P00178,電銷,created,1,TWD,41000.0,300.0,2026-07-03T03:44:56+08:00,2026-09-11,2026-07-04T17:56:56+08:00
ORD00111121,M003294,P00248,web,created,3,JPY,328487.0,550.0,2026-07-03T23:49:22+08:00,2026-10-22,2026-07-05T08:23:22+08:00
ORD00035890,M001062,P00257,app,cancelled,4,TWD,124709.0,350.0,2026-06-16T20:38:41+08:00,2026-09-16,2026-07-03T06:13:44+08:00
ORD00109366,M007520,P00181,電銷,created,2,TWD,28237.0,650.0,2026-07-03T10:14:19+08:00,2026-09-06,2026-07-05T04:43:19+08:00
ORD00058696,M006893,P00024,app,completed,3,USD,7974.62,50.0,2026-06-28T07:00:22+08:00,2026-08-19,2026-07-03T05:40:06+08:00
ORD00110954,M007458,P00104,web,created,3,TWD,10032.0,800.0,2026-07-03T06:00:48+08:00,2026-08-22,2026-07-05T00:37:48+08:00
ORD00110156,M002538,P00263,web,paid,3,TWD,310341.0,550.0,2026-07-03T14:43:53+08:00,2026-07-26,2026-07-03T18:16:53+08:00
ORD00054106,M000757,P00246,門市,cancelled,1,TWD,140887.0,500.0,2026-06-05T13:22:52+08:00,2026-06-16,2026-07-03T02:11:44+08:00
ORD00068465,M004129,P00269,門市,completed,3,JPY,1062901.0,300.0,2026-05-17T13:08:32+08:00,2026-07-24,2026-07-03T04:27:28+08:00
ORD00109190,M007045,P00056,app,paid,3,TWD,263628.0,400.0,2026-07-03T21:27:29+08:00,2026-09-23,2026-07-06T05:36:29+08:00
ORD00111719,M001919,P00237,web,created,1,USD,5981.41,850.0,2026-07-03T13:46:51+08:00,2026-08-26,2026-07-03T18:16:51+08:00
ORD00108407,M002407,P00117,app,created,3,TWD,414609.0,450.0,2026-07-03T02:09:28+08:00,2026-10-04,2026-07-04T16:09:28+08:00
ORD00111206,M001066,P00019,app,paid,3,TWD,293849.0,150.0,2026-07-03T02:13:18+08:00,2026-08-18,2026-07-04T14:17:18+08:00
ORD00110876,M001121,P00043,門市,created,3,USD,13220.02,100.0,2026-07-03T23:54:50+08:00,2026-10-20,2026-07-05T18:02:50+08:00
ORD00110767,M002664,P00177,app,paid,4,TWD,95467.0,750.0,2026-07-03T00:39:35+08:00,2026-08-12,2026-07-03T08:18:35+08:00
ORD00111645,M001149,P00092,web,created,3,TWD,636027.0,200.0,2026-07-03T20:19:16+08:00,2026-07-14,2026-07-05T18:46:16+08:00
ORD00092323,M000906,P00024,電銷,completed,2,TWD,162038.0,700.0,2026-06-14T14:30:25+08:00,2026-06-23,2026-07-03T00:39:27+08:00
ORD00108130,M000244,P00081,電銷,created,3,TWD,373937.0,800.0,2026-07-03T09:25:45+08:00,2026-09-28,2026-07-05T01:06:45+08:00
ORD00108456,M005954,P00055,電銷,created,4,TWD,464816.0,100.0,2026-07-03T04:56:48+08:00,2026-10-10,2026-07-05T16:56:48+08:00
ORD00109571,M006961,P00006,app,created,1,TWD,182016.0,900.0,2026-07-03T18:50:42+08:00,2026-10-27,2026-07-04T06:29:42+08:00
ORD00109580,M007971,P00067,門市,created,3,TWD,285208.0,400.0,2026-07-03T12:23:28+08:00,2026-08-03,2026-07-05T17:23:28+08:00
ORD00110825,M001678,P00198,app,paid,1,TWD,23296.0,950.0,2026-07-03T01:33:50+08:00,2026-07-10,2026-07-04T00:26:50+08:00
ORD00108983,M007806,P00178,門市,created,3,TWD,120938.0,250.0,2026-07-03T15:26:51+08:00,2026-08-14,2026-07-06T05:48:51+08:00
ORD00110322,M004639,P00053,app,paid,4,TWD,372377.0,600.0,2026-07-03T22:11:28+08:00,2026-08-18,2026-07-05T05:20:28+08:00
ORD00109963,M003931,P00066,app,paid,1,TWD,198917.0,850.0,2026-07-03T23:40:23+08:00,2026-07-12,2026-07-04T10:41:23+08:00
ORD00039718,M000052,P00031,門市,completed,3,TWD,600775.0,800.0,2026-06-08T12:27:24+08:00,2026-08-09,2026-07-03T01:54:19+08:00
ORD00110186,M000283,P00045,app,paid,4,USD,1107.55,400.0,2026-07-03T13:58:17+08:00,2026-07-15,2026-07-05T14:27:17+08:00
ORD00111157,M003432,P00092,電銷,paid,2,TWD,337060.0,950.0,2026-07-03T22:16:15+08:00,2026-08-25,2026-07-04T00:08:15+08:00
ORD00005403,M000229,P00072,app,cancelled,2,USD,1153.12,750.0,2026-05-16T19:26:35+08:00,2026-07-26,2026-07-03T07:52:12+08:00
ORD00111529,M007730,P00059,web,created,3,JPY,1272161.0,650.0,2026-07-03T17:25:31+08:00,2026-09-09,2026-07-05T14:52:31+08:00
ORD00110391,M004994,P00288,電銷,paid,2,TWD,20770.0,350.0,2026-07-03T20:38:57+08:00,2026-08-26,2026-07-05T11:44:57+08:00
ORD00110614,M005252,P00174,web,paid,3,USD,2213.12,200.0,2026-07-03T00:00:42+08:00,2026-07-15,2026-07-03T20:42:42+08:00
ORD00070601,M005892,P00168,app,cancelled,2,TWD,321372.0,900.0,2026-06-10T00:29:33+08:00,2026-10-05,2026-07-03T08:20:56+08:00
ORD00109109,M000291,P00046,門市,paid,4,TWD,220929.0,500.0,2026-07-03T15:10:25+08:00,2026-08-07,2026-07-05T05:33:25+08:00
ORD00109393,M005612,P00226,web,created,3,USD,11440.48,250.0,2026-07-03T20:03:18+08:00,2026-10-27,2026-07-04T07:19:18+08:00
ORD00029517,M000111,P00047,app,cancelled,3,TWD,72326.0,100.0,2026-05-09T21:10:39+08:00,2026-08-19,2026-07-03T18:56:36+08:00
ORD00020418,M007328,P00041,web,cancelled,2,USD,627.51,850.0,2026-06-25T22:11:24+08:00,2026-08-02,2026-07-03T18:20:27+08:00
ORD00109613,M007897,P00190,門市,paid,2,TWD,337557.0,350.0,2026-07-03T01:55:18+08:00,2026-07-16,2026-07-04T17:52:18+08:00
ORD00109821,M003610,P00002,app,created,4,JPY,1695549.0,800.0,2026-07-03T10:51:28+08:00,2026-09-30,2026-07-05T19:26:28+08:00
ORD00048753,M005266,P00286,app,cancelled,1,TWD,146180.0,950.0,2026-06-26T10:44:12+08:00,2026-08-14,2026-07-03T13:18:55+08:00
ORD00111377,M007907,P00186,門市,created,4,TWD,596441.0,150.0,2026-07-03T16:36:12+08:00,2026-08-09,2026-07-04T08:06:12+08:00
ORD00108220,M000085,P00135,app,paid,4,TWD,38945.0,350.0,2026-07-03T06:18:32+08:00,2026-07-22,2026-07-04T16:55:32+08:00
ORD00108426,M006548,P00258,門市,paid,2,TWD,294914.0,150.0,2026-07-03T02:07:28+08:00,2026-10-06,2026-07-04T02:46:28+08:00
ORD00060248,M005347,P00223,電銷,completed,4,TWD,768020.0,700.0,2026-06-08T03:44:47+08:00,2026-08-04,2026-07-03T10:21:13+08:00
ORD00110418,M006888,P00297,web,paid,2,TWD,293533.0,200.0,2026-07-03T04:08:04+08:00,2026-09-09,2026-07-05T06:43:04+08:00
ORD00109576,M000098,P00198,門市,paid,2,JPY,250690.0,800.0,2026-07-03T18:07:21+08:00,2026-07-12,2026-07-05T18:17:21+08:00
ORD00108585,M000202,P00043,門市,created,3,TWD,422747.0,800.0,2026-07-03T04:14:11+08:00,2026-07-23,2026-07-05T14:40:11+08:00
ORD00111189,M005651,P00099,門市,paid,1,TWD,155093.0,450.0,2026-07-03T00:21:01+08:00,2026-08-10,2026-07-03T11:08:01+08:00
ORD00108756,M001209,P00288,web,paid,3,TWD,44659.0,450.0,2026-07-03T02:34:40+08:00,2026-10-21,2026-07-03T20:59:40+08:00
ORD00110065,M001565,P00161,web,paid,4,TWD,832545.0,500.0,2026-07-03T06:38:43+08:00,2026-07-29,2026-07-05T15:02:43+08:00
ORD00108184,M004231,P00285,電銷,created,4,TWD,488228.0,600.0,2026-07-03T13:15:39+08:00,2026-10-01,2026-07-05T07:32:39+08:00
ORD00110963,M004351,P00283,web,paid,4,TWD,87108.0,300.0,2026-07-03T20:25:36+08:00,2026-08-13,2026-07-05T05:28:36+08:00
ORD00110093,M006180,P00226,電銷,paid,4,TWD,441888.0,950.0,2026-07-03T06:04:06+08:00,2026-07-14,2026-07-03T07:05:06+08:00
ORD00110010,M006438,P00049,web,paid,1,TWD,20485.0,900.0,2026-07-03T17:18:37+08:00,2026-09-19,2026-07-06T09:20:37+08:00
ORD00108906,M007312,P00202,app,created,1,TWD,118016.0,100.0,2026-07-03T04:25:03+08:00,2026-09-13,2026-07-04T05:50:03+08:00
ORD00108259,M000634,P00153,web,paid,4,TWD,314525.0,850.0,2026-07-03T04:08:18+08:00,2026-08-26,2026-07-04T03:23:18+08:00
ORD00108389,M002430,P00073,門市,created,4,TWD,417552.0,950.0,2026-07-03T18:55:00+08:00,2026-09-19,2026-07-05T18:27:00+08:00
ORD00007526,M004402,P00188,web,completed,1,TWD,60766.0,250.0,2026-06-02T20:13:41+08:00,2026-08-26,2026-07-03T17:03:54+08:00
ORD00108330,M005825,P00251,app,paid,1,TWD,103610.0,150.0,2026-07-03T21:15:20+08:00,2026-10-11,2026-07-05T09:30:20+08:00
ORD00110102,M006351,P00078,app,created,1,TWD,117868.0,850.0,2026-07-03T07:52:42+08:00,2026-10-25,2026-07-04T23:13:42+08:00
ORD00111877,M006939,P00251,門市,paid,4,USD,11993.23,100.0,2026-07-03T11:45:50+08:00,2026-09-04,2026-07-05T03:46:50+08:00
ORD00110848,M005741,P00057,電銷,paid,1,USD,3568.4,400.0,2026-07-03T06:50:46+08:00,2026-07-29,2026-07-03T18:24:46+08:00
ORD00045865,M002363,P00204,門市,completed,4,TWD,641663.0,200.0,2026-06-02T18:16:11+08:00,2026-09-02,2026-07-03T08:41:05+08:00
ORD00110092,M000096,P00126,app,paid,2,USD,1679.9,400.0,2026-07-03T21:36:56+08:00,2026-09-05,2026-07-05T02:50:56+08:00
ORD00076445,M000284,P00031,電銷,cancelled,4,JPY,4206003.0,700.0,2026-06-18T22:02:21+08:00,2026-07-18,2026-07-03T13:38:34+08:00
ORD00108625,M003526,P00042,app,created,2,JPY,1494192.0,850.0,2026-07-03T11:37:29+08:00,2026-08-22,2026-07-05T15:32:29+08:00
ORD00110554,M006841,P00287,電銷,created,4,TWD,506299.0,700.0,2026-07-03T04:06:43+08:00,2026-10-17,2026-07-04T15:48:43+08:00
ORD00108138,M001559,P00111,web,created,1,TWD,94165.0,400.0,2026-07-03T08:54:53+08:00,2026-10-13,2026-07-05T09:45:53+08:00
ORD00108399,M002267,P00256,電銷,paid,4,USD,28834.51,600.0,2026-07-03T08:32:21+08:00,2026-08-30,2026-07-04T05:32:21+08:00
ORD00111579,M000674,P00115,app,created,3,TWD,368128.0,450.0,2026-07-03T04:54:47+08:00,2026-10-03,2026-07-04T06:14:47+08:00
ORD00108718,M006930,P00043,app,created,4,TWD,530021.0,150.0,2026-07-03T04:15:53+08:00,2026-08-15,2026-07-03T05:07:53+08:00
ORD00109234,M003164,P00045,app,paid,1,USD,227.37,0.0,2026-07-03T16:20:10+08:00,2026-09-21,2026-07-05T15:23:10+08:00
ORD00110668,M001734,P00143,電銷,created,3,JPY,120359.0,900.0,2026-07-03T23:56:11+08:00,2026-08-04,2026-07-06T01:15:11+08:00
ORD00000082,M005740,P00056,app,completed,2,USD,4540.22,550.0,2026-06-25T15:36:48+08:00,2026-10-20,2026-07-03T17:31:09+08:00
ORD00111869,M004092,P00239,門市,paid,2,TWD,279722.0,750.0,2026-07-03T16:48:11+08:00,2026-08-19,2026-07-06T03:03:11+08:00
ORD00108964,M005260,P00253,app,paid,2,TWD,381218.0,700.0,2026-07-03T15:23:02+08:00,2026-08-04,2026-07-05T01:58:02+08:00
ORD00111577,M001207,P00290,門市,paid,3,TWD,452982.0,0.0,2026-07-03T19:56:24+08:00,2026-10-27,2026-07-04T06:46:24+08:00
ORD00076412,M001168,P00100,門市,cancelled,1,JPY,727553.0,100.0,2026-05-02T18:07:00+08:00,2026-06-14,2026-07-03T00:37:39+08:00
ORD00110023,M002799,P00120,web,paid,4,TWD,554941.0,550.0,2026-07-03T06:48:51+08:00,2026-09-30,2026-07-03T18:50:51+08:00
ORD00111373,M003576,P00105,web,paid,1,TWD,53634.0,750.0,2026-07-03T00:12:33+08:00,2026-10-04,2026-07-04T01:05:33+08:00
ORD00110313,M002608,P00221,電銷,paid,4,TWD,460072.0,600.0,2026-07-03T22:55:48+08:00,2026-10-12,2026-07-06T10:45:48+08:00
ORD00108471,M000367,P00244,web,created,3,TWD,176761.0,350.0,2026-07-03T00:27:18+08:00,2026-07-27,2026-07-03T04:57:18+08:00
ORD00109421,M006688,P00187,web,paid,1,USD,964.89,800.0,2026-07-03T02:35:33+08:00,2026-10-05,2026-07-03T13:03:33+08:00
ORD00110485,M005502,P00264,app,paid,1,JPY,60972.0,500.0,2026-07-03T07:39:50+08:00,2026-10-05,2026-07-03T11:53:50+08:00
ORD00109018,M004103,P00219,web,paid,1,TWD,112278.0,100.0,2026-07-03T06:29:30+08:00,2026-07-24,2026-07-05T02:32:30+08:00
ORD00108229,M002132,P00059,app,created,3,TWD,261361.0,400.0,2026-07-03T16:49:39+08:00,2026-09-02,2026-07-04T09:21:39+08:00
ORD00111955,M004516,P00117,web,paid,3,USD,16817.12,400.0,2026-07-03T05:31:04+08:00,2026-10-22,2026-07-05T13:32:04+08:00
ORD00109891,M000945,P00039,app,created,1,TWD,180597.0,50.0,2026-07-03T01:05:27+08:00,2026-10-24,2026-07-03T11:58:27+08:00
ORD00055864,M005460,P00114,web,cancelled,4,USD,12588.0,450.0,2026-06-20T04:56:58+08:00,2026-07-12,2026-07-03T04:11:58+08:00
ORD00110151,M004436,P00107,電銷,paid,1,JPY,929402.0,950.0,2026-07-03T09:40:51+08:00,2026-08-27,2026-07-03T12:43:51+08:00
ORD00036013,M003203,P00070,電銷,cancelled,1,JPY,587389.0,500.0,2026-05-02T10:14:08+08:00,2026-05-27,2026-07-03T22:03:54+08:00
ORD00111786,M003297,P00011,門市,paid,3,TWD,525909.0,450.0,2026-07-03T17:33:13+08:00,2026-08-15,2026-07-05T16:53:13+08:00
ORD00108420,M003232,P00173,app,created,4,TWD,38759.0,950.0,2026-07-03T13:36:01+08:00,2026-08-29,2026-07-04T22:58:01+08:00
ORD00111594,M004290,P00192,web,paid,3,USD,20145.73,450.0,2026-07-03T03:20:15+08:00,2026-08-13,2026-07-04T19:04:15+08:00
ORD00109523,M003589,P00232,門市,paid,3,TWD,632077.0,750.0,2026-07-03T01:31:42+08:00,2026-08-01,2026-07-03T11:28:42+08:00
ORD00052945,M004108,P00290,電銷,cancelled,4,USD,15642.43,450.0,2026-06-11T03:32:16+08:00,2026-09-11,2026-07-03T08:41:34+08:00
ORD00030564,M004512,P00296,web,completed,4,TWD,33790.0,550.0,2026-05-19T18:32:13+08:00,2026-07-05,2026-07-03T01:47:41+08:00
ORD00108383,M007371,P00235,電銷,paid,3,TWD,224951.0,650.0,2026-07-03T19:14:05+08:00,2026-10-20,2026-07-04T19:32:05+08:00
ORD00111307,M006111,P00074,app,paid,2,USD,11356.92,550.0,2026-07-03T04:15:38+08:00,2026-09-14,2026-07-03T14:30:38+08:00
ORD00111619,M006167,P00015,門市,created,3,TWD,205874.0,300.0,2026-07-03T16:52:28+08:00,2026-07-25,2026-07-06T07:34:28+08:00
ORD00111408,M006095,P00177,門市,paid,4,TWD,72608.0,600.0,2026-07-03T22:12:05+08:00,2026-10-15,2026-07-05T00:03:05+08:00
ORD00108989,M005630,P00183,web,paid,1,TWD,138715.0,0.0,2026-07-03T21:42:17+08:00,2026-10-04,2026-07-06T07:49:17+08:00
ORD00044121,M007845,P00010,web,completed,2,USD,7540.25,400.0,2026-05-26T08:13:20+08:00,2026-08-12,2026-07-03T06:17:30+08:00
ORD00108433,M000267,P00200,門市,paid,1,USD,4693.16,800.0,2026-07-03T03:55:11+08:00,2026-10-18,2026-07-05T02:33:11+08:00
ORD00108599,M006044,P00145,門市,paid,1,TWD,75459.0,100.0,2026-07-03T12:41:07+08:00,2026-08-07,2026-07-04T07:59:07+08:00
ORD00108358,M001709,P00274,web,paid,2,TWD,202822.0,700.0,2026-07-03T08:09:10+08:00,2026-09-22,2026-07-05T13:08:10+08:00
ORD00108849,M003607,P00178,app,paid,2,TWD,59851.0,700.0,2026-07-03T01:12:05+08:00,2026-07-26,2026-07-05T01:48:05+08:00
ORD00109739,M007091,P00298,web,paid,3,USD,10979.9,300.0,2026-07-03T04:56:48+08:00,2026-09-28,2026-07-04T23:49:48+08:00
ORD00110961,M004919,P00204,web,paid,3,TWD,438011.0,400.0,2026-07-03T07:36:09+08:00,2026-08-22,2026-07-03T19:42:09+08:00
ORD00111388,M002929,P00282,門市,paid,1,TWD,201512.0,0.0,2026-07-03T10:18:51+08:00,2026-09-28,2026-07-05T21:36:51+08:00
ORD00108143,M000928,P00124,web,created,2,TWD,84858.0,250.0,2026-07-03T22:23:03+08:00,2026-08-18,2026-07-06T16:53:03+08:00
ORD00004127,M005602,P00147,app,completed,2,TWD,335207.0,350.0,2026-05-12T06:52:14+08:00,2026-09-01,2026-07-03T23:04:30+08:00
ORD00110619,M002874,P00065,門市,created,2,TWD,386052.0,400.0,2026-07-03T11:04:35+08:00,2026-09-30,2026-07-04T04:41:35+08:00
ORD00108925,M007816,P00191,app,created,3,TWD,379106.0,900.0,2026-07-03T15:04:17+08:00,2026-09-13,2026-07-04T06:57:17+08:00
ORD00110870,M006555,P00145,電銷,created,4,TWD,332055.0,550.0,2026-07-03T05:42:59+08:00,2026-07-13,2026-07-04T23:22:59+08:00
ORD00108782,M004024,P00300,app,created,2,TWD,162149.0,800.0,2026-07-03T07:34:26+08:00,2026-10-04,2026-07-04T09:10:26+08:00
ORD00108799,M002229,P00146,門市,created,3,TWD,58295.0,900.0,2026-07-03T07:03:11+08:00,2026-10-22,2026-07-05T10:09:11+08:00
ORD00110077,M003714,P00140,電銷,paid,3,TWD,131609.0,950.0,2026-07-03T12:57:38+08:00,2026-10-11,2026-07-04T13:32:38+08:00
ORD00109642,M003125,P00123,門市,created,2,JPY,744701.0,650.0,2026-07-03T04:13:11+08:00,2026-10-30,2026-07-04T08:14:11+08:00
ORD00109029,M006120,P00026,門市,paid,4,USD,13001.01,900.0,2026-07-03T00:19:31+08:00,2026-07-26,2026-07-05T10:01:31+08:00
ORD00110643,M006357,P00152,app,paid,3,TWD,128437.0,700.0,2026-07-03T01:54:44+08:00,2026-08-26,2026-07-03T12:45:44+08:00
ORD00110267,M000435,P00021,app,paid,1,TWD,191786.0,800.0,2026-07-03T21:03:12+08:00,2026-09-20,2026-07-04T20:57:12+08:00
ORD00108465,M000292,P00139,app,created,1,JPY,574206.0,500.0,2026-07-03T16:48:02+08:00,2026-07-18,2026-07-04T18:04:02+08:00
ORD00110944,M004500,P00230,app,paid,3,USD,17687.08,650.0,2026-07-03T12:58:56+08:00,2026-10-03,2026-07-04T13:10:56+08:00
ORD00111309,M006520,P00141,電銷,paid,4,TWD,253839.0,450.0,2026-07-03T13:47:34+08:00,2026-07-12,2026-07-06T01:49:34+08:00
ORD00108666,M001006,P00046,web,paid,4,TWD,272534.0,600.0,2026-07-03T08:59:38+08:00,2026-10-27,2026-07-03T11:44:38+08:00
ORD00110811,M004853,P00265,app,paid,3,TWD,531688.0,700.0,2026-07-03T07:37:20+08:00,2026-08-01,2026-07-05T16:52:20+08:00
ORD00099985,M007877,P00080,app,cancelled,4,JPY,3285205.0,750.0,2026-05-27T20:13:26+08:00,2026-07-22,2026-07-03T00:56:24+08:00
ORD00109230,M007982,P00274,app,paid,3,TWD,250114.0,350.0,2026-07-03T09:31:54+08:00,2026-07-22,2026-07-05T12:51:54+08:00
ORD00109500,M005088,P00188,app,paid,1,JPY,231530.0,700.0,2026-07-03T22:44:25+08:00,2026-08-24,2026-07-06T14:22:25+08:00
ORD00109304,M007496,P00143,門市,created,2,TWD,16785.0,250.0,2026-07-03T02:22:46+08:00,2026-10-29,2026-07-04T10:49:46+08:00
ORD00109030,M000069,P00200,門市,paid,4,TWD,630550.0,700.0,2026-07-03T08:00:35+08:00,2026-08-18,2026-07-04T17:06:35+08:00
ORD00110959,M004240,P00157,門市,paid,1,TWD,85612.0,700.0,2026-07-03T03:25:25+08:00,2026-10-16,2026-07-05T13:18:25+08:00
ORD00109598,M000941,P00179,web,paid,3,TWD,429614.0,500.0,2026-07-03T19:12:43+08:00,2026-10-03,2026-07-04T16:10:43+08:00
ORD00081046,M001735,P00018,門市,completed,3,TWD,463288.0,800.0,2026-06-13T03:58:50+08:00,2026-07-22,2026-07-03T07:06:41+08:00
ORD00108141,M001571,P00158,電銷,paid,2,TWD,91432.0,850.0,2026-07-03T14:12:41+08:00,2026-09-03,2026-07-04T11:39:41+08:00
ORD00110388,M007016,P00182,web,paid,1,TWD,7498.0,950.0,2026-07-03T17:28:59+08:00,2026-09-01,2026-07-04T07:05:59+08:00
ORD00110302,M005473,P00040,電銷,paid,1,USD,2588.08,100.0,2026-07-03T08:42:26+08:00,2026-07-14,2026-07-04T22:17:26+08:00
ORD00109839,M004061,P00062,web,paid,2,USD,5770.86,600.0,2026-07-03T09:16:22+08:00,2026-07-23,2026-07-05T06:38:22+08:00
ORD00053551,M003747,P00030,門市,cancelled,4,TWD,641876.0,250.0,2026-06-20T08:02:14+08:00,2026-06-27,2026-07-03T17:22:47+08:00
ORD00111699,M007503,P00161,門市,paid,1,JPY,1072995.0,950.0,2026-07-03T12:37:39+08:00,2026-08-05,2026-07-03T16:07:39+08:00
ORD00111622,M005344,P00002,電銷,paid,4,TWD,285588.0,0.0,2026-07-03T18:11:14+08:00,2026-09-06,2026-07-05T21:05:14+08:00
ORD00108764,M005333,P00071,web,created,3,TWD,138862.0,0.0,2026-07-03T17:27:26+08:00,2026-07-24,2026-07-04T09:58:26+08:00
ORD00109189,M006657,P00007,web,created,2,USD,3175.93,800.0,2026-07-03T15:12:05+08:00,2026-10-04,2026-07-05T22:51:05+08:00
ORD00111480,M007433,P00127,web,paid,2,TWD,100793.0,700.0,2026-07-03T16:39:12+08:00,2026-10-20,2026-07-04T07:10:12+08:00
ORD00111534,M003253,P00099,門市,paid,2,TWD,254580.0,750.0,2026-07-03T19:17:14+08:00,2026-08-10,2026-07-05T11:20:14+08:00
ORD00109526,M005773,P00292,web,created,2,JPY,1414674.0,600.0,2026-07-03T12:22:46+08:00,2026-09-23,2026-07-03T14:43:46+08:00
ORD00109149,M001195,P00083,門市,paid,1,TWD,163904.0,750.0,2026-07-03T04:53:48+08:00,2026-08-29,2026-07-05T03:54:48+08:00
ORD00111737,M001324,P00283,電銷,created,1,TWD,22720.0,200.0,2026-07-03T09:49:14+08:00,2026-08-29,2026-07-05T09:08:14+08:00
ORD00111555,M003818,P00206,門市,paid,2,TWD,394427.0,900.0,2026-07-03T01:47:20+08:00,2026-07-22,2026-07-03T21:50:20+08:00
ORD00091934,M005460,P00020,門市,completed,1,JPY,269623.0,900.0,2026-05-03T18:57:56+08:00,2026-07-16,2026-07-03T09:08:30+08:00
ORD00108071,M007008,P00286,app,paid,1,USD,4768.91,450.0,2026-07-03T06:32:39+08:00,2026-10-29,2026-07-03T10:03:39+08:00
ORD00108140,M005998,P00264,web,paid,3,USD,837.61,900.0,2026-07-03T01:06:24+08:00,2026-10-07,2026-07-04T00:23:24+08:00
ORD00109954,M004927,P00011,電銷,created,4,TWD,580347.0,950.0,2026-07-03T12:26:17+08:00,2026-07-25,2026-07-04T18:14:17+08:00
ORD00110108,M003443,P00140,app,created,2,TWD,74319.0,0.0,2026-07-03T17:31:09+08:00,2026-08-28,2026-07-04T04:12:09+08:00
ORD00110476,M002937,P00169,電銷,paid,4,USD,5081.32,750.0,2026-07-03T04:39:18+08:00,2026-07-16,2026-07-05T02:22:18+08:00
ORD00110969,M007285,P00285,門市,paid,2,TWD,188297.0,200.0,2026-07-03T16:41:23+08:00,2026-08-05,2026-07-04T13:53:23+08:00
ORD00082214,M004385,P00051,電銷,completed,2,TWD,347234.0,900.0,2026-05-07T19:07:51+08:00,2026-07-20,2026-07-03T23:04:52+08:00
ORD00108587,M006744,P00127,app,created,2,TWD,127966.0,350.0,2026-07-03T01:14:57+08:00,2026-08-13,2026-07-04T01:36:57+08:00
ORD00111355,M005201,P00061,web,paid,3,TWD,540621.0,600.0,2026-07-03T01:39:56+08:00,2026-08-08,2026-07-05T15:46:56+08:00
ORD00110352,M005914,P00012,web,paid,3,TWD,278174.0,250.0,2026-07-03T19:53:52+08:00,2026-07-21,2026-07-06T11:20:52+08:00
ORD00109851,M003582,P00247,app,paid,1,USD,4563.77,600.0,2026-07-03T17:17:06+08:00,2026-10-06,2026-07-03T18:13:06+08:00
ORD00110700,M006460,P00078,門市,paid,4,TWD,480992.0,0.0,2026-07-03T18:17:18+08:00,2026-09-24,2026-07-05T05:54:18+08:00
ORD00108485,M007913,P00040,電銷,paid,2,TWD,147056.0,600.0,2026-07-03T10:00:29+08:00,2026-07-29,2026-07-04T20:59:29+08:00
ORD00108655,M004048,P00284,app,paid,3,TWD,420149.0,450.0,2026-07-03T02:54:48+08:00,2026-08-11,2026-07-03T22:26:48+08:00
ORD00111685,M000345,P00032,門市,paid,2,TWD,254430.0,550.0,2026-07-03T13:31:27+08:00,2026-10-05,2026-07-03T16:21:27+08:00
ORD00108661,M000024,P00077,app,created,3,TWD,629845.0,900.0,2026-07-03T17:03:03+08:00,2026-09-05,2026-07-03T18:13:03+08:00
ORD00108817,M002988,P00002,web,paid,4,USD,8272.17,100.0,2026-07-03T03:37:52+08:00,2026-09-12,2026-07-05T22:16:52+08:00
ORD00110692,M004628,P00272,電銷,paid,3,JPY,1868260.0,800.0,2026-07-03T15:33:33+08:00,2026-08-12,2026-07-06T01:20:33+08:00
ORD00108504,M007311,P00281,電銷,created,2,USD,11113.21,700.0,2026-07-03T16:49:53+08:00,2026-09-11,2026-07-05T20:20:53+08:00
ORD00111697,M001721,P00292,web,paid,2,JPY,1849457.0,700.0,2026-07-03T01:17:24+08:00,2026-07-13,2026-07-05T11:26:24+08:00
ORD00109838,M006426,P00168,web,paid,3,TWD,447302.0,900.0,2026-07-03T01:52:43+08:00,2026-09-02,2026-07-03T20:06:43+08:00
ORD00110337,M004047,P00169,電銷,created,3,TWD,108189.0,750.0,2026-07-03T10:17:45+08:00,2026-07-28,2026-07-05T13:38:45+08:00
ORD00111040,M006258,P00112,門市,created,2,TWD,17262.0,0.0,2026-07-03T06:27:45+08:00,2026-08-25,2026-07-03T11:27:45+08:00
ORD00040122,M000201,P00259,門市,cancelled,2,USD,7074.37,300.0,2026-05-30T08:59:39+08:00,2026-09-15,2026-07-03T23:43:22+08:00
ORD00109768,M006859,P00231,電銷,created,2,JPY,1738827.0,950.0,2026-07-03T03:54:27+08:00,2026-08-26,2026-07-05T21:51:27+08:00
ORD00111754,M006319,P00298,電銷,paid,1,TWD,128478.0,950.0,2026-07-03T09:24:32+08:00,2026-09-30,2026-07-05T12:54:32+08:00
ORD00111502,M007406,P00245,門市,paid,2,TWD,288502.0,550.0,2026-07-03T02:43:11+08:00,2026-09-10,2026-07-04T06:52:11+08:00
ORD00109562,M002656,P00209,app,paid,2,TWD,164438.0,850.0,2026-07-03T07:17:56+08:00,2026-10-18,2026-07-04T12:50:56+08:00
ORD00111038,M003717,P00161,web,paid,1,USD,7164.5,450.0,2026-07-03T16:27:35+08:00,2026-09-27,2026-07-05T03:33:35+08:00
ORD00109524,M004481,P00287,web,paid,4,TWD,571664.0,700.0,2026-07-03T23:44:54+08:00,2026-10-22,2026-07-04T21:15:54+08:00
ORD00109776,M002474,P00174,app,created,4,TWD,83127.0,650.0,2026-07-03T08:08:49+08:00,2026-08-31,2026-07-03T23:18:49+08:00
ORD00109025,M002380,P00012,門市,created,3,TWD,223805.0,600.0,2026-07-03T07:08:50+08:00,2026-10-05,2026-07-03T13:38:50+08:00
ORD00077853,M005537,P00099,web,cancelled,2,USD,9444.43,250.0,2026-05-05T02:23:54+08:00,2026-06-24,2026-07-03T16:02:32+08:00
ORD00110891,M003359,P00142,電銷,paid,1,TWD,194031.0,300.0,2026-07-03T10:53:16+08:00,2026-10-15,2026-07-04T13:38:16+08:00
ORD00111673,M003615,P00294,門市,paid,3,TWD,398643.0,900.0,2026-07-03T05:01:07+08:00,2026-08-17,2026-07-04T03:50:07+08:00
ORD00108671,M001285,P00189,電銷,created,2,TWD,188616.0,300.0,2026-07-03T11:41:18+08:00,2026-07-18,2026-07-04T10:00:18+08:00
ORD00111218,M007530,P00015,app,paid,1,TWD,55506.0,450.0,2026-07-03T17:59:10+08:00,2026-08-24,2026-07-06T09:59:10+08:00
ORD00111681,M006396,P00016,web,paid,1,TWD,81618.0,600.0,2026-07-03T20:45:05+08:00,2026-09-29,2026-07-03T22:07:05+08:00
ORD00111216,M002704,P00180,web,created,2,TWD,212270.0,700.0,2026-07-03T09:11:28+08:00,2026-08-25,2026-07-04T12:22:28+08:00
ORD00108200,M000469,P00264,門市,created,4,TWD,43797.0,50.0,2026-07-03T12:56:24+08:00,2026-07-23,2026-07-04T03:15:24+08:00
ORD00111551,M005057,P00046,門市,created,3,JPY,820773.0,800.0,2026-07-03T21:43:15+08:00,2026-08-29,2026-07-06T01:18:15+08:00
ORD00108128,M006112,P00200,電銷,created,1,TWD,145794.0,600.0,2026-07-03T16:30:01+08:00,2026-07-25,2026-07-04T12:34:01+08:00
ORD00110845,M003199,P00019,app,paid,3,TWD,284761.0,800.0,2026-07-03T04:18:07+08:00,2026-10-15,2026-07-03T22:37:07+08:00
ORD00110672,M000934,P00101,電銷,paid,3,TWD,154082.0,850.0,2026-07-03T21:31:36+08:00,2026-09-28,2026-07-06T15:25:36+08:00
ORD00111069,M004957,P00299,app,created,1,TWD,25352.0,400.0,2026-07-03T07:29:49+08:00,2026-08-29,2026-07-03T10:16:49+08:00
ORD00109600,M006409,P00103,web,paid,3,USD,1817.1,350.0,2026-07-03T19:50:38+08:00,2026-09-11,2026-07-05T05:27:38+08:00
ORD00109188,M006437,P00194,門市,created,1,TWD,84311.0,800.0,2026-07-03T02:48:09+08:00,2026-09-30,2026-07-05T02:24:09+08:00
ORD00011072,M002660,P00194,電銷,cancelled,3,TWD,229011.0,950.0,2026-05-26T18:12:19+08:00,2026-07-25,2026-07-03T05:55:41+08:00
ORD00110682,M004913,P00244,門市,paid,3,TWD,150149.0,600.0,2026-07-03T23:05:03+08:00,2026-09-05,2026-07-04T22:27:03+08:00
ORD00111758,M001162,P00074,app,created,2,TWD,335833.0,850.0,2026-07-03T10:12:15+08:00,2026-07-29,2026-07-05T16:13:15+08:00
ORD00111797,M000942,P00095,app,created,3,TWD,651433.0,100.0,2026-07-03T08:30:22+08:00,2026-08-20,2026-07-04T17:53:22+08:00
ORD00108843,M006917,P00220,web,paid,1,TWD,35332.0,0.0,2026-07-03T22:34:28+08:00,2026-08-12,2026-07-04T18:03:28+08:00
ORD00109492,M004425,P00033,電銷,paid,4,USD,19070.43,400.0,2026-07-03T00:02:22+08:00,2026-08-17,2026-07-05T01:42:22+08:00
ORD00108313,M002676,P00046,門市,paid,3,TWD,227091.0,150.0,2026-07-03T13:17:10+08:00,2026-09-20,2026-07-04T19:28:10+08:00
ORD00111875,M006337,P00219,app,created,3,JPY,1670943.0,250.0,2026-07-03T06:17:43+08:00,2026-07-19,2026-07-04T15:29:43+08:00
ORD00108701,M005558,P00021,門市,paid,2,TWD,441634.0,200.0,2026-07-03T05:18:32+08:00,2026-07-29,2026-07-05T18:46:32+08:00
ORD00110294,M002843,P00104,app,paid,3,TWD,10922.0,150.0,2026-07-03T04:27:15+08:00,2026-08-09,2026-07-04T06:53:15+08:00
ORD00108231,M002262,P00025,web,paid,4,USD,21154.83,250.0,2026-07-03T23:15:08+08:00,2026-09-06,2026-07-04T12:43:08+08:00
ORD00108896,M005096,P00054,app,paid,3,USD,15456.66,900.0,2026-07-03T21:42:31+08:00,2026-08-23,2026-07-05T09:23:31+08:00
ORD00111369,M005237,P00179,門市,paid,4,TWD,535146.0,0.0,2026-07-03T03:46:35+08:00,2026-08-14,2026-07-03T19:56:35+08:00
ORD00111522,M006967,P00171,門市,created,1,TWD,76593.0,350.0,2026-07-03T06:46:41+08:00,2026-09-13,2026-07-04T19:17:41+08:00
ORD00111399,M000980,P00200,app,paid,2,USD,10257.13,350.0,2026-07-03T19:29:07+08:00,2026-09-24,2026-07-05T01:18:07+08:00
ORD00111881,M004969,P00060,門市,paid,1,TWD,149853.0,350.0,2026-07-03T15:57:12+08:00,2026-08-09,2026-07-05T15:24:12+08:00
ORD00108440,M005613,P00212,門市,created,2,TWD,57692.0,400.0,2026-07-03T05:11:47+08:00,2026-10-06,2026-07-05T14:46:47+08:00
ORD00111751,M000297,P00034,app,paid,1,TWD,24128.0,250.0,2026-07-03T17:35:46+08:00,2026-08-22,2026-07-04T23:55:46+08:00
ORD00108729,M001995,P00067,門市,paid,4,TWD,480600.0,50.0,2026-07-03T05:28:58+08:00,2026-10-15,2026-07-03T21:07:58+08:00
ORD00110550,M007745,P00072,app,paid,3,TWD,52259.0,800.0,2026-07-03T02:08:36+08:00,2026-07-20,2026-07-05T20:40:36+08:00
ORD00108965,M001679,P00247,web,paid,1,TWD,148554.0,0.0,2026-07-03T13:01:13+08:00,2026-09-07,2026-07-04T06:40:13+08:00
ORD00045009,M000716,P00196,電銷,completed,4,TWD,183975.0,850.0,2026-05-13T18:33:00+08:00,2026-07-16,2026-07-03T04:04:46+08:00
ORD00110099,M006063,P00177,電銷,paid,3,USD,2303.74,750.0,2026-07-03T06:52:55+08:00,2026-09-25,2026-07-03T06:59:55+08:00
ORD00110491,M004265,P00035,門市,paid,1,TWD,217709.0,550.0,2026-07-03T01:03:31+08:00,2026-07-14,2026-07-03T23:32:31+08:00
ORD00110717,M005050,P00228,web,paid,4,TWD,410886.0,0.0,2026-07-03T21:26:04+08:00,2026-09-16,2026-07-04T10:26:04+08:00
ORD00108682,M002413,P00298,web,paid,2,TWD,188459.0,900.0,2026-07-03T21:34:47+08:00,2026-08-27,2026-07-06T02:19:47+08:00
ORD00108681,M004527,P00033,web,created,3,USD,14265.28,950.0,2026-07-03T06:35:29+08:00,2026-07-11,2026-07-04T22:27:29+08:00
ORD00109912,M002723,P00028,web,created,2,TWD,183363.0,700.0,2026-07-03T18:13:23+08:00,2026-10-15,2026-07-05T09:11:23+08:00
ORD00108176,M001799,P00235,電銷,created,1,JPY,295995.0,400.0,2026-07-03T07:26:25+08:00,2026-10-25,2026-07-05T07:50:25+08:00
ORD00111847,M004896,P00077,web,paid,1,USD,6587.97,450.0,2026-07-03T16:58:39+08:00,2026-10-23,2026-07-05T00:15:39+08:00
ORD00109845,M002481,P00034,web,paid,4,TWD,77985.0,800.0,2026-07-03T00:17:28+08:00,2026-09-13,2026-07-05T07:54:28+08:00
ORD00108888,M005994,P00230,門市,created,3,USD,19221.93,450.0,2026-07-03T04:08:05+08:00,2026-07-22,2026-07-05T04:12:05+08:00
ORD00110009,M002939,P00157,web,paid,1,TWD,72395.0,150.0,2026-07-03T10:51:42+08:00,2026-09-12,2026-07-04T01:51:42+08:00
ORD00108726,M003141,P00066,app,paid,1,USD,5264.52,950.0,2026-07-03T22:08:38+08:00,2026-09-28,2026-07-04T12:15:38+08:00
ORD00110642,M003370,P00248,app,paid,4,TWD,94125.0,950.0,2026-07-03T03:28:35+08:00,2026-08-30,2026-07-03T13:37:35+08:00
ORD00108153,M000249,P00053,門市,paid,4,TWD,279120.0,0.0,2026-07-03T16:00:48+08:00,2026-08-12,2026-07-05T01:27:48+08:00
ORD00109330,M002895,P00156,app,paid,4,JPY,2930075.0,0.0,2026-07-03T15:01:47+08:00,2026-08-18,2026-07-03T17:33:47+08:00
ORD00110946,M000924,P00283,web,paid,4,TWD,97857.0,900.0,2026-07-03T05:37:07+08:00,2026-08-22,2026-07-03T21:20:07+08:00
ORD00108277,M006361,P00193,web,paid,4,JPY,2943040.0,700.0,2026-07-03T16:13:48+08:00,2026-10-14,2026-07-05T07:57:48+08:00
ORD00110675,M003968,P00296,電銷,created,3,TWD,23236.0,300.0,2026-07-03T02:34:34+08:00,2026-10-10,2026-07-04T03:32:34+08:00
ORD00109278,M006504,P00056,電銷,paid,2,TWD,178488.0,450.0,2026-07-03T23:43:25+08:00,2026-10-16,2026-07-06T15:22:25+08:00
ORD00111127,M000855,P00168,電銷,paid,3,TWD,512800.0,0.0,2026-07-03T09:03:45+08:00,2026-10-11,2026-07-05T21:36:45+08:00
ORD00077183,M006242,P00077,web,cancelled,2,TWD,371810.0,700.0,2026-05-04T07:01:40+08:00,2026-08-12,2026-07-03T06:46:34+08:00
ORD00111999,M005953,P00082,電銷,created,3,TWD,472938.0,600.0,2026-07-03T22:01:15+08:00,2026-07-31,2026-07-05T17:14:15+08:00
ORD00110428,M001820,P00076,電銷,paid,2,TWD,6997.0,150.0,2026-07-03T00:29:00+08:00,2026-10-26,2026-07-03T13:24:00+08:00
ORD00109191,M006039,P00271,app,paid,1,TWD,27589.0,100.0,2026-07-03T14:04:35+08:00,2026-08-01,2026-07-04T13:53:35+08:00
ORD00040262,M004722,P00112,門市,completed,2,TWD,19755.0,500.0,2026-06-12T23:55:13+08:00,2026-06-25,2026-07-03T20:31:22+08:00
ORD00111382,M001916,P00068,門市,created,3,TWD,243655.0,800.0,2026-07-03T04:03:38+08:00,2026-08-31,2026-07-05T08:49:38+08:00
ORD00108235,M006746,P00231,app,paid,4,TWD,660163.0,500.0,2026-07-03T23:34:53+08:00,2026-07-13,2026-07-05T04:57:53+08:00
ORD00108971,M000720,P00140,電銷,paid,1,TWD,53744.0,750.0,2026-07-03T00:21:33+08:00,2026-09-17,2026-07-04T03:05:33+08:00
ORD00111407,M006197,P00139,app,paid,1,TWD,134294.0,50.0,2026-07-03T14:22:23+08:00,2026-09-08,2026-07-04T12:17:23+08:00
ORD00108097,M003398,P00082,電銷,created,4,TWD,796968.0,500.0,2026-07-03T12:53:59+08:00,2026-07-12,2026-07-05T16:10:59+08:00
ORD00111620,M001006,P00214,電銷,paid,2,TWD,303823.0,150.0,2026-07-03T19:11:00+08:00,2026-08-21,2026-07-06T00:42:00+08:00
ORD00108132,M006712,P00048,app,paid,4,USD,13857.51,300.0,2026-07-03T15:57:51+08:00,2026-08-04,2026-07-04T09:30:51+08:00
ORD00110416,M005244,P00288,app,paid,2,TWD,24969.0,550.0,2026-07-03T10:44:18+08:00,2026-07-22,2026-07-05T16:19:18+08:00
ORD00111144,M007411,P00093,電銷,paid,2,USD,6135.8,650.0,2026-07-03T22:12:13+08:00,2026-09-05,2026-07-04T16:26:13+08:00
ORD00077470,M003938,P00074,web,completed,3,USD,16185.42,850.0,2026-05-07T02:03:17+08:00,2026-08-02,2026-07-03T02:16:06+08:00
ORD00111623,M002881,P00067,門市,paid,2,JPY,946899.0,850.0,2026-07-03T08:58:23+08:00,2026-08-04,2026-07-04T07:41:23+08:00
ORD00108663,M004718,P00050,app,paid,2,USD,167.07,100.0,2026-07-03T19:28:52+08:00,2026-09-24,2026-07-05T02:54:52+08:00
ORD00109257,M002319,P00087,web,paid,3,TWD,676198.0,550.0,2026-07-03T07:23:59+08:00,2026-09-04,2026-07-04T00:45:59+08:00
ORD00055418,M002138,P00227,電銷,cancelled,1,JPY,638515.0,950.0,2026-06-17T05:09:15+08:00,2026-10-13,2026-07-03T10:24:41+08:00
ORD00108404,M007889,P00066,電銷,paid,3,TWD,544592.0,800.0,2026-07-03T17:48:32+08:00,2026-07-11,2026-07-03T19:33:32+08:00
ORD00109953,M003430,P00199,門市,paid,4,TWD,25376.0,100.0,2026-07-03T00:18:50+08:00,2026-09-19,2026-07-04T14:35:50+08:00
ORD00092746,M003811,P00057,門市,cancelled,4,TWD,401195.0,900.0,2026-06-29T01:09:29+08:00,2026-09-15,2026-07-03T19:44:20+08:00
ORD00111520,M002427,P00252,門市,paid,2,USD,3940.19,350.0,2026-07-03T20:59:58+08:00,2026-08-16,2026-07-05T17:46:58+08:00
ORD00108728,M006628,P00005,電銷,created,2,TWD,166319.0,550.0,2026-07-03T01:23:33+08:00,2026-10-07,2026-07-03T18:17:33+08:00
ORD00111788,M007592,P00286,web,paid,1,USD,4427.73,0.0,2026-07-03T04:39:56+08:00,2026-09-08,2026-07-05T04:43:56+08:00
ORD00110735,M000175,P00159,app,paid,1,USD,1532.96,900.0,2026-07-03T07:31:19+08:00,2026-10-24,2026-07-05T12:23:19+08:00
ORD00110756,M002864,P00086,web,created,3,TWD,50127.0,550.0,2026-07-03T20:40:00+08:00,2026-08-11,2026-07-05T20:59:00+08:00
ORD00108944,M004645,P00092,web,paid,2,USD,10018.38,150.0,2026-07-03T06:03:03+08:00,2026-07-21,2026-07-05T18:48:03+08:00
ORD00109115,M007398,P00219,app,paid,4,JPY,1921377.0,500.0,2026-07-03T08:14:17+08:00,2026-07-10,2026-07-03T16:12:17+08:00
ORD00111075,M006171,P00156,電銷,created,4,USD,20611.18,700.0,2026-07-03T12:03:00+08:00,2026-09-02,2026-07-05T21:14:00+08:00
ORD00037458,M005689,P00220,電銷,cancelled,4,USD,4879.52,500.0,2026-05-05T19:35:42+08:00,2026-06-29,2026-07-03T21:09:13+08:00
ORD00111287,M001488,P00194,web,paid,3,USD,7731.09,350.0,2026-07-03T11:30:56+08:00,2026-08-15,2026-07-05T19:45:56+08:00
ORD00014656,M006008,P00141,app,cancelled,4,TWD,342158.0,350.0,2026-06-02T22:36:08+08:00,2026-08-09,2026-07-03T09:43:21+08:00
ORD00017708,M002297,P00233,web,cancelled,2,USD,5488.34,800.0,2026-05-06T03:10:34+08:00,2026-07-28,2026-07-03T06:00:18+08:00
ORD00109024,M000131,P00112,門市,created,2,TWD,15457.0,750.0,2026-07-03T05:07:46+08:00,2026-09-01,2026-07-05T05:13:46+08:00
ORD00110724,M004881,P00290,app,created,1,TWD,114006.0,550.0,2026-07-03T07:06:40+08:00,2026-10-10,2026-07-05T18:59:40+08:00
ORD00111607,M006099,P00191,電銷,paid,3,USD,12817.82,250.0,2026-07-03T09:10:56+08:00,2026-07-10,2026-07-03T17:14:56+08:00
ORD00108815,M004148,P00091,門市,created,2,TWD,206809.0,350.0,2026-07-03T16:33:20+08:00,2026-08-19,2026-07-06T05:30:20+08:00
ORD00109740,M006365,P00170,web,created,1,TWD,54695.0,900.0,2026-07-03T00:14:36+08:00,2026-10-14,2026-07-05T05:09:36+08:00
ORD00108373,M000654,P00056,web,created,2,TWD,177242.0,0.0,2026-07-03T03:29:25+08:00,2026-10-11,2026-07-04T21:39:25+08:00
ORD00108922,M003371,P00059,門市,created,1,TWD,104002.0,150.0,2026-07-03T22:02:23+08:00,2026-07-22,2026-07-05T17:16:23+08:00
ORD00109074,M006789,P00243,電銷,paid,1,TWD,175198.0,0.0,2026-07-03T02:26:05+08:00,2026-09-19,2026-07-04T18:18:05+08:00
ORD00109741,M003061,P00050,門市,paid,3,TWD,7991.0,600.0,2026-07-03T21:57:39+08:00,2026-09-01,2026-07-04T03:12:39+08:00
ORD00109915,M005003,P00051,電銷,paid,1,TWD,174227.0,150.0,2026-07-03T06:45:30+08:00,2026-08-21,2026-07-05T13:11:30+08:00
ORD00108643,M004352,P00201,app,paid,2,JPY,1074902.0,250.0,2026-07-03T23:22:43+08:00,2026-07-23,2026-07-06T07:17:43+08:00
ORD00108051,M004588,P00044,web,paid,4,TWD,181443.0,150.0,2026-07-03T09:38:50+08:00,2026-08-01,2026-07-05T23:19:50+08:00
ORD00111415,M003358,P00249,門市,created,2,TWD,130590.0,150.0,2026-07-03T21:51:05+08:00,2026-09-12,2026-07-06T15:52:05+08:00
ORD00110237,M003901,P00159,web,paid,2,JPY,409188.0,100.0,2026-07-03T16:23:13+08:00,2026-07-20,2026-07-06T06:01:13+08:00
ORD00109591,M006108,P00215,門市,paid,1,TWD,46461.0,500.0,2026-07-03T14:15:07+08:00,2026-07-30,2026-07-06T02:51:07+08:00
ORD00110062,M000044,P00277,電銷,paid,1,TWD,138706.0,900.0,2026-07-03T21:13:50+08:00,2026-10-26,2026-07-05T14:13:50+08:00
ORD00108101,M002723,P00275,電銷,paid,1,TWD,99085.0,250.0,2026-07-03T21:23:24+08:00,2026-08-12,2026-07-04T01:33:24+08:00
ORD00111762,M006992,P00153,web,created,2,TWD,143439.0,250.0,2026-07-03T18:30:21+08:00,2026-08-06,2026-07-04T13:50:21+08:00
ORD00110551,M003650,P00282,web,paid,3,TWD,626137.0,150.0,2026-07-03T02:35:05+08:00,2026-10-16,2026-07-04T01:46:05+08:00
ORD00111807,M003857,P00025,web,paid,1,TWD,176789.0,250.0,2026-07-03T13:24:26+08:00,2026-09-13,2026-07-04T08:21:26+08:00
ORD00109647,M000756,P00126,電銷,paid,3,TWD,92873.0,850.0,2026-07-03T03:14:52+08:00,2026-10-25,2026-07-04T23:57:52+08:00
ORD00111739,M002645,P00171,電銷,paid,3,TWD,191360.0,800.0,2026-07-03T11:07:57+08:00,2026-10-07,2026-07-04T14:42:57+08:00
ORD00109874,M006336,P00293,web,paid,3,TWD,177373.0,500.0,2026-07-03T23:02:32+08:00,2026-09-09,2026-07-06T17:03:32+08:00
ORD00108924,M001245,P00145,web,paid,1,TWD,97992.0,150.0,2026-07-03T14:32:06+08:00,2026-08-08,2026-07-03T18:20:06+08:00
ORD00111230,M002239,P00026,電銷,paid,1,TWD,119009.0,250.0,2026-07-03T00:39:41+08:00,2026-09-04,2026-07-05T11:30:41+08:00
ORD00110356,M007571,P00052,app,created,1,USD,2751.2,950.0,2026-07-03T19:42:06+08:00,2026-07-11,2026-07-04T01:40:06+08:00
ORD00111609,M002979,P00153,電銷,paid,2,USD,5910.08,200.0,2026-07-03T16:08:31+08:00,2026-09-13,2026-07-06T04:53:31+08:00
ORD00110992,M005807,P00063,電銷,paid,3,TWD,516358.0,750.0,2026-07-03T06:02:33+08:00,2026-10-29,2026-07-06T00:21:33+08:00
ORD00110631,M004635,P00032,web,paid,1,TWD,112706.0,850.0,2026-07-03T12:23:10+08:00,2026-07-21,2026-07-05T15:59:10+08:00
ORD00108519,M004299,P00141,門市,created,3,TWD,259193.0,350.0,2026-07-03T19:15:59+08:00,2026-08-01,2026-07-06T07:01:59+08:00
ORD00108977,M005585,P00237,web,paid,1,TWD,171267.0,200.0,2026-07-03T20:16:22+08:00,2026-09-28,2026-07-04T01:18:22+08:00
ORD00109259,M005017,P00131,web,paid,1,TWD,231494.0,450.0,2026-07-03T16:37:01+08:00,2026-08-02,2026-07-03T21:02:01+08:00
ORD00018908,M004040,P00016,門市,completed,2,JPY,938913.0,400.0,2026-05-21T22:10:20+08:00,2026-07-22,2026-07-03T03:29:09+08:00
ORD00109726,M000097,P00083,web,created,3,USD,15253.4,650.0,2026-07-03T20:23:59+08:00,2026-08-02,2026-07-03T22:01:59+08:00
ORD00111098,M006739,P00228,web,created,4,JPY,2849850.0,750.0,2026-07-03T23:14:02+08:00,2026-10-12,2026-07-05T05:54:02+08:00
ORD00111329,M007277,P00049,app,paid,1,TWD,16721.0,250.0,2026-07-03T07:44:21+08:00,2026-08-26,2026-07-05T05:31:21+08:00
ORD00046726,M006050,P00110,web,completed,4,TWD,639350.0,150.0,2026-05-15T05:32:44+08:00,2026-08-16,2026-07-03T06:45:25+08:00
ORD00036533,M005633,P00077,app,cancelled,3,TWD,618270.0,750.0,2026-06-03T20:29:54+08:00,2026-06-11,2026-07-03T17:30:23+08:00
ORD00111266,M003269,P00081,門市,paid,2,USD,8607.68,50.0,2026-07-03T08:21:13+08:00,2026-09-03,2026-07-03T16:34:13+08:00
ORD00109701,M004454,P00068,app,created,2,JPY,810190.0,600.0,2026-07-03T18:30:03+08:00,2026-07-20,2026-07-05T21:57:03+08:00
ORD00008604,M007729,P00215,門市,completed,2,TWD,92429.0,50.0,2026-05-19T03:53:49+08:00,2026-09-02,2026-07-03T09:20:22+08:00
ORD00111346,M002238,P00296,電銷,paid,1,JPY,31947.0,450.0,2026-07-03T11:41:03+08:00,2026-08-29,2026-07-06T01:47:03+08:00
ORD00111014,M003115,P00127,web,created,2,JPY,523901.0,200.0,2026-07-03T18:09:05+08:00,2026-07-21,2026-07-05T17:27:05+08:00
ORD00109901,M005671,P00040,門市,paid,4,TWD,347555.0,950.0,2026-07-03T18:19:12+08:00,2026-09-22,2026-07-04T04:11:12+08:00
ORD00109558,M002940,P00205,門市,paid,1,USD,270.67,150.0,2026-07-03T01:27:16+08:00,2026-07-24,2026-07-03T13:50:16+08:00
ORD00108089,M006023,P00057,web,paid,4,TWD,515856.0,750.0,2026-07-03T00:34:41+08:00,2026-09-09,2026-07-04T20:57:41+08:00
ORD00108602,M001671,P00216,電銷,paid,1,TWD,11584.0,100.0,2026-07-03T12:40:56+08:00,2026-08-15,2026-07-03T19:42:56+08:00
ORD00098371,M006592,P00148,電銷,cancelled,3,USD,2995.18,850.0,2026-06-20T07:42:17+08:00,2026-10-03,2026-07-03T10:01:23+08:00
ORD00111151,M001001,P00084,電銷,created,4,JPY,1027124.0,500.0,2026-07-03T16:16:31+08:00,2026-09-19,2026-07-05T07:18:31+08:00
ORD00043160,M007074,P00256,web,cancelled,4,JPY,3947363.0,700.0,2026-06-29T19:43:14+08:00,2026-09-10,2026-07-03T07:55:18+08:00
ORD00109506,M003126,P00174,電銷,paid,1,TWD,22515.0,500.0,2026-07-03T16:18:31+08:00,2026-10-29,2026-07-03T18:56:31+08:00
ORD00111546,M001552,P00116,電銷,paid,1,TWD,70083.0,600.0,2026-07-03T06:58:11+08:00,2026-10-28,2026-07-04T20:43:11+08:00
ORD00109082,M002723,P00227,web,paid,2,USD,7518.71,350.0,2026-07-03T01:25:14+08:00,2026-10-04,2026-07-04T07:41:14+08:00
ORD00108598,M007508,P00170,電銷,created,1,TWD,65190.0,600.0,2026-07-03T16:50:07+08:00,2026-09-21,2026-07-06T10:29:07+08:00
ORD00109910,M004246,P00088,電銷,paid,4,TWD,342783.0,750.0,2026-07-03T11:18:56+08:00,2026-07-20,2026-07-05T14:33:56+08:00
ORD00110564,M000177,P00238,門市,created,4,JPY,1607025.0,250.0,2026-07-03T06:15:59+08:00,2026-08-24,2026-07-03T22:25:59+08:00
ORD00111058,M000823,P00049,門市,paid,3,TWD,63112.0,200.0,2026-07-03T23:36:17+08:00,2026-10-12,2026-07-05T15:46:17+08:00
ORD00110066,M005911,P00038,電銷,created,4,TWD,87343.0,850.0,2026-07-03T15:33:16+08:00,2026-09-08,2026-07-03T18:39:16+08:00
ORD00108496,M007426,P00103,電銷,created,2,TWD,51580.0,50.0,2026-07-03T07:59:28+08:00,2026-09-03,2026-07-03T23:39:28+08:00
ORD00109275,M000541,P00284,電銷,paid,2,TWD,298888.0,0.0,2026-07-03T15:53:52+08:00,2026-08-07,2026-07-06T02:53:52+08:00
ORD00109559,M006807,P00071,門市,paid,1,JPY,234392.0,600.0,2026-07-03T22:20:30+08:00,2026-09-19,2026-07-05T23:02:30+08:00
ORD00110374,M004366,P00048,電銷,paid,4,TWD,466115.0,900.0,2026-07-03T22:11:09+08:00,2026-09-05,2026-07-05T01:20:09+08:00
ORD00111558,M007705,P00176,web,paid,4,TWD,655059.0,500.0,2026-07-03T02:00:35+08:00,2026-10-18,2026-07-03T09:32:35+08:00
ORD00110399,M002908,P00161,app,paid,1,TWD,166565.0,450.0,2026-07-03T06:38:39+08:00,2026-07-20,2026-07-05T05:18:39+08:00
ORD00111650,M005833,P00130,電銷,paid,1,USD,6391.81,250.0,2026-07-03T02:43:32+08:00,2026-10-11,2026-07-04T14:44:32+08:00
ORD00110049,M003276,P00166,web,created,1,TWD,202750.0,250.0,2026-07-03T20:19:41+08:00,2026-09-01,2026-07-05T16:03:41+08:00
ORD00111661,M002895,P00054,app,paid,4,TWD,644009.0,150.0,2026-07-03T07:09:47+08:00,2026-07-20,2026-07-05T15:54:47+08:00
ORD00111549,M001338,P00006,門市,paid,3,TWD,539681.0,750.0,2026-07-03T16:33:26+08:00,2026-08-08,2026-07-05T12:02:26+08:00
ORD00109803,M005359,P00143,web,paid,2,TWD,21800.0,350.0,2026-07-03T12:56:36+08:00,2026-08-13,2026-07-04T23:48:36+08:00
ORD00109237,M002178,P00205,電銷,paid,3,TWD,36243.0,500.0,2026-07-03T05:27:17+08:00,2026-09-05,2026-07-05T09:23:17+08:00
ORD00111514,M005717,P00030,電銷,paid,4,TWD,641012.0,450.0,2026-07-03T05:29:07+08:00,2026-08-31,2026-07-03T15:35:07+08:00
ORD00111282,M002134,P00106,電銷,created,2,JPY,403913.0,200.0,2026-07-03T15:15:09+08:00,2026-10-23,2026-07-05T17:04:09+08:00
ORD00108082,M007466,P00066,門市,paid,1,USD,6131.46,600.0,2026-07-03T18:24:22+08:00,2026-09-30,2026-07-06T01:58:22+08:00
ORD00110900,M007038,P00182,電銷,paid,4,USD,921.16,800.0,2026-07-03T11:57:14+08:00,2026-09-14,2026-07-03T14:05:14+08:00
ORD00108166,M003107,P00153,電銷,created,3,TWD,244719.0,550.0,2026-07-03T23:46:53+08:00,2026-07-31,2026-07-04T17:30:53+08:00
ORD00109250,M007320,P00217,web,paid,1,TWD,184909.0,0.0,2026-07-03T09:04:30+08:00,2026-10-01,2026-07-06T02:12:30+08:00
ORD00007993,M000782,P00102,電銷,completed,1,TWD,33000.0,400.0,2026-05-03T20:04:19+08:00,2026-06-25,2026-07-03T16:21:18+08:00
ORD00111392,M004252,P00229,門市,paid,3,TWD,479682.0,750.0,2026-07-03T23:33:09+08:00,2026-08-23,2026-07-04T12:44:09+08:00
ORD00109861,M001279,P00002,web,paid,4,TWD,283809.0,100.0,2026-07-03T03:26:26+08:00,2026-09-13,2026-07-04T13:02:26+08:00
ORD00110511,M001777,P00251,門市,created,3,USD,9847.27,100.0,2026-07-03T20:11:34+08:00,2026-10-13,2026-07-05T01:01:34+08:00
ORD00109486,M005295,P00206,web,created,2,USD,11371.56,0.0,2026-07-03T00:39:13+08:00,2026-10-23,2026-07-04T00:33:13+08:00
ORD00110105,M002749,P00185,電銷,paid,3,USD,18595.57,250.0,2026-07-03T09:11:28+08:00,2026-10-19,2026-07-03T18:33:28+08:00
ORD00109639,M003560,P00119,web,paid,4,TWD,848599.0,800.0,2026-07-03T14:32:17+08:00,2026-10-12,2026-07-04T07:07:17+08:00
ORD00096243,M000098,P00015,app,cancelled,2,TWD,127989.0,750.0,2026-06-26T19:44:21+08:00,2026-07-22,2026-07-03T04:19:23+08:00
ORD00108948,M001450,P00086,app,created,4,USD,2943.19,950.0,2026-07-03T15:12:10+08:00,2026-10-20,2026-07-03T20:59:10+08:00
ORD00110924,M003122,P00049,web,paid,3,JPY,295260.0,150.0,2026-07-03T06:52:58+08:00,2026-10-29,2026-07-03T16:50:58+08:00
ORD00109820,M003324,P00037,門市,paid,2,TWD,233888.0,850.0,2026-07-03T19:00:53+08:00,2026-07-12,2026-07-05T23:10:53+08:00
ORD00109930,M004582,P00030,app,paid,4,TWD,656775.0,100.0,2026-07-03T15:12:15+08:00,2026-09-05,2026-07-04T22:43:15+08:00
ORD00111147,M001523,P00122,門市,created,2,TWD,382509.0,500.0,2026-07-03T10:34:04+08:00,2026-08-28,2026-07-03T13:56:04+08:00
ORD00110512,M006417,P00119,電銷,created,1,TWD,210511.0,450.0,2026-07-03T04:01:49+08:00,2026-10-04,2026-07-05T03:29:49+08:00
ORD00108146,M003394,P00291,門市,paid,4,USD,4167.37,700.0,2026-07-03T18:52:10+08:00,2026-09-14,2026-07-06T05:35:10+08:00
ORD00108110,M003743,P00100,web,paid,3,USD,15619.78,600.0,2026-07-03T03:07:45+08:00,2026-08-28,2026-07-03T05:00:45+08:00
ORD00108570,M000476,P00163,web,created,3,TWD,239584.0,950.0,2026-07-03T07:12:12+08:00,2026-08-03,2026-07-03T15:04:12+08:00
ORD00049690,M003434,P00260,app,completed,4,TWD,572387.0,900.0,2026-06-08T19:55:05+08:00,2026-08-08,2026-07-03T03:58:40+08:00
ORD00111051,M001865,P00057,門市,paid,3,TWD,390917.0,300.0,2026-07-03T08:47:32+08:00,2026-10-30,2026-07-03T18:16:32+08:00
ORD00111823,M000863,P00226,電銷,paid,2,TWD,206960.0,650.0,2026-07-03T10:16:42+08:00,2026-08-27,2026-07-04T10:34:42+08:00
ORD00110348,M000802,P00048,app,paid,4,TWD,339133.0,150.0,2026-07-03T19:08:31+08:00,2026-09-11,2026-07-04T04:15:31+08:00
ORD00109482,M007360,P00112,電銷,paid,4,USD,1142.76,850.0,2026-07-03T21:20:48+08:00,2026-10-20,2026-07-04T14:20:48+08:00
ORD00108009,M004416,P00293,app,paid,2,JPY,564125.0,700.0,2026-07-03T02:35:22+08:00,2026-07-16,2026-07-04T09:56:22+08:00
ORD00022216,M004755,P00206,web,cancelled,1,TWD,187080.0,250.0,2026-05-30T23:42:21+08:00,2026-09-11,2026-07-03T03:20:14+08:00
ORD00110275,M002488,P00056,電銷,paid,4,TWD,311932.0,250.0,2026-07-03T17:28:03+08:00,2026-09-28,2026-07-03T21:53:03+08:00
ORD00109212,M006658,P00211,電銷,paid,2,TWD,195720.0,250.0,2026-07-03T13:35:33+08:00,2026-07-21,2026-07-04T07:01:33+08:00
ORD00110831,M003050,P00087,電銷,paid,3,TWD,631013.0,200.0,2026-07-03T11:23:59+08:00,2026-08-19,2026-07-06T04:46:59+08:00
ORD00108175,M005240,P00168,web,created,3,TWD,413735.0,700.0,2026-07-03T01:36:58+08:00,2026-07-20,2026-07-04T03:09:58+08:00
ORD00110743,M000749,P00169,web,paid,3,JPY,538668.0,700.0,2026-07-03T04:21:08+08:00,2026-09-09,2026-07-05T08:08:08+08:00
ORD00023310,M000708,P00019,電銷,cancelled,1,TWD,88854.0,950.0,2026-05-06T08:26:42+08:00,2026-06-02,2026-07-03T07:01:29+08:00
ORD00108540,M001284,P00047,門市,paid,2,TWD,40678.0,650.0,2026-07-03T05:26:58+08:00,2026-07-12,2026-07-04T19:02:58+08:00
ORD00111628,M006101,P00087,web,paid,2,TWD,354076.0,850.0,2026-07-03T03:14:54+08:00,2026-08-07,2026-07-03T04:52:54+08:00
ORD00110648,M004973,P00288,web,created,2,TWD,26988.0,850.0,2026-07-03T20:17:24+08:00,2026-07-27,2026-07-05T23:51:24+08:00
ORD00108938,M000242,P00293,門市,paid,3,USD,6426.04,150.0,2026-07-03T22:36:14+08:00,2026-10-09,2026-07-05T05:14:14+08:00
ORD00111095,M001971,P00144,門市,paid,1,USD,3796.51,250.0,2026-07-03T14:34:44+08:00,2026-08-16,2026-07-03T17:15:44+08:00
ORD00050578,M006854,P00009,門市,cancelled,4,TWD,263592.0,100.0,2026-06-23T20:40:34+08:00,2026-07-25,2026-07-03T07:11:05+08:00
ORD00097543,M001501,P00072,web,cancelled,1,TWD,22377.0,150.0,2026-05-10T10:19:53+08:00,2026-09-03,2026-07-03T10:54:20+08:00
ORD00108131,M002212,P00014,電銷,paid,4,USD,13309.27,500.0,2026-07-03T11:46:11+08:00,2026-07-24,2026-07-03T20:24:11+08:00
ORD00109908,M001942,P00225,web,paid,3,JPY,734903.0,600.0,2026-07-03T03:55:56+08:00,2026-10-17,2026-07-03T08:02:56+08:00
ORD00108075,M007099,P00175,app,paid,3,TWD,59650.0,450.0,2026-07-03T19:30:39+08:00,2026-08-29,2026-07-04T10:44:39+08:00
ORD00109636,M006469,P00040,電銷,paid,2,TWD,129313.0,150.0,2026-07-03T12:03:33+08:00,2026-08-28,2026-07-05T19:03:33+08:00
ORD00111696,M001995,P00198,電銷,created,3,USD,2608.24,200.0,2026-07-03T16:27:38+08:00,2026-10-17,2026-07-05T18:55:38+08:00
ORD00110497,M006908,P00026,app,created,3,TWD,303463.0,0.0,2026-07-03T09:03:25+08:00,2026-07-30,2026-07-05T18:35:25+08:00
ORD00110172,M001644,P00028,app,created,1,TWD,102001.0,500.0,2026-07-03T11:01:10+08:00,2026-08-28,2026-07-04T03:46:10+08:00
ORD00056125,M004610,P00258,電銷,cancelled,3,TWD,484905.0,950.0,2026-05-21T22:18:22+08:00,2026-08-10,2026-07-03T07:07:45+08:00
ORD00110519,M002886,P00209,電銷,created,1,USD,2729.87,250.0,2026-07-03T07:28:52+08:00,2026-07-10,2026-07-04T13:47:52+08:00
ORD00110041,M000639,P00182,web,created,3,TWD,24597.0,100.0,2026-07-03T01:18:59+08:00,2026-10-07,2026-07-04T06:29:59+08:00
ORD00110758,M002053,P00102,電銷,paid,2,TWD,69055.0,900.0,2026-07-03T03:28:40+08:00,2026-10-16,2026-07-05T12:31:40+08:00
ORD00099977,M007540,P00189,門市,cancelled,3,JPY,1581839.0,200.0,2026-06-27T17:12:55+08:00,2026-08-17,2026-07-03T11:26:18+08:00
ORD00111178,M000628,P00268,電銷,created,4,TWD,266817.0,800.0,2026-07-03T10:39:44+08:00,2026-10-16,2026-07-05T02:53:44+08:00
ORD00109604,M002587,P00085,電銷,paid,2,JPY,1838516.0,50.0,2026-07-03T22:56:12+08:00,2026-07-20,2026-07-05T15:28:12+08:00
ORD00110790,M000841,P00053,web,paid,3,TWD,252920.0,100.0,2026-07-03T10:49:56+08:00,2026-07-15,2026-07-04T04:25:56+08:00
ORD00109296,M001841,P00128,app,created,4,TWD,635739.0,200.0,2026-07-03T19:36:28+08:00,2026-08-12,2026-07-04T11:16:28+08:00
ORD00110188,M000871,P00166,門市,paid,3,TWD,596887.0,700.0,2026-07-03T14:01:15+08:00,2026-08-02,2026-07-04T07:05:15+08:00
ORD00108033,M004602,P00161,web,paid,4,USD,19967.01,200.0,2026-07-03T00:34:12+08:00,2026-10-21,2026-07-04T22:03:12+08:00
ORD00063586,M004045,P00246,門市,cancelled,4,TWD,521330.0,400.0,2026-06-06T01:21:00+08:00,2026-08-03,2026-07-03T11:06:04+08:00
ORD00109123,M005971,P00269,app,created,1,TWD,59684.0,600.0,2026-07-03T08:24:49+08:00,2026-08-29,2026-07-04T18:41:49+08:00
ORD00108262,M001099,P00041,app,paid,1,JPY,36795.0,700.0,2026-07-03T21:01:00+08:00,2026-08-12,2026-07-06T07:01:00+08:00
ORD00109694,M001080,P00138,app,paid,4,JPY,1518784.0,950.0,2026-07-03T20:23:25+08:00,2026-10-12,2026-07-04T19:33:25+08:00
ORD00108450,M001732,P00069,門市,paid,1,JPY,1046034.0,850.0,2026-07-03T23:22:53+08:00,2026-09-10,2026-07-06T13:24:53+08:00
ORD00110772,M001612,P00219,電銷,paid,2,TWD,237218.0,700.0,2026-07-03T02:37:13+08:00,2026-08-26,2026-07-04T23:10:13+08:00
ORD00108117,M007668,P00172,app,paid,4,TWD,525517.0,750.0,2026-07-03T10:42:37+08:00,2026-08-07,2026-07-06T04:35:37+08:00
ORD00108155,M000309,P00262,門市,paid,2,JPY,2344195.0,900.0,2026-07-03T03:00:22+08:00,2026-08-03,2026-07-05T16:43:22+08:00
ORD00110630,M002549,P00015,門市,paid,1,TWD,66722.0,100.0,2026-07-03T09:53:51+08:00,2026-09-18,2026-07-05T02:58:51+08:00
ORD00110278,M001151,P00114,app,paid,4,TWD,403323.0,550.0,2026-07-03T07:15:44+08:00,2026-10-14,2026-07-05T16:32:44+08:00
ORD00110182,M005025,P00268,web,paid,4,TWD,231957.0,950.0,2026-07-03T21:47:36+08:00,2026-10-04,2026-07-05T12:28:36+08:00
ORD00109626,M007183,P00287,web,paid,3,TWD,338165.0,0.0,2026-07-03T11:59:12+08:00,2026-08-13,2026-07-06T06:11:12+08:00
ORD00110132,M004989,P00146,門市,paid,2,TWD,49458.0,950.0,2026-07-03T11:36:06+08:00,2026-08-23,2026-07-05T21:50:06+08:00
ORD00109507,M001088,P00180,門市,created,1,TWD,113422.0,150.0,2026-07-03T05:30:43+08:00,2026-08-29,2026-07-04T08:27:43+08:00
ORD00111688,M005556,P00266,門市,created,3,JPY,271589.0,550.0,2026-07-03T18:35:10+08:00,2026-10-09,2026-07-04T07:56:10+08:00
ORD00109101,M000563,P00021,web,paid,4,TWD,865549.0,400.0,2026-07-03T13:43:32+08:00,2026-09-19,2026-07-04T07:37:32+08:00
ORD00110122,M006885,P00057,app,paid,4,TWD,390907.0,650.0,2026-07-03T01:41:42+08:00,2026-08-11,2026-07-05T18:40:42+08:00
ORD00109081,M005656,P00023,門市,paid,4,JPY,3107535.0,900.0,2026-07-03T12:06:44+08:00,2026-07-30,2026-07-04T04:46:44+08:00
ORD00111906,M001972,P00208,app,paid,4,USD,18972.35,0.0,2026-07-03T09:30:46+08:00,2026-07-18,2026-07-04T04:58:46+08:00
ORD00108940,M007426,P00190,門市,paid,4,JPY,3502214.0,850.0,2026-07-03T12:18:00+08:00,2026-09-09,2026-07-04T19:52:00+08:00
ORD00111184,M000196,P00004,app,paid,1,JPY,1060358.0,950.0,2026-07-03T07:31:26+08:00,2026-07-29,2026-07-05T01:01:26+08:00
ORD00001829,M005720,P00105,app,cancelled,1,TWD,70814.0,300.0,2026-05-19T13:49:39+08:00,2026-07-18,2026-07-03T14:10:31+08:00
ORD00109282,M002678,P00269,web,paid,2,USD,4368.02,250.0,2026-07-03T01:28:33+08:00,2026-08-09,2026-07-03T16:33:33+08:00
ORD00036340,M005192,P00242,電銷,completed,2,TWD,57758.0,750.0,2026-06-06T17:30:00+08:00,2026-08-24,2026-07-03T02:58:20+08:00
ORD00108266,M000869,P00115,app,paid,4,TWD,649771.0,800.0,2026-07-03T07:15:46+08:00,2026-10-20,2026-07-04T06:50:46+08:00
ORD00108002,M003008,P00098,門市,paid,1,TWD,139838.0,850.0,2026-07-03T23:28:29+08:00,2026-10-08,2026-07-06T03:17:29+08:00
ORD00108126,M004393,P00277,門市,paid,3,JPY,1974476.0,150.0,2026-07-03T09:33:35+08:00,2026-08-27,2026-07-06T03:32:35+08:00
ORD00108108,M004655,P00029,app,created,2,TWD,256458.0,600.0,2026-07-03T04:14:49+08:00,2026-10-21,2026-07-03T11:34:49+08:00
ORD00110911,M002160,P00117,電銷,created,3,TWD,537807.0,950.0,2026-07-03T17:46:46+08:00,2026-10-29,2026-07-04T15:25:46+08:00
ORD00066967,M002712,P00040,web,cancelled,3,TWD,269105.0,50.0,2026-06-28T23:03:24+08:00,2026-08-08,2026-07-03T05:11:58+08:00
ORD00111975,M002013,P00066,門市,paid,1,JPY,1057297.0,300.0,2026-07-03T05:32:56+08:00,2026-07-23,2026-07-03T23:13:56+08:00
ORD00110072,M007398,P00055,app,created,3,USD,9896.92,700.0,2026-07-03T02:35:54+08:00,2026-07-19,2026-07-03T06:06:54+08:00
ORD00111482,M003097,P00045,門市,paid,4,TWD,34624.0,50.0,2026-07-03T15:41:46+08:00,2026-10-09,2026-07-04T07:25:46+08:00
ORD00108627,M007701,P00118,電銷,paid,2,USD,7271.04,100.0,2026-07-03T10:27:14+08:00,2026-09-09,2026-07-04T03:37:14+08:00
ORD00111909,M007273,P00153,app,paid,1,TWD,93508.0,850.0,2026-07-03T04:36:54+08:00,2026-09-20,2026-07-04T10:46:54+08:00
ORD00110847,M007270,P00193,門市,paid,1,JPY,845825.0,750.0,2026-07-03T20:58:52+08:00,2026-08-20,2026-07-06T05:55:52+08:00
ORD00108010,M007361,P00033,電銷,paid,4,TWD,536284.0,200.0,2026-07-03T06:27:49+08:00,2026-09-13,2026-07-05T11:52:49+08:00
ORD00109733,M005317,P00129,電銷,paid,3,TWD,456497.0,800.0,2026-07-03T20:13:06+08:00,2026-10-03,2026-07-04T01:28:06+08:00
ORD00111193,M007082,P00281,門市,paid,3,TWD,591878.0,900.0,2026-07-03T14:33:38+08:00,2026-10-16,2026-07-04T07:18:38+08:00
ORD00111734,M005084,P00029,web,created,2,TWD,180188.0,950.0,2026-07-03T05:40:42+08:00,2026-09-25,2026-07-04T01:22:42+08:00
ORD00110610,M002952,P00288,門市,created,2,TWD,24425.0,200.0,2026-07-03T10:05:50+08:00,2026-08-02,2026-07-04T13:28:50+08:00
ORD00111556,M006439,P00223,電銷,created,1,TWD,178627.0,400.0,2026-07-03T09:18:28+08:00,2026-10-30,2026-07-05T23:48:28+08:00
ORD00109313,M001030,P00277,門市,created,3,TWD,410945.0,150.0,2026-07-03T16:09:42+08:00,2026-07-29,2026-07-06T05:21:42+08:00
ORD00110592,M002223,P00133,web,paid,1,TWD,5200.0,400.0,2026-07-03T13:48:19+08:00,2026-08-13,2026-07-03T17:38:19+08:00
ORD00109843,M006291,P00269,門市,created,2,TWD,139869.0,650.0,2026-07-03T23:34:40+08:00,2026-08-24,2026-07-04T20:38:40+08:00
ORD00108959,M003698,P00297,電銷,paid,2,JPY,1330080.0,350.0,2026-07-03T00:00:23+08:00,2026-08-23,2026-07-04T21:53:23+08:00
ORD00109117,M005011,P00101,web,paid,4,USD,9124.55,150.0,2026-07-03T17:07:03+08:00,2026-09-07,2026-07-05T23:20:03+08:00
ORD00110590,M007913,P00140,web,paid,3,TWD,117865.0,500.0,2026-07-03T08:39:19+08:00,2026-10-17,2026-07-03T18:31:19+08:00
ORD00111647,M003891,P00064,電銷,created,1,TWD,21246.0,850.0,2026-07-03T04:36:50+08:00,2026-09-26,2026-07-03T21:17:50+08:00
ORD00110000,M004409,P00013,門市,paid,4,TWD,562291.0,250.0,2026-07-03T09:31:24+08:00,2026-08-27,2026-07-04T02:35:24+08:00
ORD00110686,M002714,P00123,app,paid,4,TWD,264924.0,500.0,2026-07-03T17:48:49+08:00,2026-10-05,2026-07-04T20:19:49+08:00
ORD00108301,M007369,P00212,app,paid,2,TWD,57541.0,900.0,2026-07-03T03:11:18+08:00,2026-09-20,2026-07-04T14:03:18+08:00
ORD00110609,M000500,P00025,web,paid,3,USD,18689.26,350.0,2026-07-03T06:43:12+08:00,2026-09-27,2026-07-03T12:11:12+08:00
ORD00108691,M001299,P00034,電銷,paid,1,TWD,26092.0,100.0,2026-07-03T03:21:05+08:00,2026-07-25,2026-07-03T18:47:05+08:00
ORD00110228,M001018,P00097,app,paid,1,USD,4759.58,300.0,2026-07-03T07:59:01+08:00,2026-10-03,2026-07-03T22:35:01+08:00
ORD00110037,M006289,P00073,web,created,4,USD,14642.72,350.0,2026-07-03T20:52:50+08:00,2026-09-05,2026-07-04T04:09:50+08:00
ORD00111636,M007092,P00269,門市,paid,4,TWD,302586.0,850.0,2026-07-03T02:06:12+08:00,2026-08-29,2026-07-04T05:21:12+08:00
ORD00110055,M003133,P00077,門市,paid,2,TWD,418915.0,350.0,2026-07-03T06:46:37+08:00,2026-08-21,2026-07-05T23:58:37+08:00
ORD00109760,M002957,P00227,電銷,paid,3,USD,12746.09,500.0,2026-07-03T23:47:28+08:00,2026-07-14,2026-07-04T13:28:28+08:00
ORD00108553,M005430,P00197,web,paid,2,TWD,151317.0,600.0,2026-07-03T11:18:32+08:00,2026-09-06,2026-07-04T16:13:32+08:00
ORD00111335,M003070,P00027,門市,created,1,TWD,124271.0,450.0,2026-07-03T12:42:51+08:00,2026-08-27,2026-07-04T18:20:51+08:00
ORD00109660,M001950,P00250,web,created,2,TWD,189553.0,0.0,2026-07-03T13:17:22+08:00,2026-09-29,2026-07-05T09:27:22+08:00
ORD00108855,M004785,P00167,門市,created,1,JPY,799944.0,250.0,2026-07-03T09:58:40+08:00,2026-07-20,2026-07-05T03:58:40+08:00
ORD00111234,M005759,P00077,app,created,2,TWD,476049.0,700.0,2026-07-03T12:55:18+08:00,2026-08-26,2026-07-04T05:17:18+08:00
ORD00110444,M006917,P00127,門市,paid,1,TWD,54796.0,900.0,2026-07-03T14:15:41+08:00,2026-08-18,2026-07-04T10:29:41+08:00
ORD00111306,M006607,P00032,app,created,1,TWD,149698.0,750.0,2026-07-03T12:12:43+08:00,2026-09-17,2026-07-05T03:40:43+08:00
ORD00109624,M001743,P00186,web,paid,4,TWD,550059.0,750.0,2026-07-03T18:43:19+08:00,2026-09-09,2026-07-05T13:06:19+08:00
ORD00108016,M006579,P00137,web,paid,4,TWD,488598.0,900.0,2026-07-03T14:09:26+08:00,2026-09-30,2026-07-04T05:18:26+08:00
ORD00109933,M002990,P00114,app,paid,3,USD,6844.58,950.0,2026-07-03T15:03:43+08:00,2026-09-20,2026-07-04T20:52:43+08:00
ORD00110752,M004985,P00106,門市,created,2,TWD,80709.0,850.0,2026-07-03T22:06:32+08:00,2026-10-27,2026-07-05T07:49:32+08:00
ORD00111004,M004083,P00089,app,created,2,USD,6319.88,600.0,2026-07-03T19:18:16+08:00,2026-09-13,2026-07-03T20:30:16+08:00
ORD00111666,M003398,P00065,app,paid,2,TWD,335791.0,0.0,2026-07-03T19:17:30+08:00,2026-07-27,2026-07-06T06:46:30+08:00
ORD00109014,M006458,P00140,web,paid,3,USD,4710.57,900.0,2026-07-03T13:37:12+08:00,2026-09-02,2026-07-04T11:58:12+08:00
ORD00049161,M005989,P00139,app,cancelled,1,TWD,119217.0,650.0,2026-06-03T05:51:14+08:00,2026-08-15,2026-07-03T22:07:31+08:00
ORD00108903,M006374,P00151,電銷,created,2,JPY,793925.0,500.0,2026-07-03T13:37:11+08:00,2026-07-15,2026-07-04T01:21:11+08:00
ORD00110355,M003499,P00085,web,created,1,TWD,192841.0,300.0,2026-07-03T09:54:59+08:00,2026-08-30,2026-07-06T00:51:59+08:00
ORD00108572,M000782,P00140,web,paid,2,TWD,94097.0,900.0,2026-07-03T13:54:55+08:00,2026-09-09,2026-07-05T06:07:55+08:00
ORD00110125,M003659,P00093,門市,created,3,TWD,336845.0,150.0,2026-07-03T20:36:39+08:00,2026-08-12,2026-07-04T04:08:39+08:00
ORD00079666,M006663,P00276,門市,cancelled,4,USD,22081.64,650.0,2026-06-12T23:15:58+08:00,2026-09-11,2026-07-03T21:49:45+08:00
ORD00095295,M003503,P00082,web,completed,3,USD,19005.73,600.0,2026-06-15T03:07:50+08:00,2026-09-22,2026-07-03T02:33:02+08:00
ORD00108805,M001391,P00057,app,paid,2,TWD,236725.0,800.0,2026-07-03T00:08:33+08:00,2026-07-23,2026-07-03T11:08:33+08:00
ORD00110716,M006614,P00151,電銷,paid,3,TWD,208625.0,150.0,2026-07-03T06:11:49+08:00,2026-08-16,2026-07-03T07:06:49+08:00
ORD00109175,M006673,P00165,web,created,1,TWD,63236.0,800.0,2026-07-03T16:10:39+08:00,2026-08-21,2026-07-05T02:52:39+08:00
ORD00021331,M005563,P00204,門市,cancelled,3,TWD,591324.0,500.0,2026-05-09T08:22:53+08:00,2026-08-16,2026-07-03T19:22:14+08:00
ORD00111400,M007035,P00165,電銷,paid,2,TWD,160549.0,700.0,2026-07-03T19:24:57+08:00,2026-10-20,2026-07-05T09:37:57+08:00
ORD00111485,M007273,P00100,電銷,paid,3,USD,17067.84,650.0,2026-07-03T17:17:12+08:00,2026-07-26,2026-07-06T07:57:12+08:00
ORD00109698,M002692,P00242,門市,paid,4,USD,3548.17,350.0,2026-07-03T23:45:27+08:00,2026-09-29,2026-07-06T09:03:27+08:00
ORD00111614,M002048,P00047,電銷,paid,1,TWD,28244.0,200.0,2026-07-03T17:13:11+08:00,2026-08-04,2026-07-04T17:57:11+08:00
ORD00110232,M002638,P00264,app,created,4,TWD,38661.0,400.0,2026-07-03T09:27:52+08:00,2026-07-31,2026-07-04T03:23:52+08:00
ORD00110820,M003382,P00227,門市,paid,3,TWD,388415.0,550.0,2026-07-03T10:15:18+08:00,2026-09-17,2026-07-05T08:05:18+08:00
ORD00110638,M003406,P00027,web,created,3,TWD,452244.0,200.0,2026-07-03T14:44:01+08:00,2026-09-03,2026-07-05T17:18:01+08:00
ORD00110354,M001853,P00206,web,created,3,TWD,513828.0,700.0,2026-07-03T03:30:31+08:00,2026-09-14,2026-07-04T20:39:31+08:00
ORD00111302,M003717,P00192,電銷,paid,1,TWD,181018.0,0.0,2026-07-03T06:01:55+08:00,2026-09-16,2026-07-05T16:41:55+08:00
ORD00110345,M000576,P00070,app,paid,1,JPY,457900.0,250.0,2026-07-03T14:52:46+08:00,2026-07-24,2026-07-04T09:31:46+08:00
ORD00111354,M001676,P00033,web,created,2,USD,9092.35,750.0,2026-07-03T23:27:33+08:00,2026-09-10,2026-07-06T07:40:33+08:00
ORD00110361,M003972,P00193,app,paid,3,TWD,459074.0,200.0,2026-07-03T16:50:43+08:00,2026-08-17,2026-07-06T05:18:43+08:00
ORD00110069,M006899,P00194,app,paid,4,TWD,255185.0,350.0,2026-07-03T17:10:57+08:00,2026-07-29,2026-07-06T05:47:57+08:00
ORD00111024,M002128,P00010,web,paid,3,TWD,392877.0,750.0,2026-07-03T07:58:04+08:00,2026-08-05,2026-07-04T03:39:04+08:00
ORD00111013,M006889,P00251,電銷,created,4,TWD,378942.0,250.0,2026-07-03T01:52:34+08:00,2026-10-30,2026-07-04T03:38:34+08:00
ORD00063795,M005055,P00242,app,cancelled,2,TWD,54075.0,100.0,2026-06-05T00:41:32+08:00,2026-07-18,2026-07-03T12:09:19+08:00
ORD00110044,M007880,P00053,門市,created,4,TWD,289750.0,50.0,2026-07-03T19:57:15+08:00,2026-07-25,2026-07-04T22:08:15+08:00
ORD00109394,M001597,P00100,app,paid,2,TWD,383669.0,750.0,2026-07-03T08:31:08+08:00,2026-08-21,2026-07-04T12:03:08+08:00
ORD00109682,M001201,P00133,電銷,paid,2,TWD,10481.0,50.0,2026-07-03T20:39:45+08:00,2026-07-24,2026-07-04T12:30:45+08:00
ORD00109692,M006680,P00029,web,paid,3,TWD,283328.0,350.0,2026-07-03T01:23:53+08:00,2026-09-26,2026-07-04T16:32:53+08:00
ORD00110190,M003838,P00203,web,paid,3,TWD,331642.0,550.0,2026-07-03T23:53:44+08:00,2026-07-14,2026-07-06T06:03:44+08:00
ORD00108462,M004787,P00064,門市,paid,3,TWD,85198.0,300.0,2026-07-03T04:09:45+08:00,2026-10-04,2026-07-05T01:04:45+08:00
ORD00035224,M006741,P00268,門市,completed,4,USD,6193.29,950.0,2026-06-19T16:03:12+08:00,2026-07-27,2026-07-03T17:34:04+08:00
ORD00111727,M004001,P00286,門市,paid,1,TWD,180526.0,100.0,2026-07-03T06:51:12+08:00,2026-09-27,2026-07-04T10:35:12+08:00
ORD00111862,M000196,P00174,web,created,2,USD,1547.4,200.0,2026-07-03T19:52:25+08:00,2026-10-02,2026-07-05T08:21:25+08:00
ORD00019347,M006389,P00143,web,completed,1,TWD,9103.0,650.0,2026-05-05T14:20:15+08:00,2026-06-05,2026-07-03T01:34:29+08:00
ORD00108812,M004868,P00098,電銷,paid,1,USD,4271.45,0.0,2026-07-03T09:55:32+08:00,2026-10-13,2026-07-04T08:59:32+08:00
ORD00109846,M001795,P00001,門市,created,4,TWD,449578.0,700.0,2026-07-03T07:32:03+08:00,2026-10-07,2026-07-03T14:33:03+08:00
ORD00108994,M007693,P00135,web,paid,4,TWD,37690.0,800.0,2026-07-03T20:47:29+08:00,2026-08-13,2026-07-06T01:45:29+08:00
ORD00109426,M004059,P00166,web,created,2,TWD,348015.0,150.0,2026-07-03T18:15:06+08:00,2026-07-21,2026-07-05T05:32:06+08:00
ORD00002125,M001000,P00120,電銷,cancelled,3,TWD,387824.0,500.0,2026-05-20T16:40:32+08:00,2026-07-04,2026-07-03T20:32:46+08:00
ORD00058869,M007836,P00156,電銷,cancelled,2,TWD,371583.0,500.0,2026-05-05T20:13:02+08:00,2026-07-03,2026-07-03T15:43:18+08:00
ORD00108424,M006282,P00162,電銷,paid,3,TWD,18435.0,350.0,2026-07-03T13:34:28+08:00,2026-10-21,2026-07-05T15:51:28+08:00
ORD00022365,M002490,P00281,電銷,completed,2,JPY,2206283.0,800.0,2026-05-06T21:13:45+08:00,2026-05-22,2026-07-03T15:22:24+08:00
ORD00109755,M001477,P00106,app,paid,2,USD,2704.07,450.0,2026-07-03T19:06:31+08:00,2026-09-23,2026-07-05T06:07:31+08:00
ORD00111422,M003023,P00292,電銷,paid,4,TWD,675841.0,650.0,2026-07-03T23:32:24+08:00,2026-10-27,2026-07-04T20:24:24+08:00
ORD00022056,M005178,P00205,web,cancelled,1,USD,350.81,250.0,2026-05-02T11:00:45+08:00,2026-06-20,2026-07-03T23:15:49+08:00
ORD00108238,M001263,P00013,電銷,paid,1,TWD,164807.0,250.0,2026-07-03T00:42:24+08:00,2026-07-15,2026-07-03T12:17:24+08:00
ORD00109653,M006815,P00263,app,paid,4,JPY,2132138.0,850.0,2026-07-03T19:50:16+08:00,2026-10-23,2026-07-04T11:33:16+08:00
ORD00109783,M002690,P00055,電銷,paid,3,TWD,341854.0,350.0,2026-07-03T10:01:49+08:00,2026-09-02,2026-07-04T18:29:49+08:00
ORD00110482,M004662,P00061,app,paid,3,TWD,584905.0,250.0,2026-07-03T12:56:39+08:00,2026-09-07,2026-07-05T05:05:39+08:00
ORD00109938,M004610,P00193,app,paid,2,USD,10396.98,900.0,2026-07-03T15:51:59+08:00,2026-08-08,2026-07-06T05:07:59+08:00
ORD00108950,M006839,P00232,app,paid,2,USD,13193.72,500.0,2026-07-03T19:23:16+08:00,2026-08-16,2026-07-04T12:18:16+08:00
ORD00110284,M002174,P00018,電銷,created,1,TWD,147464.0,250.0,2026-07-03T20:09:33+08:00,2026-09-15,2026-07-05T09:29:33+08:00
ORD00109573,M001994,P00115,門市,paid,1,TWD,141058.0,350.0,2026-07-03T16:17:30+08:00,2026-09-14,2026-07-04T13:31:30+08:00
ORD00108918,M003560,P00295,門市,created,3,TWD,137609.0,450.0,2026-07-03T02:28:46+08:00,2026-08-23,2026-07-03T23:34:46+08:00
ORD00068940,M002712,P00080,app,cancelled,2,TWD,243213.0,950.0,2026-05-29T02:13:07+08:00,2026-07-29,2026-07-03T23:40:35+08:00
ORD00111249,M001934,P00052,web,paid,1,TWD,83803.0,800.0,2026-07-03T08:21:43+08:00,2026-09-23,2026-07-06T01:39:43+08:00
ORD00111311,M006241,P00055,app,paid,1,TWD,129053.0,700.0,2026-07-03T04:43:51+08:00,2026-08-11,2026-07-03T12:40:51+08:00
ORD00110473,M000468,P00148,門市,paid,1,TWD,34019.0,800.0,2026-07-03T08:31:38+08:00,2026-10-02,2026-07-04T09:52:38+08:00
ORD00108826,M006805,P00077,web,paid,3,JPY,2495572.0,600.0,2026-07-03T00:58:29+08:00,2026-10-02,2026-07-04T19:43:29+08:00
ORD00110436,M006995,P00128,app,created,3,TWD,479406.0,950.0,2026-07-03T06:37:20+08:00,2026-08-03,2026-07-03T20:09:20+08:00
ORD00108583,M005172,P00177,app,created,3,USD,1837.0,700.0,2026-07-03T01:21:22+08:00,2026-09-19,2026-07-04T10:40:22+08:00
ORD00108069,M003841,P00015,web,paid,3,TWD,213494.0,0.0,2026-07-03T10:42:18+08:00,2026-07-29,2026-07-04T08:41:18+08:00
ORD00110905,M001273,P00055,門市,paid,1,TWD,97684.0,350.0,2026-07-03T13:44:15+08:00,2026-10-19,2026-07-05T02:05:15+08:00
ORD00109157,M002746,P00167,web,paid,1,TWD,171721.0,850.0,2026-07-03T07:29:30+08:00,2026-08-29,2026-07-05T05:07:30+08:00
ORD00075639,M007790,P00298,電銷,completed,3,JPY,1699993.0,450.0,2026-06-12T01:26:05+08:00,2026-10-09,2026-07-03T17:34:03+08:00
ORD00108059,M003475,P00071,web,paid,3,JPY,680728.0,50.0,2026-07-03T22:17:23+08:00,2026-08-05,2026-07-04T10:12:23+08:00
ORD00043196,M001730,P00113,電銷,completed,2,TWD,291669.0,300.0,2026-05-29T17:46:56+08:00,2026-06-26,2026-07-03T19:53:15+08:00
ORD00111280,M004641,P00056,門市,paid,4,TWD,300974.0,950.0,2026-07-03T16:25:53+08:00,2026-09-21,2026-07-05T21:45:53+08:00
ORD00109331,M007842,P00221,web,paid,4,USD,17972.27,750.0,2026-07-03T09:59:23+08:00,2026-08-01,2026-07-04T14:29:23+08:00
ORD00109379,M004064,P00180,app,paid,2,TWD,190225.0,450.0,2026-07-03T14:31:25+08:00,2026-08-22,2026-07-05T20:58:25+08:00
ORD00109949,M002710,P00237,電銷,created,1,TWD,159945.0,300.0,2026-07-03T00:21:50+08:00,2026-09-04,2026-07-03T05:16:50+08:00
ORD00109965,M007037,P00134,app,paid,3,TWD,382232.0,550.0,2026-07-03T03:04:59+08:00,2026-07-10,2026-07-05T14:20:59+08:00
ORD00109602,M001047,P00290,app,created,2,TWD,210089.0,750.0,2026-07-03T17:30:06+08:00,2026-10-12,2026-07-04T17:50:06+08:00
ORD00110789,M001135,P00040,web,created,1,USD,2271.97,650.0,2026-07-03T10:01:14+08:00,2026-07-24,2026-07-04T22:19:14+08:00
ORD00110362,M006032,P00224,電銷,created,1,TWD,90885.0,750.0,2026-07-03T17:22:16+08:00,2026-08-31,2026-07-06T03:44:16+08:00
ORD00111726,M006078,P00114,電銷,paid,1,TWD,72125.0,950.0,2026-07-03T20:01:45+08:00,2026-10-25,2026-07-04T20:50:45+08:00
ORD00111803,M007601,P00261,門市,paid,4,JPY,87542.0,200.0,2026-07-03T15:20:46+08:00,2026-10-18,2026-07-05T01:28:46+08:00
ORD00111720,M005869,P00185,app,paid,2,USD,11669.68,850.0,2026-07-03T14:55:55+08:00,2026-09-21,2026-07-05T09:53:55+08:00
ORD00111325,M007332,P00122,web,paid,2,TWD,352261.0,950.0,2026-07-03T11:53:42+08:00,2026-10-10,2026-07-04T22:13:42+08:00
ORD00109075,M006181,P00202,電銷,paid,3,USD,10356.85,50.0,2026-07-03T17:33:58+08:00,2026-10-06,2026-07-05T19:34:58+08:00
ORD00111472,M004062,P00181,web,paid,3,TWD,47071.0,950.0,2026-07-03T05:34:19+08:00,2026-09-12,2026-07-04T03:34:19+08:00
ORD00109925,M002874,P00087,app,created,2,TWD,361138.0,650.0,2026-07-03T15:44:50+08:00,2026-09-28,2026-07-03T18:34:50+08:00
ORD00110481,M003753,P00267,門市,created,1,JPY,1015887.0,150.0,2026-07-03T12:45:41+08:00,2026-10-02,2026-07-05T20:26:41+08:00
ORD00109229,M006850,P00274,app,paid,2,TWD,237743.0,500.0,2026-07-03T11:45:01+08:00,2026-09-16,2026-07-05T20:25:01+08:00
ORD00110150,M000002,P00276,web,paid,2,USD,12515.5,200.0,2026-07-03T20:00:05+08:00,2026-07-21,2026-07-04T00:00:05+08:00
ORD00111125,M004004,P00285,電銷,created,3,TWD,354490.0,250.0,2026-07-03T21:42:25+08:00,2026-08-26,2026-07-04T08:40:25+08:00
ORD00109695,M000235,P00165,電銷,paid,1,TWD,66953.0,350.0,2026-07-03T17:38:18+08:00,2026-07-28,2026-07-05T04:49:18+08:00
ORD00111170,M000207,P00236,門市,paid,4,TWD,661309.0,0.0,2026-07-03T11:31:14+08:00,2026-08-19,2026-07-05T01:22:14+08:00
ORD00110604,M002604,P00129,web,paid,1,TWD,181753.0,950.0,2026-07-03T15:35:33+08:00,2026-10-23,2026-07-04T04:30:33+08:00
ORD00109893,M003236,P00210,電銷,paid,4,TWD,698988.0,400.0,2026-07-03T21:40:09+08:00,2026-09-26,2026-07-06T08:13:09+08:00
ORD00109831,M003065,P00246,web,paid,3,USD,15756.04,0.0,2026-07-03T03:25:54+08:00,2026-07-18,2026-07-04T10:57:54+08:00
ORD00110781,M000343,P00299,web,paid,2,TWD,47094.0,0.0,2026-07-03T06:55:34+08:00,2026-10-28,2026-07-05T16:33:34+08:00
ORD00110064,M006948,P00143,電銷,paid,4,TWD,32320.0,400.0,2026-07-03T01:27:02+08:00,2026-09-03,2026-07-03T23:58:02+08:00
ORD00018621,M000165,P00051,電銷,completed,1,USD,5563.43,900.0,2026-06-28T17:01:10+08:00,2026-09-16,2026-07-03T15:02:26+08:00
ORD00110467,M004860,P00066,web,paid,3,TWD,564782.0,50.0,2026-07-03T04:00:00+08:00,2026-07-16,2026-07-04T06:12:00+08:00
ORD00109326,M000751,P00194,web,paid,2,TWD,170437.0,750.0,2026-07-03T11:28:20+08:00,2026-10-23,2026-07-04T12:17:20+08:00
ORD00108606,M002769,P00176,web,paid,3,TWD,520137.0,850.0,2026-07-03T02:32:10+08:00,2026-09-28,2026-07-05T11:25:10+08:00
ORD00083340,M007996,P00204,電銷,completed,4,USD,19198.91,250.0,2026-06-20T10:42:55+08:00,2026-09-30,2026-07-03T00:40:56+08:00
ORD00111535,M006827,P00202,電銷,paid,4,TWD,496611.0,450.0,2026-07-03T10:47:53+08:00,2026-09-10,2026-07-04T21:59:53+08:00
ORD00022499,M007628,P00127,app,cancelled,4,JPY,1146469.0,0.0,2026-06-28T03:01:17+08:00,2026-10-15,2026-07-03T00:36:52+08:00
ORD00109163,M004614,P00156,門市,paid,2,JPY,1469450.0,200.0,2026-07-03T10:11:01+08:00,2026-09-12,2026-07-05T18:49:01+08:00
ORD00109329,M001118,P00153,門市,created,3,TWD,297806.0,350.0,2026-07-03T22:56:37+08:00,2026-10-21,2026-07-05T10:43:37+08:00
ORD00110500,M006210,P00223,web,paid,4,TWD,784152.0,350.0,2026-07-03T04:27:38+08:00,2026-09-10,2026-07-04T06:33:38+08:00
ORD00108762,M003614,P00292,web,paid,4,TWD,715520.0,450.0,2026-07-03T09:21:03+08:00,2026-08-29,2026-07-05T04:39:03+08:00
ORD00111998,M002906,P00050,app,paid,3,JPY,47192.0,200.0,2026-07-03T14:31:27+08:00,2026-09-25,2026-07-04T03:46:27+08:00
ORD00110318,M003092,P00067,電銷,created,1,TWD,125071.0,700.0,2026-07-03T21:07:09+08:00,2026-07-15,2026-07-04T00:58:09+08:00
ORD00111956,M005979,P00284,web,paid,1,USD,5217.65,800.0,2026-07-03T05:19:56+08:00,2026-09-21,2026-07-04T09:03:56+08:00
ORD00108168,M006453,P00108,電銷,paid,3,TWD,354672.0,300.0,2026-07-03T21:35:25+08:00,2026-08-05,2026-07-05T04:32:25+08:00
ORD00111312,M007887,P00102,門市,paid,3,TWD,122577.0,750.0,2026-07-03T17:02:48+08:00,2026-08-13,2026-07-06T00:10:48+08:00
ORD00082114,M007809,P00020,電銷,cancelled,1,TWD,55074.0,300.0,2026-06-05T19:57:42+08:00,2026-07-19,2026-07-03T15:13:03+08:00
ORD00109842,M007843,P00143,app,created,3,USD,885.22,200.0,2026-07-03T22:00:04+08:00,2026-08-23,2026-07-04T20:50:04+08:00
ORD00108045,M003042,P00194,門市,paid,4,TWD,341081.0,900.0,2026-07-03T07:49:30+08:00,2026-07-31,2026-07-05T20:54:30+08:00
ORD00074009,M005618,P00284,web,cancelled,2,TWD,349201.0,800.0,2026-05-11T22:31:40+08:00,2026-06-18,2026-07-03T13:42:03+08:00
ORD00111028,M000143,P00299,電銷,paid,2,TWD,48760.0,750.0,2026-07-03T06:46:23+08:00,2026-09-03,2026-07-04T22:22:23+08:00
ORD00108302,M001575,P00013,電銷,paid,4,TWD,462874.0,800.0,2026-07-03T02:40:35+08:00,2026-09-16,2026-07-03T19:28:35+08:00
ORD00109714,M002970,P00269,app,paid,1,JPY,349021.0,550.0,2026-07-03T15:31:50+08:00,2026-08-18,2026-07-04T00:25:50+08:00
ORD00108859,M007677,P00236,電銷,paid,4,TWD,552772.0,800.0,2026-07-03T02:03:33+08:00,2026-09-24,2026-07-03T23:57:33+08:00
ORD00111198,M005334,P00201,app,paid,2,TWD,249548.0,750.0,2026-07-03T11:35:49+08:00,2026-08-11,2026-07-04T02:44:49+08:00
ORD00110483,M003822,P00215,電銷,paid,4,TWD,174341.0,550.0,2026-07-03T02:28:21+08:00,2026-10-16,2026-07-03T12:24:21+08:00
ORD00110745,M003582,P00061,app,paid,1,TWD,163960.0,850.0,2026-07-03T11:15:08+08:00,2026-09-01,2026-07-06T02:35:08+08:00
ORD00110990,M003969,P00295,門市,paid,2,TWD,127952.0,850.0,2026-07-03T13:33:29+08:00,2026-08-21,2026-07-06T02:15:29+08:00
ORD00099440,M000765,P00046,電銷,cancelled,1,TWD,77355.0,650.0,2026-06-18T03:15:33+08:00,2026-07-22,2026-07-03T01:22:17+08:00
ORD00109063,M003266,P00271,門市,created,1,TWD,24435.0,100.0,2026-07-03T14:31:14+08:00,2026-07-20,2026-07-04T03:11:14+08:00
ORD00110346,M007960,P00239,電銷,paid,3,USD,16873.52,600.0,2026-07-03T20:13:13+08:00,2026-09-05,2026-07-06T08:17:13+08:00
ORD00111461,M006973,P00127,門市,created,2,TWD,116464.0,300.0,2026-07-03T13:49:11+08:00,2026-10-13,2026-07-04T21:22:11+08:00
ORD00108543,M005237,P00119,電銷,created,4,USD,18815.11,800.0,2026-07-03T04:53:00+08:00,2026-08-25,2026-07-04T20:53:00+08:00
ORD00111391,M002054,P00272,web,paid,4,JPY,1968775.0,350.0,2026-07-03T08:54:30+08:00,2026-09-29,2026-07-03T09:00:30+08:00
ORD00111745,M004528,P00265,app,created,1,JPY,898044.0,600.0,2026-07-03T06:30:01+08:00,2026-09-27,2026-07-04T07:57:01+08:00
ORD00110274,M005161,P00225,門市,paid,3,TWD,149458.0,700.0,2026-07-03T17:53:33+08:00,2026-08-27,2026-07-03T20:02:33+08:00
ORD00110210,M003434,P00295,app,paid,4,USD,6569.5,450.0,2026-07-03T20:14:49+08:00,2026-09-22,2026-07-06T03:45:49+08:00
ORD00109727,M007751,P00155,門市,created,2,TWD,108661.0,250.0,2026-07-03T20:58:58+08:00,2026-07-16,2026-07-04T19:14:58+08:00
ORD00108375,M002602,P00155,門市,created,4,TWD,228120.0,150.0,2026-07-03T00:18:21+08:00,2026-08-10,2026-07-05T12:18:21+08:00
ORD00110324,M005223,P00024,app,paid,1,USD,2465.41,200.0,2026-07-03T18:04:12+08:00,2026-10-14,2026-07-04T08:07:12+08:00
ORD00011058,M006636,P00258,門市,cancelled,3,TWD,350558.0,350.0,2026-06-10T13:22:52+08:00,2026-07-29,2026-07-03T03:05:12+08:00
ORD00023215,M003476,P00296,app,completed,1,TWD,8519.0,0.0,2026-06-17T14:07:18+08:00,2026-08-26,2026-07-03T18:03:26+08:00
ORD00110673,M006096,P00125,門市,paid,3,JPY,781060.0,500.0,2026-07-03T21:28:22+08:00,2026-09-08,2026-07-05T18:20:22+08:00
ORD00108477,M005974,P00065,門市,created,2,USD,10905.39,400.0,2026-07-03T17:29:45+08:00,2026-10-10,2026-07-05T16:50:45+08:00
ORD00111425,M006337,P00157,電銷,paid,4,USD,10113.48,950.0,2026-07-03T12:18:27+08:00,2026-07-31,2026-07-03T22:53:27+08:00
ORD00110543,M003138,P00195,web,paid,1,TWD,58134.0,0.0,2026-07-03T15:54:40+08:00,2026-08-27,2026-07-04T07:39:40+08:00
ORD00110578,M007536,P00250,電銷,paid,3,USD,8032.5,250.0,2026-07-03T03:24:27+08:00,2026-09-09,2026-07-05T20:04:27+08:00
ORD00042129,M005224,P00164,門市,completed,2,JPY,307463.0,50.0,2026-06-06T17:46:53+08:00,2026-09-25,2026-07-03T03:35:49+08:00
ORD00111711,M007797,P00264,門市,paid,1,TWD,8817.0,650.0,2026-07-03T06:56:24+08:00,2026-09-17,2026-07-03T12:36:24+08:00
ORD00070704,M006404,P00035,電銷,completed,3,USD,15696.43,750.0,2026-06-23T10:52:15+08:00,2026-09-10,2026-07-03T21:23:03+08:00
ORD00027601,M007701,P00016,電銷,completed,4,USD,10576.87,150.0,2026-06-13T08:49:36+08:00,2026-07-04,2026-07-03T17:08:35+08:00
ORD00111832,M001135,P00079,web,paid,3,TWD,160767.0,850.0,2026-07-03T14:51:19+08:00,2026-07-29,2026-07-06T05:03:19+08:00
ORD00110761,M002029,P00026,電銷,paid,3,TWD,342732.0,550.0,2026-07-03T02:28:05+08:00,2026-08-10,2026-07-04T17:59:05+08:00
ORD00108890,M004328,P00268,app,created,2,TWD,103302.0,150.0,2026-07-03T07:46:09+08:00,2026-10-02,2026-07-05T01:12:09+08:00
ORD00111106,M001672,P00300,門市,created,4,USD,11553.05,100.0,2026-07-03T02:37:59+08:00,2026-10-15,2026-07-04T01:03:59+08:00
ORD00111748,M003734,P00123,web,created,1,TWD,74902.0,50.0,2026-07-03T11:29:04+08:00,2026-09-30,2026-07-04T10:23:04+08:00
ORD00110774,M004472,P00067,app,paid,1,TWD,114664.0,400.0,2026-07-03T11:22:13+08:00,2026-08-26,2026-07-04T22:53:13+08:00
ORD00111599,M000315,P00145,app,created,1,USD,2281.07,0.0,2026-07-03T07:29:50+08:00,2026-07-13,2026-07-03T22:13:50+08:00
ORD00110567,M004030,P00241,app,paid,2,TWD,289360.0,750.0,2026-07-03T03:45:49+08:00,2026-10-01,2026-07-05T01:08:49+08:00
ORD00111169,M007996,P00300,app,created,3,USD,10116.73,550.0,2026-07-03T06:11:39+08:00,2026-09-06,2026-07-04T19:57:39+08:00
ORD00022385,M002723,P00188,web,completed,1,USD,1721.84,750.0,2026-06-19T20:23:20+08:00,2026-08-08,2026-07-03T22:53:09+08:00
ORD00111017,M002040,P00246,門市,paid,4,TWD,599767.0,950.0,2026-07-03T10:50:03+08:00,2026-10-16,2026-07-05T08:11:03+08:00
ORD00108384,M001050,P00138,web,paid,3,TWD,184749.0,600.0,2026-07-03T14:15:31+08:00,2026-10-10,2026-07-04T19:11:31+08:00
ORD00111527,M002632,P00021,門市,created,4,TWD,718174.0,350.0,2026-07-03T07:39:46+08:00,2026-08-07,2026-07-05T15:00:46+08:00
ORD00076131,M003298,P00125,門市,cancelled,4,JPY,891175.0,300.0,2026-06-26T10:56:35+08:00,2026-08-24,2026-07-03T05:31:25+08:00
ORD00109438,M003167,P00078,門市,paid,2,TWD,191280.0,900.0,2026-07-03T21:34:21+08:00,2026-08-14,2026-07-04T09:23:21+08:00
ORD00108194,M001840,P00194,web,created,2,TWD,142396.0,700.0,2026-07-03T13:47:58+08:00,2026-10-04,2026-07-03T14:15:58+08:00
ORD00109945,M006087,P00277,app,created,4,TWD,511279.0,950.0,2026-07-03T15:09:57+08:00,2026-10-13,2026-07-04T14:12:57+08:00
ORD00055203,M002520,P00181,app,completed,2,JPY,175562.0,550.0,2026-05-28T00:46:13+08:00,2026-06-11,2026-07-03T20:15:37+08:00
ORD00111591,M007275,P00106,web,paid,3,TWD,139450.0,150.0,2026-07-03T23:54:18+08:00,2026-07-27,2026-07-06T11:53:18+08:00
ORD00109305,M004197,P00020,app,paid,3,JPY,1034097.0,850.0,2026-07-03T12:51:05+08:00,2026-07-10,2026-07-04T11:36:05+08:00
ORD00111677,M001592,P00191,電銷,paid,4,JPY,2767642.0,350.0,2026-07-03T02:28:35+08:00,2026-08-11,2026-07-05T09:03:35+08:00
ORD00111273,M001161,P00211,app,paid,4,USD,10839.36,200.0,2026-07-03T11:11:38+08:00,2026-09-15,2026-07-05T09:31:38+08:00
ORD00110129,M002782,P00039,電銷,created,1,USD,4903.24,500.0,2026-07-03T05:45:01+08:00,2026-07-31,2026-07-03T08:12:01+08:00
ORD00092894,M001059,P00094,web,cancelled,3,TWD,581002.0,900.0,2026-06-22T21:52:33+08:00,2026-09-21,2026-07-03T04:07:09+08:00
ORD00108066,M001565,P00044,電銷,paid,1,TWD,32811.0,850.0,2026-07-03T12:58:23+08:00,2026-07-15,2026-07-05T15:29:23+08:00
ORD00111410,M006867,P00008,電銷,paid,1,TWD,79998.0,150.0,2026-07-03T18:44:43+08:00,2026-09-22,2026-07-05T00:14:43+08:00
ORD00108307,M003597,P00136,門市,created,4,TWD,77113.0,900.0,2026-07-03T12:03:51+08:00,2026-09-05,2026-07-04T13:19:51+08:00
ORD00110441,M002567,P00273,web,paid,4,TWD,346618.0,50.0,2026-07-03T21:24:46+08:00,2026-10-07,2026-07-05T06:29:46+08:00
ORD00110899,M006713,P00037,app,paid,4,TWD,427219.0,450.0,2026-07-03T21:51:52+08:00,2026-08-20,2026-07-05T14:23:52+08:00
ORD00109743,M005182,P00141,app,paid,4,TWD,295566.0,650.0,2026-07-03T09:18:08+08:00,2026-07-28,2026-07-03T21:15:08+08:00
ORD00109501,M003358,P00219,web,created,1,TWD,118227.0,350.0,2026-07-03T17:47:12+08:00,2026-09-10,2026-07-04T19:05:12+08:00
ORD00108335,M007199,P00134,web,created,4,TWD,391246.0,800.0,2026-07-03T14:46:48+08:00,2026-09-22,2026-07-04T14:15:48+08:00
ORD00095934,M002011,P00080,web,completed,4,JPY,2840595.0,600.0,2026-06-16T16:52:53+08:00,2026-08-16,2026-07-03T10:11:47+08:00
ORD00110778,M003093,P00300,web,created,1,TWD,91867.0,100.0,2026-07-03T05:28:57+08:00,2026-10-17,2026-07-03T14:00:57+08:00
ORD00109899,M003714,P00237,web,paid,2,TWD,416520.0,450.0,2026-07-03T16:26:38+08:00,2026-08-04,2026-07-04T22:17:38+08:00
ORD00108454,M006780,P00229,門市,created,2,TWD,322463.0,950.0,2026-07-03T15:45:40+08:00,2026-09-03,2026-07-03T19:26:40+08:00
ORD00109166,M000492,P00193,門市,paid,4,TWD,751145.0,50.0,2026-07-03T17:59:59+08:00,2026-07-21,2026-07-04T14:48:59+08:00
ORD00111134,M001077,P00204,門市,paid,1,TWD,172494.0,150.0,2026-07-03T03:17:30+08:00,2026-09-21,2026-07-05T16:49:30+08:00
ORD00108421,M000438,P00069,門市,created,4,TWD,719918.0,600.0,2026-07-03T23:44:16+08:00,2026-10-08,2026-07-04T01:30:16+08:00
ORD00110359,M006919,P00061,app,created,2,JPY,1912437.0,600.0,2026-07-03T12:13:01+08:00,2026-10-05,2026-07-05T13:41:01+08:00
ORD00109521,M002982,P00180,門市,created,2,USD,7233.64,250.0,2026-07-03T12:57:39+08:00,2026-10-04,2026-07-05T11:31:39+08:00
ORD00111352,M003859,P00064,web,paid,2,TWD,41862.0,550.0,2026-07-03T07:12:19+08:00,2026-10-27,2026-07-05T13:13:19+08:00
ORD00109220,M006195,P00262,web,paid,3,USD,20834.44,50.0,2026-07-03T04:07:59+08:00,2026-08-01,2026-07-05T03:11:59+08:00
ORD00108727,M005355,P00203,app,paid,3,TWD,340866.0,600.0,2026-07-03T04:57:31+08:00,2026-09-09,2026-07-03T16:27:31+08:00
ORD00111849,M006680,P00046,web,paid,3,USD,5173.49,800.0,2026-07-03T07:12:09+08:00,2026-09-18,2026-07-06T01:35:09+08:00
ORD00109985,M002032,P00002,電銷,paid,3,TWD,198780.0,400.0,2026-07-03T05:51:29+08:00,2026-10-10,2026-07-03T07:23:29+08:00
ORD00109703,M001320,P00209,app,paid,1,TWD,84257.0,150.0,2026-07-03T23:33:33+08:00,2026-10-20,2026-07-05T12:51:33+08:00
ORD00111686,M007391,P00272,web,paid,3,TWD,407732.0,800.0,2026-07-03T16:47:45+08:00,2026-10-18,2026-07-04T04:49:45+08:00
ORD00111315,M006572,P00299,app,paid,1,TWD,29712.0,800.0,2026-07-03T21:53:23+08:00,2026-10-29,2026-07-05T07:44:23+08:00
ORD00108901,M004596,P00273,電銷,created,3,TWD,311007.0,300.0,2026-07-03T01:30:55+08:00,2026-08-04,2026-07-04T23:38:55+08:00
ORD00110414,M004194,P00111,電銷,paid,2,USD,5373.61,350.0,2026-07-03T20:25:57+08:00,2026-08-26,2026-07-03T23:53:57+08:00
ORD00111532,M005280,P00246,門市,paid,1,TWD,129347.0,50.0,2026-07-03T08:03:24+08:00,2026-08-30,2026-07-06T02:20:24+08:00
ORD00108114,M002651,P00157,web,paid,3,USD,7354.44,950.0,2026-07-03T20:32:23+08:00,2026-07-10,2026-07-04T13:39:23+08:00
ORD00108707,M007194,P00095,web,paid,4,TWD,876458.0,950.0,2026-07-03T07:17:29+08:00,2026-09-30,2026-07-04T21:08:29+08:00
ORD00109434,M000226,P00157,電銷,paid,4,TWD,350320.0,650.0,2026-07-03T04:26:16+08:00,2026-09-12,2026-07-03T16:33:16+08:00
ORD00108113,M004544,P00054,web,paid,3,TWD,484883.0,200.0,2026-07-03T23:57:20+08:00,2026-07-31,2026-07-04T01:13:20+08:00
ORD00015896,M005965,P00283,門市,cancelled,1,TWD,30552.0,150.0,2026-06-09T11:56:07+08:00,2026-06-24,2026-07-03T01:33:06+08:00
ORD00080027,M006755,P00279,app,completed,4,JPY,1879746.0,900.0,2026-05-21T16:34:20+08:00,2026-08-04,2026-07-03T06:49:10+08:00
ORD00108628,M004016,P00225,web,paid,2,TWD,83326.0,900.0,2026-07-03T23:19:22+08:00,2026-10-19,2026-07-06T03:04:22+08:00
ORD00108552,M004696,P00242,web,created,1,TWD,28820.0,950.0,2026-07-03T20:44:18+08:00,2026-10-28,2026-07-04T21:00:18+08:00
ORD00007500,M000745,P00098,app,cancelled,3,USD,12538.3,650.0,2026-06-24T03:51:02+08:00,2026-10-17,2026-07-03T23:44:08+08:00
ORD00110398,M004194,P00080,app,created,3,TWD,507188.0,850.0,2026-07-03T22:53:50+08:00,2026-08-13,2026-07-04T00:48:50+08:00
ORD00111207,M003523,P00042,web,paid,4,USD,17378.06,350.0,2026-07-03T17:42:08+08:00,2026-10-22,2026-07-04T21:42:08+08:00
ORD00108695,M007631,P00125,app,created,2,JPY,455611.0,700.0,2026-07-03T05:12:38+08:00,2026-09-25,2026-07-05T03:26:38+08:00
ORD00074795,M005840,P00040,app,cancelled,2,TWD,140079.0,200.0,2026-06-12T00:34:03+08:00,2026-08-19,2026-07-03T10:34:11+08:00
ORD00111299,M001371,P00048,app,created,4,USD,12253.46,650.0,2026-07-03T11:35:38+08:00,2026-08-21,2026-07-05T00:23:38+08:00
ORD00109796,M007646,P00030,電銷,paid,1,TWD,167402.0,800.0,2026-07-03T02:15:03+08:00,2026-09-03,2026-07-03T04:07:03+08:00
ORD00110715,M000382,P00158,web,paid,4,TWD,173451.0,0.0,2026-07-03T17:55:08+08:00,2026-09-20,2026-07-05T15:57:08+08:00
ORD00108305,M002123,P00112,電銷,paid,2,USD,619.96,950.0,2026-07-03T12:49:08+08:00,2026-10-06,2026-07-04T01:45:08+08:00
ORD00111351,M007832,P00006,門市,paid,4,TWD,769855.0,0.0,2026-07-03T18:24:43+08:00,2026-10-19,2026-07-04T23:25:43+08:00
ORD00108242,M001066,P00287,電銷,paid,2,TWD,261057.0,550.0,2026-07-03T18:14:12+08:00,2026-10-28,2026-07-05T13:00:12+08:00
ORD00108406,M006788,P00287,電銷,paid,1,JPY,581114.0,900.0,2026-07-03T14:00:56+08:00,2026-07-13,2026-07-04T20:47:56+08:00
ORD00109103,M004908,P00197,app,paid,2,TWD,167859.0,800.0,2026-07-03T01:56:12+08:00,2026-10-13,2026-07-05T00:41:12+08:00
ORD00108821,M004066,P00085,門市,paid,1,TWD,196163.0,350.0,2026-07-03T22:00:57+08:00,2026-08-01,2026-07-05T00:08:57+08:00
ORD00108517,M004426,P00294,門市,paid,3,TWD,555668.0,950.0,2026-07-03T01:39:58+08:00,2026-08-04,2026-07-04T11:43:58+08:00
ORD00108336,M006674,P00005,web,paid,4,USD,12206.1,550.0,2026-07-03T00:01:05+08:00,2026-10-06,2026-07-03T17:47:05+08:00
ORD00109407,M004933,P00119,電銷,paid,4,TWD,724582.0,450.0,2026-07-03T00:24:36+08:00,2026-10-13,2026-07-03T21:44:36+08:00
ORD00111276,M006791,P00045,app,paid,3,TWD,21577.0,400.0,2026-07-03T15:09:33+08:00,2026-09-02,2026-07-05T07:17:33+08:00
ORD00108978,M001444,P00239,電銷,paid,2,TWD,284674.0,800.0,2026-07-03T22:40:46+08:00,2026-10-04,2026-07-05T10:16:46+08:00
ORD00111176,M001865,P00093,app,paid,2,JPY,1308333.0,100.0,2026-07-03T10:08:22+08:00,2026-09-12,2026-07-05T11:46:22+08:00
ORD00099560,M007632,P00043,web,cancelled,4,USD,15966.22,450.0,2026-05-19T18:20:08+08:00,2026-07-02,2026-07-03T08:31:48+08:00
ORD00109006,M006308,P00088,web,paid,2,TWD,156294.0,900.0,2026-07-03T05:29:32+08:00,2026-08-14,2026-07-05T22:33:32+08:00
ORD00111043,M006228,P00185,門市,paid,3,TWD,533938.0,950.0,2026-07-03T18:22:15+08:00,2026-08-18,2026-07-05T22:48:15+08:00
ORD00109245,M000798,P00195,app,created,1,JPY,306485.0,600.0,2026-07-03T05:44:56+08:00,2026-07-17,2026-07-04T00:45:56+08:00
ORD00110522,M000773,P00171,門市,paid,1,USD,2455.39,350.0,2026-07-03T01:29:37+08:00,2026-10-18,2026-07-04T22:45:37+08:00
ORD00108337,M000154,P00109,電銷,paid,1,TWD,41187.0,0.0,2026-07-03T00:11:08+08:00,2026-07-10,2026-07-03T03:22:08+08:00
ORD00111715,M001043,P00279,web,paid,2,USD,6627.83,550.0,2026-07-03T19:03:19+08:00,2026-07-30,2026-07-04T15:11:19+08:00
ORD00108437,M004042,P00224,web,paid,2,TWD,237993.0,700.0,2026-07-03T03:52:57+08:00,2026-09-08,2026-07-05T01:51:57+08:00
ORD00111981,M002036,P00173,電銷,created,2,TWD,15838.0,350.0,2026-07-03T12:49:37+08:00,2026-07-25,2026-07-06T05:36:37+08:00
ORD00109364,M004010,P00169,電銷,paid,2,JPY,419424.0,950.0,2026-07-03T09:06:25+08:00,2026-10-22,2026-07-04T00:53:25+08:00
ORD00111957,M003529,P00090,門市,paid,1,TWD,148427.0,550.0,2026-07-03T23:26:53+08:00,2026-10-09,2026-07-06T10:21:53+08:00
ORD00111099,M007230,P00179,電銷,paid,1,JPY,643015.0,800.0,2026-07-03T03:50:13+08:00,2026-10-05,2026-07-05T18:51:13+08:00
ORD00110877,M000930,P00075,app,paid,1,TWD,23907.0,300.0,2026-07-03T00:21:39+08:00,2026-07-28,2026-07-03T07:39:39+08:00
ORD00111809,M006126,P00042,門市,paid,1,USD,4099.05,550.0,2026-07-03T18:35:42+08:00,2026-07-13,2026-07-05T20:35:42+08:00
ORD00111108,M005168,P00183,門市,paid,2,TWD,349644.0,750.0,2026-07-03T00:12:36+08:00,2026-09-11,2026-07-05T05:53:36+08:00
ORD00111913,M005177,P00297,門市,created,2,TWD,268793.0,850.0,2026-07-03T10:57:22+08:00,2026-07-24,2026-07-06T03:50:22+08:00
ORD00111439,M001239,P00287,電銷,paid,1,TWD,124198.0,50.0,2026-07-03T05:54:53+08:00,2026-08-31,2026-07-04T13:45:53+08:00
ORD00110161,M006887,P00221,app,paid,1,TWD,119596.0,200.0,2026-07-03T10:53:09+08:00,2026-08-05,2026-07-03T20:20:09+08:00
ORD00111215,M002885,P00268,web,created,1,JPY,298913.0,800.0,2026-07-03T03:10:25+08:00,2026-09-26,2026-07-03T15:10:25+08:00
ORD00092901,M000331,P00248,門市,completed,2,TWD,37580.0,300.0,2026-05-28T08:53:24+08:00,2026-06-19,2026-07-03T17:07:11+08:00
ORD00111453,M002728,P00007,web,paid,4,TWD,181863.0,150.0,2026-07-03T07:49:19+08:00,2026-08-30,2026-07-03T10:53:19+08:00
ORD00111111,M007844,P00249,電銷,paid,3,TWD,234162.0,100.0,2026-07-03T04:15:38+08:00,2026-10-20,2026-07-03T21:04:38+08:00
ORD00110165,M003198,P00167,門市,created,3,TWD,457074.0,300.0,2026-07-03T04:39:23+08:00,2026-08-10,2026-07-03T12:10:23+08:00
ORD00110146,M007101,P00131,電銷,paid,3,TWD,713556.0,150.0,2026-07-03T02:12:12+08:00,2026-09-21,2026-07-03T11:00:12+08:00
ORD00109764,M002721,P00279,web,paid,2,JPY,1149171.0,100.0,2026-07-03T19:50:50+08:00,2026-09-09,2026-07-05T02:27:50+08:00
ORD00110443,M002447,P00076,電銷,created,1,TWD,4848.0,900.0,2026-07-03T15:43:45+08:00,2026-10-13,2026-07-06T03:41:45+08:00
ORD00062909,M005712,P00156,門市,cancelled,4,TWD,826214.0,200.0,2026-06-05T22:31:55+08:00,2026-09-26,2026-07-03T10:36:03+08:00
ORD00108205,M005779,P00034,app,created,3,TWD,73671.0,850.0,2026-07-03T08:28:05+08:00,2026-09-07,2026-07-03T11:12:05+08:00
ORD00000028,M000981,P00010,web,cancelled,1,TWD,111804.0,600.0,2026-06-28T13:30:18+08:00,2026-09-28,2026-07-03T11:11:03+08:00
ORD00109099,M007277,P00297,門市,created,2,TWD,257545.0,450.0,2026-07-03T01:09:54+08:00,2026-10-26,2026-07-05T07:43:54+08:00
ORD00108288,M002758,P00183,電銷,created,1,JPY,743753.0,950.0,2026-07-03T11:24:44+08:00,2026-08-10,2026-07-05T11:06:44+08:00
ORD00108050,M006859,P00182,app,created,4,TWD,27845.0,650.0,2026-07-03T05:37:10+08:00,2026-10-06,2026-07-05T16:28:10+08:00
ORD00108455,M004698,P00126,app,paid,3,TWD,74707.0,100.0,2026-07-03T09:53:43+08:00,2026-09-15,2026-07-05T14:01:43+08:00
ORD00043776,M005118,P00204,電銷,completed,4,TWD,751790.0,100.0,2026-06-28T15:07:53+08:00,2026-08-22,2026-07-03T07:20:13+08:00
ORD00111465,M006198,P00070,電銷,created,2,TWD,243881.0,650.0,2026-07-03T00:15:01+08:00,2026-09-04,2026-07-04T00:14:01+08:00
ORD00110458,M005862,P00129,門市,paid,1,USD,4785.86,500.0,2026-07-03T02:49:02+08:00,2026-10-19,2026-07-03T04:18:02+08:00
ORD00111966,M006993,P00209,門市,created,3,TWD,308010.0,850.0,2026-07-03T07:30:03+08:00,2026-08-05,2026-07-05T00:04:03+08:00
ORD00109836,M004684,P00117,電銷,created,4,TWD,542189.0,600.0,2026-07-03T07:15:17+08:00,2026-08-10,2026-07-03T20:43:17+08:00
ORD00109002,M003281,P00215,web,paid,2,TWD,100748.0,450.0,2026-07-03T10:22:26+08:00,2026-08-02,2026-07-03T10:58:26+08:00
ORD00111871,M000103,P00080,電銷,paid,2,TWD,257583.0,200.0,2026-07-03T16:41:12+08:00,2026-10-23,2026-07-05T20:18:12+08:00
ORD00111100,M006051,P00009,app,created,2,USD,5497.5,450.0,2026-07-03T09:57:36+08:00,2026-10-14,2026-07-05T01:40:36+08:00
ORD00111831,M007582,P00077,門市,created,2,JPY,1915814.0,200.0,2026-07-03T16:08:39+08:00,2026-09-25,2026-07-04T18:43:39+08:00
ORD00109615,M002902,P00111,app,paid,1,TWD,106597.0,900.0,2026-07-03T17:53:16+08:00,2026-08-03,2026-07-05T00:11:16+08:00
ORD00108390,M002292,P00235,app,paid,4,TWD,302943.0,400.0,2026-07-03T09:19:43+08:00,2026-07-26,2026-07-04T11:43:43+08:00
ORD00111389,M006805,P00069,電銷,paid,3,TWD,555244.0,450.0,2026-07-03T23:07:09+08:00,2026-08-14,2026-07-04T11:15:09+08:00
ORD00110910,M002502,P00293,app,created,3,JPY,845263.0,500.0,2026-07-03T17:38:50+08:00,2026-10-24,2026-07-05T05:18:50+08:00
ORD00111836,M003365,P00249,web,paid,4,TWD,282310.0,450.0,2026-07-03T12:43:18+08:00,2026-08-03,2026-07-04T10:56:18+08:00
ORD00109004,M000760,P00278,web,paid,1,TWD,174100.0,300.0,2026-07-03T12:05:00+08:00,2026-09-01,2026-07-04T23:51:00+08:00
ORD00108850,M003852,P00135,電銷,created,3,USD,687.59,100.0,2026-07-03T12:31:16+08:00,2026-07-21,2026-07-03T17:20:16+08:00
ORD00109363,M007497,P00108,web,paid,1,USD,3014.89,0.0,2026-07-03T19:51:39+08:00,2026-09-23,2026-07-04T11:46:39+08:00
ORD00111638,M006398,P00073,app,paid,3,TWD,300815.0,300.0,2026-07-03T03:02:49+08:00,2026-10-11,2026-07-04T07:15:49+08:00
ORD00108432,M003389,P00274,電銷,paid,3,USD,8907.3,450.0,2026-07-03T08:12:29+08:00,2026-10-18,2026-07-04T21:42:29+08:00
ORD00108273,M003202,P00244,app,created,4,TWD,233620.0,150.0,2026-07-03T13:49:34+08:00,2026-09-17,2026-07-05T16:30:34+08:00
ORD00109631,M001987,P00118,app,paid,2,USD,7913.18,350.0,2026-07-03T12:07:03+08:00,2026-08-27,2026-07-05T01:08:03+08:00
ORD00098428,M006297,P00293,app,cancelled,2,USD,4566.88,800.0,2026-05-02T14:25:50+08:00,2026-08-16,2026-07-03T14:02:31+08:00
ORD00110341,M007356,P00131,電銷,created,2,TWD,395795.0,600.0,2026-07-03T11:59:09+08:00,2026-08-21,2026-07-05T12:09:09+08:00
ORD00111057,M006059,P00153,web,created,3,TWD,233137.0,500.0,2026-07-03T08:11:37+08:00,2026-08-27,2026-07-05T02:00:37+08:00
ORD00109932,M003951,P00005,app,created,2,TWD,156695.0,700.0,2026-07-03T02:29:35+08:00,2026-08-22,2026-07-03T11:44:35+08:00
ORD00111475,M004195,P00089,web,paid,1,TWD,75270.0,950.0,2026-07-03T18:37:15+08:00,2026-08-24,2026-07-05T07:07:15+08:00
ORD00064548,M006579,P00053,門市,completed,4,TWD,334315.0,900.0,2026-05-15T14:54:31+08:00,2026-07-03,2026-07-03T13:03:43+08:00
ORD00109547,M001321,P00199,app,paid,1,USD,170.69,600.0,2026-07-03T20:44:32+08:00,2026-10-10,2026-07-05T05:54:32+08:00
ORD00083033,M005960,P00268,電銷,cancelled,1,USD,1768.93,800.0,2026-06-18T22:38:32+08:00,2026-09-01,2026-07-03T22:04:47+08:00
ORD00109855,M000041,P00051,web,created,2,USD,9511.38,750.0,2026-07-03T06:54:41+08:00,2026-09-20,2026-07-04T18:06:41+08:00
ORD00111757,M007614,P00158,門市,paid,4,TWD,169338.0,500.0,2026-07-03T22:40:29+08:00,2026-09-12,2026-07-06T08:18:29+08:00
ORD00110529,M006260,P00289,web,paid,2,TWD,183323.0,150.0,2026-07-03T23:48:54+08:00,2026-07-18,2026-07-06T01:35:54+08:00
ORD00096722,M002789,P00121,app,cancelled,3,JPY,432977.0,50.0,2026-06-02T23:01:25+08:00,2026-09-29,2026-07-03T22:25:18+08:00
ORD00108556,M007432,P00010,app,created,2,TWD,269040.0,350.0,2026-07-03T07:49:00+08:00,2026-09-20,2026-07-05T00:13:00+08:00
ORD00110340,M007570,P00121,電銷,paid,4,TWD,116740.0,150.0,2026-07-03T03:06:01+08:00,2026-10-04,2026-07-04T20:54:01+08:00
ORD00109447,M004235,P00185,電銷,paid,1,JPY,1010077.0,900.0,2026-07-03T04:45:12+08:00,2026-08-23,2026-07-03T17:45:12+08:00
ORD00108239,M000814,P00215,電銷,paid,4,USD,5067.8,300.0,2026-07-03T12:54:57+08:00,2026-07-24,2026-07-03T17:18:57+08:00
ORD00025608,M001230,P00255,app,completed,4,TWD,885846.0,50.0,2026-06-21T04:33:47+08:00,2026-08-21,2026-07-03T16:32:50+08:00
ORD00109555,M003883,P00121,web,created,2,TWD,42596.0,0.0,2026-07-03T18:51:44+08:00,2026-08-05,2026-07-05T14:10:44+08:00
ORD00075916,M006544,P00292,電銷,cancelled,4,USD,18804.98,400.0,2026-05-23T19:34:36+08:00,2026-09-04,2026-07-03T19:42:08+08:00
ORD00108152,M001810,P00251,web,created,3,TWD,368783.0,800.0,2026-07-03T10:01:43+08:00,2026-10-19,2026-07-04T07:52:43+08:00
ORD00111104,M004771,P00119,電銷,paid,4,TWD,800417.0,800.0,2026-07-03T01:43:06+08:00,2026-07-18,2026-07-05T00:19:06+08:00
ORD00110585,M006965,P00085,門市,created,4,TWD,924693.0,600.0,2026-07-03T15:14:04+08:00,2026-09-06,2026-07-04T17:17:04+08:00
ORD00108749,M005593,P00203,門市,paid,4,USD,16560.11,450.0,2026-07-03T01:20:20+08:00,2026-10-16,2026-07-03T10:16:20+08:00
ORD00110329,M003715,P00003,門市,paid,4,USD,12711.66,50.0,2026-07-03T16:24:07+08:00,2026-09-22,2026-07-05T11:52:07+08:00
ORD00111272,M001907,P00222,門市,paid,3,TWD,109129.0,800.0,2026-07-03T06:10:13+08:00,2026-07-11,2026-07-03T08:05:13+08:00
ORD00111827,M005574,P00126,web,paid,3,TWD,90959.0,800.0,2026-07-03T08:22:16+08:00,2026-08-06,2026-07-05T07:38:16+08:00
ORD00110465,M002706,P00268,門市,paid,1,USD,2259.51,300.0,2026-07-03T22:44:52+08:00,2026-07-21,2026-07-04T14:50:52+08:00
ORD00110711,M003761,P00250,電銷,created,4,USD,10662.25,750.0,2026-07-03T20:46:44+08:00,2026-10-26,2026-07-05T09:17:44+08:00
ORD00051214,M000984,P00070,電銷,cancelled,2,TWD,227293.0,950.0,2026-05-06T03:04:04+08:00,2026-06-12,2026-07-03T20:00:32+08:00
ORD00109595,M007159,P00171,電銷,paid,3,TWD,280885.0,900.0,2026-07-03T15:04:10+08:00,2026-09-12,2026-07-04T11:10:10+08:00
ORD00043015,M007041,P00260,web,cancelled,1,TWD,117280.0,300.0,2026-05-01T09:37:55+08:00,2026-05-08,2026-07-03T06:34:29+08:00
ORD00108656,M007762,P00048,門市,paid,3,TWD,321038.0,700.0,2026-07-03T07:48:20+08:00,2026-08-27,2026-07-05T19:40:20+08:00
ORD00111464,M002603,P00140,app,paid,2,TWD,73926.0,200.0,2026-07-03T20:47:50+08:00,2026-08-31,2026-07-04T01:14:50+08:00
ORD00076787,M005659,P00202,app,completed,4,TWD,493368.0,450.0,2026-05-04T20:38:20+08:00,2026-08-23,2026-07-03T05:15:01+08:00
ORD00109928,M007679,P00223,app,paid,1,TWD,207722.0,550.0,2026-07-03T20:49:09+08:00,2026-08-27,2026-07-04T19:27:09+08:00
ORD00109597,M006428,P00253,電銷,paid,2,TWD,384658.0,100.0,2026-07-03T18:58:03+08:00,2026-10-05,2026-07-06T09:06:03+08:00
ORD00005989,M004409,P00231,門市,completed,1,JPY,792282.0,50.0,2026-06-18T19:53:21+08:00,2026-08-09,2026-07-03T22:59:25+08:00
ORD00109179,M001931,P00074,門市,created,1,TWD,169087.0,700.0,2026-07-03T14:28:31+08:00,2026-09-13,2026-07-04T09:26:31+08:00
ORD00111664,M003654,P00070,門市,paid,4,TWD,371256.0,100.0,2026-07-03T23:26:20+08:00,2026-07-15,2026-07-06T11:43:20+08:00
ORD00109958,M002715,P00070,app,paid,3,TWD,315303.0,950.0,2026-07-03T19:27:24+08:00,2026-08-08,2026-07-04T01:19:24+08:00
ORD00109183,M003525,P00101,web,paid,4,TWD,292115.0,300.0,2026-07-03T09:11:48+08:00,2026-10-13,2026-07-05T14:57:48+08:00
ORD00108582,M004808,P00101,app,paid,3,JPY,747684.0,800.0,2026-07-03T05:58:10+08:00,2026-09-27,2026-07-05T01:26:10+08:00
ORD00109176,M007696,P00200,app,paid,2,TWD,253653.0,950.0,2026-07-03T12:30:12+08:00,2026-08-26,2026-07-03T20:50:12+08:00
ORD00109832,M003323,P00044,app,created,1,TWD,34055.0,200.0,2026-07-03T20:29:19+08:00,2026-10-03,2026-07-06T09:03:19+08:00
ORD00085293,M006461,P00199,app,completed,1,JPY,35225.0,800.0,2026-06-07T03:50:25+08:00,2026-09-09,2026-07-03T05:49:36+08:00
ORD00111047,M001729,P00165,app,created,1,TWD,63736.0,300.0,2026-07-03T06:08:02+08:00,2026-08-03,2026-07-03T13:18:02+08:00
ORD00110042,M000239,P00200,門市,created,1,TWD,123150.0,250.0,2026-07-03T11:30:32+08:00,2026-09-07,2026-07-04T05:12:32+08:00
ORD00110680,M005264,P00179,web,paid,3,TWD,475404.0,450.0,2026-07-03T00:55:09+08:00,2026-10-13,2026-07-04T18:05:09+08:00
ORD00109528,M002637,P00293,門市,paid,1,TWD,77892.0,350.0,2026-07-03T03:22:39+08:00,2026-09-08,2026-07-04T12:42:39+08:00
ORD00111859,M003128,P00092,電銷,paid,4,JPY,3661427.0,950.0,2026-07-03T18:49:11+08:00,2026-07-18,2026-07-04T12:00:11+08:00
ORD00109795,M002060,P00170,電銷,paid,2,TWD,127877.0,850.0,2026-07-03T19:20:27+08:00,2026-09-13,2026-07-04T14:23:27+08:00
ORD00111683,M003739,P00274,app,paid,2,TWD,218865.0,350.0,2026-07-03T12:00:24+08:00,2026-10-13,2026-07-04T18:51:24+08:00
ORD00108385,M007008,P00190,電銷,paid,4,TWD,631751.0,950.0,2026-07-03T21:34:42+08:00,2026-09-08,2026-07-04T11:43:42+08:00
ORD00111983,M004134,P00156,web,paid,1,TWD,185275.0,900.0,2026-07-03T12:02:02+08:00,2026-10-04,2026-07-04T05:14:02+08:00
ORD00111331,M007579,P00008,app,created,3,TWD,265435.0,200.0,2026-07-03T15:57:43+08:00,2026-08-06,2026-07-04T16:59:43+08:00
ORD00109315,M001523,P00054,電銷,paid,1,TWD,128881.0,650.0,2026-07-03T18:35:44+08:00,2026-10-14,2026-07-05T23:42:44+08:00
ORD00109658,M003612,P00072,門市,paid,1,TWD,15755.0,900.0,2026-07-03T13:49:01+08:00,2026-10-17,2026-07-04T20:29:01+08:00
ORD00111752,M003542,P00276,web,created,1,JPY,815742.0,350.0,2026-07-03T02:06:49+08:00,2026-10-11,2026-07-04T19:04:49+08:00
ORD00110719,M007242,P00013,門市,created,4,TWD,582410.0,700.0,2026-07-03T08:11:58+08:00,2026-09-09,2026-07-05T08:17:58+08:00
ORD00108088,M006910,P00258,web,paid,2,USD,8210.23,700.0,2026-07-03T10:49:01+08:00,2026-08-27,2026-07-04T10:19:01+08:00
ORD00111667,M002526,P00148,app,paid,1,USD,1011.87,950.0,2026-07-03T09:00:58+08:00,2026-10-30,2026-07-06T00:45:58+08:00
ORD00111835,M006140,P00079,web,paid,3,USD,4872.68,150.0,2026-07-03T00:02:16+08:00,2026-10-20,2026-07-03T03:40:16+08:00
ORD00108721,M002754,P00292,app,created,4,JPY,2770439.0,250.0,2026-07-03T12:40:05+08:00,2026-10-21,2026-07-05T12:30:05+08:00
ORD00110004,M004612,P00291,電銷,paid,3,USD,3290.0,200.0,2026-07-03T04:57:11+08:00,2026-10-25,2026-07-05T12:48:11+08:00
ORD00110753,M001251,P00005,門市,created,2,TWD,172034.0,650.0,2026-07-03T22:04:03+08:00,2026-10-17,2026-07-03T22:39:03+08:00
ORD00109994,M005623,P00076,門市,paid,2,TWD,9850.0,150.0,2026-07-03T04:32:33+08:00,2026-09-11,2026-07-04T15:21:33+08:00
ORD00109423,M005905,P00011,電銷,paid,2,TWD,321246.0,50.0,2026-07-03T10:54:23+08:00,2026-10-10,2026-07-04T13:14:23+08:00
ORD00108147,M004141,P00128,門市,paid,4,TWD,520868.0,150.0,2026-07-03T14:50:07+08:00,2026-09-26,2026-07-06T01:24:07+08:00
ORD00111208,M003307,P00109,app,paid,2,TWD,80404.0,450.0,2026-07-03T09:31:28+08:00,2026-08-19,2026-07-04T15:48:28+08:00
ORD00108367,M000114,P00181,app,paid,4,JPY,270058.0,850.0,2026-07-03T14:20:58+08:00,2026-08-27,2026-07-04T13:47:58+08:00
ORD00025594,M001981,P00149,門市,completed,2,TWD,403673.0,900.0,2026-05-09T15:23:23+08:00,2026-08-23,2026-07-03T01:21:21+08:00
ORD00109381,M003589,P00100,app,paid,1,TWD,182423.0,350.0,2026-07-03T14:37:27+08:00,2026-07-15,2026-07-05T00:57:27+08:00
ORD00108186,M001276,P00198,web,paid,2,TWD,49373.0,850.0,2026-07-03T14:47:33+08:00,2026-10-03,2026-07-04T20:39:33+08:00
ORD00108333,M001551,P00174,電銷,created,3,TWD,65787.0,550.0,2026-07-03T16:33:22+08:00,2026-10-11,2026-07-04T21:52:22+08:00
ORD00109097,M004142,P00118,web,created,2,TWD,256104.0,100.0,2026-07-03T11:31:34+08:00,2026-07-25,2026-07-04T20:06:34+08:00
ORD00108165,M005378,P00017,web,paid,2,TWD,315163.0,800.0,2026-07-03T15:50:37+08:00,2026-07-22,2026-07-05T01:34:37+08:00
ORD00110471,M000777,P00192,app,created,4,TWD,761076.0,350.0,2026-07-03T22:28:04+08:00,2026-08-28,2026-07-05T01:01:04+08:00
ORD00049509,M006900,P00132,門市,completed,2,JPY,592526.0,600.0,2026-05-26T22:14:17+08:00,2026-06-25,2026-07-03T21:01:00+08:00
ORD00110142,M003927,P00296,電銷,paid,1,USD,262.56,650.0,2026-07-03T03:19:27+08:00,2026-10-12,2026-07-03T20:58:27+08:00
ORD00110387,M003947,P00109,web,created,4,TWD,168485.0,150.0,2026-07-03T07:50:43+08:00,2026-08-29,2026-07-04T00:42:43+08:00
ORD00028305,M000917,P00127,電銷,cancelled,3,TWD,173036.0,200.0,2026-06-09T12:56:58+08:00,2026-09-13,2026-07-03T02:04:35+08:00
ORD00109539,M007987,P00242,app,created,3,TWD,69488.0,200.0,2026-07-03T12:12:11+08:00,2026-10-20,2026-07-06T01:54:11+08:00
ORD00111927,M001512,P00249,app,created,4,TWD,275543.0,0.0,2026-07-03T03:45:01+08:00,2026-09-26,2026-07-03T17:09:01+08:00
ORD00108416,M005608,P00113,電銷,paid,1,USD,4974.31,650.0,2026-07-03T14:33:24+08:00,2026-07-23,2026-07-04T08:20:24+08:00
ORD00108544,M003373,P00119,門市,paid,3,TWD,573590.0,450.0,2026-07-03T19:50:34+08:00,2026-07-19,2026-07-05T13:48:34+08:00
ORD00110653,M000469,P00263,門市,paid,2,TWD,222336.0,750.0,2026-07-03T06:34:26+08:00,2026-07-11,2026-07-04T11:07:26+08:00
ORD00109262,M007265,P00042,電銷,created,2,USD,7873.07,250.0,2026-07-03T18:17:31+08:00,2026-09-06,2026-07-06T06:06:31+08:00
ORD00108258,M000053,P00200,web,paid,3,USD,14872.71,450.0,2026-07-03T23:44:30+08:00,2026-08-17,2026-07-06T08:00:30+08:00
ORD00109934,M004604,P00002,app,paid,2,TWD,131393.0,500.0,2026-07-03T14:31:30+08:00,2026-10-30,2026-07-05T18:07:30+08:00
ORD00067625,M006853,P00130,app,cancelled,2,USD,13951.55,600.0,2026-05-31T00:45:42+08:00,2026-06-13,2026-07-03T10:16:18+08:00
ORD00109556,M005190,P00048,app,paid,3,TWD,304721.0,250.0,2026-07-03T19:52:48+08:00,2026-08-07,2026-07-04T22:45:48+08:00
ORD00110420,M001403,P00079,web,paid,1,TWD,47184.0,600.0,2026-07-03T14:52:54+08:00,2026-10-11,2026-07-05T01:03:54+08:00
ORD00111671,M001617,P00008,門市,paid,3,USD,9249.24,950.0,2026-07-03T20:04:51+08:00,2026-10-17,2026-07-04T17:18:51+08:00
ORD00109131,M003034,P00211,web,paid,1,USD,3618.96,150.0,2026-07-03T13:34:59+08:00,2026-09-19,2026-07-05T15:24:59+08:00
ORD00111478,M001277,P00124,app,paid,1,TWD,45318.0,950.0,2026-07-03T04:02:09+08:00,2026-07-11,2026-07-05T04:03:09+08:00
ORD00110901,M004483,P00102,app,paid,1,TWD,29208.0,0.0,2026-07-03T11:38:49+08:00,2026-07-16,2026-07-05T22:11:49+08:00
ORD00110596,M001647,P00163,app,paid,1,USD,2483.81,150.0,2026-07-03T17:18:02+08:00,2026-08-12,2026-07-04T09:41:02+08:00
ORD00109135,M005940,P00226,電銷,paid,2,TWD,240692.0,650.0,2026-07-03T22:05:19+08:00,2026-10-21,2026-07-05T19:54:19+08:00
ORD00110219,M000672,P00241,app,paid,4,TWD,772559.0,0.0,2026-07-03T15:50:32+08:00,2026-08-20,2026-07-06T03:47:32+08:00
ORD00110666,M003379,P00016,電銷,paid,1,TWD,90818.0,900.0,2026-07-03T14:51:32+08:00,2026-09-06,2026-07-06T07:28:32+08:00
ORD00110338,M004926,P00024,門市,paid,2,TWD,152788.0,800.0,2026-07-03T06:36:32+08:00,2026-07-28,2026-07-04T10:36:32+08:00
ORD00081723,M003935,P00114,app,completed,4,TWD,370508.0,950.0,2026-05-16T14:05:46+08:00,2026-07-16,2026-07-03T16:30:20+08:00
ORD00110311,M001418,P00064,web,paid,1,TWD,25641.0,850.0,2026-07-03T21:52:52+08:00,2026-09-03,2026-07-05T11:37:52+08:00
ORD00111297,M006356,P00260,web,paid,1,TWD,133579.0,350.0,2026-07-03T06:33:43+08:00,2026-08-21,2026-07-04T12:01:43+08:00
ORD00109424,M007028,P00076,app,paid,2,TWD,8496.0,300.0,2026-07-03T10:37:08+08:00,2026-08-05,2026-07-05T00:02:08+08:00
ORD00108294,M003404,P00101,web,created,3,TWD,165810.0,50.0,2026-07-03T16:31:53+08:00,2026-08-05,2026-07-06T02:02:53+08:00
ORD00110417,M006372,P00198,電銷,paid,2,TWD,43924.0,400.0,2026-07-03T06:05:33+08:00,2026-09-10,2026-07-05T00:39:33+08:00
ORD00109016,M000417,P00099,app,paid,1,USD,4949.34,250.0,2026-07-03T09:46:53+08:00,2026-10-26,2026-07-05T01:19:53+08:00
ORD00109876,M002914,P00004,app,paid,3,TWD,526307.0,200.0,2026-07-03T11:05:25+08:00,2026-08-05,2026-07-05T20:10:25+08:00
ORD00111613,M004105,P00212,電銷,created,4,TWD,102817.0,350.0,2026-07-03T09:49:32+08:00,2026-08-28,2026-07-04T13:34:32+08:00
ORD00110434,M005822,P00106,app,paid,4,USD,5520.29,0.0,2026-07-03T11:39:05+08:00,2026-09-22,2026-07-03T14:14:05+08:00
ORD00109162,M005528,P00295,門市,created,1,TWD,64677.0,150.0,2026-07-03T11:01:19+08:00,2026-08-20,2026-07-06T05:32:19+08:00
ORD00110134,M004241,P00226,web,paid,3,TWD,368434.0,700.0,2026-07-03T07:13:45+08:00,2026-09-11,2026-07-04T01:18:45+08:00
ORD00110782,M004383,P00145,門市,paid,2,TWD,150616.0,650.0,2026-07-03T17:28:42+08:00,2026-08-13,2026-07-05T20:40:42+08:00
ORD00108434,M003534,P00288,門市,created,3,TWD,38780.0,50.0,2026-07-03T18:17:42+08:00,2026-08-13,2026-07-05T08:04:42+08:00
ORD00111992,M001865,P00028,門市,paid,4,TWD,472534.0,300.0,2026-07-03T04:38:02+08:00,2026-10-05,2026-07-04T19:23:02+08:00
ORD00108049,M004701,P00018,app,paid,2,USD,9313.61,350.0,2026-07-03T08:38:30+08:00,2026-09-27,2026-07-04T03:00:30+08:00
ORD00110624,M000467,P00149,門市,paid,1,TWD,181802.0,550.0,2026-07-03T11:33:34+08:00,2026-07-22,2026-07-06T03:52:34+08:00
ORD00110676,M005250,P00299,門市,created,3,TWD,61993.0,800.0,2026-07-03T13:45:41+08:00,2026-09-05,2026-07-04T17:12:41+08:00
ORD00108548,M002395,P00272,門市,paid,2,USD,7169.5,650.0,2026-07-03T15:56:03+08:00,2026-07-20,2026-07-05T09:40:03+08:00
ORD00108558,M007123,P00218,web,paid,3,USD,2709.18,650.0,2026-07-03T08:52:55+08:00,2026-10-17,2026-07-03T23:29:55+08:00
ORD00111627,M002962,P00298,門市,paid,1,TWD,96894.0,400.0,2026-07-03T12:07:28+08:00,2026-10-10,2026-07-05T07:13:28+08:00
ORD00108026,M003533,P00006,門市,created,4,USD,23411.74,600.0,2026-07-03T07:12:47+08:00,2026-07-25,2026-07-05T11:37:47+08:00
ORD00110698,M003724,P00036,app,created,3,TWD,197818.0,750.0,2026-07-03T01:43:38+08:00,2026-08-02,2026-07-03T08:14:38+08:00
ORD00110263,M003300,P00064,app,created,3,JPY,308670.0,350.0,2026-07-03T05:24:01+08:00,2026-08-07,2026-07-05T09:57:01+08:00
ORD00111450,M004302,P00253,電銷,paid,4,TWD,769900.0,700.0,2026-07-03T16:24:26+08:00,2026-08-03,2026-07-03T17:19:26+08:00
ORD00111019,M002441,P00209,電銷,paid,4,USD,9957.6,450.0,2026-07-03T10:05:15+08:00,2026-08-11,2026-07-05T12:47:15+08:00
ORD00111573,M001174,P00106,門市,paid,1,TWD,51761.0,850.0,2026-07-03T06:12:24+08:00,2026-07-30,2026-07-04T05:36:24+08:00
ORD00108557,M001607,P00072,門市,paid,2,USD,1178.13,250.0,2026-07-03T11:24:06+08:00,2026-08-22,2026-07-04T21:58:06+08:00
ORD00108468,M005923,P00126,web,created,3,TWD,87478.0,700.0,2026-07-03T15:53:55+08:00,2026-08-18,2026-07-05T09:15:55+08:00
ORD00111044,M006599,P00196,app,created,3,TWD,154838.0,300.0,2026-07-03T17:18:05+08:00,2026-09-09,2026-07-05T09:36:05+08:00
ORD00110310,M006286,P00140,app,paid,1,TWD,45558.0,900.0,2026-07-03T01:23:48+08:00,2026-09-18,2026-07-04T05:11:48+08:00
ORD00110456,M002896,P00107,app,paid,1,JPY,1045977.0,650.0,2026-07-03T11:24:10+08:00,2026-09-29,2026-07-05T20:51:10+08:00
ORD00110794,M002586,P00081,電銷,paid,4,USD,16678.11,450.0,2026-07-03T03:08:16+08:00,2026-09-10,2026-07-03T05:06:16+08:00
ORD00111571,M000810,P00065,電銷,paid,3,TWD,552523.0,250.0,2026-07-03T09:54:22+08:00,2026-10-16,2026-07-05T08:57:22+08:00
ORD00110581,M005291,P00010,電銷,paid,1,JPY,737307.0,650.0,2026-07-03T03:27:26+08:00,2026-10-22,2026-07-03T12:38:26+08:00
ORD00109902,M001707,P00257,web,created,3,TWD,111711.0,500.0,2026-07-03T11:16:56+08:00,2026-10-23,2026-07-04T05:00:56+08:00
ORD00109825,M004613,P00054,電銷,paid,4,JPY,3095212.0,550.0,2026-07-03T23:27:24+08:00,2026-09-25,2026-07-05T15:59:24+08:00
ORD00108704,M006120,P00218,web,paid,1,TWD,36611.0,250.0,2026-07-03T18:43:33+08:00,2026-09-03,2026-07-04T18:07:33+08:00
ORD00110303,M001709,P00293,門市,created,1,USD,1962.03,150.0,2026-07-03T17:39:32+08:00,2026-10-24,2026-07-03T17:49:32+08:00
ORD00110141,M006006,P00190,web,paid,3,USD,20340.56,350.0,2026-07-03T12:54:00+08:00,2026-08-11,2026-07-04T17:46:00+08:00
ORD00111068,M007083,P00057,電銷,paid,3,TWD,385477.0,950.0,2026-07-03T04:27:07+08:00,2026-09-05,2026-07-05T18:39:07+08:00
ORD00110236,M007433,P00223,門市,paid,2,TWD,354383.0,950.0,2026-07-03T03:19:43+08:00,2026-10-12,2026-07-04T21:32:43+08:00
ORD00108270,M002267,P00169,門市,paid,2,JPY,323450.0,450.0,2026-07-03T19:31:22+08:00,2026-08-15,2026-07-06T11:55:22+08:00
ORD00111349,M004183,P00148,電銷,created,1,TWD,25822.0,300.0,2026-07-03T07:55:36+08:00,2026-07-27,2026-07-03T19:03:36+08:00
ORD00111825,M001149,P00244,門市,paid,3,USD,5828.5,800.0,2026-07-03T04:59:58+08:00,2026-08-10,2026-07-03T13:00:58+08:00
ORD00108145,M004353,P00127,web,paid,4,USD,6799.42,350.0,2026-07-03T03:24:03+08:00,2026-10-28,2026-07-05T09:19:03+08:00
ORD00108839,M004079,P00247,門市,paid,3,TWD,391519.0,150.0,2026-07-03T11:54:45+08:00,2026-09-02,2026-07-04T22:55:45+08:00
ORD00110913,M004920,P00288,web,paid,1,JPY,57433.0,900.0,2026-07-03T12:08:00+08:00,2026-10-22,2026-07-04T11:46:00+08:00
ORD00110259,M000644,P00049,app,created,3,USD,2028.39,400.0,2026-07-03T22:25:33+08:00,2026-09-26,2026-07-04T17:22:33+08:00
ORD00031129,M001888,P00088,app,completed,3,TWD,260142.0,0.0,2026-05-30T03:20:51+08:00,2026-07-08,2026-07-03T14:05:56+08:00
ORD00108103,M001256,P00266,門市,created,3,USD,1598.09,300.0,2026-07-03T16:55:01+08:00,2026-09-16,2026-07-04T18:10:01+08:00
ORD00110588,M000403,P00128,電銷,created,3,TWD,458450.0,0.0,2026-07-03T09:43:03+08:00,2026-08-08,2026-07-04T06:08:03+08:00
ORD00110085,M003498,P00081,門市,created,4,TWD,535788.0,900.0,2026-07-03T01:11:23+08:00,2026-08-03,2026-07-04T07:36:23+08:00
ORD00108449,M006270,P00291,門市,created,4,USD,3499.17,400.0,2026-07-03T18:14:25+08:00,2026-07-21,2026-07-05T20:14:25+08:00
ORD00109173,M005030,P00123,電銷,created,4,TWD,338256.0,400.0,2026-07-03T21:05:18+08:00,2026-08-07,2026-07-06T15:35:18+08:00
ORD00109355,M007782,P00111,門市,paid,1,USD,2731.3,100.0,2026-07-03T19:00:12+08:00,2026-07-14,2026-07-04T03:57:12+08:00
ORD00109258,M000915,P00148,web,paid,4,TWD,119193.0,650.0,2026-07-03T11:41:30+08:00,2026-08-02,2026-07-05T09:48:30+08:00
ORD00108698,M004681,P00094,app,paid,4,TWD,774744.0,950.0,2026-07-03T13:43:00+08:00,2026-09-06,2026-07-05T16:16:00+08:00
ORD00110384,M001542,P00107,電銷,paid,3,TWD,618678.0,950.0,2026-07-03T04:07:55+08:00,2026-10-14,2026-07-03T17:10:55+08:00
ORD00109053,M007594,P00091,電銷,paid,2,TWD,234652.0,100.0,2026-07-03T22:51:33+08:00,2026-10-18,2026-07-06T16:30:33+08:00
ORD00012572,M000910,P00046,門市,cancelled,4,TWD,262699.0,850.0,2026-06-08T04:19:45+08:00,2026-07-04,2026-07-03T13:52:13+08:00
ORD00069583,M005802,P00104,電銷,completed,4,USD,420.26,500.0,2026-05-06T07:34:47+08:00,2026-08-27,2026-07-03T09:50:28+08:00
ORD00045197,M006417,P00048,web,completed,2,TWD,176435.0,700.0,2026-06-17T13:55:17+08:00,2026-09-23,2026-07-03T06:47:15+08:00
ORD00110015,M000225,P00088,門市,paid,1,TWD,77371.0,50.0,2026-07-03T00:24:45+08:00,2026-10-11,2026-07-03T16:03:45+08:00
ORD00011092,M006766,P00279,app,completed,1,JPY,502270.0,750.0,2026-05-19T16:13:45+08:00,2026-06-24,2026-07-03T05:24:06+08:00
ORD00108577,M003877,P00027,電銷,paid,1,TWD,109381.0,800.0,2026-07-03T09:45:30+08:00,2026-07-31,2026-07-05T03:07:30+08:00
ORD00109106,M004556,P00274,app,paid,2,USD,5672.45,800.0,2026-07-03T15:38:52+08:00,2026-10-25,2026-07-06T03:03:52+08:00
ORD00110779,M007948,P00093,app,created,4,TWD,518359.0,450.0,2026-07-03T04:23:11+08:00,2026-08-08,2026-07-03T10:28:11+08:00
ORD00108980,M001088,P00274,電銷,created,1,TWD,114913.0,600.0,2026-07-03T14:42:38+08:00,2026-09-03,2026-07-05T20:33:38+08:00
ORD00109299,M005780,P00213,app,paid,4,TWD,375209.0,250.0,2026-07-03T15:51:12+08:00,2026-09-05,2026-07-06T00:29:12+08:00
ORD00111222,M003687,P00191,web,created,4,TWD,510310.0,550.0,2026-07-03T21:41:38+08:00,2026-09-15,2026-07-06T00:59:38+08:00
ORD00111820,M004878,P00067,電銷,created,4,USD,16790.87,100.0,2026-07-03T13:37:07+08:00,2026-10-02,2026-07-06T02:03:07+08:00
ORD00108249,M004618,P00158,電銷,created,1,TWD,37344.0,700.0,2026-07-03T08:12:13+08:00,2026-10-22,2026-07-04T04:26:13+08:00
ORD00109000,M006443,P00204,門市,created,3,TWD,516019.0,550.0,2026-07-03T14:50:18+08:00,2026-09-10,2026-07-04T14:10:18+08:00
ORD00069457,M004010,P00126,web,cancelled,4,USD,3133.27,400.0,2026-06-13T21:54:14+08:00,2026-09-08,2026-07-03T18:37:43+08:00
ORD00109466,M005814,P00009,門市,created,1,TWD,89058.0,400.0,2026-07-03T09:10:16+08:00,2026-08-01,2026-07-03T13:59:16+08:00
ORD00108958,M004068,P00241,電銷,paid,4,TWD,798340.0,500.0,2026-07-03T13:08:23+08:00,2026-07-26,2026-07-05T14:34:23+08:00
ORD00108955,M005740,P00286,app,paid,2,TWD,283244.0,750.0,2026-07-03T21:45:54+08:00,2026-10-13,2026-07-06T05:57:54+08:00
ORD00022846,M007025,P00118,app,completed,4,TWD,501912.0,100.0,2026-06-02T10:44:21+08:00,2026-06-10,2026-07-03T03:51:08+08:00
ORD00108533,M006236,P00077,門市,created,3,USD,17942.32,900.0,2026-07-03T08:48:13+08:00,2026-07-26,2026-07-04T18:36:13+08:00
ORD00108580,M003826,P00011,app,created,4,USD,18946.55,800.0,2026-07-03T22:22:58+08:00,2026-10-29,2026-07-05T20:53:58+08:00
ORD00110919,M001403,P00174,web,created,4,TWD,88063.0,850.0,2026-07-03T12:33:50+08:00,2026-10-28,2026-07-05T14:29:50+08:00
ORD00108109,M007335,P00006,app,paid,1,TWD,171691.0,950.0,2026-07-03T23:55:26+08:00,2026-09-10,2026-07-06T16:04:26+08:00
ORD00108979,M006727,P00109,web,paid,1,USD,1598.02,100.0,2026-07-03T20:34:54+08:00,2026-09-16,2026-07-06T14:39:54+08:00
ORD00110231,M005700,P00133,電銷,created,3,TWD,14980.0,750.0,2026-07-03T04:02:03+08:00,2026-08-25,2026-07-05T06:17:03+08:00
ORD00111428,M002340,P00239,web,paid,3,TWD,474533.0,950.0,2026-07-03T18:32:11+08:00,2026-08-20,2026-07-04T23:46:11+08:00
ORD00109133,M001991,P00177,app,created,2,USD,1582.9,600.0,2026-07-03T21:32:56+08:00,2026-10-01,2026-07-06T14:47:56+08:00
ORD00111633,M000089,P00018,web,created,4,JPY,2317708.0,150.0,2026-07-03T16:44:37+08:00,2026-08-19,2026-07-04T00:23:37+08:00
ORD00108742,M007371,P00187,web,created,4,TWD,97728.0,650.0,2026-07-03T02:41:00+08:00,2026-08-19,2026-07-03T04:09:00+08:00
ORD00110589,M007161,P00294,app,paid,2,TWD,371364.0,750.0,2026-07-03T11:31:33+08:00,2026-07-15,2026-07-04T08:40:33+08:00
ORD00008478,M002526,P00003,web,cancelled,2,TWD,195728.0,500.0,2026-05-11T10:56:37+08:00,2026-07-17,2026-07-03T22:41:02+08:00
ORD00110736,M002039,P00207,門市,paid,1,TWD,69799.0,900.0,2026-07-03T04:25:30+08:00,2026-10-03,2026-07-05T09:25:30+08:00
ORD00111466,M004095,P00275,web,paid,4,TWD,375706.0,950.0,2026-07-03T01:54:01+08:00,2026-10-06,2026-07-04T11:11:01+08:00
ORD00108025,M004133,P00148,電銷,paid,1,TWD,27980.0,900.0,2026-07-03T03:33:58+08:00,2026-10-27,2026-07-04T14:54:58+08:00
ORD00109909,M005912,P00073,電銷,paid,2,TWD,208864.0,850.0,2026-07-03T20:53:10+08:00,2026-08-20,2026-07-06T11:27:10+08:00
ORD00111886,M002748,P00295,app,paid,1,JPY,255109.0,450.0,2026-07-03T00:02:17+08:00,2026-08-10,2026-07-03T19:47:17+08:00
ORD00110632,M001640,P00081,門市,paid,2,USD,6810.32,200.0,2026-07-03T12:24:50+08:00,2026-10-02,2026-07-03T16:19:50+08:00
ORD00033062,M005490,P00184,app,completed,1,TWD,147365.0,400.0,2026-05-03T18:40:15+08:00,2026-06-14,2026-07-03T01:10:46+08:00
ORD00109409,M000303,P00134,門市,paid,4,USD,11625.09,300.0,2026-07-03T07:14:04+08:00,2026-10-14,2026-07-03T13:00:04+08:00
ORD00108299,M004342,P00217,web,paid,1,USD,5109.45,0.0,2026-07-03T13:45:58+08:00,2026-08-05,2026-07-04T17:54:58+08:00
ORD00110446,M003958,P00290,web,created,2,TWD,231769.0,650.0,2026-07-03T20:21:38+08:00,2026-10-17,2026-07-05T17:57:38+08:00
ORD00111840,M004990,P00113,app,paid,4,TWD,729301.0,400.0,2026-07-03T02:02:16+08:00,2026-10-19,2026-07-03T03:39:16+08:00
ORD00109058,M001091,P00188,電銷,paid,2,TWD,113273.0,850.0,2026-07-03T12:45:41+08:00,2026-10-12,2026-07-05T20:58:41+08:00
ORD00023698,M004155,P00251,電銷,completed,2,JPY,959412.0,400.0,2026-05-31T07:22:00+08:00,2026-08-23,2026-07-03T16:50:34+08:00
ORD00111887,M002335,P00293,電銷,paid,1,TWD,75875.0,400.0,2026-07-03T21:47:17+08:00,2026-10-15,2026-07-04T05:14:17+08:00
ORD00108651,M006907,P00279,app,paid,1,TWD,102882.0,800.0,2026-07-03T00:32:28+08:00,2026-07-20,2026-07-03T02:20:28+08:00
ORD00111342,M000141,P00179,門市,paid,3,TWD,425038.0,450.0,2026-07-03T20:54:03+08:00,2026-09-28,2026-07-04T04:43:03+08:00
ORD00109628,M006534,P00225,web,paid,2,TWD,96345.0,950.0,2026-07-03T09:22:49+08:00,2026-08-21,2026-07-04T07:31:49+08:00
ORD00110536,M004217,P00083,門市,paid,2,TWD,279533.0,150.0,2026-07-03T11:45:09+08:00,2026-08-03,2026-07-03T12:53:09+08:00
ORD00109706,M004098,P00137,門市,paid,4,TWD,471880.0,0.0,2026-07-03T23:26:18+08:00,2026-08-21,2026-07-05T22:43:18+08:00
ORD00032811,M004323,P00268,電銷,cancelled,3,TWD,153104.0,650.0,2026-06-10T11:07:13+08:00,2026-08-02,2026-07-03T07:28:00+08:00
ORD00111977,M002599,P00067,電銷,created,1,TWD,122628.0,350.0,2026-07-03T04:34:16+08:00,2026-09-13,2026-07-03T15:38:16+08:00
ORD00111285,M000257,P00210,web,created,3,TWD,495065.0,450.0,2026-07-03T18:13:07+08:00,2026-09-04,2026-07-05T20:46:07+08:00
ORD00108942,M007693,P00260,app,created,3,USD,14204.11,600.0,2026-07-03T07:31:44+08:00,2026-08-24,2026-07-03T21:46:44+08:00
ORD00108960,M005572,P00011,app,created,2,USD,10913.3,550.0,2026-07-03T23:31:56+08:00,2026-10-06,2026-07-04T13:42:56+08:00
ORD00108524,M007672,P00229,電銷,paid,4,USD,21523.48,650.0,2026-07-03T19:53:28+08:00,2026-08-03,2026-07-05T03:09:28+08:00
ORD00110268,M004581,P00177,web,paid,3,TWD,56765.0,500.0,2026-07-03T07:53:18+08:00,2026-10-10,2026-07-05T23:46:18+08:00
ORD00109328,M002669,P00202,app,paid,3,TWD,394304.0,300.0,2026-07-03T22:07:11+08:00,2026-07-30,2026-07-06T04:34:11+08:00
ORD00108024,M001437,P00205,app,paid,3,TWD,35097.0,100.0,2026-07-03T11:25:01+08:00,2026-08-29,2026-07-04T09:05:01+08:00
ORD00109146,M002770,P00122,web,paid,3,TWD,473934.0,100.0,2026-07-03T08:55:49+08:00,2026-08-12,2026-07-03T14:08:49+08:00
ORD00111742,M007501,P00019,web,created,3,TWD,309216.0,150.0,2026-07-03T01:40:52+08:00,2026-10-21,2026-07-03T10:01:52+08:00
ORD00111153,M005989,P00101,web,paid,3,TWD,164828.0,750.0,2026-07-03T15:58:40+08:00,2026-07-27,2026-07-05T22:55:40+08:00
ORD00109375,M000252,P00105,電銷,paid,1,TWD,54589.0,250.0,2026-07-03T05:52:11+08:00,2026-10-17,2026-07-04T01:17:11+08:00
ORD00109446,M006823,P00188,電銷,created,3,TWD,182981.0,500.0,2026-07-03T06:14:02+08:00,2026-09-28,2026-07-06T00:08:02+08:00
ORD00109913,M001617,P00047,app,paid,1,TWD,26010.0,500.0,2026-07-03T04:51:09+08:00,2026-08-16,2026-07-05T04:25:09+08:00
ORD00108185,M002463,P00066,電銷,paid,2,TWD,299746.0,200.0,2026-07-03T21:05:53+08:00,2026-10-18,2026-07-05T11:43:53+08:00
ORD00109046,M004958,P00251,門市,created,2,USD,7692.4,150.0,2026-07-03T18:41:47+08:00,2026-07-22,2026-07-05T16:32:47+08:00
ORD00110350,M001960,P00135,電銷,paid,2,JPY,76533.0,300.0,2026-07-03T05:57:30+08:00,2026-08-11,2026-07-05T02:26:30+08:00
ORD00109272,M004504,P00034,app,paid,2,TWD,46593.0,400.0,2026-07-03T07:15:50+08:00,2026-07-26,2026-07-03T08:44:50+08:00
ORD00108880,M000002,P00033,電銷,paid,3,TWD,369979.0,200.0,2026-07-03T03:38:02+08:00,2026-09-26,2026-07-03T09:07:02+08:00
ORD00111587,M004074,P00189,web,paid,2,TWD,188283.0,500.0,2026-07-03T07:46:27+08:00,2026-08-08,2026-07-04T02:14:27+08:00
ORD00110253,M005378,P00193,web,paid,1,TWD,171266.0,50.0,2026-07-03T14:21:49+08:00,2026-07-10,2026-07-04T00:01:49+08:00
ORD00085046,M002783,P00109,門市,cancelled,2,USD,3116.15,950.0,2026-05-13T20:14:12+08:00,2026-06-10,2026-07-03T03:55:43+08:00
ORD00111796,M000299,P00057,門市,created,4,USD,14183.18,950.0,2026-07-03T13:47:59+08:00,2026-09-28,2026-07-05T22:27:59+08:00
ORD00111709,M005491,P00156,門市,paid,4,TWD,736685.0,950.0,2026-07-03T19:49:00+08:00,2026-08-03,2026-07-04T16:59:00+08:00
ORD00098708,M000843,P00102,web,cancelled,1,TWD,30886.0,0.0,2026-06-01T21:33:09+08:00,2026-09-21,2026-07-03T15:07:22+08:00
ORD00111182,M002787,P00264,電銷,created,1,TWD,9427.0,500.0,2026-07-03T00:17:33+08:00,2026-08-18,2026-07-04T19:05:33+08:00
ORD00111601,M003945,P00262,web,paid,1,TWD,229247.0,150.0,2026-07-03T11:06:49+08:00,2026-07-18,2026-07-03T19:12:49+08:00
ORD00027454,M001634,P00059,app,cancelled,4,TWD,423606.0,400.0,2026-06-22T17:16:32+08:00,2026-07-12,2026-07-03T12:58:55+08:00
ORD00109069,M001903,P00245,電銷,created,1,TWD,108755.0,700.0,2026-07-03T08:25:19+08:00,2026-09-29,2026-07-04T10:50:19+08:00
ORD00108295,M003608,P00091,web,paid,3,TWD,305346.0,700.0,2026-07-03T11:43:39+08:00,2026-10-18,2026-07-05T06:46:39+08:00
ORD00110871,M005603,P00290,電銷,created,3,TWD,394405.0,200.0,2026-07-03T22:37:25+08:00,2026-10-01,2026-07-06T15:06:25+08:00
ORD00110402,M006999,P00101,電銷,paid,3,TWD,176167.0,350.0,2026-07-03T03:43:42+08:00,2026-07-16,2026-07-04T09:26:42+08:00
ORD00108648,M003963,P00113,web,paid,3,TWD,544155.0,300.0,2026-07-03T16:00:35+08:00,2026-09-08,2026-07-04T12:18:35+08:00
ORD00108689,M004715,P00110,app,paid,4,TWD,745692.0,600.0,2026-07-03T08:14:50+08:00,2026-08-06,2026-07-04T18:44:50+08:00
ORD00108538,M006236,P00032,app,paid,1,TWD,124829.0,150.0,2026-07-03T06:41:19+08:00,2026-07-25,2026-07-05T06:21:19+08:00
ORD00111158,M005784,P00240,電銷,paid,4,TWD,420722.0,100.0,2026-07-03T08:25:52+08:00,2026-10-26,2026-07-04T04:23:52+08:00
ORD00108744,M002193,P00057,電銷,paid,2,USD,8648.25,400.0,2026-07-03T21:45:44+08:00,2026-08-05,2026-07-05T22:42:44+08:00
ORD00109713,M002967,P00200,門市,paid,2,USD,7477.37,950.0,2026-07-03T07:03:35+08:00,2026-07-25,2026-07-04T21:46:35+08:00
ORD00111530,M006216,P00042,門市,paid,3,JPY,2405898.0,500.0,2026-07-03T19:11:19+08:00,2026-08-02,2026-07-06T06:40:19+08:00
ORD00111321,M002001,P00021,web,paid,4,TWD,780453.0,650.0,2026-07-03T15:43:07+08:00,2026-07-17,2026-07-04T04:53:07+08:00
ORD00108803,M002205,P00177,電銷,created,2,USD,1421.61,800.0,2026-07-03T19:55:11+08:00,2026-09-20,2026-07-06T02:24:11+08:00
ORD00110702,M000359,P00290,web,paid,2,TWD,226056.0,500.0,2026-07-03T17:19:09+08:00,2026-07-21,2026-07-06T03:48:09+08:00
ORD00071013,M001136,P00154,門市,cancelled,1,TWD,95080.0,150.0,2026-06-30T15:49:24+08:00,2026-10-10,2026-07-03T20:27:53+08:00
ORD00061968,M004928,P00167,web,completed,1,TWD,136019.0,750.0,2026-05-20T09:07:57+08:00,2026-09-04,2026-07-03T21:39:13+08:00
ORD00111851,M000957,P00089,門市,created,1,TWD,83045.0,850.0,2026-07-03T15:33:32+08:00,2026-09-14,2026-07-04T00:02:32+08:00
ORD00111097,M006388,P00257,電銷,paid,2,TWD,70533.0,500.0,2026-07-03T12:04:27+08:00,2026-07-23,2026-07-04T08:14:27+08:00
ORD00110452,M004864,P00225,門市,paid,3,USD,3710.93,850.0,2026-07-03T12:30:12+08:00,2026-08-13,2026-07-03T18:55:12+08:00
ORD00109090,M001247,P00298,app,created,2,USD,6937.92,900.0,2026-07-03T03:23:03+08:00,2026-09-23,2026-07-03T22:12:03+08:00
ORD00109590,M007925,P00288,web,paid,2,USD,781.3,50.0,2026-07-03T01:57:31+08:00,2026-07-26,2026-07-03T08:02:31+08:00
ORD00109436,M001925,P00072,門市,paid,1,TWD,16513.0,150.0,2026-07-03T07:49:26+08:00,2026-09-03,2026-07-03T08:51:26+08:00
ORD00109956,M001862,P00128,app,paid,3,USD,15499.11,550.0,2026-07-03T08:43:46+08:00,2026-08-27,2026-07-03T23:35:46+08:00
ORD00111839,M004444,P00032,app,paid,3,TWD,356581.0,750.0,2026-07-03T20:45:57+08:00,2026-07-25,2026-07-06T07:41:57+08:00
ORD00109172,M005625,P00218,app,paid,3,JPY,410580.0,50.0,2026-07-03T15:48:16+08:00,2026-07-17,2026-07-04T07:15:16+08:00
ORD00111866,M005153,P00140,門市,paid,4,TWD,168821.0,150.0,2026-07-03T05:28:26+08:00,2026-10-07,2026-07-03T18:21:26+08:00
ORD00111088,M004304,P00076,門市,created,4,USD,435.57,550.0,2026-07-03T23:53:52+08:00,2026-07-24,2026-07-05T07:44:52+08:00
ORD00108649,M001959,P00229,app,created,2,TWD,389142.0,100.0,2026-07-03T03:57:55+08:00,2026-07-16,2026-07-04T01:17:55+08:00
ORD00110573,M007624,P00136,web,created,2,TWD,36035.0,950.0,2026-07-03T09:45:29+08:00,2026-07-24,2026-07-05T22:33:29+08:00
ORD00111507,M004475,P00132,app,paid,4,JPY,1278664.0,700.0,2026-07-03T17:50:37+08:00,2026-08-01,2026-07-04T21:01:37+08:00
ORD00108621,M006685,P00023,web,paid,3,TWD,665284.0,200.0,2026-07-03T19:24:05+08:00,2026-08-11,2026-07-05T23:55:05+08:00
ORD00108444,M007832,P00200,web,created,3,JPY,1811288.0,400.0,2026-07-03T01:49:34+08:00,2026-10-24,2026-07-04T16:35:34+08:00
ORD00108370,M000490,P00122,門市,paid,3,TWD,568537.0,150.0,2026-07-03T01:08:10+08:00,2026-09-15,2026-07-05T14:51:10+08:00
ORD00109702,M006146,P00160,電銷,paid,4,TWD,55332.0,700.0,2026-07-03T08:01:39+08:00,2026-10-02,2026-07-04T05:42:39+08:00
ORD00111668,M003516,P00260,web,paid,1,TWD,153154.0,450.0,2026-07-03T20:55:29+08:00,2026-08-13,2026-07-05T08:30:29+08:00
ORD00111227,M003009,P00186,app,paid,2,USD,9584.04,350.0,2026-07-03T04:20:04+08:00,2026-10-12,2026-07-05T11:52:04+08:00
ORD00108991,M003998,P00174,電銷,paid,1,USD,679.63,100.0,2026-07-03T01:14:33+08:00,2026-08-09,2026-07-05T03:35:33+08:00
ORD00110298,M002048,P00102,web,created,1,TWD,33007.0,700.0,2026-07-03T00:04:32+08:00,2026-07-14,2026-07-03T19:25:32+08:00
ORD00046381,M006565,P00097,app,completed,4,TWD,588417.0,600.0,2026-05-04T19:47:36+08:00,2026-08-24,2026-07-03T19:57:36+08:00
ORD00110183,M003564,P00284,門市,paid,1,TWD,140306.0,800.0,2026-07-03T17:32:41+08:00,2026-09-23,2026-07-04T06:57:41+08:00
ORD00109267,M000286,P00088,web,paid,4,JPY,1665260.0,400.0,2026-07-03T03:27:53+08:00,2026-09-11,2026-07-04T10:29:53+08:00
ORD00109882,M006765,P00093,門市,created,2,USD,7073.34,500.0,2026-07-03T13:04:06+08:00,2026-10-06,2026-07-03T19:45:06+08:00
ORD00108144,M006290,P00088,門市,paid,1,TWD,64264.0,950.0,2026-07-03T20:26:10+08:00,2026-09-05,2026-07-06T07:12:10+08:00
ORD00111800,M000186,P00197,門市,paid,3,USD,6446.37,750.0,2026-07-03T23:00:27+08:00,2026-10-14,2026-07-06T01:38:27+08:00
ORD00108967,M004059,P00050,web,created,4,JPY,67263.0,50.0,2026-07-03T05:06:41+08:00,2026-09-05,2026-07-05T17:34:41+08:00
ORD00110524,M000109,P00007,app,created,2,TWD,87615.0,100.0,2026-07-03T03:06:07+08:00,2026-08-13,2026-07-04T09:08:07+08:00
ORD00109177,M003249,P00237,app,created,2,TWD,327355.0,650.0,2026-07-03T22:04:55+08:00,2026-08-19,2026-07-04T03:54:55+08:00
ORD00109070,M007670,P00111,app,paid,1,TWD,91135.0,300.0,2026-07-03T10:12:58+08:00,2026-07-17,2026-07-05T22:18:58+08:00
ORD00093698,M004374,P00185,電銷,cancelled,1,TWD,212094.0,50.0,2026-05-26T11:32:15+08:00,2026-07-24,2026-07-03T03:04:19+08:00
ORD00110445,M003508,P00241,電銷,paid,2,TWD,409496.0,750.0,2026-07-03T10:30:36+08:00,2026-07-14,2026-07-05T11:26:36+08:00
ORD00111753,M003801,P00016,web,created,2,TWD,185208.0,800.0,2026-07-03T17:36:20+08:00,2026-08-22,2026-07-05T04:41:20+08:00
ORD00009688,M003632,P00221,門市,cancelled,3,USD,10043.54,750.0,2026-05-30T19:09:43+08:00,2026-09-02,2026-07-03T14:38:09+08:00
ORD00046381,M006565,P00097,app,completed,4,TWD,588417.0,600.0,2026-05-04T19:47:36+08:00,2026-08-24,2026-07-03T19:57:49+08:00
ORD00111829,M000182,P00300,電銷,paid,2,USD,6407.58,750.0,2026-07-03T13:42:55+08:00,2026-08-21,2026-07-05T01:18:55+08:00
ORD00047663,M004554,P00013,app,cancelled,1,USD,4700.2,100.0,2026-05-18T00:08:13+08:00,2026-08-02,2026-07-03T13:16:56+08:00
ORD00111901,M004681,P00130,web,paid,3,TWD,596928.0,200.0,2026-07-03T19:00:28+08:00,2026-08-21,2026-07-04T12:30:28+08:00
ORD00111693,M001025,P00123,web,paid,1,TWD,66994.0,650.0,2026-07-03T18:21:16+08:00,2026-10-07,2026-07-04T17:22:16+08:00
ORD00108712,M006233,P00277,門市,paid,3,JPY,1711544.0,650.0,2026-07-03T18:38:01+08:00,2026-09-08,2026-07-05T01:49:01+08:00
ORD00074408,M001523,P00250,web,cancelled,2,USD,5711.13,150.0,2026-05-03T20:30:29+08:00,2026-08-12,2026-07-03T00:28:08+08:00
ORD00109744,M003373,P00224,app,paid,3,USD,10061.74,250.0,2026-07-03T03:23:36+08:00,2026-09-14,2026-07-04T16:30:36+08:00
ORD00110163,M007943,P00027,電銷,paid,4,TWD,535382.0,400.0,2026-07-03T10:10:00+08:00,2026-08-17,2026-07-05T23:00:00+08:00
ORD00110980,M000817,P00297,app,created,1,TWD,139423.0,100.0,2026-07-03T09:14:21+08:00,2026-10-23,2026-07-05T03:04:21+08:00
ORD00110245,M005187,P00068,app,paid,3,TWD,228811.0,900.0,2026-07-03T16:52:21+08:00,2026-07-10,2026-07-05T20:18:21+08:00
ORD00111239,M001437,P00041,電銷,created,3,USD,874.87,550.0,2026-07-03T03:19:12+08:00,2026-10-02,2026-07-04T10:02:12+08:00
ORD00110628,M007372,P00001,門市,paid,3,TWD,319041.0,700.0,2026-07-03T20:46:26+08:00,2026-07-29,2026-07-05T15:20:26+08:00
ORD00111332,M003714,P00098,電銷,created,2,USD,7855.39,200.0,2026-07-03T08:06:31+08:00,2026-09-07,2026-07-04T20:23:31+08:00
ORD00110803,M000157,P00259,門市,paid,4,USD,16463.26,750.0,2026-07-03T02:54:19+08:00,2026-08-26,2026-07-05T14:44:19+08:00
ORD00109205,M002036,P00214,門市,paid,2,JPY,1347993.0,100.0,2026-07-03T19:59:32+08:00,2026-09-21,2026-07-06T03:48:32+08:00
ORD00111385,M005097,P00291,web,created,3,TWD,102634.0,900.0,2026-07-03T14:41:43+08:00,2026-09-27,2026-07-05T22:09:43+08:00
ORD00110385,M002163,P00140,電銷,created,4,USD,5052.82,450.0,2026-07-03T15:41:23+08:00,2026-09-16,2026-07-04T13:37:23+08:00
ORD00110908,M001189,P00082,門市,paid,3,JPY,3281144.0,700.0,2026-07-03T00:55:36+08:00,2026-09-24,2026-07-05T07:43:36+08:00
ORD00111540,M004954,P00267,app,paid,4,TWD,932960.0,700.0,2026-07-03T03:24:20+08:00,2026-10-20,2026-07-05T04:08:20+08:00
ORD00111595,M007277,P00102,門市,paid,3,TWD,108443.0,850.0,2026-07-03T20:57:52+08:00,2026-09-27,2026-07-06T04:37:52+08:00
ORD00010314,M004385,P00181,app,cancelled,1,TWD,13967.0,700.0,2026-06-12T22:26:25+08:00,2026-08-21,2026-07-03T20:38:23+08:00
ORD00108634,M005877,P00041,門市,created,3,TWD,26589.0,900.0,2026-07-03T11:22:19+08:00,2026-09-07,2026-07-04T15:15:19+08:00
ORD00109129,M000312,P00108,app,paid,2,USD,7816.91,800.0,2026-07-03T09:27:49+08:00,2026-10-30,2026-07-04T20:16:49+08:00
ORD00108427,M002450,P00108,app,paid,2,TWD,196599.0,600.0,2026-07-03T03:11:42+08:00,2026-08-18,2026-07-03T07:43:42+08:00
ORD00111348,M002626,P00066,web,created,3,TWD,609135.0,100.0,2026-07-03T03:48:48+08:00,2026-08-09,2026-07-05T06:14:48+08:00
ORD00110637,M007038,P00162,門市,paid,3,TWD,24475.0,950.0,2026-07-03T17:25:45+08:00,2026-09-08,2026-07-06T01:16:45+08:00
ORD00111669,M000508,P00037,web,created,4,TWD,480519.0,900.0,2026-07-03T21:16:59+08:00,2026-10-23,2026-07-06T13:00:59+08:00
ORD00111363,M006326,P00244,app,paid,3,USD,4268.61,600.0,2026-07-03T17:37:56+08:00,2026-10-16,2026-07-05T15:01:56+08:00
ORD00111154,M005183,P00146,app,created,4,JPY,494899.0,800.0,2026-07-03T11:43:47+08:00,2026-08-24,2026-07-03T21:58:47+08:00
ORD00109522,M003218,P00130,web,paid,2,TWD,424321.0,200.0,2026-07-03T12:00:57+08:00,2026-09-23,2026-07-05T17:01:57+08:00
ORD00108469,M000125,P00190,app,paid,1,TWD,181615.0,700.0,2026-07-03T01:38:12+08:00,2026-09-10,2026-07-04T09:51:12+08:00
ORD00110113,M002161,P00272,app,paid,1,USD,3474.71,750.0,2026-07-03T13:27:38+08:00,2026-08-05,2026-07-03T15:00:38+08:00
ORD00109817,M004462,P00159,web,paid,2,TWD,91879.0,250.0,2026-07-03T04:19:05+08:00,2026-07-12,2026-07-03T07:57:05+08:00
ORD00111470,M000010,P00238,門市,created,1,TWD,96269.0,450.0,2026-07-03T16:36:15+08:00,2026-10-20,2026-07-04T00:16:15+08:00
ORD00111041,M002911,P00119,電銷,paid,2,TWD,375256.0,900.0,2026-07-03T13:03:55+08:00,2026-10-02,2026-07-03T15:49:55+08:00
ORD00110486,M003240,P00027,電銷,paid,1,JPY,624145.0,0.0,2026-07-03T17:47:53+08:00,2026-07-20,2026-07-04T15:20:53+08:00
ORD00052711,M001159,P00274,門市,cancelled,1,TWD,83221.0,50.0,2026-06-20T01:28:24+08:00,2026-10-15,2026-07-03T22:25:33+08:00
ORD00111187,M001400,P00057,app,created,3,TWD,409025.0,350.0,2026-07-03T21:29:28+08:00,2026-08-16,2026-07-05T02:58:28+08:00
ORD00108891,M003760,P00032,app,paid,2,TWD,272557.0,450.0,2026-07-03T15:55:56+08:00,2026-07-25,2026-07-03T16:18:56+08:00
ORD00010746,M003161,P00022,app,cancelled,1,TWD,42974.0,350.0,2026-06-21T16:32:12+08:00,2026-10-04,2026-07-03T01:17:53+08:00
ORD00108052,M001048,P00105,電銷,paid,2,TWD,136611.0,100.0,2026-07-03T13:10:28+08:00,2026-09-15,2026-07-05T02:25:28+08:00
ORD00108090,M001437,P00213,門市,paid,3,TWD,298778.0,600.0,2026-07-03T17:02:53+08:00,2026-08-02,2026-07-04T14:46:53+08:00
ORD00111792,M000972,P00256,app,paid,4,TWD,722261.0,900.0,2026-07-03T09:52:04+08:00,2026-07-29,2026-07-06T02:07:04+08:00
ORD00111513,M006869,P00237,門市,created,4,USD,26323.13,200.0,2026-07-03T23:38:28+08:00,2026-10-09,2026-07-06T08:41:28+08:00
ORD00110854,M000640,P00023,web,paid,3,TWD,486369.0,650.0,2026-07-03T20:11:56+08:00,2026-09-05,2026-07-05T17:08:56+08:00
ORD00110223,M006123,P00166,app,created,2,TWD,326544.0,550.0,2026-07-03T21:27:34+08:00,2026-09-24,2026-07-06T03:00:34+08:00
ORD00057559,M007368,P00042,門市,completed,1,TWD,119550.0,0.0,2026-05-15T00:21:19+08:00,2026-07-29,2026-07-03T19:06:54+08:00
ORD00069659,M003474,P00266,電銷,completed,3,JPY,214847.0,950.0,2026-05-09T10:09:30+08:00,2026-08-25,2026-07-03T12:51:43+08:00
ORD00108204,M006602,P00068,電銷,created,2,USD,6022.97,400.0,2026-07-03T04:35:16+08:00,2026-10-29,2026-07-04T17:34:16+08:00
ORD00110170,M004471,P00146,電銷,paid,4,JPY,448223.0,350.0,2026-07-03T23:53:16+08:00,2026-09-08,2026-07-05T02:51:16+08:00
ORD00108871,M001114,P00052,app,paid,1,TWD,71177.0,200.0,2026-07-03T17:51:57+08:00,2026-07-23,2026-07-04T04:22:57+08:00
ORD00111782,M004008,P00055,電銷,paid,3,TWD,390842.0,50.0,2026-07-03T11:38:57+08:00,2026-10-21,2026-07-04T04:53:57+08:00
ORD00109281,M004536,P00284,app,created,2,TWD,284716.0,350.0,2026-07-03T01:24:27+08:00,2026-10-12,2026-07-04T16:19:27+08:00
ORD00109652,M002700,P00020,web,paid,2,TWD,106382.0,450.0,2026-07-03T06:22:59+08:00,2026-10-16,2026-07-04T01:42:59+08:00
ORD00109042,M003427,P00225,web,paid,4,TWD,161617.0,150.0,2026-07-03T07:33:01+08:00,2026-09-02,2026-07-03T18:46:01+08:00
ORD00108993,M000742,P00055,app,paid,1,TWD,124449.0,700.0,2026-07-03T16:58:18+08:00,2026-10-01,2026-07-06T01:48:18+08:00
ORD00109357,M003366,P00110,電銷,paid,2,TWD,406253.0,150.0,2026-07-03T21:18:32+08:00,2026-07-14,2026-07-03T22:50:32+08:00
ORD00108677,M003448,P00257,web,paid,2,JPY,355027.0,250.0,2026-07-03T03:50:00+08:00,2026-07-27,2026-07-03T19:50:00+08:00
ORD00033359,M005550,P00095,電銷,completed,2,TWD,432634.0,950.0,2026-06-20T19:23:20+08:00,2026-07-23,2026-07-03T09:38:22+08:00
ORD00066439,M006610,P00039,app,completed,2,TWD,397806.0,550.0,2026-06-14T13:12:56+08:00,2026-07-19,2026-07-03T21:11:54+08:00
ORD00111071,M006835,P00209,web,created,1,JPY,471341.0,0.0,2026-07-03T02:36:12+08:00,2026-08-17,2026-07-04T05:55:12+08:00
ORD00111746,M002190,P00223,門市,paid,1,TWD,207396.0,300.0,2026-07-03T20:38:17+08:00,2026-08-02,2026-07-05T00:59:17+08:00
ORD00111932,M000778,P00108,電銷,created,3,TWD,343139.0,900.0,2026-07-03T19:25:21+08:00,2026-07-14,2026-07-05T14:48:21+08:00
ORD00111566,M004023,P00041,web,paid,2,TWD,14961.0,500.0,2026-07-03T05:07:40+08:00,2026-07-11,2026-07-05T13:25:40+08:00
ORD00108832,M003884,P00184,web,paid,3,TWD,485079.0,250.0,2026-07-03T17:11:05+08:00,2026-09-29,2026-07-05T07:17:05+08:00
ORD00108954,M003287,P00066,電銷,paid,2,TWD,383016.0,900.0,2026-07-03T06:08:05+08:00,2026-08-23,2026-07-04T08:07:05+08:00
ORD00111504,M002512,P00109,門市,created,3,TWD,162071.0,0.0,2026-07-03T10:12:11+08:00,2026-09-12,2026-07-05T10:05:11+08:00
ORD00109235,M006289,P00184,門市,paid,3,TWD,533020.0,550.0,2026-07-03T15:40:41+08:00,2026-10-03,2026-07-05T18:21:41+08:00
ORD00109317,M006865,P00241,web,paid,2,TWD,356795.0,950.0,2026-07-03T15:11:36+08:00,2026-07-12,2026-07-05T19:47:36+08:00
ORD00109518,M007813,P00132,web,created,4,USD,7757.98,500.0,2026-07-03T17:58:50+08:00,2026-10-16,2026-07-05T09:51:50+08:00
ORD00110810,M007650,P00015,電銷,paid,4,TWD,280634.0,750.0,2026-07-03T10:32:33+08:00,2026-10-19,2026-07-05T09:10:33+08:00
ORD00111658,M002165,P00052,電銷,created,3,TWD,250126.0,750.0,2026-07-03T02:01:24+08:00,2026-10-28,2026-07-05T08:44:24+08:00
ORD00108100,M000432,P00099,web,paid,4,TWD,513081.0,900.0,2026-07-03T16:32:16+08:00,2026-09-23,2026-07-03T20:44:16+08:00
ORD00108344,M003179,P00008,app,paid,1,USD,3013.71,150.0,2026-07-03T13:40:01+08:00,2026-07-19,2026-07-05T13:26:01+08:00
ORD00111454,M005699,P00299,web,created,3,TWD,73648.0,750.0,2026-07-03T02:00:24+08:00,2026-07-20,2026-07-03T17:16:24+08:00
ORD00065024,M003036,P00096,門市,cancelled,2,TWD,11992.0,800.0,2026-06-12T23:39:25+08:00,2026-09-14,2026-07-03T15:28:16+08:00
ORD00053986,M005485,P00065,app,cancelled,2,TWD,342573.0,650.0,2026-06-12T15:48:55+08:00,2026-09-23,2026-07-03T10:35:17+08:00
ORD00108737,M004573,P00142,app,created,2,TWD,443913.0,350.0,2026-07-03T12:32:35+08:00,2026-07-17,2026-07-03T23:15:35+08:00
ORD00108019,M000827,P00162,電銷,created,4,TWD,30300.0,650.0,2026-07-03T08:06:38+08:00,2026-08-13,2026-07-04T08:43:38+08:00
ORD00108160,M000423,P00285,app,created,2,TWD,193897.0,100.0,2026-07-03T11:43:24+08:00,2026-08-15,2026-07-05T03:58:24+08:00
ORD00095047,M006985,P00003,web,completed,4,JPY,2167227.0,50.0,2026-06-08T08:10:44+08:00,2026-10-02,2026-07-03T01:15:31+08:00
ORD00110243,M002134,P00067,app,paid,3,USD,12905.69,450.0,2026-07-03T02:18:18+08:00,2026-09-23,2026-07-05T03:54:18+08:00
ORD00109222,M005968,P00146,門市,paid,2,TWD,41347.0,700.0,2026-07-03T01:21:07+08:00,2026-09-19,2026-07-04T17:45:07+08:00
ORD00061538,M003337,P00266,app,cancelled,2,USD,1105.86,900.0,2026-06-01T11:35:01+08:00,2026-06-08,2026-07-03T13:38:32+08:00
ORD00110664,M005653,P00204,app,paid,4,TWD,702291.0,850.0,2026-07-03T20:27:00+08:00,2026-09-25,2026-07-05T23:51:00+08:00
ORD00108197,M007433,P00199,web,paid,4,TWD,21192.0,0.0,2026-07-03T04:21:56+08:00,2026-07-28,2026-07-04T21:23:56+08:00
ORD00110256,M007470,P00075,門市,created,2,TWD,36935.0,50.0,2026-07-03T23:37:26+08:00,2026-09-02,2026-07-04T01:20:26+08:00
ORD00109789,M001699,P00198,app,created,4,TWD,102390.0,300.0,2026-07-03T19:41:27+08:00,2026-07-16,2026-07-05T11:00:27+08:00
ORD00111110,M006736,P00149,門市,paid,4,TWD,780740.0,900.0,2026-07-03T13:54:49+08:00,2026-09-29,2026-07-03T15:28:49+08:00
ORD00108369,M000988,P00126,門市,paid,2,TWD,49527.0,800.0,2026-07-03T20:28:45+08:00,2026-10-14,2026-07-05T10:28:45+08:00
ORD00019015,M002739,P00038,門市,cancelled,4,TWD,85533.0,850.0,2026-06-16T01:57:18+08:00,2026-07-25,2026-07-03T17:23:06+08:00
ORD00111771,M004457,P00046,app,paid,4,TWD,303633.0,50.0,2026-07-03T06:07:01+08:00,2026-08-18,2026-07-03T21:06:01+08:00
ORD00021416,M006747,P00032,web,cancelled,2,TWD,272198.0,650.0,2026-05-04T05:43:05+08:00,2026-06-27,2026-07-03T19:20:46+08:00
ORD00108835,M004490,P00005,電銷,paid,3,USD,8737.18,0.0,2026-07-03T17:49:21+08:00,2026-08-06,2026-07-04T19:45:21+08:00
ORD00111783,M003554,P00244,電銷,created,3,TWD,152742.0,700.0,2026-07-03T14:41:42+08:00,2026-08-04,2026-07-06T08:03:42+08:00
ORD00109754,M002442,P00261,app,paid,4,TWD,19033.0,950.0,2026-07-03T20:47:06+08:00,2026-07-20,2026-07-04T08:41:06+08:00
ORD00109774,M000277,P00074,app,created,1,JPY,697068.0,700.0,2026-07-03T12:55:14+08:00,2026-09-20,2026-07-04T06:30:14+08:00
ORD00111136,M007592,P00046,app,paid,2,TWD,137294.0,700.0,2026-07-03T20:19:10+08:00,2026-08-07,2026-07-05T05:53:10+08:00
ORD00108274,M007018,P00022,web,paid,4,TWD,187884.0,500.0,2026-07-03T10:21:19+08:00,2026-08-01,2026-07-05T12:55:19+08:00
ORD00111124,M004394,P00015,門市,paid,2,TWD,130881.0,600.0,2026-07-03T12:01:45+08:00,2026-08-27,2026-07-04T14:35:45+08:00
ORD00108650,M003419,P00289,門市,paid,2,TWD,209876.0,250.0,2026-07-03T12:58:36+08:00,2026-07-24,2026-07-03T15:22:36+08:00
ORD00108840,M000910,P00099,app,paid,4,TWD,517597.0,750.0,2026-07-03T03:09:43+08:00,2026-07-23,2026-07-05T09:09:43+08:00
ORD00110021,M005007,P00244,web,created,3,USD,5428.65,0.0,2026-07-03T23:47:17+08:00,2026-10-07,2026-07-05T12:20:17+08:00
ORD00109343,M005217,P00231,web,created,2,USD,8366.81,600.0,2026-07-03T09:53:30+08:00,2026-10-29,2026-07-04T23:45:30+08:00
ORD00109710,M000347,P00119,電銷,created,2,TWD,383044.0,50.0,2026-07-03T08:37:40+08:00,2026-10-08,2026-07-05T04:48:40+08:00
ORD00111488,M001526,P00220,電銷,paid,4,JPY,741493.0,150.0,2026-07-03T01:09:05+08:00,2026-09-24,2026-07-04T00:34:05+08:00
ORD00108781,M001426,P00209,web,paid,3,TWD,296775.0,750.0,2026-07-03T06:00:15+08:00,2026-08-19,2026-07-05T17:54:15+08:00
ORD00108056,M004011,P00118,電銷,paid,3,TWD,452205.0,550.0,2026-07-03T02:43:28+08:00,2026-08-14,2026-07-05T14:19:28+08:00
ORD00054454,M003510,P00087,app,cancelled,3,TWD,551812.0,200.0,2026-06-04T02:31:04+08:00,2026-07-27,2026-07-03T00:44:37+08:00
ORD00109830,M000324,P00146,門市,created,3,TWD,70303.0,700.0,2026-07-03T14:41:38+08:00,2026-10-09,2026-07-05T09:20:38+08:00
ORD00109488,M001945,P00102,門市,created,2,TWD,72443.0,450.0,2026-07-03T20:02:03+08:00,2026-10-08,2026-07-05T18:26:03+08:00
ORD00109483,M000517,P00235,門市,paid,1,JPY,259206.0,150.0,2026-07-03T00:20:58+08:00,2026-08-06,2026-07-04T19:19:58+08:00
ORD00111545,M001673,P00004,門市,paid,2,TWD,442953.0,700.0,2026-07-03T16:48:18+08:00,2026-09-19,2026-07-04T01:15:18+08:00
ORD00108289,M007562,P00230,電銷,paid,2,TWD,299121.0,250.0,2026-07-03T07:04:53+08:00,2026-07-29,2026-07-04T10:21:53+08:00
ORD00109310,M007420,P00141,app,paid,3,TWD,239162.0,50.0,2026-07-03T12:12:32+08:00,2026-10-18,2026-07-04T01:42:32+08:00
ORD00110822,M007994,P00053,app,paid,4,TWD,310256.0,200.0,2026-07-03T02:29:42+08:00,2026-10-19,2026-07-04T14:17:42+08:00
ORD00110489,M007399,P00247,web,created,1,TWD,171008.0,600.0,2026-07-03T10:37:21+08:00,2026-09-08,2026-07-04T18:09:21+08:00
ORD00111413,M004925,P00260,門市,created,4,USD,16158.72,850.0,2026-07-03T02:21:29+08:00,2026-08-07,2026-07-05T16:45:29+08:00
ORD00111012,M004896,P00056,web,created,2,JPY,813795.0,950.0,2026-07-03T12:41:02+08:00,2026-07-30,2026-07-05T02:24:02+08:00
ORD00111918,M001699,P00136,門市,paid,3,TWD,58492.0,900.0,2026-07-03T13:28:04+08:00,2026-10-24,2026-07-04T06:34:04+08:00
ORD00110499,M001191,P00253,電銷,created,2,JPY,2095137.0,600.0,2026-07-03T05:58:09+08:00,2026-09-17,2026-07-05T11:08:09+08:00
ORD00111241,M001762,P00130,web,created,1,JPY,1057758.0,200.0,2026-07-03T19:12:54+08:00,2026-09-19,2026-07-04T06:47:54+08:00
ORD00110139,M000633,P00106,電銷,paid,2,USD,3132.78,800.0,2026-07-03T13:01:10+08:00,2026-10-09,2026-07-04T23:43:10+08:00
ORD00111722,M004368,P00239,電銷,paid,3,TWD,396707.0,150.0,2026-07-03T02:34:10+08:00,2026-10-14,2026-07-05T07:26:10+08:00
ORD00047894,M004458,P00206,電銷,cancelled,4,TWD,807854.0,500.0,2026-06-01T13:21:58+08:00,2026-07-15,2026-07-03T09:16:22+08:00
ORD00110450,M003755,P00235,電銷,paid,1,USD,1996.56,650.0,2026-07-03T06:47:48+08:00,2026-07-22,2026-07-05T07:45:48+08:00
ORD00111451,M000039,P00073,電銷,paid,2,TWD,230840.0,0.0,2026-07-03T17:53:50+08:00,2026-09-20,2026-07-05T04:34:50+08:00
ORD00108988,M002491,P00168,門市,created,1,TWD,149674.0,150.0,2026-07-03T22:43:55+08:00,2026-08-19,2026-07-04T17:23:55+08:00
ORD00068057,M001251,P00076,web,completed,2,TWD,7359.0,750.0,2026-06-24T10:23:24+08:00,2026-08-19,2026-07-03T08:05:29+08:00
ORD00110713,M004858,P00276,電銷,created,3,TWD,502478.0,850.0,2026-07-03T09:51:55+08:00,2026-08-14,2026-07-05T20:43:55+08:00
ORD00111838,M004067,P00122,電銷,paid,2,USD,13069.81,950.0,2026-07-03T09:52:51+08:00,2026-08-21,2026-07-05T05:28:51+08:00
ORD00108180,M007961,P00025,電銷,paid,3,TWD,562120.0,0.0,2026-07-03T03:33:06+08:00,2026-08-16,2026-07-04T07:36:06+08:00
ORD00110296,M005343,P00221,門市,created,1,TWD,97364.0,650.0,2026-07-03T02:03:42+08:00,2026-07-12,2026-07-03T07:59:42+08:00
ORD00108645,M001371,P00055,電銷,paid,4,JPY,2032948.0,750.0,2026-07-03T16:24:43+08:00,2026-07-21,2026-07-06T04:36:43+08:00
ORD00111714,M001005,P00083,門市,created,1,TWD,172345.0,500.0,2026-07-03T14:36:39+08:00,2026-08-15,2026-07-06T03:44:39+08:00
ORD00109519,M002644,P00212,門市,paid,1,TWD,31636.0,700.0,2026-07-03T17:39:29+08:00,2026-10-18,2026-07-04T00:08:29+08:00
ORD00108087,M006832,P00119,電銷,paid,3,USD,14889.16,850.0,2026-07-03T16:02:13+08:00,2026-08-12,2026-07-06T06:26:13+08:00
ORD00108061,M005696,P00259,門市,paid,3,JPY,1744792.0,150.0,2026-07-03T15:05:07+08:00,2026-07-13,2026-07-05T09:50:07+08:00
ORD00109662,M006496,P00010,app,paid,2,TWD,229549.0,400.0,2026-07-03T03:33:57+08:00,2026-09-04,2026-07-05T04:14:57+08:00
ORD00108459,M002106,P00124,電銷,paid,3,JPY,553922.0,400.0,2026-07-03T07:47:34+08:00,2026-07-29,2026-07-05T18:07:34+08:00
ORD00110160,M000500,P00081,電銷,paid,3,TWD,340071.0,200.0,2026-07-03T16:50:53+08:00,2026-07-14,2026-07-04T15:00:53+08:00
ORD00009476,M001575,P00051,門市,cancelled,1,TWD,187694.0,600.0,2026-05-30T05:56:58+08:00,2026-08-16,2026-07-03T17:07:06+08:00
ORD00110582,M003674,P00208,app,paid,3,TWD,449784.0,500.0,2026-07-03T11:09:37+08:00,2026-10-24,2026-07-06T04:41:37+08:00
ORD00111162,M004954,P00204,電銷,created,1,TWD,159124.0,600.0,2026-07-03T11:08:50+08:00,2026-10-29,2026-07-03T21:41:50+08:00
ORD00111855,M006886,P00072,web,paid,2,JPY,213392.0,200.0,2026-07-03T03:35:23+08:00,2026-10-02,2026-07-05T09:33:23+08:00
ORD00111006,M005574,P00164,web,created,4,TWD,173252.0,750.0,2026-07-03T05:43:45+08:00,2026-10-23,2026-07-03T23:31:45+08:00
ORD00110878,M004671,P00025,web,paid,2,TWD,350251.0,100.0,2026-07-03T00:27:37+08:00,2026-08-18,2026-07-05T10:51:37+08:00
ORD00110468,M007482,P00275,web,paid,3,TWD,227815.0,800.0,2026-07-03T06:00:07+08:00,2026-08-13,2026-07-05T00:30:07+08:00
ORD00074153,M003608,P00148,門市,cancelled,1,TWD,33654.0,350.0,2026-05-05T01:00:41+08:00,2026-08-09,2026-07-03T12:24:47+08:00
ORD00110915,M000121,P00264,門市,paid,1,TWD,12029.0,350.0,2026-07-03T19:03:18+08:00,2026-09-12,2026-07-05T16:27:18+08:00
ORD00108550,M000784,P00166,app,paid,2,TWD,441381.0,200.0,2026-07-03T18:47:44+08:00,2026-09-25,2026-07-04T13:40:44+08:00
ORD00111822,M000124,P00092,電銷,paid,1,TWD,162374.0,850.0,2026-07-03T22:10:27+08:00,2026-09-08,2026-07-05T10:24:27+08:00
ORD00032013,M000568,P00111,電銷,completed,4,JPY,1783739.0,150.0,2026-05-20T21:08:55+08:00,2026-08-28,2026-07-03T08:10:27+08:00
ORD00097354,M005796,P00150,門市,cancelled,1,TWD,162072.0,700.0,2026-05-10T09:23:35+08:00,2026-07-04,2026-07-03T19:40:28+08:00
ORD00109108,M005718,P00111,app,paid,3,TWD,278067.0,800.0,2026-07-03T20:41:41+08:00,2026-10-06,2026-07-03T23:41:41+08:00
ORD00111537,M002797,P00295,門市,paid,1,USD,1591.23,900.0,2026-07-03T11:55:59+08:00,2026-07-25,2026-07-05T08:49:59+08:00
ORD00111934,M006984,P00046,web,created,4,TWD,307662.0,100.0,2026-07-03T04:47:47+08:00,2026-10-03,2026-07-04T15:48:47+08:00
ORD00108158,M004816,P00066,app,paid,2,TWD,296028.0,950.0,2026-07-03T13:02:14+08:00,2026-09-07,2026-07-03T16:52:14+08:00
ORD00110655,M006064,P00226,web,paid,3,TWD,313708.0,350.0,2026-07-03T10:38:28+08:00,2026-09-20,2026-07-03T15:21:28+08:00
ORD00109332,M006946,P00252,app,paid,1,TWD,55363.0,200.0,2026-07-03T20:55:09+08:00,2026-09-05,2026-07-05T22:35:09+08:00
ORD00110738,M000847,P00215,門市,paid,1,TWD,37538.0,950.0,2026-07-03T03:33:03+08:00,2026-07-18,2026-07-05T18:31:03+08:00
ORD00111896,M002076,P00153,app,paid,2,TWD,177247.0,450.0,2026-07-03T20:18:01+08:00,2026-07-14,2026-07-04T13:55:01+08:00
ORD00109779,M006936,P00251,web,paid,3,TWD,339686.0,900.0,2026-07-03T23:04:47+08:00,2026-09-19,2026-07-05T02:10:47+08:00
ORD00030050,M006475,P00201,app,completed,4,TWD,569551.0,550.0,2026-05-07T05:49:10+08:00,2026-08-06,2026-07-03T08:12:14+08:00
ORD00110449,M003390,P00005,門市,paid,2,JPY,892194.0,850.0,2026-07-03T10:16:30+08:00,2026-07-10,2026-07-05T15:28:30+08:00
ORD00109870,M000008,P00062,電銷,paid,1,TWD,96019.0,800.0,2026-07-03T12:45:09+08:00,2026-08-19,2026-07-03T21:20:09+08:00
ORD00111659,M001770,P00049,門市,paid,4,USD,2007.78,200.0,2026-07-03T05:20:41+08:00,2026-08-19,2026-07-04T23:53:41+08:00
ORD00110413,M005886,P00062,門市,paid,3,USD,11747.58,950.0,2026-07-03T20:04:15+08:00,2026-07-13,2026-07-05T18:15:15+08:00
ORD00109094,M000756,P00288,電銷,paid,2,TWD,23042.0,150.0,2026-07-03T04:24:51+08:00,2026-10-17,2026-07-05T15:31:51+08:00
ORD00110665,M003429,P00116,web,paid,2,USD,4726.91,450.0,2026-07-03T01:09:28+08:00,2026-08-22,2026-07-04T21:35:28+08:00
ORD00111117,M006233,P00031,電銷,paid,2,USD,10308.74,850.0,2026-07-03T16:10:15+08:00,2026-08-27,2026-07-04T10:33:15+08:00
ORD00108402,M005158,P00242,電銷,created,3,USD,2632.61,150.0,2026-07-03T10:45:16+08:00,2026-10-15,2026-07-05T17:26:16+08:00
ORD00108318,M000673,P00292,app,paid,3,JPY,2652298.0,350.0,2026-07-03T20:27:07+08:00,2026-07-12,2026-07-06T02:16:07+08:00
ORD00110791,M001629,P00066,門市,created,1,TWD,176229.0,350.0,2026-07-03T03:20:17+08:00,2026-08-19,2026-07-03T15:44:17+08:00
ORD00109208,M000973,P00174,電銷,paid,4,TWD,82908.0,750.0,2026-07-03T19:04:47+08:00,2026-08-05,2026-07-03T20:05:47+08:00
ORD00110083,M005254,P00193,app,paid,3,USD,12980.08,0.0,2026-07-03T22:22:52+08:00,2026-09-26,2026-07-04T09:22:52+08:00
ORD00109922,M004310,P00109,電銷,created,2,TWD,99330.0,750.0,2026-07-03T07:52:31+08:00,2026-07-26,2026-07-05T02:07:31+08:00
ORD00109213,M000414,P00182,電銷,created,1,USD,216.6,400.0,2026-07-03T05:40:14+08:00,2026-08-26,2026-07-05T21:04:14+08:00
ORD00110867,M000441,P00193,app,paid,2,TWD,301689.0,800.0,2026-07-03T04:33:32+08:00,2026-07-11,2026-07-03T12:19:32+08:00
ORD00059887,M000377,P00099,電銷,completed,1,JPY,628403.0,550.0,2026-06-03T22:14:05+08:00,2026-06-22,2026-07-03T02:41:34+08:00
ORD00111107,M005580,P00260,web,paid,3,TWD,438788.0,450.0,2026-07-03T06:01:41+08:00,2026-08-09,2026-07-04T20:35:41+08:00
ORD00108609,M005625,P00120,電銷,created,1,JPY,655228.0,600.0,2026-07-03T16:06:35+08:00,2026-10-12,2026-07-04T08:46:35+08:00
ORD00108322,M002599,P00268,web,paid,1,USD,2011.55,100.0,2026-07-03T04:32:32+08:00,2026-08-15,2026-07-04T13:31:32+08:00
ORD00110403,M006551,P00138,web,paid,2,TWD,132163.0,150.0,2026-07-03T05:36:37+08:00,2026-09-25,2026-07-03T13:35:37+08:00
ORD00111564,M000052,P00102,app,paid,1,TWD,30944.0,750.0,2026-07-03T17:24:09+08:00,2026-10-11,2026-07-05T20:15:09+08:00
ORD00111810,M005655,P00260,門市,paid,4,TWD,513312.0,200.0,2026-07-03T13:43:19+08:00,2026-08-01,2026-07-04T11:39:19+08:00
ORD00109319,M003279,P00203,web,paid,1,TWD,115393.0,350.0,2026-07-03T09:49:21+08:00,2026-10-11,2026-07-03T14:24:21+08:00
ORD00108227,M003971,P00101,web,created,1,TWD,61474.0,500.0,2026-07-03T02:24:29+08:00,2026-10-12,2026-07-05T10:48:29+08:00
ORD00108813,M000204,P00034,電銷,paid,2,TWD,48947.0,600.0,2026-07-03T06:31:08+08:00,2026-10-03,2026-07-05T05:06:08+08:00
ORD00108338,M005852,P00020,電銷,paid,3,TWD,194108.0,0.0,2026-07-03T09:32:51+08:00,2026-10-23,2026-07-04T03:09:51+08:00
ORD00110765,M004285,P00187,門市,paid,4,TWD,102549.0,800.0,2026-07-03T20:30:42+08:00,2026-08-15,2026-07-05T02:34:42+08:00
ORD00109344,M004545,P00144,app,paid,2,USD,8145.87,850.0,2026-07-03T14:13:13+08:00,2026-07-20,2026-07-06T02:07:13+08:00
ORD00111438,M001092,P00101,app,paid,2,TWD,137917.0,350.0,2026-07-03T23:01:46+08:00,2026-08-25,2026-07-05T07:44:46+08:00
ORD00109132,M001028,P00098,門市,paid,4,USD,19281.11,850.0,2026-07-03T12:05:01+08:00,2026-08-29,2026-07-05T05:15:01+08:00
ORD00108819,M000762,P00219,門市,paid,4,TWD,474698.0,50.0,2026-07-03T23:44:02+08:00,2026-10-24,2026-07-06T01:56:02+08:00
ORD00109490,M004061,P00019,app,paid,1,TWD,79140.0,700.0,2026-07-03T18:50:04+08:00,2026-09-12,2026-07-04T14:21:04+08:00
ORD00109659,M005862,P00146,電銷,paid,4,JPY,428930.0,600.0,2026-07-03T19:17:13+08:00,2026-10-24,2026-07-04T06:08:13+08:00
ORD00108791,M007625,P00006,app,paid,3,USD,13111.83,500.0,2026-07-03T10:43:05+08:00,2026-10-28,2026-07-03T11:36:05+08:00
ORD00108516,M002512,P00011,web,created,4,JPY,2740947.0,50.0,2026-07-03T06:12:02+08:00,2026-07-30,2026-07-05T08:32:02+08:00
ORD00110545,M001717,P00144,電銷,created,4,JPY,2120146.0,600.0,2026-07-03T04:29:11+08:00,2026-08-12,2026-07-03T06:19:11+08:00
ORD00108139,M006461,P00159,電銷,paid,2,USD,3328.34,200.0,2026-07-03T09:46:45+08:00,2026-08-29,2026-07-05T13:26:45+08:00
ORD00057486,M002185,P00187,app,completed,1,TWD,24522.0,0.0,2026-06-15T22:23:53+08:00,2026-07-22,2026-07-03T22:10:18+08:00
ORD00084383,M003296,P00082,web,cancelled,4,USD,28931.87,200.0,2026-05-21T00:13:15+08:00,2026-07-11,2026-07-03T11:12:10+08:00
ORD00109215,M003287,P00156,app,paid,3,TWD,456569.0,0.0,2026-07-03T23:11:59+08:00,2026-10-27,2026-07-05T04:33:59+08:00
ORD00109015,M001007,P00072,web,paid,1,TWD,15677.0,250.0,2026-07-03T09:37:44+08:00,2026-07-14,2026-07-05T11:55:44+08:00
ORD00110973,M006105,P00102,電銷,paid,1,USD,1279.67,200.0,2026-07-03T16:48:05+08:00,2026-10-22,2026-07-06T05:24:05+08:00
ORD00111604,M003591,P00222,電銷,paid,4,TWD,170350.0,200.0,2026-07-03T04:16:32+08:00,2026-08-10,2026-07-04T01:07:32+08:00
ORD00108790,M001182,P00026,門市,paid,1,JPY,549711.0,50.0,2026-07-03T04:57:07+08:00,2026-09-17,2026-07-05T07:03:07+08:00
ORD00109334,M004905,P00221,門市,created,1,TWD,129046.0,150.0,2026-07-03T10:10:53+08:00,2026-08-10,2026-07-05T00:14:53+08:00
ORD00108439,M000705,P00183,web,paid,4,TWD,639211.0,550.0,2026-07-03T22:45:59+08:00,2026-10-25,2026-07-05T10:44:59+08:00
ORD00022601,M005833,P00100,電銷,completed,4,TWD,619874.0,300.0,2026-05-14T09:46:45+08:00,2026-08-24,2026-07-03T03:16:33+08:00
ORD00108500,M004869,P00086,門市,paid,4,JPY,414904.0,400.0,2026-07-03T14:53:11+08:00,2026-09-10,2026-07-06T08:18:11+08:00
ORD00110002,M005107,P00101,電銷,paid,2,JPY,530634.0,750.0,2026-07-03T14:53:32+08:00,2026-10-25,2026-07-05T06:02:32+08:00
ORD00108987,M007535,P00190,電銷,paid,3,USD,20473.3,700.0,2026-07-03T18:00:22+08:00,2026-07-13,2026-07-06T02:07:22+08:00
ORD00108687,M002049,P00255,電銷,paid,3,TWD,632450.0,850.0,2026-07-03T23:31:58+08:00,2026-09-21,2026-07-06T11:51:58+08:00
ORD00109346,M000203,P00280,電銷,paid,3,TWD,435793.0,600.0,2026-07-03T20:53:41+08:00,2026-10-24,2026-07-04T00:23:41+08:00
ORD00108017,M001029,P00041,app,paid,4,TWD,34022.0,300.0,2026-07-03T09:50:05+08:00,2026-08-21,2026-07-04T03:32:05+08:00
ORD00110111,M005920,P00300,電銷,created,4,JPY,1806383.0,200.0,2026-07-03T20:05:21+08:00,2026-07-11,2026-07-05T13:02:21+08:00
ORD00111898,M006909,P00071,門市,created,1,JPY,226918.0,700.0,2026-07-03T14:22:51+08:00,2026-07-10,2026-07-05T16:56:51+08:00
ORD00108094,M002863,P00063,門市,paid,3,USD,15469.34,0.0,2026-07-03T10:02:36+08:00,2026-08-06,2026-07-05T07:39:36+08:00
ORD00111897,M005301,P00120,電銷,created,1,JPY,687978.0,700.0,2026-07-03T19:11:42+08:00,2026-09-03,2026-07-04T02:42:42+08:00
ORD00111085,M004040,P00282,門市,paid,1,USD,6858.48,800.0,2026-07-03T12:48:29+08:00,2026-08-19,2026-07-05T09:44:29+08:00
ORD00108376,M000418,P00148,電銷,paid,1,USD,810.1,150.0,2026-07-03T00:25:56+08:00,2026-10-06,2026-07-04T12:04:56+08:00
ORD00111053,M002576,P00096,門市,paid,1,TWD,7269.0,750.0,2026-07-03T07:25:05+08:00,2026-09-23,2026-07-04T16:34:05+08:00
ORD00111605,M006077,P00178,web,paid,4,USD,5081.84,650.0,2026-07-03T20:35:29+08:00,2026-08-06,2026-07-04T03:32:29+08:00
ORD00111366,M000041,P00088,app,created,1,JPY,414028.0,800.0,2026-07-03T03:21:40+08:00,2026-09-24,2026-07-03T10:15:40+08:00
ORD00109669,M003901,P00050,app,paid,1,USD,83.24,0.0,2026-07-03T05:43:33+08:00,2026-09-13,2026-07-05T04:43:33+08:00
ORD00110097,M006465,P00294,web,paid,3,USD,14097.65,550.0,2026-07-03T12:42:42+08:00,2026-09-28,2026-07-04T03:29:42+08:00
ORD00110107,M005211,P00251,web,created,3,TWD,398991.0,300.0,2026-07-03T19:45:36+08:00,2026-09-28,2026-07-06T13:39:36+08:00
ORD00111090,M003172,P00075,電銷,paid,2,TWD,41275.0,250.0,2026-07-03T10:11:06+08:00,2026-08-01,2026-07-04T23:54:06+08:00
ORD00108986,M002756,P00299,門市,created,4,JPY,513215.0,550.0,2026-07-03T04:51:01+08:00,2026-09-04,2026-07-03T20:37:01+08:00
ORD00110925,M000450,P00150,app,paid,2,USD,10473.31,650.0,2026-07-03T18:56:28+08:00,2026-08-08,2026-07-05T15:07:28+08:00
ORD00111343,M002239,P00251,web,created,2,TWD,254946.0,250.0,2026-07-03T15:53:51+08:00,2026-10-17,2026-07-06T05:50:51+08:00
ORD00108861,M007540,P00209,電銷,paid,2,TWD,181111.0,950.0,2026-07-03T21:13:22+08:00,2026-10-19,2026-07-03T21:33:22+08:00
ORD00108349,M003556,P00295,電銷,paid,4,TWD,251901.0,500.0,2026-07-03T17:51:57+08:00,2026-09-22,2026-07-03T18:50:57+08:00
ORD00109990,M005236,P00146,電銷,paid,2,TWD,42854.0,150.0,2026-07-03T11:22:39+08:00,2026-07-14,2026-07-05T22:36:39+08:00
ORD00108555,M006038,P00199,電銷,paid,3,USD,709.62,350.0,2026-07-03T07:55:42+08:00,2026-08-09,2026-07-04T09:06:42+08:00
ORD00111365,M000440,P00165,web,created,1,USD,2000.83,100.0,2026-07-03T06:29:41+08:00,2026-09-12,2026-07-04T09:26:41+08:00
ORD00111954,M004385,P00131,電銷,paid,2,JPY,2012799.0,900.0,2026-07-03T15:51:58+08:00,2026-07-17,2026-07-04T00:01:58+08:00
ORD00111491,M007722,P00150,電銷,paid,1,TWD,142464.0,50.0,2026-07-03T04:41:31+08:00,2026-07-20,2026-07-03T23:10:31+08:00
ORD00084266,M002776,P00244,web,completed,3,TWD,169927.0,750.0,2026-05-26T14:46:06+08:00,2026-09-16,2026-07-03T10:57:28+08:00
ORD00108893,M000479,P00133,電銷,paid,1,JPY,25487.0,700.0,2026-07-03T23:49:29+08:00,2026-09-28,2026-07-04T03:41:29+08:00
ORD00111337,M005830,P00291,app,created,1,TWD,26297.0,400.0,2026-07-03T21:38:30+08:00,2026-08-02,2026-07-04T13:57:30+08:00
ORD00110850,M004868,P00054,web,created,3,TWD,366523.0,50.0,2026-07-03T00:07:07+08:00,2026-08-14,2026-07-03T05:46:07+08:00
ORD00110430,M007837,P00107,app,created,2,TWD,381547.0,50.0,2026-07-03T01:22:28+08:00,2026-08-26,2026-07-04T07:21:28+08:00
ORD00046622,M005997,P00032,web,completed,2,TWD,267214.0,750.0,2026-06-29T11:42:45+08:00,2026-07-09,2026-07-03T01:26:14+08:00
ORD00108350,M001525,P00294,門市,paid,3,JPY,2242200.0,900.0,2026-07-03T20:34:57+08:00,2026-08-21,2026-07-04T08:22:57+08:00
ORD00108951,M000323,P00209,門市,created,4,TWD,448913.0,500.0,2026-07-03T16:53:36+08:00,2026-10-11,2026-07-06T00:29:36+08:00
ORD00108884,M007290,P00006,門市,paid,4,USD,23689.25,550.0,2026-07-03T07:22:54+08:00,2026-08-02,2026-07-05T22:37:54+08:00
ORD00111733,M007492,P00058,app,paid,4,USD,4446.4,950.0,2026-07-03T09:46:35+08:00,2026-09-22,2026-07-04T13:31:35+08:00
ORD00111611,M000838,P00266,app,paid,4,TWD,71812.0,700.0,2026-07-03T18:00:36+08:00,2026-10-05,2026-07-03T22:25:36+08:00
ORD00110852,M007202,P00126,app,paid,3,TWD,91303.0,150.0,2026-07-03T23:54:05+08:00,2026-08-19,2026-07-04T08:42:05+08:00
ORD00109110,M004019,P00146,app,created,4,TWD,75874.0,400.0,2026-07-03T21:46:46+08:00,2026-09-18,2026-07-06T13:18:46+08:00
ORD00110566,M004004,P00090,web,paid,3,TWD,520201.0,500.0,2026-07-03T15:02:39+08:00,2026-09-25,2026-07-06T02:39:39+08:00
ORD00108801,M002626,P00131,app,paid,3,USD,16618.77,250.0,2026-07-03T17:49:10+08:00,2026-09-05,2026-07-06T01:25:10+08:00
ORD00108275,M000501,P00129,web,paid,1,USD,5942.54,50.0,2026-07-03T07:16:06+08:00,2026-07-29,2026-07-04T14:19:06+08:00
ORD00108241,M002555,P00049,app,created,2,USD,1246.65,400.0,2026-07-03T07:26:13+08:00,2026-09-26,2026-07-04T08:36:13+08:00
ORD00109402,M005508,P00173,app,created,3,TWD,24058.0,650.0,2026-07-03T09:18:38+08:00,2026-10-04,2026-07-04T08:36:38+08:00
ORD00111996,M004536,P00264,門市,created,3,TWD,31989.0,850.0,2026-07-03T15:09:51+08:00,2026-10-23,2026-07-05T10:00:51+08:00
ORD00109989,M004681,P00054,web,created,4,JPY,2411978.0,700.0,2026-07-03T02:23:25+08:00,2026-10-09,2026-07-03T14:17:25+08:00
ORD00108618,M005509,P00285,web,paid,1,USD,3676.44,850.0,2026-07-03T09:11:49+08:00,2026-07-23,2026-07-05T18:41:49+08:00
ORD00109297,M000873,P00120,電銷,created,2,USD,8672.5,200.0,2026-07-03T03:00:15+08:00,2026-09-14,2026-07-04T01:08:15+08:00
ORD00084917,M004953,P00008,電銷,cancelled,1,TWD,82564.0,300.0,2026-05-03T20:15:19+08:00,2026-08-14,2026-07-03T00:08:01+08:00
ORD00019856,M001225,P00275,web,cancelled,1,TWD,93204.0,100.0,2026-05-01T17:58:04+08:00,2026-07-03,2026-07-03T01:27:13+08:00
ORD00108779,M007909,P00188,app,created,1,TWD,50590.0,150.0,2026-07-03T21:30:41+08:00,2026-10-19,2026-07-05T04:07:41+08:00
ORD00110308,M002904,P00080,電銷,created,1,TWD,169816.0,850.0,2026-07-03T21:36:48+08:00,2026-09-16,2026-07-05T16:59:48+08:00
ORD00110017,M006396,P00024,門市,paid,3,TWD,260655.0,650.0,2026-07-03T15:59:35+08:00,2026-10-07,2026-07-03T16:51:35+08:00
ORD00109187,M001485,P00081,app,paid,1,TWD,106586.0,600.0,2026-07-03T13:14:12+08:00,2026-10-22,2026-07-04T19:59:12+08:00
ORD00070148,M000534,P00236,app,cancelled,3,JPY,2104004.0,550.0,2026-06-14T06:54:28+08:00,2026-07-14,2026-07-03T12:52:55+08:00
ORD00111593,M005927,P00132,電銷,created,3,JPY,910799.0,0.0,2026-07-03T17:26:32+08:00,2026-07-13,2026-07-04T15:38:32+08:00
ORD00111970,M002312,P00288,門市,created,1,USD,359.57,950.0,2026-07-03T07:37:27+08:00,2026-08-22,2026-07-03T22:57:27+08:00
ORD00109677,M002522,P00243,web,paid,1,JPY,861302.0,900.0,2026-07-03T08:37:22+08:00,2026-10-21,2026-07-05T12:28:22+08:00
ORD00059756,M001028,P00204,web,completed,1,USD,5201.36,750.0,2026-05-16T02:47:26+08:00,2026-05-26,2026-07-03T11:49:18+08:00
ORD00110451,M000519,P00292,電銷,paid,2,USD,9764.35,50.0,2026-07-03T04:18:55+08:00,2026-10-02,2026-07-05T04:11:55+08:00
ORD00111703,M007008,P00195,web,paid,1,TWD,58037.0,450.0,2026-07-03T09:59:55+08:00,2026-07-10,2026-07-04T12:18:55+08:00
ORD00108743,M005731,P00296,電銷,created,4,TWD,31231.0,350.0,2026-07-03T01:25:47+08:00,2026-08-10,2026-07-03T06:47:47+08:00
ORD00108730,M007621,P00108,app,paid,1,TWD,119153.0,450.0,2026-07-03T18:38:19+08:00,2026-09-24,2026-07-06T04:44:19+08:00
ORD00111580,M007361,P00073,門市,paid,4,TWD,507850.0,500.0,2026-07-03T00:37:06+08:00,2026-10-09,2026-07-05T14:40:06+08:00
ORD00108547,M007746,P00110,電銷,paid,1,JPY,999638.0,150.0,2026-07-03T03:39:41+08:00,2026-07-26,2026-07-04T21:54:41+08:00
ORD00111944,M006937,P00126,門市,created,1,TWD,22217.0,350.0,2026-07-03T20:44:27+08:00,2026-07-16,2026-07-05T11:11:27+08:00
ORD00110506,M001553,P00171,app,paid,4,JPY,1363531.0,900.0,2026-07-03T20:16:39+08:00,2026-10-08,2026-07-04T14:29:39+08:00
ORD00108531,M002477,P00242,web,created,2,TWD,63686.0,150.0,2026-07-03T11:06:31+08:00,2026-08-08,2026-07-04T05:37:31+08:00
ORD00111724,M006083,P00265,app,paid,3,USD,16515.24,650.0,2026-07-03T01:30:50+08:00,2026-08-06,2026-07-05T14:55:50+08:00
ORD00110531,M003072,P00223,門市,paid,3,TWD,535069.0,700.0,2026-07-03T21:30:15+08:00,2026-09-21,2026-07-04T14:58:15+08:00
ORD00110553,M001398,P00066,web,created,4,TWD,659422.0,400.0,2026-07-03T03:45:11+08:00,2026-08-22,2026-07-05T09:46:11+08:00
ORD00108732,M007545,P00198,app,paid,4,TWD,114133.0,450.0,2026-07-03T17:53:28+08:00,2026-08-10,2026-07-04T12:58:28+08:00
ORD00108961,M004167,P00102,門市,paid,1,TWD,37619.0,450.0,2026-07-03T03:20:58+08:00,2026-10-17,2026-07-03T04:21:58+08:00
ORD00108493,M007800,P00122,web,created,1,TWD,188828.0,850.0,2026-07-03T19:46:20+08:00,2026-09-23,2026-07-06T05:27:20+08:00
ORD00110730,M000600,P00024,web,paid,2,TWD,200785.0,900.0,2026-07-03T15:49:43+08:00,2026-10-02,2026-07-04T01:16:43+08:00
ORD00108640,M007771,P00067,web,created,3,TWD,404701.0,0.0,2026-07-03T18:11:14+08:00,2026-10-14,2026-07-05T00:04:14+08:00
ORD00109303,M001578,P00138,app,paid,2,TWD,128067.0,0.0,2026-07-03T03:30:05+08:00,2026-08-30,2026-07-04T14:48:05+08:00
ORD00111672,M006473,P00021,門市,paid,1,TWD,160396.0,550.0,2026-07-03T09:36:02+08:00,2026-10-03,2026-07-03T18:36:02+08:00
ORD00001694,M005855,P00065,app,completed,4,TWD,887899.0,0.0,2026-05-02T11:22:27+08:00,2026-05-09,2026-07-03T19:21:10+08:00
ORD00109549,M004178,P00290,app,paid,1,TWD,123277.0,900.0,2026-07-03T10:31:27+08:00,2026-07-24,2026-07-05T21:56:27+08:00
ORD00061376,M000341,P00248,app,cancelled,1,USD,598.11,700.0,2026-05-09T17:27:09+08:00,2026-08-18,2026-07-03T16:50:39+08:00
ORD00111626,M006216,P00134,門市,paid,1,TWD,97469.0,850.0,2026-07-03T14:40:08+08:00,2026-08-06,2026-07-03T17:49:08+08:00
ORD00109338,M007275,P00203,app,paid,1,TWD,119693.0,500.0,2026-07-03T05:57:44+08:00,2026-10-03,2026-07-04T06:21:44+08:00
ORD00108571,M001937,P00224,電銷,paid,1,TWD,98187.0,150.0,2026-07-03T14:18:54+08:00,2026-08-24,2026-07-05T13:05:54+08:00
ORD00111512,M005851,P00154,門市,paid,3,TWD,331340.0,750.0,2026-07-03T03:42:12+08:00,2026-07-31,2026-07-05T19:59:12+08:00
ORD00110747,M003239,P00284,門市,created,4,USD,20007.6,400.0,2026-07-03T11:40:29+08:00,2026-08-28,2026-07-03T14:30:29+08:00
ORD00108873,M003197,P00109,門市,paid,3,USD,3848.48,550.0,2026-07-03T18:09:52+08:00,2026-07-23,2026-07-05T17:28:52+08:00
ORD00109976,M004411,P00225,web,paid,1,TWD,40597.0,900.0,2026-07-03T23:48:31+08:00,2026-07-10,2026-07-04T16:04:31+08:00
ORD00111265,M006614,P00067,app,paid,3,TWD,359167.0,500.0,2026-07-03T21:09:28+08:00,2026-10-04,2026-07-04T21:22:28+08:00
ORD00108806,M001148,P00227,門市,created,3,JPY,2275036.0,550.0,2026-07-03T21:31:49+08:00,2026-10-03,2026-07-05T01:29:49+08:00
ORD00109416,M002851,P00271,app,paid,1,TWD,21158.0,400.0,2026-07-03T15:53:25+08:00,2026-10-28,2026-07-05T07:24:25+08:00
ORD00109534,M002116,P00085,門市,paid,3,JPY,3465015.0,100.0,2026-07-03T09:04:55+08:00,2026-07-19,2026-07-04T23:17:55+08:00
ORD00109167,M004048,P00061,web,created,4,TWD,724411.0,750.0,2026-07-03T20:04:48+08:00,2026-10-26,2026-07-06T07:47:48+08:00
ORD00111707,M000816,P00023,web,created,3,JPY,3282614.0,250.0,2026-07-03T21:09:16+08:00,2026-10-28,2026-07-05T09:02:16+08:00
ORD00110408,M000569,P00243,電銷,created,2,TWD,347082.0,150.0,2026-07-03T22:42:27+08:00,2026-10-17,2026-07-06T07:02:27+08:00
ORD00108055,M005939,P00218,web,paid,4,JPY,551130.0,300.0,2026-07-03T10:23:08+08:00,2026-10-08,2026-07-05T19:38:08+08:00
ORD00109801,M001921,P00189,app,paid,2,USD,6538.01,350.0,2026-07-03T11:17:44+08:00,2026-10-30,2026-07-03T15:59:44+08:00
ORD00111224,M002401,P00283,電銷,paid,3,TWD,87299.0,550.0,2026-07-03T02:29:10+08:00,2026-10-30,2026-07-04T20:15:10+08:00
ORD00108669,M003538,P00167,web,created,1,JPY,728450.0,550.0,2026-07-03T22:01:29+08:00,2026-08-27,2026-07-05T09:33:29+08:00
ORD00108659,M003092,P00072,門市,paid,1,TWD,22416.0,750.0,2026-07-03T15:45:15+08:00,2026-10-12,2026-07-05T19:32:15+08:00
ORD00111542,M007160,P00222,app,paid,1,TWD,44388.0,600.0,2026-07-03T09:36:03+08:00,2026-08-16,2026-07-05T15:32:03+08:00
ORD00034762,M002295,P00181,app,cancelled,3,TWD,45731.0,800.0,2026-06-21T09:17:00+08:00,2026-06-29,2026-07-03T02:04:16+08:00
ORD00005732,M005130,P00023,web,cancelled,3,TWD,470204.0,600.0,2026-05-05T01:44:52+08:00,2026-05-24,2026-07-03T00:31:36+08:00
ORD00033698,M002994,P00016,web,completed,2,USD,5440.04,850.0,2026-06-08T13:44:48+08:00,2026-09-05,2026-07-03T13:24:53+08:00
ORD00109458,M000047,P00182,web,paid,3,TWD,20660.0,300.0,2026-07-03T03:21:44+08:00,2026-08-29,2026-07-03T18:40:44+08:00
ORD00110684,M007213,P00148,電銷,paid,1,TWD,35589.0,350.0,2026-07-03T09:48:31+08:00,2026-08-14,2026-07-03T12:38:31+08:00
ORD00111390,M004452,P00209,app,paid,4,TWD,394264.0,500.0,2026-07-03T00:09:14+08:00,2026-10-21,2026-07-04T04:07:14+08:00
ORD00109632,M004978,P00098,web,created,2,TWD,336540.0,200.0,2026-07-03T16:28:04+08:00,2026-08-30,2026-07-06T09:21:04+08:00
ORD00108340,M004227,P00270,電銷,paid,1,TWD,22591.0,700.0,2026-07-03T21:10:56+08:00,2026-10-23,2026-07-04T19:51:56+08:00
ORD00109031,M007147,P00135,門市,paid,2,TWD,14625.0,150.0,2026-07-03T20:26:51+08:00,2026-09-22,2026-07-05T03:09:51+08:00
ORD00017507,M000233,P00246,電銷,completed,3,USD,14607.72,900.0,2026-05-25T07:36:22+08:00,2026-06-06,2026-07-03T11:37:05+08:00
ORD00109671,M005847,P00264,電銷,created,3,USD,1137.28,50.0,2026-07-03T07:10:48+08:00,2026-10-02,2026-07-03T08:36:07+08:00
ORD00111536,M005968,P00179,電銷,paid,4,TWD,556323.0,100.0,2026-07-03T21:41:44+08:00,2026-10-29,2026-07-04T17:38:44+08:00
ORD00109781,M000293,P00122,門市,paid,3,JPY,2413542.0,750.0,2026-07-03T18:22:47+08:00,2026-08-24,2026-07-05T08:00:47+08:00
ORD00108506,M007055,P00257,電銷,paid,2,TWD,69078.0,550.0,2026-07-03T01:55:45+08:00,2026-07-13,2026-07-04T11:11:45+08:00
ORD00110888,M004798,P00025,電銷,created,1,JPY,907469.0,750.0,2026-07-03T22:09:50+08:00,2026-08-01,2026-07-04T16:53:50+08:00
ORD00110282,M002814,P00107,app,paid,3,TWD,597579.0,850.0,2026-07-03T04:06:54+08:00,2026-08-05,2026-07-03T16:13:54+08:00
ORD00110744,M001841,P00057,app,created,3,TWD,396052.0,650.0,2026-07-03T01:52:31+08:00,2026-07-25,2026-07-03T03:40:31+08:00
ORD00109790,M001295,P00045,web,created,1,TWD,9523.0,800.0,2026-07-03T07:24:54+08:00,2026-10-25,2026-07-06T00:40:54+08:00
ORD00111142,M003621,P00103,電銷,paid,3,JPY,323930.0,950.0,2026-07-03T10:05:28+08:00,2026-09-07,2026-07-03T18:02:28+08:00
ORD00108098,M003053,P00125,電銷,paid,1,JPY,225830.0,600.0,2026-07-03T05:27:20+08:00,2026-10-16,2026-07-04T18:10:20+08:00
ORD00110358,M001677,P00232,web,created,2,TWD,364218.0,850.0,2026-07-03T08:45:41+08:00,2026-10-07,2026-07-04T00:07:41+08:00
ORD00004277,M006836,P00231,app,completed,2,USD,10344.11,750.0,2026-05-18T11:22:28+08:00,2026-08-09,2026-07-03T15:38:42+08:00
ORD00111161,M004155,P00298,電銷,created,2,JPY,924574.0,600.0,2026-07-03T17:40:11+08:00,2026-07-15,2026-07-05T03:16:11+08:00
ORD00111340,M000263,P00048,門市,paid,4,TWD,436043.0,950.0,2026-07-03T08:50:28+08:00,2026-08-11,2026-07-04T19:48:28+08:00
ORD00109243,M000098,P00168,app,paid,2,TWD,250456.0,900.0,2026-07-03T16:52:14+08:00,2026-08-03,2026-07-04T16:06:14+08:00
ORD00109892,M003326,P00109,web,paid,4,TWD,193288.0,950.0,2026-07-03T14:16:45+08:00,2026-09-04,2026-07-04T18:40:45+08:00
ORD00057817,M001189,P00043,電銷,completed,2,JPY,1215646.0,800.0,2026-05-11T22:08:42+08:00,2026-07-07,2026-07-03T03:11:41+08:00
ORD00110835,M004166,P00098,門市,paid,2,TWD,319662.0,0.0,2026-07-03T18:58:59+08:00,2026-09-15,2026-07-05T12:20:59+08:00
ORD00111008,M002408,P00042,電銷,paid,2,USD,8056.67,500.0,2026-07-03T15:14:00+08:00,2026-08-21,2026-07-05T16:58:00+08:00
ORD00109681,M000252,P00098,app,paid,3,TWD,422396.0,850.0,2026-07-03T09:06:46+08:00,2026-10-13,2026-07-03T16:10:46+08:00
ORD00109680,M005018,P00270,電銷,paid,4,TWD,85257.0,300.0,2026-07-03T04:13:19+08:00,2026-09-01,2026-07-05T10:18:19+08:00
ORD00109227,M001624,P00002,app,created,4,TWD,304954.0,650.0,2026-07-03T19:08:10+08:00,2026-09-16,2026-07-05T04:13:10+08:00
ORD00108279,M001264,P00156,app,paid,4,TWD,663447.0,500.0,2026-07-03T11:29:43+08:00,2026-09-27,2026-07-05T04:00:43+08:00
ORD00108363,M007523,P00287,電銷,paid,4,TWD,558654.0,100.0,2026-07-03T08:45:09+08:00,2026-07-22,2026-07-04T12:38:09+08:00
ORD00110894,M003063,P00030,web,paid,4,TWD,535140.0,50.0,2026-07-03T22:10:12+08:00,2026-10-03,2026-07-06T13:39:12+08:00
ORD00036903,M005639,P00152,app,completed,1,TWD,43760.0,250.0,2026-05-22T10:00:41+08:00,2026-07-22,2026-07-03T07:05:52+08:00
ORD00109087,M002692,P00162,web,created,2,TWD,14494.0,800.0,2026-07-03T19:16:57+08:00,2026-10-22,2026-07-06T06:53:57+08:00
ORD00037208,M000303,P00217,電銷,cancelled,4,TWD,874198.0,550.0,2026-06-02T15:54:23+08:00,2026-07-24,2026-07-03T11:54:05+08:00
ORD00110082,M001132,P00290,web,created,2,TWD,218006.0,500.0,2026-07-03T22:01:07+08:00,2026-09-15,2026-07-05T11:55:07+08:00
ORD00110977,M004254,P00262,電銷,paid,2,TWD,418563.0,950.0,2026-07-03T08:24:59+08:00,2026-08-25,2026-07-05T10:40:59+08:00
ORD00108298,M000411,P00017,門市,paid,1,TWD,150422.0,400.0,2026-07-03T10:18:29+08:00,2026-10-05,2026-07-04T10:54:29+08:00
ORD00108264,M007190,P00277,app,paid,4,JPY,2968579.0,50.0,2026-07-03T20:14:26+08:00,2026-10-05,2026-07-04T23:11:26+08:00
ORD00110368,M004226,P00120,電銷,paid,4,TWD,463326.0,300.0,2026-07-03T01:23:48+08:00,2026-07-18,2026-07-05T03:34:48+08:00
ORD00109992,M001420,P00297,app,paid,4,TWD,491822.0,250.0,2026-07-03T19:10:18+08:00,2026-07-15,2026-07-04T14:30:18+08:00
ORD00111640,M006058,P00177,門市,paid,4,JPY,458445.0,500.0,2026-07-03T12:18:20+08:00,2026-09-20,2026-07-03T16:00:20+08:00
ORD00109646,M000374,P00209,電銷,created,4,TWD,330211.0,300.0,2026-07-03T04:14:59+08:00,2026-08-29,2026-07-05T03:01:59+08:00
ORD00110299,M001657,P00189,web,paid,2,USD,7331.14,550.0,2026-07-03T03:18:36+08:00,2026-10-04,2026-07-04T16:44:36+08:00
ORD00111441,M001127,P00214,電銷,paid,1,TWD,148532.0,750.0,2026-07-03T19:16:18+08:00,2026-09-20,2026-07-04T11:40:18+08:00
ORD00110115,M004044,P00244,電銷,created,3,TWD,168944.0,900.0,2026-07-03T12:18:33+08:00,2026-09-30,2026-07-04T21:04:33+08:00
ORD00109350,M004616,P00025,門市,paid,1,TWD,182855.0,600.0,2026-07-03T03:39:15+08:00,2026-08-27,2026-07-04T20:44:15+08:00
ORD00108395,M005728,P00007,電銷,created,1,TWD,58321.0,350.0,2026-07-03T13:19:43+08:00,2026-10-16,2026-07-04T12:57:43+08:00
ORD00108224,M004882,P00295,app,created,2,TWD,117622.0,150.0,2026-07-03T21:21:34+08:00,2026-08-30,2026-07-04T01:36:34+08:00
ORD00110381,M001386,P00172,電銷,paid,1,TWD,135442.0,0.0,2026-07-03T11:44:45+08:00,2026-10-23,2026-07-04T01:11:45+08:00
ORD00110742,M005681,P00161,app,created,4,TWD,888980.0,100.0,2026-07-03T17:06:01+08:00,2026-09-23,2026-07-03T23:56:01+08:00
ORD00014988,M006356,P00116,電銷,completed,1,TWD,86894.0,100.0,2026-06-20T21:31:13+08:00,2026-07-27,2026-07-03T01:50:46+08:00
ORD00109499,M004552,P00230,web,paid,1,USD,5748.43,900.0,2026-07-03T01:29:31+08:00,2026-10-21,2026-07-03T14:19:31+08:00
ORD00110887,M000072,P00164,web,paid,4,TWD,173800.0,50.0,2026-07-03T14:33:34+08:00,2026-08-19,2026-07-04T13:06:34+08:00
ORD00045619,M004396,P00168,web,cancelled,3,USD,12904.27,500.0,2026-05-26T02:25:14+08:00,2026-09-12,2026-07-03T18:58:26+08:00
ORD00109274,M005213,P00256,門市,paid,3,TWD,503381.0,0.0,2026-07-03T15:53:30+08:00,2026-09-20,2026-07-04T18:23:30+08:00
ORD00079247,M005302,P00209,門市,cancelled,2,TWD,227772.0,150.0,2026-06-17T05:10:59+08:00,2026-10-04,2026-07-03T21:28:01+08:00
ORD00111371,M005689,P00053,電銷,paid,3,TWD,239097.0,800.0,2026-07-03T11:30:14+08:00,2026-09-02,2026-07-03T17:20:14+08:00
ORD00108995,M004491,P00118,app,paid,2,TWD,271693.0,0.0,2026-07-03T23:03:02+08:00,2026-09-18,2026-07-04T13:14:02+08:00
ORD00091654,M004743,P00218,門市,cancelled,4,TWD,111252.0,450.0,2026-06-28T20:54:48+08:00,2026-07-09,2026-07-03T00:29:32+08:00
ORD00109540,M006883,P00098,電銷,paid,2,USD,8093.56,100.0,2026-07-03T15:55:16+08:00,2026-09-26,2026-07-05T08:57:16+08:00
ORD00110856,M004217,P00201,電銷,paid,2,USD,8255.29,250.0,2026-07-03T04:59:08+08:00,2026-08-15,2026-07-04T03:16:08+08:00
ORD00110469,M005102,P00194,電銷,created,2,USD,3890.24,550.0,2026-07-03T05:29:12+08:00,2026-08-26,2026-07-03T15:41:12+08:00
ORD00032884,M002237,P00085,電銷,completed,4,TWD,717255.0,800.0,2026-05-25T20:35:46+08:00,2026-08-02,2026-07-03T09:38:35+08:00
ORD00109464,M005714,P00139,門市,created,3,USD,12801.16,500.0,2026-07-03T13:11:44+08:00,2026-08-09,2026-07-06T04:34:44+08:00
ORD00109696,M000749,P00158,app,paid,3,USD,3371.32,550.0,2026-07-03T05:47:18+08:00,2026-09-12,2026-07-05T09:06:18+08:00
ORD00110754,M006821,P00007,app,paid,1,USD,1586.15,300.0,2026-07-03T05:39:51+08:00,2026-10-04,2026-07-03T22:45:51+08:00
ORD00110750,M004550,P00112,電銷,created,4,JPY,159441.0,650.0,2026-07-03T01:01:29+08:00,2026-09-12,2026-07-04T15:27:29+08:00
ORD00111334,M005962,P00063,web,paid,3,TWD,601349.0,100.0,2026-07-03T19:25:10+08:00,2026-10-25,2026-07-04T20:44:10+08:00
ORD00110271,M004873,P00142,web,paid,4,TWD,853669.0,950.0,2026-07-03T15:23:11+08:00,2026-10-14,2026-07-04T03:36:11+08:00
ORD00109169,M004892,P00038,門市,paid,4,TWD,88144.0,250.0,2026-07-03T00:54:48+08:00,2026-08-11,2026-07-03T18:39:48+08:00
ORD00109138,M004549,P00226,web,paid,1,USD,3340.4,800.0,2026-07-03T08:55:23+08:00,2026-08-18,2026-07-03T20:09:23+08:00
ORD00057024,M007574,P00044,門市,cancelled,2,USD,2864.02,950.0,2026-06-03T01:33:07+08:00,2026-08-13,2026-07-03T23:33:38+08:00
ORD00070761,M002667,P00192,web,completed,1,TWD,246856.0,350.0,2026-05-03T06:03:14+08:00,2026-07-09,2026-07-03T20:03:10+08:00
ORD00110705,M007312,P00241,門市,created,4,TWD,784235.0,50.0,2026-07-03T12:44:21+08:00,2026-07-16,2026-07-05T14:31:21+08:00
ORD00110587,M001595,P00075,電銷,paid,1,TWD,23873.0,300.0,2026-07-03T00:46:57+08:00,2026-07-24,2026-07-04T02:33:57+08:00
ORD00109959,M006823,P00117,門市,paid,3,TWD,412624.0,750.0,2026-07-03T21:07:56+08:00,2026-08-31,2026-07-06T13:01:56+08:00
ORD00017369,M002012,P00151,app,cancelled,1,TWD,69821.0,600.0,2026-06-19T10:55:30+08:00,2026-07-20,2026-07-03T07:58:28+08:00
ORD00108030,M003574,P00038,門市,paid,3,TWD,59070.0,500.0,2026-07-03T17:05:26+08:00,2026-10-28,2026-07-06T05:22:26+08:00
ORD00110382,M004050,P00209,門市,paid,1,USD,3132.04,200.0,2026-07-03T23:37:08+08:00,2026-10-16,2026-07-04T12:16:08+08:00
ORD00108811,M002482,P00029,電銷,paid,3,USD,11048.06,350.0,2026-07-03T14:44:40+08:00,2026-10-11,2026-07-03T15:05:40+08:00
ORD00109751,M006605,P00283,app,paid,4,TWD,109711.0,100.0,2026-07-03T14:22:36+08:00,2026-08-24,2026-07-05T07:20:36+08:00
ORD00109032,M004718,P00285,app,created,1,TWD,115262.0,0.0,2026-07-03T22:28:09+08:00,2026-07-15,2026-07-06T14:12:09+08:00
ORD00109729,M004247,P00247,web,paid,3,TWD,390635.0,750.0,2026-07-03T07:42:38+08:00,2026-07-15,2026-07-05T01:04:38+08:00
ORD00111793,M002368,P00266,門市,paid,2,TWD,33030.0,900.0,2026-07-03T10:59:09+08:00,2026-07-29,2026-07-05T09:16:09+08:00
ORD00108343,M003681,P00205,電銷,paid,1,USD,299.85,650.0,2026-07-03T20:38:48+08:00,2026-08-08,2026-07-04T14:35:48+08:00
ORD00109980,M003567,P00042,web,paid,3,JPY,2400195.0,200.0,2026-07-03T01:34:20+08:00,2026-09-27,2026-07-03T23:44:20+08:00
ORD00108692,M006787,P00044,電銷,paid,1,TWD,45137.0,700.0,2026-07-03T03:10:33+08:00,2026-09-24,2026-07-03T23:24:33+08:00
ORD00070113,M000951,P00114,電銷,completed,1,JPY,442059.0,550.0,2026-05-31T21:23:50+08:00,2026-06-17,2026-07-03T14:33:48+08:00
ORD00109083,M000392,P00165,app,paid,3,USD,7943.84,400.0,2026-07-03T00:56:02+08:00,2026-08-07,2026-07-03T18:12:02+08:00
ORD00110053,M001281,P00171,app,paid,1,TWD,74071.0,850.0,2026-07-03T12:24:37+08:00,2026-09-01,2026-07-04T00:11:37+08:00
ORD00111267,M004898,P00297,電銷,paid,1,USD,3650.24,950.0,2026-07-03T10:00:10+08:00,2026-10-17,2026-07-04T10:39:10+08:00
ORD00110179,M002346,P00273,門市,paid,3,TWD,315519.0,250.0,2026-07-03T12:53:01+08:00,2026-09-08,2026-07-04T12:14:01+08:00
ORD00111452,M000047,P00195,門市,paid,2,TWD,108832.0,950.0,2026-07-03T00:27:37+08:00,2026-10-27,2026-07-03T02:42:37+08:00
ORD00109372,M007380,P00007,門市,created,3,USD,5180.43,200.0,2026-07-03T10:23:08+08:00,2026-08-28,2026-07-05T01:37:08+08:00
ORD00108793,M002730,P00269,web,paid,4,JPY,1150951.0,800.0,2026-07-03T17:49:00+08:00,2026-09-21,2026-07-05T06:20:00+08:00
ORD00110521,M001539,P00258,電銷,paid,1,USD,4908.32,900.0,2026-07-03T13:55:12+08:00,2026-08-04,2026-07-05T08:40:12+08:00
ORD00111920,M005973,P00122,web,paid,3,JPY,2773410.0,800.0,2026-07-03T08:34:38+08:00,2026-09-22,2026-07-06T01:30:38+08:00
ORD00110817,M006405,P00176,app,paid,1,TWD,163837.0,50.0,2026-07-03T00:00:29+08:00,2026-08-03,2026-07-03T00:37:29+08:00
ORD00027345,M004651,P00008,app,cancelled,2,TWD,193451.0,100.0,2026-06-03T18:38:26+08:00,2026-06-24,2026-07-03T07:56:34+08:00
ORD00111544,M000502,P00299,web,created,3,TWD,69817.0,700.0,2026-07-03T21:37:56+08:00,2026-09-03,2026-07-03T22:43:56+08:00
ORD00108315,M002804,P00296,電銷,paid,3,TWD,18465.0,400.0,2026-07-03T20:46:00+08:00,2026-09-07,2026-07-05T06:13:00+08:00
ORD00109806,M002822,P00146,電銷,paid,1,TWD,23615.0,200.0,2026-07-03T05:38:40+08:00,2026-08-17,2026-07-04T10:04:40+08:00
ORD00083064,M004072,P00153,電銷,completed,1,TWD,81615.0,200.0,2026-06-26T13:17:36+08:00,2026-09-09,2026-07-03T04:59:48+08:00
ORD00108119,M002703,P00177,門市,paid,1,TWD,24306.0,400.0,2026-07-03T23:15:28+08:00,2026-10-12,2026-07-06T03:17:28+08:00
ORD00109512,M003319,P00228,電銷,paid,4,TWD,508187.0,750.0,2026-07-03T05:55:47+08:00,2026-08-14,2026-07-05T07:51:47+08:00
ORD00110273,M000862,P00240,門市,created,4,TWD,333166.0,700.0,2026-07-03T12:55:32+08:00,2026-10-06,2026-07-04T04:13:32+08:00
ORD00111865,M002696,P00195,web,paid,3,TWD,219525.0,150.0,2026-07-03T00:10:31+08:00,2026-08-16,2026-07-03T06:27:31+08:00
ORD00108518,M003913,P00012,app,paid,3,TWD,297669.0,500.0,2026-07-03T06:01:37+08:00,2026-09-15,2026-07-03T12:23:37+08:00
ORD00110861,M001169,P00076,門市,paid,2,TWD,7207.0,900.0,2026-07-03T23:33:44+08:00,2026-10-12,2026-07-04T13:02:44+08:00
ORD00110605,M005711,P00099,電銷,paid,4,TWD,478905.0,600.0,2026-07-03T00:00:50+08:00,2026-10-27,2026-07-03T20:48:50+08:00
ORD00110886,M005253,P00067,app,created,3,JPY,1793448.0,800.0,2026-07-03T12:26:06+08:00,2026-08-06,2026-07-06T01:13:06+08:00
ORD00110994,M003899,P00060,電銷,created,4,TWD,661914.0,500.0,2026-07-03T05:16:49+08:00,2026-08-31,2026-07-05T18:04:49+08:00
ORD00108680,M002632,P00266,app,created,3,TWD,57296.0,550.0,2026-07-03T22:17:52+08:00,2026-08-09,2026-07-06T05:13:52+08:00
ORD00111641,M006551,P00120,web,paid,3,TWD,372546.0,950.0,2026-07-03T07:12:18+08:00,2026-08-26,2026-07-04T19:06:18+08:00
ORD00108251,M003933,P00262,門市,created,3,USD,22431.56,50.0,2026-07-03T17:12:33+08:00,2026-07-25,2026-07-05T00:56:33+08:00
ORD00109432,M001538,P00036,web,created,4,TWD,337496.0,0.0,2026-07-03T11:14:47+08:00,2026-09-29,2026-07-05T06:41:47+08:00
ORD00111290,M001916,P00276,web,paid,4,USD,25912.18,350.0,2026-07-03T14:38:34+08:00,2026-09-23,2026-07-04T02:57:34+08:00
ORD00108894,M005539,P00261,app,paid,3,TWD,15134.0,750.0,2026-07-03T02:21:42+08:00,2026-10-28,2026-07-04T04:04:42+08:00
ORD00111181,M006435,P00297,門市,paid,2,TWD,259269.0,650.0,2026-07-03T16:20:47+08:00,2026-09-14,2026-07-05T09:39:47+08:00
ORD00109039,M007421,P00098,web,paid,3,USD,16723.83,950.0,2026-07-03T06:17:34+08:00,2026-07-17,2026-07-03T18:14:34+08:00
ORD00108161,M002455,P00146,門市,created,4,TWD,98431.0,900.0,2026-07-03T01:03:58+08:00,2026-10-20,2026-07-04T04:22:58+08:00
ORD00111991,M003603,P00267,電銷,created,1,TWD,182853.0,500.0,2026-07-03T22:47:05+08:00,2026-09-08,2026-07-04T13:35:05+08:00
ORD00108923,M005734,P00266,電銷,paid,1,TWD,19423.0,750.0,2026-07-03T21:22:42+08:00,2026-08-15,2026-07-04T15:51:42+08:00
ORD00110880,M000227,P00202,app,paid,1,TWD,119801.0,700.0,2026-07-03T14:54:47+08:00,2026-07-17,2026-07-05T19:09:47+08:00
ORD00110362,M006032,P00224,電銷,created,1,TWD,90885.0,750.0,2026-07-03T17:22:16+08:00,2026-08-31,2026-07-06T03:44:34+08:00
ORD00110495,M002879,P00153,電銷,paid,4,TWD,315194.0,700.0,2026-07-03T16:59:15+08:00,2026-09-28,2026-07-04T18:14:15+08:00
ORD00111420,M001465,P00259,app,paid,2,TWD,305748.0,250.0,2026-07-03T03:56:16+08:00,2026-09-10,2026-07-05T02:19:16+08:00
ORD00109214,M001217,P00119,web,paid,1,TWD,169653.0,250.0,2026-07-03T08:44:38+08:00,2026-08-29,2026-07-04T19:37:38+08:00
ORD00111730,M002406,P00113,web,created,1,TWD,147630.0,200.0,2026-07-03T10:55:43+08:00,2026-09-07,2026-07-06T03:56:43+08:00
ORD00111561,M007261,P00026,web,created,3,TWD,324597.0,950.0,2026-07-03T07:03:43+08:00,2026-07-17,2026-07-04T08:28:43+08:00
ORD00110365,M004649,P00052,電銷,paid,2,TWD,166555.0,700.0,2026-07-03T06:07:50+08:00,2026-09-03,2026-07-03T12:29:50+08:00
ORD00111795,M001177,P00071,門市,paid,2,TWD,107913.0,650.0,2026-07-03T07:06:01+08:00,2026-10-02,2026-07-04T04:46:01+08:00
ORD00110461,M005816,P00229,web,paid,2,TWD,343651.0,750.0,2026-07-03T20:22:10+08:00,2026-08-03,2026-07-05T19:29:10+08:00
ORD00108622,M007603,P00101,app,created,3,TWD,169303.0,300.0,2026-07-03T00:42:53+08:00,2026-10-05,2026-07-03T23:11:53+08:00
ORD00108860,M001731,P00098,app,paid,1,USD,4392.75,100.0,2026-07-03T05:40:39+08:00,2026-09-15,2026-07-05T09:43:39+08:00
ORD00109113,M002109,P00050,web,created,1,TWD,3065.0,300.0,2026-07-03T05:44:53+08:00,2026-10-03,2026-07-05T07:32:53+08:00
ORD00110931,M000739,P00265,web,paid,1,USD,4559.87,700.0,2026-07-03T16:52:28+08:00,2026-10-21,2026-07-05T09:14:28+08:00
ORD00110285,M001145,P00267,web,created,3,TWD,571729.0,950.0,2026-07-03T08:55:49+08:00,2026-08-15,2026-07-03T09:41:49+08:00
ORD00110661,M007213,P00153,門市,paid,2,TWD,198727.0,750.0,2026-07-03T05:09:41+08:00,2026-09-09,2026-07-03T20:45:41+08:00
ORD00109809,M000291,P00172,電銷,paid,2,TWD,251577.0,0.0,2026-07-03T19:55:59+08:00,2026-08-11,2026-07-04T09:35:59+08:00
ORD00108503,M005242,P00271,web,created,3,TWD,77998.0,900.0,2026-07-03T08:30:08+08:00,2026-08-06,2026-07-05T17:19:08+08:00
ORD00111780,M004467,P00223,門市,paid,2,TWD,358350.0,750.0,2026-07-03T18:11:43+08:00,2026-07-25,2026-07-05T05:04:43+08:00
ORD00111959,M001723,P00243,web,created,1,JPY,882530.0,50.0,2026-07-03T06:44:45+08:00,2026-10-04,2026-07-05T02:47:45+08:00
ORD00110048,M005968,P00097,電銷,paid,3,TWD,445485.0,900.0,2026-07-03T20:38:46+08:00,2026-10-09,2026-07-06T00:24:46+08:00
ORD00108747,M004743,P00238,門市,created,1,TWD,91998.0,750.0,2026-07-03T00:49:39+08:00,2026-09-01,2026-07-03T10:47:39+08:00
ORD00111021,M001451,P00033,門市,paid,4,TWD,505497.0,650.0,2026-07-03T15:23:59+08:00,2026-09-10,2026-07-05T19:46:59+08:00
ORD00109033,M000991,P00213,app,paid,1,TWD,111391.0,50.0,2026-07-03T02:00:07+08:00,2026-08-21,2026-07-03T17:29:07+08:00
ORD00108804,M003166,P00027,電銷,paid,4,TWD,443700.0,250.0,2026-07-03T22:37:55+08:00,2026-07-29,2026-07-06T02:37:55+08:00
ORD00111533,M004113,P00030,門市,created,4,TWD,631062.0,950.0,2026-07-03T11:15:56+08:00,2026-10-22,2026-07-05T03:30:56+08:00
ORD00111362,M002790,P00116,電銷,paid,1,TWD,92362.0,0.0,2026-07-03T12:08:40+08:00,2026-10-09,2026-07-06T04:30:40+08:00
ORD00110459,M004377,P00200,門市,paid,4,TWD,630168.0,800.0,2026-07-03T21:06:42+08:00,2026-08-30,2026-07-05T21:42:42+08:00
ORD00110370,M006672,P00261,電銷,created,2,JPY,53120.0,100.0,2026-07-03T08:59:37+08:00,2026-10-18,2026-07-06T02:39:37+08:00
ORD00109417,M006687,P00236,門市,paid,4,TWD,601538.0,400.0,2026-07-03T10:41:19+08:00,2026-07-19,2026-07-04T01:17:19+08:00
ORD00109975,M004187,P00183,app,created,4,TWD,612666.0,950.0,2026-07-03T18:41:28+08:00,2026-10-15,2026-07-05T11:31:28+08:00
ORD00108658,M007160,P00158,app,paid,3,TWD,106253.0,550.0,2026-07-03T12:09:35+08:00,2026-09-20,2026-07-05T10:12:35+08:00
ORD00110175,M007857,P00102,web,paid,4,JPY,574019.0,400.0,2026-07-03T23:19:27+08:00,2026-08-28,2026-07-04T17:51:27+08:00
ORD00110106,M007628,P00299,門市,paid,4,TWD,98982.0,900.0,2026-07-03T08:27:39+08:00,2026-10-26,2026-07-04T01:47:39+08:00
ORD00108215,M002534,P00188,電銷,paid,2,TWD,136725.0,200.0,2026-07-03T04:02:59+08:00,2026-07-31,2026-07-03T18:19:59+08:00
ORD00111226,M007455,P00268,app,paid,4,USD,6857.85,750.0,2026-07-03T22:15:47+08:00,2026-08-29,2026-07-04T14:19:47+08:00
ORD00110502,M002924,P00171,web,paid,3,USD,8492.63,800.0,2026-07-03T11:39:14+08:00,2026-09-01,2026-07-04T21:25:14+08:00
ORD00108845,M006350,P00115,app,paid,3,TWD,440109.0,700.0,2026-07-03T05:36:54+08:00,2026-08-11,2026-07-04T16:48:54+08:00
ORD00110246,M007278,P00018,門市,created,1,TWD,137415.0,650.0,2026-07-03T00:05:45+08:00,2026-08-16,2026-07-04T13:19:45+08:00
ORD00111345,M002819,P00042,門市,paid,2,JPY,1499183.0,50.0,2026-07-03T20:48:48+08:00,2026-08-08,2026-07-04T08:25:48+08:00
ORD00108795,M006488,P00063,電銷,paid,4,JPY,4088927.0,900.0,2026-07-03T02:53:51+08:00,2026-10-11,2026-07-03T16:57:51+08:00
ORD00109979,M000475,P00027,門市,paid,1,USD,3802.5,100.0,2026-07-03T08:11:27+08:00,2026-08-26,2026-07-05T07:44:27+08:00
ORD00111967,M002968,P00292,門市,paid,2,TWD,358989.0,800.0,2026-07-03T10:52:06+08:00,2026-10-27,2026-07-05T07:26:06+08:00
ORD00111130,M006797,P00030,門市,paid,2,TWD,255919.0,550.0,2026-07-03T01:11:52+08:00,2026-08-28,2026-07-04T05:40:52+08:00
ORD00109864,M006521,P00265,電銷,paid,4,TWD,586457.0,50.0,2026-07-03T14:33:50+08:00,2026-10-18,2026-07-04T02:20:50+08:00
ORD00109700,M006662,P00146,app,paid,3,USD,1821.85,200.0,2026-07-03T14:05:52+08:00,2026-07-27,2026-07-05T01:14:52+08:00
ORD00110640,M006292,P00179,web,paid,1,TWD,153742.0,950.0,2026-07-03T15:06:23+08:00,2026-08-05,2026-07-05T14:31:23+08:00
ORD00031538,M007425,P00100,門市,cancelled,1,JPY,733885.0,800.0,2026-06-10T08:59:55+08:00,2026-09-18,2026-07-03T14:09:47+08:00
ORD00109428,M003896,P00279,電銷,paid,2,TWD,163361.0,950.0,2026-07-03T20:06:13+08:00,2026-09-22,2026-07-05T20:41:13+08:00
ORD00109746,M001533,P00052,web,paid,3,TWD,198969.0,100.0,2026-07-03T05:29:00+08:00,2026-08-28,2026-07-03T14:58:00+08:00
ORD00109403,M004339,P00072,web,paid,1,TWD,16496.0,850.0,2026-07-03T14:31:02+08:00,2026-07-13,2026-07-04T11:05:02+08:00
ORD00111394,M007360,P00031,web,created,4,TWD,839520.0,300.0,2026-07-03T05:49:03+08:00,2026-07-28,2026-07-05T07:27:03+08:00
ORD00109449,M005219,P00128,web,paid,2,TWD,317319.0,700.0,2026-07-03T08:29:55+08:00,2026-07-23,2026-07-05T04:50:55+08:00
ORD00111358,M006783,P00221,app,created,4,TWD,551252.0,300.0,2026-07-03T22:26:43+08:00,2026-09-30,2026-07-05T09:15:43+08:00
ORD00111567,M007946,P00093,門市,paid,4,TWD,479775.0,450.0,2026-07-03T21:53:18+08:00,2026-10-10,2026-07-04T06:07:18+08:00
ORD00090666,M006582,P00007,web,cancelled,3,TWD,149470.0,450.0,2026-05-14T06:03:06+08:00,2026-06-24,2026-07-03T00:07:39+08:00
ORD00109505,M000917,P00249,門市,paid,3,USD,8702.76,700.0,2026-07-03T09:23:25+08:00,2026-10-03,2026-07-04T10:36:25+08:00
ORD00108391,M002166,P00135,電銷,paid,3,USD,795.02,650.0,2026-07-03T09:43:15+08:00,2026-10-26,2026-07-06T04:19:15+08:00
ORD00063900,M007046,P00278,電銷,completed,2,TWD,304282.0,50.0,2026-05-21T16:13:51+08:00,2026-08-26,2026-07-03T14:50:48+08:00
ORD00108927,M007670,P00202,app,paid,4,JPY,2703215.0,250.0,2026-07-03T00:31:37+08:00,2026-08-27,2026-07-03T21:37:37+08:00
ORD00108167,M004248,P00278,門市,paid,3,USD,18874.38,50.0,2026-07-03T04:05:27+08:00,2026-07-16,2026-07-04T15:36:27+08:00
ORD00110748,M000990,P00253,門市,paid,1,TWD,213736.0,450.0,2026-07-03T23:38:47+08:00,2026-07-16,2026-07-05T10:04:47+08:00
ORD00110707,M004976,P00096,門市,paid,1,USD,199.79,0.0,2026-07-03T23:08:44+08:00,2026-08-06,2026-07-04T23:45:44+08:00
ORD00110119,M007113,P00175,門市,paid,1,TWD,15231.0,600.0,2026-07-03T14:44:12+08:00,2026-09-04,2026-07-05T04:24:12+08:00
ORD00111706,M004629,P00289,電銷,paid,4,USD,12091.63,0.0,2026-07-03T12:19:47+08:00,2026-07-16,2026-07-05T06:17:47+08:00
ORD00109596,M007062,P00152,門市,created,4,TWD,178814.0,350.0,2026-07-03T09:25:26+08:00,2026-07-19,2026-07-03T09:47:26+08:00
ORD00109794,M007193,P00241,門市,created,4,TWD,782362.0,0.0,2026-07-03T01:37:00+08:00,2026-08-12,2026-07-05T13:46:00+08:00
ORD00111717,M004846,P00289,web,paid,2,TWD,243048.0,0.0,2026-07-03T18:43:06+08:00,2026-09-05,2026-07-04T10:06:06+08:00
ORD00108282,M002122,P00145,app,paid,3,TWD,226308.0,700.0,2026-07-03T10:36:55+08:00,2026-07-31,2026-07-03T22:42:55+08:00
ORD00108060,M000099,P00158,app,paid,1,USD,1293.32,400.0,2026-07-03T02:00:56+08:00,2026-08-15,2026-07-05T20:38:56+08:00
ORD00110301,M002192,P00176,web,paid,1,JPY,644707.0,850.0,2026-07-03T03:19:04+08:00,2026-07-26,2026-07-05T19:14:04+08:00
ORD00109960,M000282,P00018,web,paid,1,TWD,149801.0,150.0,2026-07-03T08:04:37+08:00,2026-10-20,2026-07-04T02:22:37+08:00
ORD00110088,M003157,P00288,門市,paid,4,TWD,44626.0,700.0,2026-07-03T14:43:20+08:00,2026-10-29,2026-07-04T03:57:20+08:00
ORD00109961,M000171,P00290,web,created,2,USD,8745.27,500.0,2026-07-03T11:27:50+08:00,2026-10-12,2026-07-05T13:12:50+08:00
ORD00111675,M001517,P00046,門市,paid,2,TWD,129076.0,150.0,2026-07-03T10:55:30+08:00,2026-10-13,2026-07-04T19:23:30+08:00
ORD00111444,M007861,P00193,電銷,paid,4,USD,22120.81,150.0,2026-07-03T03:12:49+08:00,2026-10-03,2026-07-04T05:43:49+08:00
ORD00002216,M002213,P00168,門市,completed,4,TWD,616570.0,300.0,2026-06-02T17:35:11+08:00,2026-09-29,2026-07-03T22:35:37+08:00
ORD00109745,M002024,P00244,web,paid,3,USD,4779.82,450.0,2026-07-03T03:48:58+08:00,2026-10-21,2026-07-05T19:06:58+08:00
ORD00110866,M007897,P00045,電銷,paid,2,JPY,77333.0,100.0,2026-07-03T01:22:48+08:00,2026-10-25,2026-07-04T13:24:48+08:00
ORD00108243,M004771,P00298,電銷,paid,1,TWD,132686.0,200.0,2026-07-03T10:05:39+08:00,2026-10-29,2026-07-05T05:15:39+08:00
ORD00000842,M004360,P00209,web,cancelled,2,TWD,181665.0,700.0,2026-06-07T23:20:14+08:00,2026-06-15,2026-07-03T07:12:06+08:00
ORD00030160,M001130,P00115,app,cancelled,2,TWD,324409.0,950.0,2026-06-12T21:49:35+08:00,2026-09-30,2026-07-03T09:39:21+08:00
ORD00109991,M006404,P00172,web,paid,3,JPY,2400231.0,250.0,2026-07-03T04:02:37+08:00,2026-09-03,2026-07-05T07:50:37+08:00
ORD00108188,M006757,P00153,電銷,created,3,TWD,308142.0,0.0,2026-07-03T22:41:50+08:00,2026-07-31,2026-07-05T04:44:50+08:00
ORD00056099,M002270,P00007,app,completed,1,USD,1405.05,850.0,2026-05-29T18:18:12+08:00,2026-07-08,2026-07-03T20:27:48+08:00
ORD00109935,M004959,P00240,門市,created,4,USD,10044.54,650.0,2026-07-03T01:14:07+08:00,2026-07-22,2026-07-03T22:12:07+08:00
ORD00109442,M001279,P00278,app,paid,3,TWD,438719.0,850.0,2026-07-03T06:13:06+08:00,2026-09-28,2026-07-05T02:19:06+08:00
ORD00088033,M004047,P00258,門市,cancelled,4,TWD,657593.0,350.0,2026-05-31T01:00:13+08:00,2026-09-12,2026-07-03T17:46:40+08:00
ORD00109585,M006418,P00168,app,paid,1,TWD,152356.0,200.0,2026-07-03T05:34:27+08:00,2026-08-19,2026-07-04T01:11:27+08:00
ORD00111588,M001715,P00239,門市,paid,3,USD,13428.67,700.0,2026-07-03T01:10:22+08:00,2026-07-11,2026-07-05T14:37:22+08:00
ORD00110838,M006939,P00065,web,created,3,USD,16599.76,750.0,2026-07-03T18:51:16+08:00,2026-07-10,2026-07-06T03:58:16+08:00
ORD00086464,M002923,P00273,門市,cancelled,4,JPY,1572449.0,300.0,2026-05-08T20:51:11+08:00,2026-07-21,2026-07-03T06:24:56+08:00
ORD00010174,M002263,P00033,門市,cancelled,4,TWD,504594.0,550.0,2026-06-09T23:27:53+08:00,2026-10-01,2026-07-03T01:50:05+08:00
ORD00108123,M000399,P00246,app,created,2,TWD,305275.0,300.0,2026-07-03T23:06:23+08:00,2026-08-26,2026-07-04T23:33:23+08:00
ORD00111841,M002088,P00236,web,paid,3,USD,14158.8,300.0,2026-07-03T03:16:52+08:00,2026-08-28,2026-07-04T00:45:52+08:00
ORD00109254,M002693,P00054,電銷,paid,1,TWD,142130.0,50.0,2026-07-03T12:35:14+08:00,2026-09-22,2026-07-03T23:50:14+08:00
ORD00111225,M005864,P00060,web,paid,3,TWD,427425.0,750.0,2026-07-03T09:32:22+08:00,2026-07-26,2026-07-05T09:57:22+08:00
ORD00110306,M001802,P00162,門市,paid,1,TWD,8088.0,450.0,2026-07-03T22:09:19+08:00,2026-10-10,2026-07-06T13:22:19+08:00
ORD00110883,M000999,P00232,app,paid,2,TWD,362592.0,950.0,2026-07-03T02:40:19+08:00,2026-09-07,2026-07-05T05:26:19+08:00
ORD00110317,M005775,P00156,web,paid,2,USD,11090.14,0.0,2026-07-03T09:50:28+08:00,2026-07-22,2026-07-03T11:03:28+08:00
ORD00087374,M003634,P00047,app,completed,1,TWD,23935.0,450.0,2026-06-08T17:59:24+08:00,2026-06-26,2026-07-03T03:32:14+08:00
ORD00109620,M005501,P00167,app,paid,4,JPY,2811983.0,150.0,2026-07-03T04:28:40+08:00,2026-08-12,2026-07-05T10:55:40+08:00
ORD00110138,M004629,P00129,app,created,4,TWD,637324.0,850.0,2026-07-03T19:16:18+08:00,2026-10-04,2026-07-04T05:55:18+08:00
ORD00108411,M001477,P00222,電銷,created,3,USD,3791.04,550.0,2026-07-03T01:40:26+08:00,2026-10-17,2026-07-04T04:41:26+08:00
ORD00109448,M002943,P00066,門市,paid,4,USD,25971.63,600.0,2026-07-03T23:28:50+08:00,2026-08-04,2026-07-06T03:16:50+08:00
ORD00108866,M002212,P00265,web,paid,4,TWD,710724.0,900.0,2026-07-03T22:22:15+08:00,2026-09-12,2026-07-04T00:14:15+08:00
ORD00111755,M003329,P00190,web,created,2,TWD,363018.0,600.0,2026-07-03T05:23:37+08:00,2026-08-30,2026-07-05T15:50:37+08:00
ORD00109400,M000742,P00090,門市,paid,1,USD,4295.48,900.0,2026-07-03T03:07:51+08:00,2026-08-23,2026-07-04T15:20:51+08:00
ORD00111946,M002129,P00197,app,created,2,USD,4173.94,150.0,2026-07-03T16:22:22+08:00,2026-07-13,2026-07-05T10:02:22+08:00
ORD00109860,M003800,P00062,web,created,2,TWD,223209.0,800.0,2026-07-03T14:04:24+08:00,2026-10-27,2026-07-06T02:22:24+08:00
ORD00110389,M000120,P00028,門市,paid,4,TWD,482021.0,800.0,2026-07-03T22:32:13+08:00,2026-10-26,2026-07-04T20:38:13+08:00
ORD00110625,M006908,P00206,app,created,1,TWD,176554.0,450.0,2026-07-03T12:35:40+08:00,2026-09-20,2026-07-04T08:01:40+08:00
ORD00110460,M000364,P00077,電銷,created,3,TWD,512890.0,450.0,2026-07-03T03:50:34+08:00,2026-08-26,2026-07-04T12:26:34+08:00
ORD00108908,M007416,P00066,門市,paid,4,JPY,3364699.0,0.0,2026-07-03T15:42:05+08:00,2026-07-30,2026-07-06T04:13:05+08:00
ORD00108520,M004370,P00101,門市,created,3,TWD,163489.0,250.0,2026-07-03T21:01:36+08:00,2026-07-26,2026-07-05T16:58:36+08:00
ORD00109181,M003080,P00199,門市,created,3,TWD,19246.0,150.0,2026-07-03T16:06:15+08:00,2026-09-20,2026-07-06T06:45:15+08:00
ORD00110892,M002879,P00106,web,paid,1,TWD,47282.0,250.0,2026-07-03T11:11:27+08:00,2026-09-22,2026-07-05T05:29:27+08:00
ORD00110504,M006308,P00083,電銷,paid,1,TWD,154577.0,150.0,2026-07-03T03:54:54+08:00,2026-10-28,2026-07-03T10:14:54+08:00
ORD00111059,M005741,P00117,電銷,created,4,USD,17010.76,50.0,2026-07-03T01:29:13+08:00,2026-08-05,2026-07-04T03:05:13+08:00
ORD00040409,M003561,P00215,電銷,cancelled,1,JPY,220769.0,400.0,2026-06-12T04:55:45+08:00,2026-07-22,2026-07-03T15:47:22+08:00
ORD00109724,M001676,P00236,app,paid,1,USD,4948.95,50.0,2026-07-03T23:50:34+08:00,2026-10-13,2026-07-04T12:10:34+08:00
ORD00108956,M000510,P00094,電銷,paid,3,USD,18146.64,950.0,2026-07-03T08:11:09+08:00,2026-08-26,2026-07-05T00:24:09+08:00
ORD00077571,M003380,P00167,門市,cancelled,4,TWD,540500.0,300.0,2026-06-19T12:14:27+08:00,2026-07-07,2026-07-03T19:44:30+08:00
ORD00108286,M001561,P00074,web,paid,4,TWD,662582.0,850.0,2026-07-03T08:16:02+08:00,2026-08-22,2026-07-05T16:29:02+08:00
ORD00110622,M002382,P00008,門市,paid,3,TWD,273122.0,450.0,2026-07-03T10:58:28+08:00,2026-08-27,2026-07-04T06:34:28+08:00
ORD00108608,M004210,P00014,app,paid,4,TWD,391558.0,600.0,2026-07-03T15:59:24+08:00,2026-09-21,2026-07-03T18:16:24+08:00
ORD00111830,M002284,P00175,web,created,2,USD,1027.72,550.0,2026-07-03T07:31:38+08:00,2026-10-06,2026-07-05T17:23:38+08:00
ORD00108124,M004480,P00211,web,created,3,TWD,330985.0,450.0,2026-07-03T16:34:33+08:00,2026-07-11,2026-07-05T23:21:33+08:00
ORD00110101,M004616,P00152,門市,created,4,TWD,195662.0,250.0,2026-07-03T02:19:37+08:00,2026-10-26,2026-07-05T01:04:37+08:00
ORD00108529,M000515,P00275,門市,created,3,TWD,241052.0,300.0,2026-07-03T14:32:09+08:00,2026-09-27,2026-07-04T06:51:09+08:00
ORD00044101,M005227,P00002,電銷,completed,3,TWD,244328.0,350.0,2026-05-13T08:29:30+08:00,2026-07-16,2026-07-03T10:22:29+08:00
ORD00109294,M000768,P00291,門市,paid,2,USD,1801.79,400.0,2026-07-03T10:58:39+08:00,2026-10-06,2026-07-04T08:07:39+08:00
ORD00110439,M007831,P00274,電銷,paid,1,TWD,101087.0,850.0,2026-07-03T05:24:26+08:00,2026-08-07,2026-07-04T19:48:26+08:00
ORD00040198,M004580,P00272,門市,completed,3,TWD,369714.0,500.0,2026-06-27T22:29:03+08:00,2026-07-24,2026-07-03T07:51:57+08:00
ORD00111052,M005166,P00274,門市,created,2,TWD,196457.0,650.0,2026-07-03T17:47:47+08:00,2026-08-02,2026-07-03T22:23:47+08:00
ORD00109826,M007758,P00002,app,created,1,TWD,63491.0,700.0,2026-07-03T06:21:08+08:00,2026-08-08,2026-07-04T04:24:08+08:00
ORD00109529,M006218,P00030,app,paid,2,USD,10336.08,200.0,2026-07-03T09:32:23+08:00,2026-08-06,2026-07-05T16:39:23+08:00
ORD00108676,M000860,P00207,app,created,4,USD,8289.54,500.0,2026-07-03T14:10:27+08:00,2026-08-06,2026-07-04T23:24:27+08:00
ORD00110770,M004656,P00095,web,paid,2,TWD,328566.0,250.0,2026-07-03T11:16:29+08:00,2026-09-16,2026-07-06T03:55:29+08:00
ORD00110904,M005352,P00047,app,paid,2,TWD,46165.0,800.0,2026-07-03T15:17:25+08:00,2026-07-17,2026-07-06T03:56:25+08:00
ORD00110159,M006343,P00203,電銷,paid,2,USD,7631.97,700.0,2026-07-03T01:23:26+08:00,2026-10-02,2026-07-04T07:41:26+08:00
ORD00110225,M004552,P00250,電銷,paid,1,TWD,66662.0,650.0,2026-07-03T04:05:56+08:00,2026-09-22,2026-07-03T04:19:56+08:00
ORD00096429,M001529,P00193,門市,cancelled,3,TWD,422537.0,750.0,2026-06-03T05:15:19+08:00,2026-08-22,2026-07-03T07:30:05+08:00
ORD00108291,M004347,P00083,app,created,4,JPY,2633008.0,100.0,2026-07-03T15:11:28+08:00,2026-07-11,2026-07-03T18:52:28+08:00
ORD00052446,M002709,P00286,web,cancelled,4,TWD,808448.0,50.0,2026-06-07T04:54:58+08:00,2026-09-19,2026-07-03T05:45:27+08:00
ORD00109687,M004390,P00260,app,created,2,TWD,272050.0,350.0,2026-07-03T08:13:19+08:00,2026-09-30,2026-07-05T03:00:19+08:00
ORD00109887,M000254,P00098,app,created,1,USD,4111.67,800.0,2026-07-03T04:06:21+08:00,2026-10-08,2026-07-04T12:05:21+08:00
ORD00111643,M004842,P00222,app,paid,3,TWD,121256.0,300.0,2026-07-03T18:57:14+08:00,2026-07-20,2026-07-04T19:21:14+08:00
ORD00111993,M003865,P00071,電銷,paid,4,TWD,176046.0,100.0,2026-07-03T11:13:10+08:00,2026-09-21,2026-07-06T01:30:10+08:00
ORD00109268,M003163,P00175,電銷,created,2,TWD,29871.0,850.0,2026-07-03T00:12:43+08:00,2026-10-24,2026-07-03T18:19:43+08:00
ORD00096783,M002615,P00156,web,cancelled,1,TWD,157756.0,200.0,2026-06-20T10:08:41+08:00,2026-09-13,2026-07-03T15:38:40+08:00
ORD00110547,M000964,P00026,app,paid,4,TWD,572372.0,450.0,2026-07-03T21:48:00+08:00,2026-07-21,2026-07-04T16:41:00+08:00
ORD00108021,M004590,P00086,門市,created,3,TWD,71086.0,750.0,2026-07-03T06:54:30+08:00,2026-08-03,2026-07-04T21:11:30+08:00
ORD00109170,M005202,P00141,web,paid,4,TWD,324390.0,950.0,2026-07-03T13:31:23+08:00,2026-09-20,2026-07-05T23:59:23+08:00
ORD00108035,M005907,P00127,app,paid,2,USD,3356.51,850.0,2026-07-03T11:09:31+08:00,2026-09-10,2026-07-04T21:54:31+08:00
ORD00110652,M007259,P00283,web,paid,4,USD,3234.11,950.0,2026-07-03T21:50:09+08:00,2026-08-29,2026-07-04T07:22:09+08:00
ORD00109345,M006698,P00226,電銷,created,4,TWD,452069.0,150.0,2026-07-03T10:09:40+08:00,2026-09-04,2026-07-04T15:20:40+08:00
ORD00109948,M007089,P00217,web,paid,2,TWD,342339.0,200.0,2026-07-03T12:11:08+08:00,2026-09-10,2026-07-06T06:07:08+08:00
ORD00109408,M005143,P00152,app,paid,2,TWD,87540.0,950.0,2026-07-03T22:19:24+08:00,2026-08-01,2026-07-04T15:26:24+08:00
ORD00109340,M000454,P00143,web,created,3,JPY,112478.0,0.0,2026-07-03T20:16:26+08:00,2026-08-16,2026-07-04T14:37:26+08:00
ORD00111764,M003397,P00047,web,paid,4,TWD,112228.0,250.0,2026-07-03T04:31:46+08:00,2026-08-07,2026-07-03T05:01:46+08:00
ORD00108856,M001823,P00298,app,created,3,TWD,310149.0,250.0,2026-07-03T21:54:34+08:00,2026-09-21,2026-07-05T20:35:34+08:00
ORD00108473,M004631,P00244,門市,paid,4,TWD,206684.0,200.0,2026-07-03T06:28:26+08:00,2026-08-04,2026-07-05T14:23:26+08:00
ORD00108014,M005967,P00262,門市,created,3,TWD,525633.0,550.0,2026-07-03T20:36:06+08:00,2026-09-26,2026-07-04T06:45:06+08:00
ORD00010121,M005594,P00210,web,completed,4,USD,19637.38,550.0,2026-05-29T18:38:12+08:00,2026-07-21,2026-07-03T05:20:56+08:00
ORD00111474,M005796,P00009,門市,paid,3,TWD,253598.0,250.0,2026-07-03T08:03:32+08:00,2026-10-24,2026-07-04T22:36:32+08:00
ORD00111569,M003803,P00138,電銷,paid,4,TWD,337258.0,800.0,2026-07-03T03:53:05+08:00,2026-08-09,2026-07-04T19:55:05+08:00
ORD00110725,M003854,P00118,門市,paid,2,TWD,231974.0,600.0,2026-07-03T15:28:10+08:00,2026-07-22,2026-07-05T04:11:10+08:00
ORD00111541,M005967,P00025,門市,paid,3,TWD,459355.0,250.0,2026-07-03T20:14:03+08:00,2026-08-28,2026-07-05T06:48:03+08:00
ORD00111905,M002827,P00009,電銷,paid,4,TWD,330401.0,800.0,2026-07-03T01:07:22+08:00,2026-08-09,2026-07-05T01:55:22+08:00
ORD00108276,M006873,P00055,電銷,paid,1,TWD,103633.0,50.0,2026-07-03T18:54:52+08:00,2026-08-22,2026-07-05T07:20:52+08:00
ORD00109107,M005178,P00174,web,created,2,TWD,42700.0,200.0,2026-07-03T07:36:37+08:00,2026-09-10,2026-07-04T01:25:37+08:00
ORD00108413,M005377,P00279,web,created,4,JPY,2300860.0,900.0,2026-07-03T13:07:42+08:00,2026-09-08,2026-07-04T15:04:42+08:00
ORD00111103,M004505,P00009,門市,paid,1,TWD,77896.0,100.0,2026-07-03T19:33:06+08:00,2026-08-19,2026-07-04T14:53:06+08:00
ORD00111271,M007545,P00268,門市,created,3,TWD,188685.0,700.0,2026-07-03T13:48:03+08:00,2026-07-26,2026-07-05T10:45:03+08:00
ORD00111824,M001472,P00053,web,created,1,USD,2508.04,350.0,2026-07-03T08:52:28+08:00,2026-08-27,2026-07-06T01:40:28+08:00
ORD00038491,M000520,P00223,電銷,completed,2,TWD,477223.0,450.0,2026-05-18T14:13:40+08:00,2026-09-04,2026-07-03T21:48:13+08:00
ORD00109161,M005466,P00263,app,created,1,TWD,110457.0,550.0,2026-07-03T12:21:22+08:00,2026-07-10,2026-07-03T13:09:22+08:00
ORD00109903,M001217,P00018,app,paid,1,TWD,162979.0,400.0,2026-07-03T18:39:13+08:00,2026-07-13,2026-07-05T07:02:13+08:00
ORD00108265,M006752,P00075,電銷,paid,1,TWD,18108.0,200.0,2026-07-03T09:50:59+08:00,2026-08-03,2026-07-05T18:34:59+08:00
ORD00108314,M002190,P00085,門市,paid,3,JPY,2534117.0,450.0,2026-07-03T22:46:20+08:00,2026-08-27,2026-07-04T20:13:20+08:00
ORD00018698,M001812,P00129,電銷,completed,3,TWD,433902.0,500.0,2026-05-20T11:33:38+08:00,2026-07-30,2026-07-03T04:19:49+08:00
ORD00108211,M003411,P00260,web,paid,3,TWD,405269.0,150.0,2026-07-03T14:20:12+08:00,2026-10-09,2026-07-06T07:30:12+08:00
ORD00108331,M005845,P00263,門市,paid,3,TWD,312674.0,600.0,2026-07-03T16:07:49+08:00,2026-08-06,2026-07-05T15:16:49+08:00
ORD00108939,M002407,P00105,門市,paid,3,USD,5302.27,250.0,2026-07-03T01:32:49+08:00,2026-08-07,2026-07-05T13:56:49+08:00
ORD00109376,M004799,P00096,app,paid,1,TWD,6392.0,350.0,2026-07-03T14:22:46+08:00,2026-10-02,2026-07-04T03:00:46+08:00
ORD00109569,M002183,P00077,電銷,created,4,USD,25100.01,850.0,2026-07-03T21:53:27+08:00,2026-10-28,2026-07-04T01:01:27+08:00
ORD00108483,M004839,P00273,電銷,created,3,TWD,315595.0,550.0,2026-07-03T23:39:08+08:00,2026-09-04,2026-07-06T16:30:08+08:00
ORD00110269,M006491,P00053,電銷,paid,2,TWD,152232.0,750.0,2026-07-03T11:52:01+08:00,2026-07-27,2026-07-03T15:28:01+08:00
ORD00110230,M004140,P00190,web,created,2,TWD,333701.0,350.0,2026-07-03T05:36:48+08:00,2026-08-25,2026-07-05T08:10:48+08:00
ORD00019005,M002449,P00249,web,completed,3,TWD,248178.0,100.0,2026-06-10T22:28:11+08:00,2026-08-02,2026-07-03T16:45:38+08:00
ORD00108858,M004656,P00054,web,paid,3,JPY,1770094.0,800.0,2026-07-03T20:40:36+08:00,2026-10-08,2026-07-04T14:31:36+08:00
ORD00109396,M001970,P00009,門市,paid,4,TWD,329555.0,700.0,2026-07-03T22:32:23+08:00,2026-08-10,2026-07-06T10:57:23+08:00
ORD00013924,M004313,P00229,web,completed,1,TWD,190430.0,300.0,2026-05-06T12:44:24+08:00,2026-07-25,2026-07-03T02:12:10+08:00
ORD00108058,M001005,P00118,app,created,3,TWD,376846.0,300.0,2026-07-03T11:35:31+08:00,2026-09-29,2026-07-05T13:52:31+08:00
ORD00108841,M006261,P00177,web,paid,4,TWD,79632.0,250.0,2026-07-03T05:03:27+08:00,2026-08-09,2026-07-05T08:09:27+08:00
ORD00111458,M007059,P00213,電銷,paid,2,TWD,197827.0,550.0,2026-07-03T04:19:51+08:00,2026-07-31,2026-07-04T19:22:51+08:00
ORD00109748,M000860,P00028,門市,created,1,TWD,101100.0,350.0,2026-07-03T17:54:31+08:00,2026-07-22,2026-07-05T18:01:31+08:00
ORD00110951,M002042,P00178,app,created,2,TWD,83185.0,950.0,2026-07-03T22:57:49+08:00,2026-07-16,2026-07-04T02:47:49+08:00
ORD00111761,M006174,P00255,電銷,created,3,USD,19854.4,100.0,2026-07-03T06:32:57+08:00,2026-10-09,2026-07-03T17:21:57+08:00
ORD00109640,M000726,P00103,web,created,1,USD,799.51,950.0,2026-07-03T06:45:56+08:00,2026-08-01,2026-07-05T20:13:56+08:00
ORD00111261,M004917,P00086,電銷,paid,4,TWD,75626.0,950.0,2026-07-03T07:05:48+08:00,2026-10-02,2026-07-04T00:25:48+08:00
ORD00108733,M006341,P00176,web,created,2,TWD,272979.0,850.0,2026-07-03T19:25:25+08:00,2026-10-12,2026-07-04T17:04:25+08:00
ORD00109563,M002087,P00262,電銷,created,4,TWD,848636.0,100.0,2026-07-03T21:46:41+08:00,2026-07-24,2026-07-04T00:16:41+08:00
ORD00110930,M002786,P00187,web,paid,4,TWD,120061.0,500.0,2026-07-03T18:19:26+08:00,2026-10-21,2026-07-05T05:00:26+08:00
ORD00109414,M004507,P00218,門市,created,3,TWD,90794.0,900.0,2026-07-03T04:18:09+08:00,2026-09-29,2026-07-03T13:33:19+08:00
ORD00108499,M006192,P00139,門市,paid,1,TWD,124460.0,750.0,2026-07-03T04:49:03+08:00,2026-10-28,2026-07-03T10:35:03+08:00
ORD00110579,M002791,P00008,web,created,3,TWD,238147.0,0.0,2026-07-03T16:33:13+08:00,2026-09-01,2026-07-05T08:56:13+08:00
ORD00109969,M003669,P00063,web,created,1,TWD,200966.0,150.0,2026-07-03T08:15:12+08:00,2026-10-27,2026-07-04T06:37:12+08:00
ORD00076232,M000636,P00084,電銷,completed,4,USD,6310.57,500.0,2026-06-15T09:53:59+08:00,2026-09-05,2026-07-03T09:44:38+08:00
ORD00109124,M007817,P00150,電銷,paid,2,USD,10700.07,950.0,2026-07-03T11:13:00+08:00,2026-09-30,2026-07-05T14:44:00+08:00
ORD00108430,M001254,P00019,web,paid,2,TWD,203618.0,750.0,2026-07-03T21:40:01+08:00,2026-10-22,2026-07-06T01:39:01+08:00
ORD00038376,M001792,P00256,門市,cancelled,3,TWD,572208.0,500.0,2026-05-10T05:36:24+08:00,2026-08-09,2026-07-03T03:53:35+08:00
ORD00109496,M000093,P00253,web,paid,1,JPY,894370.0,50.0,2026-07-03T05:04:17+08:00,2026-10-06,2026-07-05T15:17:17+08:00
ORD00110300,M007607,P00222,電銷,paid,3,TWD,113110.0,600.0,2026-07-03T21:54:49+08:00,2026-10-11,2026-07-04T04:46:49+08:00
ORD00109533,M005916,P00073,web,created,1,TWD,101582.0,500.0,2026-07-03T22:26:32+08:00,2026-09-04,2026-07-05T09:04:32+08:00
ORD00111035,M003142,P00045,app,created,2,TWD,19474.0,800.0,2026-07-03T08:42:10+08:00,2026-10-04,2026-07-04T11:34:10+08:00
ORD00109289,M002906,P00101,web,created,2,TWD,132909.0,200.0,2026-07-03T12:36:37+08:00,2026-08-07,2026-07-04T15:42:37+08:00
ORD00110339,M006057,P00130,app,paid,2,USD,13328.02,500.0,2026-07-03T05:30:36+08:00,2026-08-13,2026-07-05T11:25:36+08:00
ORD00109392,M002893,P00195,門市,paid,4,TWD,240907.0,0.0,2026-07-03T21:44:55+08:00,2026-10-14,2026-07-05T05:52:55+08:00
ORD00108135,M000293,P00212,門市,paid,4,TWD,126162.0,200.0,2026-07-03T19:50:19+08:00,2026-10-06,2026-07-05T23:39:19+08:00
ORD00111583,M002567,P00183,app,created,3,TWD,464628.0,50.0,2026-07-03T07:19:21+08:00,2026-10-07,2026-07-03T13:01:21+08:00
ORD00110718,M006594,P00139,門市,paid,3,TWD,430403.0,500.0,2026-07-03T13:32:12+08:00,2026-09-10,2026-07-06T05:06:21+08:00
ORD00108828,M001594,P00219,web,paid,1,JPY,559836.0,250.0,2026-07-03T19:37:00+08:00,2026-08-08,2026-07-06T06:15:00+08:00
ORD00108760,M000468,P00290,門市,paid,3,TWD,383776.0,300.0,2026-07-03T10:25:42+08:00,2026-10-18,2026-07-04T05:16:42+08:00
ORD00110080,M004451,P00132,web,created,1,TWD,58174.0,150.0,2026-07-03T17:54:36+08:00,2026-07-29,2026-07-06T12:17:36+08:00
ORD00109255,M002847,P00102,web,paid,3,TWD,108451.0,150.0,2026-07-03T19:33:58+08:00,2026-08-25,2026-07-06T07:42:58+08:00
ORD00108283,M002905,P00170,電銷,created,3,TWD,187880.0,100.0,2026-07-03T23:33:12+08:00,2026-10-27,2026-07-06T15:23:12+08:00
ORD00108537,M006476,P00094,web,created,1,TWD,147458.0,950.0,2026-07-03T12:30:08+08:00,2026-07-28,2026-07-04T12:43:08+08:00
ORD00110395,M002302,P00237,門市,created,2,TWD,334097.0,350.0,2026-07-03T22:58:55+08:00,2026-09-22,2026-07-04T23:01:55+08:00
ORD00111209,M003934,P00047,電銷,created,1,TWD,21862.0,650.0,2026-07-03T04:24:27+08:00,2026-08-29,2026-07-05T11:49:27+08:00
ORD00110194,M001679,P00292,電銷,paid,4,TWD,574140.0,600.0,2026-07-03T12:26:27+08:00,2026-07-22,2026-07-05T13:12:27+08:00
ORD00110975,M006599,P00242,電銷,paid,2,TWD,59344.0,900.0,2026-07-03T15:26:03+08:00,2026-10-04,2026-07-04T18:28:03+08:00
ORD00110464,M001489,P00054,app,created,4,TWD,643248.0,750.0,2026-07-03T12:45:05+08:00,2026-08-01,2026-07-04T16:50:05+08:00
ORD00111879,M007257,P00088,app,paid,2,USD,5670.58,800.0,2026-07-03T23:25:08+08:00,2026-09-08,2026-07-05T13:51:08+08:00
ORD00109977,M005288,P00016,app,paid,4,TWD,391700.0,500.0,2026-07-03T16:22:39+08:00,2026-09-11,2026-07-04T13:38:39+08:00
ORD00109618,M000435,P00297,web,created,4,TWD,552711.0,0.0,2026-07-03T21:57:06+08:00,2026-08-14,2026-07-06T01:52:06+08:00
ORD00017817,M003432,P00266,門市,cancelled,2,TWD,34733.0,450.0,2026-05-07T05:54:53+08:00,2026-09-01,2026-07-03T06:10:17+08:00
ORD00109153,M003054,P00251,電銷,paid,3,USD,10582.26,350.0,2026-07-03T23:06:24+08:00,2026-09-05,2026-07-06T05:26:24+08:00
ORD00111912,M007819,P00092,門市,created,1,TWD,190620.0,50.0,2026-07-03T07:53:44+08:00,2026-10-05,2026-07-04T04:56:44+08:00
ORD00108084,M005859,P00086,電銷,created,2,TWD,43834.0,800.0,2026-07-03T14:24:18+08:00,2026-08-12,2026-07-04T01:45:18+08:00
ORD00109879,M005477,P00036,電銷,paid,1,USD,2789.99,500.0,2026-07-03T19:27:22+08:00,2026-09-16,2026-07-04T09:30:22+08:00
ORD00110595,M000473,P00060,web,created,3,TWD,460923.0,600.0,2026-07-03T11:15:28+08:00,2026-08-26,2026-07-05T18:59:28+08:00
ORD00111817,M006223,P00222,web,paid,1,TWD,44014.0,500.0,2026-07-03T08:09:46+08:00,2026-10-15,2026-07-05T17:03:46+08:00
ORD00110732,M005830,P00105,web,created,2,TWD,143122.0,500.0,2026-07-03T03:04:30+08:00,2026-07-17,2026-07-04T23:05:30+08:00
ORD00111499,M000925,P00087,門市,created,1,USD,5567.43,850.0,2026-07-03T06:05:46+08:00,2026-08-07,2026-07-03T13:38:46+08:00
ORD00108969,M004155,P00150,app,paid,3,JPY,2678338.0,750.0,2026-07-03T15:21:43+08:00,2026-10-13,2026-07-04T19:44:43+08:00
ORD00111257,M007419,P00063,電銷,paid,4,TWD,833538.0,100.0,2026-07-03T08:24:34+08:00,2026-08-09,2026-07-04T13:47:34+08:00
ORD00108509,M003510,P00133,電銷,paid,1,TWD,5835.0,550.0,2026-07-03T12:02:05+08:00,2026-07-11,2026-07-03T14:02:05+08:00
ORD00108690,M006971,P00094,電銷,paid,4,USD,20919.59,50.0,2026-07-03T18:20:59+08:00,2026-08-20,2026-07-05T05:26:59+08:00
ORD00108438,M002783,P00014,門市,created,4,TWD,509992.0,700.0,2026-07-03T06:06:03+08:00,2026-08-29,2026-07-03T06:51:03+08:00
ORD00111430,M000683,P00261,web,paid,4,TWD,22792.0,600.0,2026-07-03T04:16:08+08:00,2026-09-09,2026-07-05T11:21:08+08:00
ORD00108464,M003719,P00017,app,paid,3,TWD,547060.0,800.0,2026-07-03T11:55:56+08:00,2026-09-04,2026-07-06T06:04:56+08:00
ORD00110383,M007624,P00034,電銷,paid,4,TWD,85651.0,500.0,2026-07-03T08:56:00+08:00,2026-07-29,2026-07-04T18:44:00+08:00
ORD00067961,M000322,P00082,app,cancelled,4,JPY,4014252.0,250.0,2026-05-09T22:21:43+08:00,2026-05-21,2026-07-03T11:31:27+08:00
ORD00109940,M002555,P00020,電銷,paid,3,TWD,208962.0,700.0,2026-07-03T05:34:10+08:00,2026-08-09,2026-07-04T16:53:10+08:00
ORD00111328,M007024,P00268,門市,created,2,TWD,109174.0,800.0,2026-07-03T15:41:35+08:00,2026-09-08,2026-07-05T17:01:35+08:00
ORD00109457,M003264,P00003,電銷,paid,1,TWD,100187.0,800.0,2026-07-03T23:38:17+08:00,2026-09-29,2026-07-06T13:39:17+08:00
ORD00109055,M002108,P00074,web,created,4,TWD,659774.0,50.0,2026-07-03T13:39:51+08:00,2026-10-29,2026-07-05T09:51:51+08:00
ORD00108825,M004419,P00275,電銷,created,1,TWD,92004.0,900.0,2026-07-03T21:06:14+08:00,2026-09-21,2026-07-04T10:26:14+08:00
ORD00110508,M004496,P00125,門市,paid,1,TWD,56419.0,200.0,2026-07-03T04:01:53+08:00,2026-10-11,2026-07-04T21:09:53+08:00
ORD00111402,M004329,P00262,門市,paid,3,USD,17053.67,700.0,2026-07-03T10:17:57+08:00,2026-09-05,2026-07-05T00:07:57+08:00
ORD00027059,M006134,P00233,門市,cancelled,3,TWD,317685.0,50.0,2026-06-14T12:09:10+08:00,2026-07-28,2026-07-03T03:26:02+08:00
ORD00108271,M005129,P00101,web,paid,4,TWD,216415.0,150.0,2026-07-03T16:45:19+08:00,2026-08-02,2026-07-04T02:11:19+08:00
ORD00109997,M006858,P00185,app,paid,2,TWD,422863.0,250.0,2026-07-03T11:14:25+08:00,2026-07-18,2026-07-03T14:22:25+08:00
ORD00109719,M003386,P00122,電銷,created,4,TWD,629730.0,150.0,2026-07-03T19:20:36+08:00,2026-07-19,2026-07-05T13:45:36+08:00
ORD00111988,M001492,P00044,門市,paid,1,USD,1217.45,150.0,2026-07-03T00:10:25+08:00,2026-10-05,2026-07-04T05:24:25+08:00
ORD00028887,M007685,P00220,app,completed,2,TWD,79196.0,800.0,2026-06-21T06:45:12+08:00,2026-09-18,2026-07-03T15:06:09+08:00
ORD00109771,M002087,P00099,電銷,paid,3,TWD,475790.0,200.0,2026-07-03T14:50:57+08:00,2026-09-02,2026-07-05T06:55:57+08:00
ORD00108466,M003969,P00145,web,paid,3,TWD,291624.0,200.0,2026-07-03T07:25:30+08:00,2026-07-12,2026-07-04T11:21:30+08:00
ORD00109316,M006316,P00071,門市,paid,2,TWD,111556.0,950.0,2026-07-03T19:32:21+08:00,2026-07-19,2026-07-05T14:38:21+08:00
ORD00111624,M004089,P00109,門市,paid,1,TWD,39910.0,600.0,2026-07-03T21:40:35+08:00,2026-08-23,2026-07-04T23:52:35+08:00
ORD00111046,M005224,P00193,app,paid,3,USD,15839.84,750.0,2026-07-03T18:39:19+08:00,2026-08-30,2026-07-05T08:10:19+08:00
ORD00109007,M005518,P00210,app,paid,4,TWD,633636.0,900.0,2026-07-03T22:06:55+08:00,2026-09-13,2026-07-05T09:56:55+08:00
ORD00109708,M006016,P00215,電銷,paid,3,USD,4290.74,100.0,2026-07-03T02:12:41+08:00,2026-09-17,2026-07-04T16:10:41+08:00
ORD00110928,M002645,P00090,電銷,paid,2,TWD,331756.0,400.0,2026-07-03T20:53:27+08:00,2026-08-09,2026-07-04T10:07:27+08:00
ORD00108566,M003943,P00097,電銷,paid,4,USD,14286.42,850.0,2026-07-03T22:07:12+08:00,2026-09-16,2026-07-05T09:31:12+08:00
ORD00110976,M007838,P00294,app,paid,1,USD,5755.01,200.0,2026-07-03T21:32:52+08:00,2026-09-30,2026-07-05T01:48:52+08:00
ORD00111235,M002827,P00088,電銷,paid,1,TWD,81219.0,50.0,2026-07-03T09:23:57+08:00,2026-07-30,2026-07-04T11:37:57+08:00
ORD00111054,M005919,P00050,門市,paid,2,USD,236.22,50.0,2026-07-03T11:39:53+08:00,2026-09-13,2026-07-04T10:05:53+08:00
ORD00002674,M007484,P00147,門市,cancelled,2,TWD,356117.0,500.0,2026-05-28T10:04:38+08:00,2026-09-08,2026-07-03T14:30:51+08:00
ORD00108323,M005502,P00195,app,created,4,JPY,1055664.0,500.0,2026-07-03T19:01:08+08:00,2026-09-28,2026-07-03T21:53:08+08:00
ORD00109735,M003289,P00272,web,paid,3,JPY,1665447.0,500.0,2026-07-03T09:20:03+08:00,2026-10-25,2026-07-04T00:31:03+08:00
ORD00108007,M001253,P00209,電銷,paid,1,JPY,525669.0,300.0,2026-07-03T04:22:37+08:00,2026-09-25,2026-07-03T09:17:37+08:00
ORD00109368,M004381,P00172,電銷,paid,2,USD,8639.69,50.0,2026-07-03T03:53:43+08:00,2026-10-04,2026-07-05T06:26:43+08:00
ORD00110123,M000193,P00139,app,paid,1,TWD,133454.0,450.0,2026-07-03T19:49:02+08:00,2026-07-21,2026-07-05T09:08:02+08:00
ORD00108562,M004082,P00029,app,paid,2,TWD,227409.0,600.0,2026-07-03T23:50:37+08:00,2026-09-07,2026-07-06T12:28:37+08:00
ORD00110252,M002001,P00047,門市,paid,2,TWD,54862.0,400.0,2026-07-03T12:06:56+08:00,2026-09-14,2026-07-04T18:23:56+08:00
ORD00109612,M000612,P00013,門市,paid,3,TWD,340168.0,0.0,2026-07-03T01:30:21+08:00,2026-09-16,2026-07-04T10:21:21+08:00
ORD00109900,M007922,P00297,web,paid,2,USD,7144.52,900.0,2026-07-03T13:57:56+08:00,2026-09-26,2026-07-03T17:50:56+08:00
ORD00109683,M000617,P00065,門市,paid,3,TWD,546960.0,900.0,2026-07-03T00:00:44+08:00,2026-08-28,2026-07-03T04:20:44+08:00
ORD00109833,M002789,P00039,web,created,3,TWD,520106.0,900.0,2026-07-03T03:37:24+08:00,2026-09-25,2026-07-04T21:47:24+08:00
ORD00035560,M006537,P00181,app,completed,4,USD,1875.24,800.0,2026-06-23T03:33:02+08:00,2026-10-16,2026-07-03T14:35:25+08:00
ORD00111205,M001461,P00261,門市,paid,4,USD,766.12,400.0,2026-07-03T17:22:00+08:00,2026-08-26,2026-07-04T00:04:00+08:00
ORD00110292,M002967,P00212,門市,created,4,TWD,109026.0,150.0,2026-07-03T01:25:57+08:00,2026-09-08,2026-07-04T18:54:57+08:00
ORD00111815,M000673,P00014,app,paid,3,TWD,390424.0,200.0,2026-07-03T19:30:40+08:00,2026-08-03,2026-07-05T10:36:40+08:00
ORD00032173,M002689,P00021,app,completed,1,TWD,178125.0,250.0,2026-06-04T20:25:08+08:00,2026-08-04,2026-07-03T08:24:45+08:00
ORD00108154,M004406,P00190,app,paid,3,USD,20357.36,650.0,2026-07-03T19:33:17+08:00,2026-08-15,2026-07-04T19:38:17+08:00
ORD00083020,M005583,P00105,門市,cancelled,3,TWD,224940.0,350.0,2026-06-16T12:28:33+08:00,2026-07-06,2026-07-03T23:26:24+08:00
ORD00110006,M003527,P00092,電銷,paid,2,TWD,352624.0,800.0,2026-07-03T00:39:42+08:00,2026-07-20,2026-07-03T00:50:42+08:00
ORD00110213,M000475,P00143,電銷,paid,3,USD,733.01,500.0,2026-07-03T03:10:28+08:00,2026-07-11,2026-07-04T19:21:28+08:00
ORD00108876,M000867,P00218,app,paid,3,TWD,109976.0,0.0,2026-07-03T21:21:24+08:00,2026-08-14,2026-07-05T21:01:24+08:00
ORD00110569,M005209,P00163,web,created,2,TWD,205175.0,250.0,2026-07-03T22:56:39+08:00,2026-08-04,2026-07-04T16:58:39+08:00
ORD00110197,M006389,P00161,web,paid,1,USD,5389.62,900.0,2026-07-03T19:29:43+08:00,2026-10-23,2026-07-06T00:30:43+08:00
ORD00109056,M003785,P00072,門市,paid,2,USD,1185.67,800.0,2026-07-03T09:16:28+08:00,2026-08-24,2026-07-04T18:45:28+08:00
ORD00110849,M003892,P00194,電銷,paid,3,USD,6121.9,0.0,2026-07-03T05:25:16+08:00,2026-08-02,2026-07-05T20:04:16+08:00
ORD00109637,M002814,P00015,app,created,3,TWD,206697.0,800.0,2026-07-03T21:32:38+08:00,2026-07-31,2026-07-06T04:08:38+08:00
ORD00110933,M005895,P00011,web,paid,2,USD,8190.88,600.0,2026-07-03T13:08:00+08:00,2026-07-25,2026-07-03T21:10:00+08:00
ORD00109307,M005738,P00015,電銷,paid,2,TWD,122822.0,400.0,2026-07-03T00:34:09+08:00,2026-08-25,2026-07-03T22:20:09+08:00
ORD00111602,M000756,P00193,web,created,2,TWD,350311.0,150.0,2026-07-03T13:38:22+08:00,2026-09-05,2026-07-05T16:46:22+08:00
ORD00111403,M003821,P00206,電銷,created,1,JPY,728507.0,350.0,2026-07-03T00:59:52+08:00,2026-07-25,2026-07-04T02:46:52+08:00
ORD00109535,M006021,P00010,web,created,2,TWD,233058.0,0.0,2026-07-03T06:31:56+08:00,2026-09-01,2026-07-03T19:28:56+08:00
ORD00110926,M000899,P00057,app,paid,2,TWD,206066.0,550.0,2026-07-03T02:21:34+08:00,2026-10-24,2026-07-04T00:17:34+08:00
ORD00111870,M001250,P00012,門市,paid,1,TWD,90142.0,450.0,2026-07-03T02:28:09+08:00,2026-08-04,2026-07-05T17:57:09+08:00
ORD00111275,M004081,P00040,電銷,paid,2,USD,5447.36,0.0,2026-07-03T03:57:48+08:00,2026-08-11,2026-07-05T04:49:48+08:00
ORD00001401,M007384,P00030,電銷,cancelled,4,JPY,2304467.0,200.0,2026-06-08T07:06:33+08:00,2026-06-22,2026-07-03T06:05:34+08:00
ORD00110823,M001908,P00156,門市,paid,4,TWD,846338.0,50.0,2026-07-03T13:46:33+08:00,2026-09-06,2026-07-04T08:55:33+08:00
ORD00111414,M000165,P00009,電銷,created,2,USD,5145.21,650.0,2026-07-03T04:57:34+08:00,2026-10-15,2026-07-04T19:21:34+08:00
ORD00108914,M001424,P00050,電銷,created,4,TWD,10545.0,700.0,2026-07-03T14:07:40+08:00,2026-07-27,2026-07-05T17:43:40+08:00
ORD00110366,M005541,P00194,電銷,paid,3,TWD,219648.0,550.0,2026-07-03T23:05:19+08:00,2026-10-01,2026-07-05T00:18:19+08:00
ORD00111419,M002257,P00226,web,paid,4,USD,11719.8,450.0,2026-07-03T20:43:40+08:00,2026-09-12,2026-07-05T14:55:40+08:00
ORD00110762,M000978,P00213,門市,paid,3,USD,10739.25,600.0,2026-07-03T19:06:32+08:00,2026-07-13,2026-07-05T05:34:32+08:00
ORD00110304,M006586,P00266,電銷,paid,4,TWD,54624.0,800.0,2026-07-03T15:05:31+08:00,2026-10-18,2026-07-05T12:34:31+08:00
ORD00088923,M002268,P00046,門市,cancelled,4,TWD,264046.0,700.0,2026-05-06T06:00:44+08:00,2026-05-23,2026-07-03T09:11:46+08:00
ORD00111477,M004237,P00089,門市,paid,1,TWD,71208.0,500.0,2026-07-03T19:55:04+08:00,2026-07-25,2026-07-06T00:35:04+08:00
ORD00110884,M007382,P00097,web,created,4,TWD,517883.0,300.0,2026-07-03T03:29:53+08:00,2026-08-27,2026-07-03T20:37:53+08:00
ORD00110234,M004660,P00142,app,paid,4,USD,23989.14,300.0,2026-07-03T19:03:01+08:00,2026-09-09,2026-07-05T05:59:01+08:00
ORD00108012,M005165,P00267,app,paid,4,TWD,729168.0,50.0,2026-07-03T23:14:40+08:00,2026-10-21,2026-07-06T11:42:40+08:00
ORD00110331,M005098,P00050,web,paid,4,USD,350.07,650.0,2026-07-03T10:41:29+08:00,2026-10-19,2026-07-06T03:23:29+08:00
ORD00110410,M005416,P00180,電銷,paid,1,USD,3540.21,650.0,2026-07-03T02:39:38+08:00,2026-10-19,2026-07-05T20:46:38+08:00
ORD00111805,M001856,P00228,門市,created,4,TWD,470428.0,350.0,2026-07-03T02:17:13+08:00,2026-07-27,2026-07-04T23:48:13+08:00
ORD00111445,M001463,P00235,web,paid,1,USD,2037.49,0.0,2026-07-03T06:45:57+08:00,2026-09-16,2026-07-05T06:22:57+08:00
ORD00110763,M003050,P00281,app,paid,1,TWD,220541.0,550.0,2026-07-03T23:51:39+08:00,2026-09-27,2026-07-04T16:05:39+08:00
ORD00110857,M004135,P00274,電銷,paid,2,USD,6021.69,550.0,2026-07-03T03:41:07+08:00,2026-08-27,2026-07-05T21:38:07+08:00
ORD00110945,M006981,P00131,web,paid,2,TWD,439426.0,650.0,2026-07-03T06:33:34+08:00,2026-09-05,2026-07-03T09:54:34+08:00
ORD00110353,M002104,P00215,門市,created,1,TWD,38884.0,400.0,2026-07-03T11:20:56+08:00,2026-09-27,2026-07-06T03:49:56+08:00
ORD00108329,M001185,P00010,門市,paid,3,USD,11370.95,750.0,2026-07-03T01:43:19+08:00,2026-07-31,2026-07-04T20:46:19+08:00
ORD00109538,M001754,P00008,web,paid,3,JPY,1456325.0,50.0,2026-07-03T09:21:53+08:00,2026-07-27,2026-07-06T02:19:53+08:00
ORD00111128,M001642,P00100,門市,created,4,USD,18438.41,250.0,2026-07-03T22:54:13+08:00,2026-10-09,2026-07-04T01:41:13+08:00
ORD00108974,M002201,P00083,門市,created,3,TWD,425365.0,550.0,2026-07-03T06:56:57+08:00,2026-08-03,2026-07-04T13:52:57+08:00
ORD00108846,M001308,P00265,web,paid,4,TWD,694473.0,150.0,2026-07-03T13:14:46+08:00,2026-09-28,2026-07-03T21:48:46+08:00
ORD00109276,M001421,P00078,web,paid,4,TWD,384591.0,850.0,2026-07-03T11:19:55+08:00,2026-09-14,2026-07-05T12:11:55+08:00
ORD00108461,M005738,P00190,電銷,paid,2,USD,10179.18,200.0,2026-07-03T13:19:08+08:00,2026-09-04,2026-07-04T14:33:08+08:00
ORD00108495,M003522,P00253,web,paid,2,TWD,362396.0,350.0,2026-07-03T03:37:04+08:00,2026-08-05,2026-07-05T00:55:04+08:00
ORD00109737,M007802,P00277,web,paid,2,USD,10078.41,400.0,2026-07-03T14:33:33+08:00,2026-09-12,2026-07-05T23:08:33+08:00
ORD00111637,M002895,P00206,app,created,2,JPY,1967823.0,800.0,2026-07-03T20:24:24+08:00,2026-10-08,2026-07-06T14:03:24+08:00
ORD00109440,M002987,P00158,app,paid,1,TWD,41198.0,100.0,2026-07-03T13:38:01+08:00,2026-08-11,2026-07-05T05:23:01+08:00
ORD00110940,M002087,P00136,電銷,paid,1,TWD,17132.0,350.0,2026-07-03T14:37:31+08:00,2026-10-15,2026-07-04T15:02:31+08:00
ORD00111476,M004859,P00092,app,created,2,TWD,297997.0,350.0,2026-07-03T20:36:49+08:00,2026-08-05,2026-07-05T14:10:49+08:00
ORD00109312,M006626,P00024,電銷,created,1,TWD,98314.0,350.0,2026-07-03T06:12:35+08:00,2026-07-27,2026-07-04T13:43:35+08:00
ORD00109072,M001865,P00180,app,created,4,TWD,452784.0,700.0,2026-07-03T19:43:58+08:00,2026-09-16,2026-07-04T20:11:58+08:00
ORD00108607,M005838,P00230,電銷,paid,3,USD,18010.31,500.0,2026-07-03T01:01:55+08:00,2026-09-20,2026-07-03T07:06:55+08:00
ORD00110841,M005633,P00258,門市,created,3,TWD,503848.0,800.0,2026-07-03T09:02:18+08:00,2026-08-16,2026-07-03T13:35:18+08:00
ORD00109323,M005485,P00033,web,paid,4,TWD,514575.0,100.0,2026-07-03T20:14:57+08:00,2026-09-05,2026-07-06T01:38:57+08:00
ORD00110314,M001715,P00085,web,paid,2,TWD,390411.0,950.0,2026-07-03T12:49:06+08:00,2026-10-24,2026-07-04T10:08:06+08:00
ORD00111893,M004544,P00213,電銷,created,4,TWD,445707.0,750.0,2026-07-03T12:26:29+08:00,2026-08-02,2026-07-04T04:03:29+08:00
ORD00109485,M006418,P00016,web,paid,3,TWD,246052.0,550.0,2026-07-03T03:43:37+08:00,2026-07-15,2026-07-05T13:01:37+08:00
ORD00109044,M006960,P00054,app,paid,4,TWD,476765.0,250.0,2026-07-03T05:27:53+08:00,2026-10-28,2026-07-04T10:03:53+08:00
ORD00111639,M004293,P00174,app,paid,3,TWD,63038.0,200.0,2026-07-03T11:05:55+08:00,2026-07-14,2026-07-05T01:03:55+08:00
ORD00110229,M005544,P00156,web,paid,2,TWD,407068.0,200.0,2026-07-03T15:03:31+08:00,2026-08-22,2026-07-06T07:00:31+08:00
ORD00092313,M006777,P00064,門市,cancelled,1,TWD,20618.0,500.0,2026-06-30T12:49:22+08:00,2026-07-27,2026-07-03T08:23:15+08:00
ORD00109859,M007686,P00206,電銷,created,3,USD,19216.84,500.0,2026-07-03T22:14:24+08:00,2026-08-19,2026-07-04T16:01:24+08:00
ORD00111421,M007229,P00102,門市,paid,3,JPY,486831.0,400.0,2026-07-03T10:57:47+08:00,2026-07-26,2026-07-03T15:51:47+08:00
ORD00109385,M002396,P00118,app,paid,1,USD,3444.72,850.0,2026-07-03T22:27:57+08:00,2026-09-29,2026-07-05T22:29:57+08:00
ORD00108228,M003973,P00021,電銷,paid,4,TWD,782630.0,700.0,2026-07-03T23:12:25+08:00,2026-10-02,2026-07-05T05:07:25+08:00
ORD00109840,M003738,P00268,電銷,paid,1,TWD,65937.0,800.0,2026-07-03T22:49:43+08:00,2026-10-12,2026-07-06T12:00:43+08:00
ORD00108191,M003526,P00299,web,paid,2,TWD,56599.0,0.0,2026-07-03T00:08:25+08:00,2026-10-22,2026-07-05T10:10:25+08:00
ORD00111486,M007695,P00267,web,created,1,JPY,871926.0,850.0,2026-07-03T06:41:17+08:00,2026-09-05,2026-07-04T20:23:17+08:00
ORD00109080,M007076,P00283,門市,created,1,TWD,24903.0,700.0,2026-07-03T16:48:11+08:00,2026-07-24,2026-07-05T11:47:11+08:00
ORD00109414,M004507,P00218,門市,created,3,TWD,90794.0,900.0,2026-07-03T04:18:09+08:00,2026-09-29,2026-07-03T13:33:09+08:00
ORD00013851,M005950,P00213,web,cancelled,4,TWD,390333.0,400.0,2026-05-18T01:16:44+08:00,2026-08-04,2026-07-03T21:27:10+08:00
ORD00109594,M006896,P00029,電銷,paid,4,JPY,2024305.0,450.0,2026-07-03T17:56:07+08:00,2026-07-19,2026-07-06T09:48:07+08:00
ORD00111680,M001722,P00234,電銷,paid,4,TWD,32999.0,650.0,2026-07-03T07:19:42+08:00,2026-07-30,2026-07-03T23:52:42+08:00
ORD00108887,M003227,P00073,門市,paid,1,TWD,101849.0,600.0,2026-07-03T02:17:21+08:00,2026-08-13,2026-07-03T09:39:21+08:00
ORD00108077,M003077,P00223,門市,paid,3,TWD,715837.0,750.0,2026-07-03T17:51:05+08:00,2026-09-01,2026-07-04T06:27:05+08:00
ORD00091475,M007371,P00201,電銷,completed,4,USD,12968.36,600.0,2026-05-04T20:42:32+08:00,2026-07-29,2026-07-03T22:44:23+08:00
ORD00111610,M001162,P00283,app,created,3,TWD,82394.0,900.0,2026-07-03T02:33:06+08:00,2026-09-20,2026-07-03T03:37:06+08:00
ORD00111882,M007983,P00116,web,paid,2,TWD,153802.0,150.0,2026-07-03T18:39:19+08:00,2026-08-31,2026-07-05T23:22:19+08:00
ORD00016015,M002805,P00021,門市,cancelled,4,TWD,632243.0,250.0,2026-06-05T02:27:16+08:00,2026-09-18,2026-07-03T20:30:30+08:00
ORD00109515,M002266,P00216,門市,created,4,TWD,40372.0,450.0,2026-07-03T21:35:00+08:00,2026-10-09,2026-07-05T06:26:00+08:00
ORD00111951,M005870,P00019,app,paid,2,USD,5945.93,650.0,2026-07-03T07:36:30+08:00,2026-07-20,2026-07-04T18:55:30+08:00
ORD00069843,M001019,P00220,app,cancelled,3,USD,3378.82,150.0,2026-06-27T10:57:53+08:00,2026-10-09,2026-07-03T10:44:04+08:00
ORD00110465,M002706,P00268,門市,paid,1,USD,2259.51,300.0,2026-07-03T22:44:52+08:00,2026-07-21,2026-07-04T14:51:04+08:00
ORD00108133,M005099,P00239,web,created,1,TWD,164205.0,300.0,2026-07-03T04:51:50+08:00,2026-08-23,2026-07-03T13:47:50+08:00
ORD00108179,M007862,P00165,app,paid,2,USD,5094.8,750.0,2026-07-03T21:07:02+08:00,2026-08-14,2026-07-04T20:39:02+08:00
ORD00028413,M004807,P00032,web,completed,2,TWD,301901.0,350.0,2026-06-26T20:43:03+08:00,2026-08-13,2026-07-03T21:13:06+08:00
ORD00060882,M006492,P00212,電銷,completed,2,JPY,245961.0,750.0,2026-05-05T09:57:42+08:00,2026-06-13,2026-07-03T19:18:20+08:00
ORD00111372,M003956,P00240,電銷,paid,4,TWD,307051.0,100.0,2026-07-03T03:48:31+08:00,2026-09-01,2026-07-03T08:46:31+08:00
ORD00097716,M003463,P00142,web,cancelled,2,USD,11810.16,150.0,2026-05-25T07:26:06+08:00,2026-07-06,2026-07-03T00:07:00+08:00
ORD00111982,M005955,P00201,門市,paid,1,TWD,107522.0,150.0,2026-07-03T05:11:05+08:00,2026-10-25,2026-07-05T06:12:05+08:00
ORD00110510,M002149,P00237,web,paid,4,TWD,599254.0,100.0,2026-07-03T08:11:01+08:00,2026-08-09,2026-07-04T09:46:01+08:00
ORD00111858,M000124,P00284,web,paid,2,USD,7661.97,350.0,2026-07-03T18:20:44+08:00,2026-10-10,2026-07-04T11:36:44+08:00
ORD00110681,M007588,P00249,app,paid,3,TWD,274131.0,500.0,2026-07-03T03:03:24+08:00,2026-08-08,2026-07-04T07:50:24+08:00
ORD00110874,M007007,P00123,門市,created,4,USD,10715.21,300.0,2026-07-03T07:08:25+08:00,2026-09-10,2026-07-04T08:00:25+08:00
ORD00110689,M001916,P00091,電銷,created,1,JPY,463224.0,600.0,2026-07-03T06:02:39+08:00,2026-07-13,2026-07-04T11:17:39+08:00
ORD00015460,M001142,P00186,web,cancelled,3,TWD,384188.0,400.0,2026-06-10T23:30:56+08:00,2026-08-09,2026-07-03T08:39:52+08:00
ORD00108254,M006292,P00251,web,paid,3,TWD,306092.0,350.0,2026-07-03T23:07:32+08:00,2026-10-19,2026-07-04T07:19:32+08:00
ORD00111559,M004450,P00173,web,created,2,TWD,17784.0,250.0,2026-07-03T10:28:51+08:00,2026-07-13,2026-07-05T05:35:51+08:00
ORD00082706,M007387,P00041,app,cancelled,2,TWD,18055.0,250.0,2026-05-24T05:22:22+08:00,2026-07-20,2026-07-03T16:45:30+08:00
ORD00111083,M007347,P00102,web,paid,1,TWD,39372.0,0.0,2026-07-03T21:24:21+08:00,2026-10-01,2026-07-05T01:16:21+08:00
ORD00108320,M005879,P00028,門市,paid,2,USD,8374.38,850.0,2026-07-03T05:56:40+08:00,2026-08-13,2026-07-04T17:38:40+08:00
ORD00111031,M002129,P00152,電銷,created,3,TWD,132980.0,400.0,2026-07-03T15:10:00+08:00,2026-07-22,2026-07-04T01:44:00+08:00
ORD00109430,M005428,P00094,app,created,3,USD,18158.84,400.0,2026-07-03T02:24:34+08:00,2026-09-15,2026-07-04T19:31:34+08:00
ORD00110307,M000219,P00200,web,paid,3,TWD,421882.0,400.0,2026-07-03T20:31:41+08:00,2026-08-24,2026-07-04T08:06:41+08:00
ORD00110067,M000509,P00075,電銷,paid,3,USD,1628.61,100.0,2026-07-03T07:48:34+08:00,2026-07-10,2026-07-04T20:49:34+08:00
ORD00111298,M000301,P00141,web,paid,1,TWD,88935.0,350.0,2026-07-03T11:56:50+08:00,2026-08-31,2026-07-05T05:42:50+08:00
ORD00109437,M000111,P00061,門市,paid,2,JPY,1484223.0,50.0,2026-07-03T07:56:15+08:00,2026-10-09,2026-07-04T09:04:15+08:00
ORD00109100,M000756,P00270,web,created,3,TWD,68487.0,350.0,2026-07-03T16:59:10+08:00,2026-10-09,2026-07-05T12:52:10+08:00
ORD00108122,M004102,P00093,app,paid,2,TWD,252454.0,950.0,2026-07-03T10:33:55+08:00,2026-09-04,2026-07-06T04:26:55+08:00
ORD00111481,M005457,P00130,門市,paid,1,USD,6350.78,750.0,2026-07-03T17:03:55+08:00,2026-08-15,2026-07-05T19:57:55+08:00
ORD00109957,M003129,P00037,web,paid,4,TWD,484344.0,950.0,2026-07-03T09:54:09+08:00,2026-08-10,2026-07-04T21:16:09+08:00
ORD00059715,M006990,P00084,app,cancelled,4,TWD,182242.0,50.0,2026-05-14T12:30:10+08:00,2026-06-27,2026-07-03T00:19:04+08:00
ORD00110057,M000867,P00025,app,paid,4,TWD,541964.0,900.0,2026-07-03T00:14:16+08:00,2026-10-14,2026-07-03T08:13:16+08:00
ORD00025432,M007224,P00276,app,completed,2,TWD,328557.0,350.0,2026-06-02T15:11:59+08:00,2026-09-16,2026-07-03T10:50:17+08:00
ORD00109862,M007781,P00239,web,created,3,TWD,459934.0,300.0,2026-07-03T03:14:01+08:00,2026-10-10,2026-07-04T03:03:01+08:00
ORD00111547,M001923,P00269,門市,paid,2,TWD,120886.0,550.0,2026-07-03T23:44:17+08:00,2026-07-15,2026-07-06T08:05:17+08:00
ORD00111229,M002563,P00299,門市,paid,2,USD,1504.7,850.0,2026-07-03T03:34:27+08:00,2026-08-16,2026-07-03T19:18:27+08:00
ORD00108838,M003641,P00085,門市,paid,4,TWD,872388.0,850.0,2026-07-03T23:51:21+08:00,2026-09-06,2026-07-05T05:22:21+08:00
ORD00110209,M003805,P00097,web,created,3,TWD,423458.0,50.0,2026-07-03T09:05:27+08:00,2026-09-21,2026-07-05T01:26:27+08:00
ORD00111197,M003281,P00023,門市,created,1,TWD,195195.0,250.0,2026-07-03T06:29:50+08:00,2026-08-27,2026-07-04T12:13:50+08:00
ORD00008143,M006405,P00151,app,cancelled,4,JPY,1511021.0,950.0,2026-05-21T09:06:07+08:00,2026-05-30,2026-07-03T22:38:10+08:00
ORD00110984,M004942,P00244,app,paid,4,USD,5305.81,350.0,2026-07-03T00:42:29+08:00,2026-07-20,2026-07-03T12:29:29+08:00
ORD00110013,M003777,P00282,門市,created,1,TWD,209663.0,800.0,2026-07-03T05:50:17+08:00,2026-10-06,2026-07-05T14:27:17+08:00
ORD00110872,M003716,P00296,電銷,created,2,USD,469.34,500.0,2026-07-03T01:38:33+08:00,2026-09-07,2026-07-03T11:41:33+08:00
ORD00109546,M000768,P00161,電銷,paid,3,USD,16991.78,800.0,2026-07-03T00:14:13+08:00,2026-10-05,2026-07-03T08:40:13+08:00
ORD00110834,M001376,P00227,門市,paid,3,TWD,423021.0,800.0,2026-07-03T00:20:15+08:00,2026-10-21,2026-07-05T17:54:15+08:00
ORD00109848,M003536,P00166,app,paid,4,TWD,827386.0,850.0,2026-07-03T23:00:14+08:00,2026-10-06,2026-07-06T11:09:14+08:00
ORD00109309,M005539,P00106,電銷,paid,1,TWD,38704.0,850.0,2026-07-03T18:52:57+08:00,2026-07-20,2026-07-05T09:39:57+08:00
ORD00110526,M001495,P00121,電銷,paid,4,TWD,110279.0,300.0,2026-07-03T20:04:49+08:00,2026-07-31,2026-07-06T02:11:49+08:00
ORD00108829,M004962,P00218,電銷,paid,1,JPY,133631.0,750.0,2026-07-03T03:18:25+08:00,2026-09-11,2026-07-03T06:00:25+08:00
ORD00109193,M003876,P00237,門市,paid,4,TWD,765556.0,850.0,2026-07-03T01:52:59+08:00,2026-10-19,2026-07-05T01:32:59+08:00
ORD00109473,M005534,P00244,app,paid,1,TWD,54157.0,950.0,2026-07-03T05:24:37+08:00,2026-08-31,2026-07-04T11:20:37+08:00
ORD00109721,M005629,P00181,web,paid,2,TWD,37161.0,850.0,2026-07-03T22:26:12+08:00,2026-09-20,2026-07-06T14:44:12+08:00
ORD00110305,M006681,P00204,web,paid,2,TWD,283718.0,300.0,2026-07-03T12:50:28+08:00,2026-09-25,2026-07-05T05:22:28+08:00
ORD00016698,M004820,P00134,app,cancelled,3,TWD,377651.0,750.0,2026-05-29T16:31:24+08:00,2026-07-27,2026-07-03T14:32:57+08:00
ORD00111915,M005230,P00248,app,created,1,TWD,25213.0,800.0,2026-07-03T12:04:49+08:00,2026-07-23,2026-07-04T19:48:49+08:00
ORD00110154,M007285,P00007,web,paid,3,TWD,143055.0,950.0,2026-07-03T17:03:30+08:00,2026-09-29,2026-07-04T00:34:30+08:00
ORD00109709,M004604,P00151,門市,paid,2,USD,5252.02,850.0,2026-07-03T05:05:23+08:00,2026-08-06,2026-07-03T15:44:23+08:00
ORD00108936,M002245,P00241,門市,paid,2,TWD,297270.0,400.0,2026-07-03T12:27:03+08:00,2026-10-18,2026-07-05T09:20:03+08:00
ORD00109477,M002026,P00078,門市,paid,1,USD,3704.19,350.0,2026-07-03T21:13:32+08:00,2026-09-08,2026-07-05T22:26:32+08:00
ORD00079649,M003240,P00282,web,completed,2,TWD,404738.0,400.0,2026-05-29T00:19:11+08:00,2026-09-07,2026-07-03T17:34:24+08:00
ORD00109384,M004524,P00236,web,paid,3,TWD,404525.0,850.0,2026-07-03T12:52:37+08:00,2026-08-25,2026-07-06T05:47:37+08:00
ORD00108731,M003328,P00115,電銷,paid,4,TWD,493256.0,700.0,2026-07-03T03:13:02+08:00,2026-07-20,2026-07-05T15:43:02+08:00
ORD00109759,M003341,P00179,web,paid,3,TWD,392619.0,750.0,2026-07-03T00:55:08+08:00,2026-10-19,2026-07-04T18:22:08+08:00
ORD00108578,M000530,P00282,web,paid,1,TWD,173812.0,250.0,2026-07-03T21:05:05+08:00,2026-07-12,2026-07-06T13:35:05+08:00
ORD00111310,M001150,P00066,web,paid,4,TWD,774634.0,0.0,2026-07-03T21:14:56+08:00,2026-10-16,2026-07-04T00:33:56+08:00
ORD00110509,M003678,P00271,門市,created,3,USD,2093.54,900.0,2026-07-03T03:57:48+08:00,2026-10-09,2026-07-04T12:39:48+08:00
ORD00111286,M003349,P00143,電銷,paid,3,TWD,24411.0,450.0,2026-07-03T08:52:54+08:00,2026-10-01,2026-07-04T22:48:54+08:00
ORD00108064,M000884,P00293,web,paid,1,JPY,392930.0,650.0,2026-07-03T20:58:31+08:00,2026-07-29,2026-07-06T08:25:31+08:00
ORD00108900,M004461,P00053,web,created,3,TWD,273889.0,650.0,2026-07-03T13:18:41+08:00,2026-09-02,2026-07-05T16:13:41+08:00
ORD00110226,M005624,P00277,app,paid,3,USD,13871.19,400.0,2026-07-03T06:20:36+08:00,2026-07-10,2026-07-05T20:11:36+08:00
ORD00109717,M007919,P00109,web,created,2,TWD,96088.0,350.0,2026-07-03T12:19:22+08:00,2026-09-17,2026-07-03T18:31:22+08:00
ORD00109218,M007757,P00291,web,created,1,JPY,162263.0,850.0,2026-07-03T09:00:04+08:00,2026-08-13,2026-07-04T13:25:04+08:00
ORD00108085,M006775,P00066,電銷,created,4,TWD,686008.0,0.0,2026-07-03T04:32:35+08:00,2026-07-18,2026-07-03T23:24:35+08:00
ORD00068213,M004183,P00112,門市,completed,2,TWD,17572.0,450.0,2026-05-27T12:25:15+08:00,2026-09-15,2026-07-03T11:35:34+08:00
ORD00110180,M003085,P00156,電銷,created,2,TWD,386848.0,400.0,2026-07-03T11:40:36+08:00,2026-09-26,2026-07-05T01:35:36+08:00
ORD00109045,M004007,P00108,web,created,2,TWD,242153.0,400.0,2026-07-03T08:54:50+08:00,2026-09-27,2026-07-03T22:51:50+08:00
ORD00110110,M001710,P00066,web,created,2,JPY,1682955.0,550.0,2026-07-03T00:17:28+08:00,2026-07-16,2026-07-03T14:17:28+08:00
ORD00110606,M000919,P00073,app,paid,3,USD,11074.86,950.0,2026-07-03T00:30:18+08:00,2026-07-30,2026-07-04T11:49:18+08:00
ORD00110839,M001612,P00095,電銷,paid,3,TWD,630244.0,100.0,2026-07-03T13:04:39+08:00,2026-08-27,2026-07-04T14:49:39+08:00
ORD00108457,M003931,P00298,app,paid,4,TWD,502219.0,0.0,2026-07-03T05:55:55+08:00,2026-10-28,2026-07-04T23:41:55+08:00
ORD00110760,M002778,P00284,web,paid,3,JPY,1912896.0,100.0,2026-07-03T11:29:14+08:00,2026-09-19,2026-07-05T05:21:14+08:00
ORD00110832,M003886,P00133,web,paid,2,USD,335.19,850.0,2026-07-03T14:05:10+08:00,2026-08-30,2026-07-05T14:12:10+08:00
ORD00108489,M007117,P00133,app,paid,2,TWD,12135.0,150.0,2026-07-03T03:01:29+08:00,2026-08-18,2026-07-04T02:54:29+08:00
ORD00110288,M004378,P00254,門市,created,3,USD,345.58,100.0,2026-07-03T03:54:38+08:00,2026-09-22,2026-07-05T14:54:38+08:00
ORD00108857,M003078,P00242,門市,paid,1,TWD,26920.0,800.0,2026-07-03T16:34:57+08:00,2026-10-27,2026-07-06T07:01:57+08:00
ORD00033684,M006450,P00048,web,completed,4,TWD,461661.0,550.0,2026-06-29T08:23:23+08:00,2026-07-30,2026-07-03T03:50:38+08:00
ORD00010702,M004751,P00138,app,completed,4,TWD,314173.0,200.0,2026-06-07T23:31:25+08:00,2026-08-02,2026-07-03T17:58:08+08:00
ORD00108134,M001522,P00093,門市,created,1,TWD,116501.0,850.0,2026-07-03T18:31:01+08:00,2026-09-27,2026-07-04T17:27:01+08:00
ORD00108966,M003805,P00198,web,created,4,TWD,100548.0,500.0,2026-07-03T04:50:11+08:00,2026-09-24,2026-07-05T12:38:11+08:00
ORD00063731,M006833,P00046,web,cancelled,4,USD,6919.78,450.0,2026-06-10T11:30:34+08:00,2026-08-31,2026-07-03T13:05:31+08:00
ORD00108403,M003999,P00207,門市,paid,1,TWD,90597.0,800.0,2026-07-03T00:20:19+08:00,2026-07-11,2026-07-05T16:16:19+08:00
ORD00109009,M004643,P00274,電銷,paid,3,TWD,252160.0,250.0,2026-07-03T04:07:28+08:00,2026-10-20,2026-07-03T15:53:28+08:00
ORD00109481,M001340,P00134,app,paid,3,USD,10994.02,650.0,2026-07-03T20:25:35+08:00,2026-10-29,2026-07-04T10:46:35+08:00
ORD00108079,M000348,P00234,web,created,1,USD,308.2,650.0,2026-07-03T21:42:59+08:00,2026-08-09,2026-07-06T15:10:59+08:00
ORD00111353,M003471,P00230,門市,created,4,TWD,719774.0,500.0,2026-07-03T05:12:35+08:00,2026-08-05,2026-07-04T11:58:35+08:00
ORD00111080,M006435,P00295,門市,paid,2,TWD,107140.0,450.0,2026-07-03T22:23:34+08:00,2026-08-26,2026-07-06T00:55:34+08:00
ORD00110392,M000524,P00095,電銷,created,1,JPY,815265.0,900.0,2026-07-03T14:09:55+08:00,2026-07-10,2026-07-05T11:49:55+08:00
ORD00108610,M001019,P00178,門市,created,1,TWD,34755.0,350.0,2026-07-03T02:45:37+08:00,2026-09-14,2026-07-04T06:37:37+08:00
ORD00109120,M003981,P00103,門市,paid,2,TWD,46275.0,200.0,2026-07-03T14:58:20+08:00,2026-09-13,2026-07-04T20:45:20+08:00
ORD00075654,M001187,P00032,app,completed,4,JPY,2784134.0,850.0,2026-06-17T08:10:16+08:00,2026-06-26,2026-07-03T10:55:42+08:00
ORD00111878,M006919,P00027,web,paid,1,USD,3891.11,100.0,2026-07-03T13:25:13+08:00,2026-10-25,2026-07-03T19:39:13+08:00
ORD00110336,M000914,P00266,app,paid,1,TWD,16397.0,650.0,2026-07-03T05:22:25+08:00,2026-07-14,2026-07-05T20:46:25+08:00
ORD00109287,M000329,P00105,門市,paid,1,TWD,64756.0,0.0,2026-07-03T20:03:51+08:00,2026-08-22,2026-07-06T00:13:51+08:00
ORD00110071,M000106,P00081,電銷,created,1,TWD,129340.0,250.0,2026-07-03T03:21:34+08:00,2026-09-27,2026-07-03T12:39:34+08:00
ORD00026995,M002258,P00278,門市,cancelled,1,USD,6501.29,250.0,2026-06-01T10:40:18+08:00,2026-08-17,2026-07-03T19:03:02+08:00
ORD00109020,M005783,P00285,門市,paid,4,JPY,1883688.0,500.0,2026-07-03T06:47:34+08:00,2026-07-20,2026-07-03T13:55:34+08:00
ORD00108192,M000388,P00087,web,paid,3,TWD,676042.0,50.0,2026-07-03T14:12:28+08:00,2026-07-24,2026-07-06T04:18:28+08:00
ORD00108617,M000670,P00217,電銷,created,4,TWD,677732.0,650.0,2026-07-03T05:04:27+08:00,2026-07-26,2026-07-03T16:06:27+08:00
ORD00109749,M004383,P00171,門市,paid,1,TWD,82248.0,300.0,2026-07-03T22:03:07+08:00,2026-07-17,2026-07-05T04:42:07+08:00
ORD00111393,M001779,P00178,門市,paid,3,TWD,125352.0,450.0,2026-07-03T16:20:48+08:00,2026-08-04,2026-07-04T18:59:48+08:00
ORD00110343,M002067,P00140,app,created,4,JPY,968900.0,700.0,2026-07-03T23:31:56+08:00,2026-08-22,2026-07-04T17:48:56+08:00
ORD00002829,M000414,P00298,門市,cancelled,4,USD,11878.48,600.0,2026-05-11T09:17:11+08:00,2026-06-30,2026-07-03T03:27:06+08:00
ORD00109422,M002751,P00220,門市,paid,1,TWD,33617.0,600.0,2026-07-03T00:20:18+08:00,2026-07-31,2026-07-04T04:49:18+08:00
ORD00108868,M003024,P00185,門市,created,3,TWD,482372.0,400.0,2026-07-03T10:01:34+08:00,2026-08-19,2026-07-03T12:17:34+08:00
ORD00108662,M000094,P00215,app,created,1,TWD,45541.0,300.0,2026-07-03T00:50:53+08:00,2026-07-27,2026-07-05T18:55:53+08:00
ORD00109837,M007198,P00232,web,paid,4,TWD,878714.0,50.0,2026-07-03T11:30:01+08:00,2026-10-15,2026-07-04T11:19:01+08:00
ORD00110740,M001038,P00100,門市,paid,3,TWD,494006.0,850.0,2026-07-03T05:28:26+08:00,2026-09-08,2026-07-04T20:38:26+08:00
ORD00110985,M003145,P00057,電銷,paid,2,TWD,244800.0,100.0,2026-07-03T15:42:48+08:00,2026-08-06,2026-07-04T07:44:48+08:00
ORD00109037,M000623,P00228,門市,paid,1,USD,4626.0,250.0,2026-07-03T05:51:25+08:00,2026-09-16,2026-07-04T04:22:25+08:00
ORD00108280,M002837,P00240,電銷,paid,2,TWD,170645.0,700.0,2026-07-03T09:11:40+08:00,2026-08-18,2026-07-04T07:06:40+08:00
ORD00076000,M001016,P00265,web,cancelled,3,TWD,598380.0,600.0,2026-06-05T03:58:07+08:00,2026-09-27,2026-07-03T08:39:44+08:00
ORD00108670,M001849,P00215,app,paid,2,TWD,99256.0,250.0,2026-07-03T13:21:54+08:00,2026-08-30,2026-07-05T19:15:54+08:00
ORD00021861,M001770,P00128,電銷,cancelled,2,TWD,259221.0,100.0,2026-05-02T10:49:17+08:00,2026-06-18,2026-07-03T21:40:13+08:00
ORD00110741,M000062,P00236,web,paid,2,TWD,318035.0,550.0,2026-07-03T00:10:18+08:00,2026-08-10,2026-07-04T03:02:18+08:00
ORD00109459,M007911,P00289,app,paid,2,TWD,190058.0,250.0,2026-07-03T03:00:26+08:00,2026-08-08,2026-07-03T21:36:26+08:00
ORD00111360,M001060,P00239,門市,created,3,TWD,389680.0,900.0,2026-07-03T16:10:48+08:00,2026-10-08,2026-07-06T02:17:48+08:00
ORD00108534,M003241,P00110,web,paid,3,TWD,424194.0,550.0,2026-07-03T21:00:37+08:00,2026-10-10,2026-07-06T01:00:37+08:00
ORD00109583,M002258,P00213,電銷,paid,1,USD,4012.11,750.0,2026-07-03T20:16:18+08:00,2026-07-19,2026-07-06T06:17:18+08:00
ORD00109199,M001410,P00158,web,created,4,TWD,153069.0,350.0,2026-07-03T13:05:37+08:00,2026-10-16,2026-07-04T13:59:37+08:00
ORD00109943,M003602,P00060,web,paid,4,JPY,3102703.0,250.0,2026-07-03T22:48:49+08:00,2026-08-31,2026-07-05T18:28:49+08:00
ORD00110261,M001210,P00028,電銷,paid,1,TWD,123596.0,200.0,2026-07-03T13:33:53+08:00,2026-09-20,2026-07-04T18:54:53+08:00
ORD00092047,M000470,P00211,app,cancelled,4,TWD,399324.0,450.0,2026-06-20T09:24:41+08:00,2026-07-20,2026-07-03T01:36:22+08:00
ORD00109057,M003675,P00021,門市,paid,2,TWD,330734.0,300.0,2026-07-03T04:13:48+08:00,2026-09-27,2026-07-04T08:45:48+08:00
ORD00111029,M001010,P00169,電銷,paid,2,TWD,93413.0,900.0,2026-07-03T14:46:59+08:00,2026-07-14,2026-07-03T17:30:59+08:00
ORD00082772,M002721,P00271,app,cancelled,3,TWD,77369.0,150.0,2026-05-28T00:49:45+08:00,2026-07-06,2026-07-03T23:40:34+08:00
ORD00111728,M003167,P00201,web,paid,2,TWD,249088.0,750.0,2026-07-03T17:37:47+08:00,2026-07-23,2026-07-06T08:21:47+08:00
ORD00110815,M005382,P00038,門市,paid,4,JPY,372107.0,250.0,2026-07-03T05:51:55+08:00,2026-08-01,2026-07-04T12:52:55+08:00
ORD00108070,M007067,P00006,web,created,2,JPY,1523600.0,50.0,2026-07-03T15:30:37+08:00,2026-07-28,2026-07-05T02:13:37+08:00
ORD00108734,M002228,P00235,電銷,paid,2,JPY,583246.0,700.0,2026-07-03T00:50:56+08:00,2026-09-15,2026-07-04T03:18:56+08:00
ORD00110618,M003557,P00058,電銷,paid,1,USD,1326.75,450.0,2026-07-03T07:06:11+08:00,2026-08-15,2026-07-03T08:11:11+08:00
ORD00110191,M003450,P00014,門市,paid,4,USD,14905.07,700.0,2026-07-03T07:44:59+08:00,2026-10-11,2026-07-05T14:52:59+08:00
ORD00110513,M003271,P00180,web,created,3,USD,12158.88,900.0,2026-07-03T11:57:59+08:00,2026-08-16,2026-07-03T23:14:59+08:00
ORD00110995,M002036,P00105,app,created,2,TWD,108914.0,400.0,2026-07-03T18:00:36+08:00,2026-07-22,2026-07-06T12:02:36+08:00
ORD00111953,M004113,P00025,web,paid,2,TWD,386609.0,450.0,2026-07-03T00:28:03+08:00,2026-07-16,2026-07-05T02:51:03+08:00
ORD00110429,M002369,P00134,電銷,paid,1,TWD,98749.0,700.0,2026-07-03T17:40:43+08:00,2026-09-21,2026-07-05T03:24:43+08:00
ORD00108611,M003274,P00158,電銷,paid,4,TWD,146571.0,950.0,2026-07-03T11:42:27+08:00,2026-08-09,2026-07-04T11:24:27+08:00
ORD00110612,M003630,P00275,門市,created,2,JPY,790445.0,850.0,2026-07-03T03:08:45+08:00,2026-08-01,2026-07-04T03:12:45+08:00
ORD00045294,M001905,P00008,門市,completed,2,USD,4684.36,900.0,2026-06-23T17:46:05+08:00,2026-09-13,2026-07-03T23:02:46+08:00
ORD00109629,M005688,P00235,電銷,paid,4,TWD,213181.0,350.0,2026-07-03T04:26:11+08:00,2026-10-21,2026-07-03T18:13:11+08:00
ORD00108502,M005540,P00140,app,created,1,TWD,40034.0,150.0,2026-07-03T15:19:37+08:00,2026-08-02,2026-07-04T09:10:37+08:00
ORD00087915,M006319,P00192,web,cancelled,2,JPY,2384242.0,500.0,2026-05-13T09:19:02+08:00,2026-08-02,2026-07-03T14:08:25+08:00
ORD00108057,M004508,P00104,web,created,3,TWD,9160.0,850.0,2026-07-03T14:15:36+08:00,2026-07-23,2026-07-06T03:54:36+08:00
ORD00111625,M005368,P00227,app,created,3,TWD,443599.0,800.0,2026-07-03T12:52:06+08:00,2026-10-21,2026-07-04T15:32:06+08:00
ORD00111357,M003561,P00077,app,paid,1,TWD,245114.0,450.0,2026-07-03T03:11:25+08:00,2026-07-19,2026-07-03T20:45:25+08:00
ORD00111123,M006651,P00258,web,created,1,USD,4597.67,0.0,2026-07-03T22:12:11+08:00,2026-08-09,2026-07-05T11:31:11+08:00
ORD00110262,M002972,P00158,門市,paid,4,TWD,182511.0,700.0,2026-07-03T15:16:36+08:00,2026-09-22,2026-07-04T17:51:36+08:00
ORD00109171,M001870,P00244,app,created,4,TWD,201847.0,300.0,2026-07-03T10:24:04+08:00,2026-07-23,2026-07-03T17:38:04+08:00
ORD00109993,M003444,P00128,門市,created,2,TWD,350055.0,300.0,2026-07-03T10:26:42+08:00,2026-10-01,2026-07-04T17:06:42+08:00
ORD00108911,M007080,P00184,web,created,4,TWD,744432.0,150.0,2026-07-03T12:58:47+08:00,2026-10-25,2026-07-05T16:07:47+08:00
ORD00108392,M006403,P00002,電銷,paid,3,TWD,263809.0,800.0,2026-07-03T18:09:07+08:00,2026-08-13,2026-07-04T13:26:07+08:00
ORD00110562,M000434,P00239,門市,created,2,TWD,322000.0,500.0,2026-07-03T10:31:07+08:00,2026-10-22,2026-07-04T13:14:07+08:00
ORD00108561,M000721,P00181,門市,created,4,USD,2328.35,0.0,2026-07-03T14:44:07+08:00,2026-07-26,2026-07-06T06:31:07+08:00
ORD00108409,M004433,P00073,web,paid,1,TWD,109003.0,850.0,2026-07-03T15:03:35+08:00,2026-07-22,2026-07-03T17:25:35+08:00
ORD00111375,M001035,P00239,門市,created,1,JPY,632797.0,350.0,2026-07-03T17:40:21+08:00,2026-09-11,2026-07-06T08:36:21+08:00
ORD00108741,M007031,P00279,門市,paid,4,TWD,441938.0,500.0,2026-07-03T09:15:58+08:00,2026-09-13,2026-07-04T09:54:58+08:00
ORD00110981,M001500,P00234,門市,paid,3,TWD,27350.0,500.0,2026-07-03T11:49:19+08:00,2026-08-12,2026-07-05T21:38:19+08:00
ORD00111718,M000245,P00065,門市,paid,4,TWD,658642.0,200.0,2026-07-03T21:15:07+08:00,2026-08-04,2026-07-04T23:49:07+08:00
ORD00063605,M004869,P00236,web,cancelled,2,TWD,288917.0,550.0,2026-06-18T02:34:20+08:00,2026-07-22,2026-07-03T17:50:25+08:00
ORD00111228,M001594,P00084,app,paid,3,TWD,156649.0,950.0,2026-07-03T06:40:17+08:00,2026-10-12,2026-07-05T22:03:17+08:00
ORD00108199,M004592,P00011,app,paid,3,TWD,513987.0,500.0,2026-07-03T11:34:54+08:00,2026-08-27,2026-07-04T13:06:54+08:00
ORD00110400,M003616,P00289,web,paid,1,TWD,105773.0,300.0,2026-07-03T10:04:13+08:00,2026-08-02,2026-07-04T17:29:13+08:00
ORD00108419,M001616,P00011,電銷,paid,4,TWD,543085.0,800.0,2026-07-03T18:07:33+08:00,2026-10-22,2026-07-04T02:25:33+08:00
ORD00109951,M000766,P00143,app,paid,4,USD,1007.5,350.0,2026-07-03T12:58:15+08:00,2026-07-15,2026-07-06T00:57:15+08:00
ORD00110438,M006639,P00118,電銷,created,3,USD,12095.58,700.0,2026-07-03T15:38:26+08:00,2026-08-13,2026-07-04T22:57:26+08:00
ORD00108725,M005383,P00244,app,paid,3,TWD,166817.0,850.0,2026-07-03T23:13:46+08:00,2026-09-20,2026-07-05T07:48:46+08:00
ORD00082185,M003697,P00219,web,cancelled,3,USD,11339.5,300.0,2026-06-01T23:53:47+08:00,2026-09-20,2026-07-03T08:22:45+08:00
ORD00110184,M001336,P00020,app,paid,4,TWD,212800.0,700.0,2026-07-03T23:44:32+08:00,2026-09-02,2026-07-05T02:17:32+08:00
ORD00110393,M004861,P00052,web,created,1,TWD,90027.0,500.0,2026-07-03T10:41:31+08:00,2026-09-29,2026-07-05T15:30:31+08:00
ORD00111005,M003587,P00071,電銷,paid,2,TWD,90574.0,800.0,2026-07-03T00:06:33+08:00,2026-08-04,2026-07-03T17:17:33+08:00
ORD00111079,M003121,P00046,門市,created,3,TWD,213559.0,100.0,2026-07-03T10:34:52+08:00,2026-09-30,2026-07-04T18:46:52+08:00
ORD00109863,M001147,P00060,web,paid,1,JPY,729649.0,450.0,2026-07-03T05:35:23+08:00,2026-07-20,2026-07-03T21:21:23+08:00
ORD00111738,M000895,P00097,門市,paid,2,TWD,288292.0,400.0,2026-07-03T10:55:32+08:00,2026-09-24,2026-07-05T20:08:32+08:00
ORD00111283,M000203,P00177,電銷,paid,1,TWD,21043.0,200.0,2026-07-03T14:59:28+08:00,2026-08-09,2026-07-03T19:19:28+08:00
ORD00066264,M004615,P00080,web,cancelled,4,TWD,559334.0,150.0,2026-06-27T10:28:20+08:00,2026-07-18,2026-07-03T09:05:03+08:00
ORD00111300,M002786,P00122,門市,paid,1,USD,6753.14,700.0,2026-07-03T21:36:41+08:00,2026-09-26,2026-07-04T07:51:41+08:00
ORD00108947,M001899,P00033,web,created,1,JPY,740601.0,350.0,2026-07-03T17:56:32+08:00,2026-08-07,2026-07-05T20:13:32+08:00
ORD00048108,M005424,P00136,電銷,cancelled,4,JPY,307099.0,800.0,2026-05-02T10:45:54+08:00,2026-08-12,2026-07-03T07:56:54+08:00
ORD00088203,M007566,P00249,電銷,cancelled,1,USD,3011.27,350.0,2026-05-11T04:53:56+08:00,2026-06-10,2026-07-03T08:02:41+08:00
ORD00109164,M004532,P00020,門市,paid,2,TWD,121317.0,100.0,2026-07-03T07:01:38+08:00,2026-09-09,2026-07-05T11:41:38+08:00
ORD00011022,M005567,P00047,電銷,cancelled,2,TWD,39809.0,450.0,2026-06-30T15:08:34+08:00,2026-07-08,2026-07-03T03:52:21+08:00
ORD00108029,M003237,P00200,app,paid,2,TWD,291320.0,900.0,2026-07-03T21:11:25+08:00,2026-07-25,2026-07-04T03:52:25+08:00
ORD00108724,M007181,P00036,app,paid,3,TWD,217106.0,500.0,2026-07-03T11:15:10+08:00,2026-07-13,2026-07-06T00:03:10+08:00
ORD00109453,M000129,P00075,web,paid,3,TWD,62707.0,650.0,2026-07-03T03:30:13+08:00,2026-09-17,2026-07-05T20:37:13+08:00
ORD00110214,M003977,P00219,web,created,1,TWD,120060.0,700.0,2026-07-03T00:56:19+08:00,2026-08-28,2026-07-05T03:06:19+08:00
ORD00110103,M000350,P00172,app,paid,2,TWD,247620.0,950.0,2026-07-03T02:25:21+08:00,2026-09-04,2026-07-04T19:01:21+08:00
ORD00108311,M004864,P00080,電銷,paid,4,TWD,653306.0,650.0,2026-07-03T18:31:13+08:00,2026-07-20,2026-07-04T09:09:13+08:00
ORD00109252,M007860,P00017,app,paid,4,TWD,734399.0,650.0,2026-07-03T13:59:27+08:00,2026-09-15,2026-07-04T15:00:27+08:00
ORD00111563,M002984,P00151,門市,created,4,TWD,254657.0,450.0,2026-07-03T03:20:54+08:00,2026-07-10,2026-07-05T12:59:54+08:00
ORD00110571,M004184,P00066,門市,created,1,TWD,170448.0,200.0,2026-07-03T03:22:58+08:00,2026-09-07,2026-07-05T16:59:58+08:00
ORD00109140,M002783,P00067,電銷,paid,2,JPY,1300333.0,750.0,2026-07-03T21:07:19+08:00,2026-10-10,2026-07-04T23:53:19+08:00
ORD00108907,M000144,P00042,門市,paid,4,TWD,573821.0,450.0,2026-07-03T02:02:41+08:00,2026-07-20,2026-07-03T07:55:41+08:00
ORD00111433,M003962,P00077,門市,created,2,TWD,358169.0,100.0,2026-07-03T16:01:17+08:00,2026-07-11,2026-07-03T22:08:17+08:00
ORD00040951,M000044,P00083,門市,completed,2,TWD,250582.0,600.0,2026-05-16T15:09:25+08:00,2026-07-13,2026-07-03T08:18:17+08:00
ORD00109857,M005162,P00050,電銷,paid,1,TWD,3251.0,750.0,2026-07-03T09:33:25+08:00,2026-07-18,2026-07-05T00:19:25+08:00
ORD00111629,M007229,P00090,app,created,3,TWD,416234.0,350.0,2026-07-03T13:57:28+08:00,2026-07-21,2026-07-03T15:42:28+08:00
ORD00111049,M004883,P00043,門市,created,2,TWD,286157.0,500.0,2026-07-03T21:32:04+08:00,2026-07-31,2026-07-05T06:27:04+08:00
ORD00109269,M000119,P00264,門市,paid,4,JPY,211195.0,50.0,2026-07-03T06:47:34+08:00,2026-10-26,2026-07-05T16:22:34+08:00
ORD00108428,M001947,P00197,門市,paid,4,TWD,323193.0,250.0,2026-07-03T17:59:55+08:00,2026-10-05,2026-07-05T04:28:55+08:00
ORD00111401,M007031,P00091,app,created,3,TWD,389455.0,50.0,2026-07-03T19:29:28+08:00,2026-09-17,2026-07-04T10:15:28+08:00
ORD00098429,M005906,P00252,app,cancelled,3,TWD,173919.0,450.0,2026-05-15T10:14:05+08:00,2026-07-01,2026-07-03T23:37:36+08:00
ORD00108484,M007118,P00253,web,paid,4,JPY,4456237.0,750.0,2026-07-03T12:57:04+08:00,2026-08-31,2026-07-04T06:01:04+08:00
ORD00108178,M001127,P00157,電銷,created,4,TWD,296231.0,600.0,2026-07-03T12:12:19+08:00,2026-08-31,2026-07-05T04:53:19+08:00
ORD00111763,M004444,P00266,web,paid,3,TWD,41042.0,550.0,2026-07-03T23:42:39+08:00,2026-09-14,2026-07-05T22:30:39+08:00
ORD00111690,M004438,P00231,app,paid,4,USD,24015.8,800.0,2026-07-03T21:56:41+08:00,2026-07-30,2026-07-04T22:46:41+08:00
ORD00109480,M001691,P00052,app,paid,2,TWD,145364.0,250.0,2026-07-03T22:25:55+08:00,2026-08-28,2026-07-06T01:51:55+08:00
ORD00111237,M003760,P00151,門市,paid,2,USD,3836.53,850.0,2026-07-03T10:56:09+08:00,2026-09-02,2026-07-05T23:21:09+08:00
ORD00110291,M002427,P00126,app,paid,3,TWD,84067.0,900.0,2026-07-03T21:55:47+08:00,2026-09-28,2026-07-06T15:17:47+08:00
ORD00111589,M002101,P00093,web,paid,1,TWD,98691.0,800.0,2026-07-03T04:44:13+08:00,2026-07-30,2026-07-04T06:24:13+08:00
ORD00109236,M005150,P00140,web,paid,3,TWD,145365.0,50.0,2026-07-03T21:16:11+08:00,2026-09-26,2026-07-06T09:19:11+08:00
ORD00110544,M003208,P00094,app,paid,4,TWD,601705.0,300.0,2026-07-03T13:31:03+08:00,2026-08-20,2026-07-04T13:39:03+08:00
ORD00108115,M003881,P00222,app,paid,1,TWD,41654.0,600.0,2026-07-03T03:44:01+08:00,2026-07-17,2026-07-05T19:09:01+08:00
ORD00028133,M007780,P00144,app,completed,4,TWD,585075.0,850.0,2026-06-10T17:55:24+08:00,2026-07-14,2026-07-03T20:37:46+08:00
ORD00111799,M004959,P00128,門市,paid,1,JPY,799778.0,150.0,2026-07-03T17:48:56+08:00,2026-09-02,2026-07-06T09:19:56+08:00
ORD00110602,M006625,P00030,web,created,3,TWD,350168.0,350.0,2026-07-03T08:56:45+08:00,2026-10-28,2026-07-05T09:15:45+08:00
ORD00110286,M002390,P00143,web,created,1,TWD,10313.0,0.0,2026-07-03T03:13:17+08:00,2026-09-14,2026-07-04T08:36:17+08:00
ORD00111180,M003564,P00132,電銷,paid,3,USD,6180.87,200.0,2026-07-03T04:47:21+08:00,2026-10-12,2026-07-03T21:59:21+08:00
ORD00110636,M007469,P00043,app,paid,3,TWD,386044.0,700.0,2026-07-03T09:52:16+08:00,2026-09-12,2026-07-05T11:29:16+08:00
ORD00109926,M003897,P00263,電銷,created,4,JPY,2045066.0,150.0,2026-07-03T21:34:49+08:00,2026-09-17,2026-07-06T07:45:49+08:00
ORD00111857,M000342,P00258,web,created,1,TWD,152616.0,450.0,2026-07-03T13:01:34+08:00,2026-09-08,2026-07-04T20:59:34+08:00
ORD00110998,M005580,P00183,門市,paid,4,TWD,644082.0,700.0,2026-07-03T12:05:50+08:00,2026-07-11,2026-07-06T02:02:50+08:00
ORD00108170,M000789,P00200,電銷,created,2,TWD,274440.0,550.0,2026-07-03T15:41:04+08:00,2026-08-02,2026-07-05T22:51:04+08:00
ORD00110117,M007509,P00141,門市,paid,4,TWD,310657.0,850.0,2026-07-03T17:58:35+08:00,2026-09-11,2026-07-03T22:25:35+08:00
ORD00109688,M006411,P00109,app,paid,3,TWD,119284.0,550.0,2026-07-03T10:25:47+08:00,2026-10-30,2026-07-04T19:35:47+08:00
ORD00110411,M003452,P00014,電銷,paid,2,USD,7297.42,800.0,2026-07-03T02:10:49+08:00,2026-10-27,2026-07-05T18:18:49+08:00
ORD00108796,M002764,P00103,web,created,3,TWD,73924.0,450.0,2026-07-03T20:15:04+08:00,2026-08-02,2026-07-04T15:59:04+08:00
ORD00108879,M006314,P00075,web,created,1,USD,618.99,300.0,2026-07-03T20:15:35+08:00,2026-09-17,2026-07-04T13:20:35+08:00
ORD00111483,M000753,P00082,門市,paid,1,TWD,160621.0,550.0,2026-07-03T10:19:38+08:00,2026-10-05,2026-07-03T15:22:38+08:00
ORD00110549,M001391,P00014,web,paid,3,USD,10832.17,900.0,2026-07-03T20:55:59+08:00,2026-07-25,2026-07-05T00:27:59+08:00
ORD00108226,M003195,P00122,門市,paid,2,TWD,302811.0,850.0,2026-07-03T06:48:41+08:00,2026-10-04,2026-07-03T07:27:41+08:00
ORD00108068,M003317,P00101,app,created,2,TWD,131552.0,200.0,2026-07-03T07:29:21+08:00,2026-08-07,2026-07-04T09:37:21+08:00
ORD00111148,M003269,P00133,門市,created,4,USD,617.06,300.0,2026-07-03T11:12:08+08:00,2026-07-15,2026-07-04T11:10:08+08:00
ORD00108674,M007482,P00135,門市,paid,3,TWD,27646.0,50.0,2026-07-03T14:00:33+08:00,2026-08-07,2026-07-04T07:08:33+08:00
ORD00111843,M003403,P00293,電銷,created,2,JPY,692210.0,750.0,2026-07-03T11:46:16+08:00,2026-09-03,2026-07-05T16:09:16+08:00
ORD00108159,M001582,P00007,門市,created,4,JPY,963281.0,900.0,2026-07-03T07:56:21+08:00,2026-08-03,2026-07-03T11:41:21+08:00
ORD00109256,M003266,P00260,電銷,created,4,TWD,470055.0,750.0,2026-07-03T10:36:29+08:00,2026-10-26,2026-07-03T13:41:29+08:00
ORD00110112,M005463,P00118,電銷,paid,3,USD,10379.55,150.0,2026-07-03T00:34:57+08:00,2026-10-09,2026-07-04T16:05:57+08:00
ORD00109077,M000352,P00293,電銷,created,1,TWD,64912.0,800.0,2026-07-03T20:09:02+08:00,2026-08-28,2026-07-04T21:44:02+08:00
ORD00109406,M003707,P00214,web,created,1,USD,3612.86,750.0,2026-07-03T08:09:26+08:00,2026-09-21,2026-07-03T18:18:26+08:00
ORD00111775,M005301,P00020,web,paid,2,TWD,129841.0,250.0,2026-07-03T13:31:14+08:00,2026-08-20,2026-07-06T05:33:14+08:00
ORD00110802,M003031,P00284,web,paid,2,TWD,291862.0,400.0,2026-07-03T22:20:57+08:00,2026-10-14,2026-07-06T14:08:57+08:00
ORD00111296,M006703,P00235,門市,paid,3,TWD,182793.0,900.0,2026-07-03T15:10:19+08:00,2026-08-05,2026-07-05T05:26:19+08:00
ORD00099015,M005264,P00186,app,completed,4,TWD,594610.0,450.0,2026-06-22T18:57:03+08:00,2026-06-29,2026-07-03T14:17:00+08:00
ORD00111219,M003601,P00206,電銷,paid,2,JPY,1696013.0,500.0,2026-07-03T09:55:36+08:00,2026-07-15,2026-07-05T03:28:36+08:00
ORD00012343,M006493,P00266,門市,cancelled,3,TWD,43947.0,450.0,2026-06-04T13:31:40+08:00,2026-07-17,2026-07-03T23:06:12+08:00
ORD00111094,M004217,P00150,電銷,paid,1,TWD,167048.0,600.0,2026-07-03T09:22:45+08:00,2026-09-28,2026-07-05T20:28:45+08:00
ORD00109762,M002510,P00042,web,paid,1,TWD,131750.0,400.0,2026-07-03T21:21:30+08:00,2026-08-19,2026-07-05T03:43:30+08:00
ORD00108623,M003827,P00039,app,created,1,TWD,196965.0,550.0,2026-07-03T07:20:52+08:00,2026-09-18,2026-07-04T22:18:52+08:00
ORD00111381,M006992,P00146,門市,paid,3,TWD,58438.0,950.0,2026-07-03T18:36:11+08:00,2026-10-03,2026-07-04T05:50:11+08:00
ORD00111674,M003575,P00255,app,paid,1,TWD,233463.0,750.0,2026-07-03T15:08:06+08:00,2026-09-21,2026-07-03T23:33:06+08:00
ORD00109552,M000234,P00118,app,paid,3,TWD,342971.0,50.0,2026-07-03T05:01:15+08:00,2026-09-28,2026-07-05T11:40:15+08:00
ORD00110828,M004493,P00188,門市,paid,1,TWD,61316.0,100.0,2026-07-03T19:54:40+08:00,2026-09-16,2026-07-05T20:01:40+08:00
ORD00110421,M002279,P00199,門市,created,4,TWD,22445.0,650.0,2026-07-03T13:30:03+08:00,2026-08-03,2026-07-04T18:55:03+08:00
ORD00111185,M004231,P00120,app,paid,4,TWD,400112.0,350.0,2026-07-03T18:31:24+08:00,2026-08-04,2026-07-04T20:42:24+08:00
ORD00111670,M000947,P00145,門市,paid,3,USD,8029.91,800.0,2026-07-03T11:10:54+08:00,2026-10-11,2026-07-03T15:31:54+08:00
ORD00111892,M003146,P00232,web,paid,4,USD,29006.87,150.0,2026-07-03T02:49:40+08:00,2026-09-27,2026-07-05T03:49:40+08:00
ORD00111015,M007651,P00239,app,paid,3,TWD,536173.0,300.0,2026-07-03T14:08:47+08:00,2026-10-05,2026-07-05T09:58:47+08:00
ORD00110793,M007525,P00164,app,paid,3,TWD,120428.0,0.0,2026-07-03T00:57:17+08:00,2026-07-20,2026-07-04T00:14:17+08:00
ORD00109321,M003685,P00249,app,paid,4,TWD,349506.0,950.0,2026-07-03T00:44:28+08:00,2026-08-18,2026-07-05T16:51:28+08:00
ORD00111339,M007712,P00099,電銷,created,3,USD,15805.41,750.0,2026-07-03T09:12:54+08:00,2026-08-01,2026-07-04T08:48:54+08:00
ORD00111384,M006268,P00175,app,created,2,TWD,38556.0,50.0,2026-07-03T12:41:18+08:00,2026-08-10,2026-07-05T19:21:18+08:00
ORD00109599,M001211,P00208,app,paid,4,TWD,726956.0,450.0,2026-07-03T17:46:08+08:00,2026-09-21,2026-07-04T09:35:08+08:00
ORD00108189,M007534,P00043,app,paid,2,JPY,1268150.0,50.0,2026-07-03T15:06:38+08:00,2026-10-08,2026-07-04T02:21:38+08:00
ORD00044020,M002330,P00234,web,completed,3,TWD,32119.0,400.0,2026-06-23T07:32:37+08:00,2026-08-10,2026-07-03T08:21:24+08:00
ORD00111702,M000949,P00176,門市,paid,2,TWD,302297.0,250.0,2026-07-03T04:42:36+08:00,2026-08-11,2026-07-05T12:01:36+08:00
ORD00109206,M004190,P00082,web,created,1,TWD,223554.0,650.0,2026-07-03T11:26:36+08:00,2026-08-05,2026-07-04T07:30:36+08:00
ORD00111001,M007647,P00082,門市,created,3,USD,21257.0,150.0,2026-07-03T21:56:13+08:00,2026-09-14,2026-07-05T07:16:13+08:00
ORD00108448,M001658,P00097,web,created,2,USD,6991.22,150.0,2026-07-03T23:50:03+08:00,2026-09-01,2026-07-05T20:20:03+08:00
ORD00110527,M005034,P00183,app,paid,1,USD,5335.43,50.0,2026-07-03T19:50:22+08:00,2026-07-22,2026-07-05T12:11:22+08:00
ORD00037288,M003617,P00191,app,completed,1,USD,4880.45,0.0,2026-06-03T23:02:28+08:00,2026-06-14,2026-07-03T21:45:37+08:00
ORD00108735,M003782,P00027,電銷,created,1,TWD,144400.0,700.0,2026-07-03T07:32:18+08:00,2026-08-11,2026-07-06T00:12:18+08:00
ORD00108378,M000557,P00040,門市,paid,2,TWD,133947.0,700.0,2026-07-03T22:32:06+08:00,2026-07-28,2026-07-05T10:42:06+08:00
ORD00109026,M002823,P00100,門市,created,2,TWD,364272.0,150.0,2026-07-03T02:24:31+08:00,2026-07-13,2026-07-05T02:42:31+08:00
ORD00110949,M002219,P00034,電銷,created,4,TWD,102541.0,800.0,2026-07-03T17:02:04+08:00,2026-08-21,2026-07-06T02:08:04+08:00
ORD00109186,M004041,P00276,web,paid,4,TWD,601888.0,650.0,2026-07-03T13:34:45+08:00,2026-09-24,2026-07-05T06:19:45+08:00
ORD00111646,M001245,P00209,門市,paid,4,TWD,346346.0,250.0,2026-07-03T19:23:07+08:00,2026-10-16,2026-07-06T09:41:07+08:00
ORD00108394,M007642,P00299,門市,paid,1,USD,693.56,100.0,2026-07-03T01:05:30+08:00,2026-10-22,2026-07-03T13:43:30+08:00
ORD00039600,M007768,P00158,門市,cancelled,4,TWD,148192.0,200.0,2026-06-21T19:37:56+08:00,2026-08-25,2026-07-03T01:14:52+08:00
ORD00111826,M006479,P00279,電銷,paid,4,USD,14938.88,500.0,2026-07-03T16:42:03+08:00,2026-10-27,2026-07-05T12:52:03+08:00
ORD00108443,M000805,P00207,app,paid,1,TWD,79886.0,850.0,2026-07-03T19:39:27+08:00,2026-08-03,2026-07-06T10:15:27+08:00
ORD00108746,M007642,P00152,電銷,paid,2,TWD,84023.0,750.0,2026-07-03T07:35:18+08:00,2026-09-23,2026-07-03T10:28:18+08:00
ORD00110034,M006364,P00227,web,created,2,USD,8700.68,100.0,2026-07-03T17:24:29+08:00,2026-08-19,2026-07-04T11:04:29+08:00
ORD00109288,M002753,P00105,app,paid,2,JPY,719273.0,150.0,2026-07-03T20:07:25+08:00,2026-10-15,2026-07-05T23:40:25+08:00
ORD00068910,M000863,P00168,web,completed,4,TWD,656853.0,100.0,2026-05-06T22:48:19+08:00,2026-08-30,2026-07-03T08:54:18+08:00
ORD00109798,M003688,P00182,app,paid,4,USD,783.83,150.0,2026-07-03T09:29:50+08:00,2026-10-05,2026-07-04T06:15:50+08:00
ORD00110873,M004882,P00153,電銷,paid,1,TWD,79869.0,500.0,2026-07-03T02:52:41+08:00,2026-08-07,2026-07-03T08:11:41+08:00
ORD00108293,M005310,P00121,app,created,4,TWD,106537.0,400.0,2026-07-03T07:13:53+08:00,2026-09-04,2026-07-05T06:19:53+08:00
ORD00060639,M006404,P00105,app,cancelled,1,USD,1676.1,950.0,2026-06-06T11:20:37+08:00,2026-09-29,2026-07-03T23:11:28+08:00
ORD00110396,M000480,P00014,電銷,created,1,TWD,130993.0,450.0,2026-07-03T00:14:38+08:00,2026-09-18,2026-07-03T08:23:38+08:00
ORD00108169,M007131,P00249,app,created,1,TWD,92889.0,400.0,2026-07-03T03:33:34+08:00,2026-09-23,2026-07-03T20:01:34+08:00
ORD00108710,M002519,P00039,門市,created,4,TWD,666861.0,250.0,2026-07-03T14:14:17+08:00,2026-09-24,2026-07-03T15:06:17+08:00
ORD00109333,M007361,P00177,電銷,paid,1,TWD,20418.0,850.0,2026-07-03T05:41:58+08:00,2026-10-25,2026-07-04T22:49:58+08:00
ORD00108522,M005010,P00177,web,paid,4,TWD,74031.0,900.0,2026-07-03T05:53:59+08:00,2026-08-24,2026-07-05T09:52:59+08:00
ORD00111155,M001392,P00120,門市,paid,3,USD,12648.75,300.0,2026-07-03T08:51:45+08:00,2026-07-13,2026-07-04T23:58:45+08:00
ORD00108053,M004930,P00065,web,paid,4,TWD,827865.0,650.0,2026-07-03T22:02:38+08:00,2026-09-29,2026-07-04T19:56:38+08:00
ORD00109589,M004096,P00062,web,paid,1,USD,3812.91,150.0,2026-07-03T15:04:57+08:00,2026-09-08,2026-07-03T15:51:57+08:00
ORD00007144,M000473,P00153,電銷,cancelled,1,TWD,71692.0,0.0,2026-05-25T19:34:08+08:00,2026-07-07,2026-07-03T09:22:54+08:00
ORD00108526,M004548,P00025,web,paid,1,TWD,183364.0,250.0,2026-07-03T14:02:35+08:00,2026-09-09,2026-07-05T05:52:35+08:00
ORD00111630,M007363,P00056,電銷,paid,3,TWD,207712.0,150.0,2026-07-03T11:54:51+08:00,2026-10-01,2026-07-03T23:17:51+08:00
ORD00111143,M007871,P00200,web,created,3,TWD,416817.0,450.0,2026-07-03T15:05:43+08:00,2026-10-30,2026-07-03T21:11:43+08:00
ORD00040627,M003634,P00105,web,cancelled,1,JPY,364874.0,900.0,2026-06-28T22:43:32+08:00,2026-10-07,2026-07-03T13:16:02+08:00
ORD00108511,M002702,P00274,電銷,paid,4,TWD,403351.0,600.0,2026-07-03T09:16:42+08:00,2026-09-23,2026-07-03T17:55:42+08:00
ORD00108208,M007470,P00241,門市,created,4,TWD,753165.0,250.0,2026-07-03T20:23:06+08:00,2026-09-04,2026-07-04T08:58:06+08:00
ORD00111553,M000952,P00075,web,created,3,TWD,68120.0,200.0,2026-07-03T12:42:25+08:00,2026-07-19,2026-07-05T11:17:25+08:00
ORD00108755,M001269,P00013,app,created,1,TWD,127570.0,400.0,2026-07-03T11:14:38+08:00,2026-08-18,2026-07-04T17:25:38+08:00
ORD00108181,M006829,P00153,app,paid,1,TWD,96142.0,450.0,2026-07-03T20:02:41+08:00,2026-07-27,2026-07-04T19:53:41+08:00
ORD00020319,M006477,P00123,web,cancelled,1,TWD,78548.0,0.0,2026-06-18T05:59:20+08:00,2026-08-27,2026-07-03T13:01:50+08:00
ORD00111196,M001842,P00083,web,created,2,TWD,248411.0,950.0,2026-07-03T14:39:41+08:00,2026-08-28,2026-07-06T03:48:41+08:00
ORD00109753,M007083,P00286,電銷,paid,1,TWD,183933.0,50.0,2026-07-03T06:58:57+08:00,2026-08-14,2026-07-03T21:46:57+08:00
ORD00040627,M003634,P00105,web,cancelled,1,JPY,364874.0,900.0,2026-06-28T22:43:32+08:00,2026-10-07,2026-07-03T13:16:10+08:00
ORD00109897,M000665,P00224,app,created,2,USD,8114.66,450.0,2026-07-03T14:04:05+08:00,2026-09-28,2026-07-05T15:53:05+08:00
ORD00035756,M004544,P00208,電銷,completed,4,JPY,3117250.0,800.0,2026-06-27T19:27:07+08:00,2026-10-12,2026-07-03T20:56:51+08:00
ORD00018688,M003063,P00093,web,completed,3,USD,9830.32,250.0,2026-06-29T19:25:49+08:00,2026-07-25,2026-07-03T14:16:58+08:00
ORD00108281,M003543,P00217,web,created,3,TWD,497904.0,300.0,2026-07-03T01:20:36+08:00,2026-08-09,2026-07-03T02:19:36+08:00
ORD00111584,M001889,P00069,門市,paid,2,TWD,383181.0,800.0,2026-07-03T16:16:45+08:00,2026-10-22,2026-07-06T07:38:45+08:00
ORD00073751,M003029,P00042,app,completed,1,TWD,154682.0,800.0,2026-05-10T21:29:00+08:00,2026-05-20,2026-07-03T10:40:50+08:00
ORD00108272,M006222,P00025,web,paid,3,JPY,2463859.0,600.0,2026-07-03T21:14:11+08:00,2026-09-27,2026-07-06T12:17:11+08:00
ORD00111716,M006980,P00080,電銷,created,3,TWD,439414.0,900.0,2026-07-03T01:54:22+08:00,2026-10-21,2026-07-04T12:40:22+08:00
ORD00109847,M004071,P00067,app,paid,1,USD,3422.64,950.0,2026-07-03T23:34:38+08:00,2026-08-26,2026-07-06T04:29:38+08:00
ORD00076529,M003538,P00137,app,cancelled,2,TWD,273641.0,400.0,2026-05-12T22:01:55+08:00,2026-07-04,2026-07-03T22:25:50+08:00
ORD00108106,M001553,P00083,電銷,paid,1,TWD,161114.0,950.0,2026-07-03T06:10:22+08:00,2026-09-26,2026-07-05T13:38:22+08:00
ORD00055238,M005275,P00141,app,completed,1,TWD,71986.0,900.0,2026-05-06T21:12:31+08:00,2026-05-21,2026-07-03T15:14:54+08:00
ORD00109023,M006469,P00060,電銷,paid,3,TWD,439985.0,600.0,2026-07-03T14:53:25+08:00,2026-08-21,2026-07-04T09:56:25+08:00
ORD00110036,M005047,P00004,電銷,paid,2,TWD,460591.0,400.0,2026-07-03T13:25:45+08:00,2026-10-07,2026-07-03T18:37:45+08:00
ORD00108111,M005448,P00085,門市,created,1,USD,5841.04,950.0,2026-07-03T23:06:07+08:00,2026-10-11,2026-07-05T21:54:07+08:00
ORD00108963,M005096,P00163,app,paid,4,TWD,396021.0,850.0,2026-07-03T09:55:28+08:00,2026-07-17,2026-07-05T23:17:28+08:00
ORD00111412,M006144,P00294,web,paid,3,USD,15696.49,800.0,2026-07-03T01:30:28+08:00,2026-09-28,2026-07-04T06:03:28+08:00
ORD00110081,M006539,P00130,app,paid,4,USD,21124.79,350.0,2026-07-03T20:38:15+08:00,2026-09-25,2026-07-04T21:29:15+08:00
ORD00108149,M005772,P00116,電銷,paid,2,TWD,156114.0,0.0,2026-07-03T21:06:52+08:00,2026-07-11,2026-07-05T03:25:52+08:00
ORD00111694,M005685,P00071,門市,paid,4,USD,6160.29,300.0,2026-07-03T12:32:17+08:00,2026-08-06,2026-07-06T01:57:17+08:00
ORD00111416,M007330,P00016,web,created,2,TWD,174175.0,500.0,2026-07-03T00:05:19+08:00,2026-09-08,2026-07-04T17:30:19+08:00
ORD00111449,M007921,P00268,門市,created,2,TWD,135837.0,0.0,2026-07-03T03:38:28+08:00,2026-07-11,2026-07-04T03:58:28+08:00
ORD00108848,M005100,P00136,電銷,created,1,TWD,16517.0,150.0,2026-07-03T04:15:40+08:00,2026-07-17,2026-07-04T18:29:40+08:00
ORD00109339,M005935,P00016,門市,paid,3,TWD,234736.0,550.0,2026-07-03T11:41:24+08:00,2026-07-19,2026-07-04T02:40:24+08:00
ORD00021129,M005130,P00057,門市,completed,4,TWD,388885.0,0.0,2026-06-09T05:07:16+08:00,2026-06-24,2026-07-03T13:40:21+08:00
ORD00110001,M000154,P00025,web,paid,1,JPY,745059.0,950.0,2026-07-03T15:27:56+08:00,2026-10-04,2026-07-03T21:57:56+08:00
ORD00041606,M002208,P00174,電銷,cancelled,4,TWD,80823.0,950.0,2026-06-11T10:55:33+08:00,2026-08-15,2026-07-03T06:24:42+08:00
ORD00005887,M006524,P00124,電銷,cancelled,4,TWD,167602.0,150.0,2026-05-06T05:26:37+08:00,2026-06-05,2026-07-03T21:21:02+08:00
ORD00108031,M002991,P00294,門市,paid,2,TWD,289568.0,300.0,2026-07-03T06:58:00+08:00,2026-07-12,2026-07-05T20:38:00+08:00
ORD00108783,M002642,P00296,app,paid,2,USD,384.42,750.0,2026-07-03T13:14:29+08:00,2026-08-19,2026-07-05T09:40:29+08:00
ORD00108539,M002548,P00035,電銷,paid,2,USD,13230.9,300.0,2026-07-03T10:04:54+08:00,2026-10-26,2026-07-04T04:57:54+08:00
ORD00110239,M003781,P00076,電銷,paid,4,TWD,15211.0,350.0,2026-07-03T08:01:29+08:00,2026-09-09,2026-07-06T02:03:29+08:00
ORD00111411,M004956,P00283,web,paid,3,TWD,69331.0,650.0,2026-07-03T00:18:06+08:00,2026-09-21,2026-07-04T23:36:06+08:00
ORD00110538,M007796,P00133,app,paid,2,TWD,10510.0,500.0,2026-07-03T21:11:04+08:00,2026-08-17,2026-07-06T03:18:04+08:00
ORD00111665,M002714,P00146,web,paid,3,USD,2444.15,200.0,2026-07-03T19:59:44+08:00,2026-09-09,2026-07-04T15:38:44+08:00
ORD00110029,M005767,P00108,門市,paid,3,TWD,308245.0,800.0,2026-07-03T12:44:48+08:00,2026-07-24,2026-07-05T14:30:48+08:00
ORD00021271,M007235,P00084,電銷,completed,1,JPY,270899.0,900.0,2026-05-28T09:35:20+08:00,2026-06-14,2026-07-03T16:41:04+08:00
ORD00110988,M001144,P00217,app,created,1,TWD,162746.0,50.0,2026-07-03T02:48:38+08:00,2026-09-04,2026-07-03T12:01:38+08:00
ORD00109311,M000583,P00081,電銷,paid,1,JPY,593241.0,600.0,2026-07-03T22:28:49+08:00,2026-07-19,2026-07-04T17:23:49+08:00
ORD00111361,M002869,P00048,電銷,created,4,USD,11630.44,100.0,2026-07-03T23:54:56+08:00,2026-10-24,2026-07-04T11:51:56+08:00
ORD00110168,M004717,P00226,門市,paid,2,TWD,192127.0,100.0,2026-07-03T17:48:57+08:00,2026-08-02,2026-07-05T19:11:57+08:00
ORD00108127,M000049,P00213,門市,paid,2,TWD,254600.0,350.0,2026-07-03T01:51:16+08:00,2026-10-14,2026-07-04T04:25:16+08:00
ORD00110830,M006357,P00201,app,paid,1,TWD,101177.0,300.0,2026-07-03T15:46:34+08:00,2026-08-19,2026-07-04T02:02:34+08:00
ORD00110321,M002493,P00177,電銷,paid,4,JPY,419417.0,500.0,2026-07-03T05:11:18+08:00,2026-08-17,2026-07-04T15:00:18+08:00
ORD00111848,M007574,P00102,門市,paid,2,TWD,58749.0,650.0,2026-07-03T21:27:26+08:00,2026-08-12,2026-07-04T04:39:26+08:00
ORD00111132,M003920,P00282,電銷,paid,4,TWD,740890.0,800.0,2026-07-03T00:55:15+08:00,2026-07-23,2026-07-03T17:18:15+08:00
ORD00111494,M004053,P00099,web,created,2,TWD,300955.0,300.0,2026-07-03T18:17:02+08:00,2026-09-26,2026-07-06T00:08:02+08:00
ORD00108408,M007725,P00013,app,created,3,TWD,442352.0,100.0,2026-07-03T18:38:24+08:00,2026-09-04,2026-07-04T04:44:24+08:00
ORD00109772,M006785,P00275,web,created,3,TWD,266330.0,0.0,2026-07-03T03:19:54+08:00,2026-10-05,2026-07-04T00:50:54+08:00
ORD00111105,M005167,P00190,門市,created,3,USD,18301.16,900.0,2026-07-03T22:03:00+08:00,2026-10-10,2026-07-06T13:50:00+08:00
ORD00108563,M000494,P00067,門市,created,2,TWD,196835.0,250.0,2026-07-03T19:27:20+08:00,2026-08-06,2026-07-05T22:10:20+08:00
ORD00109354,M000871,P00203,電銷,created,4,USD,14609.48,700.0,2026-07-03T18:47:32+08:00,2026-09-14,2026-07-04T09:12:32+08:00
ORD00111291,M007656,P00254,電銷,paid,1,JPY,12897.0,850.0,2026-07-03T02:58:41+08:00,2026-07-21,2026-07-04T15:51:41+08:00
ORD00111924,M006870,P00274,web,paid,1,TWD,81715.0,200.0,2026-07-03T23:04:26+08:00,2026-08-30,2026-07-05T03:46:26+08:00
ORD00097154,M003296,P00023,電銷,cancelled,4,TWD,626378.0,250.0,2026-06-02T07:17:29+08:00,2026-09-28,2026-07-03T19:32:54+08:00
ORD00052627,M000697,P00070,app,completed,1,TWD,117712.0,800.0,2026-06-20T02:49:03+08:00,2026-09-23,2026-07-03T23:37:48+08:00
ORD00038866,M005080,P00159,web,completed,1,USD,1679.84,900.0,2026-06-09T07:05:46+08:00,2026-09-16,2026-07-03T10:34:32+08:00
ORD00111264,M002682,P00255,門市,paid,3,TWD,616797.0,950.0,2026-07-03T11:25:24+08:00,2026-07-14,2026-07-05T11:43:24+08:00
ORD00046084,M003632,P00050,電銷,completed,3,JPY,41850.0,400.0,2026-06-13T05:44:49+08:00,2026-07-03,2026-07-03T10:28:51+08:00
ORD00042925,M007127,P00258,門市,cancelled,2,JPY,1540466.0,850.0,2026-05-03T11:48:16+08:00,2026-07-15,2026-07-03T11:24:15+08:00
ORD00111011,M001294,P00190,電銷,created,4,USD,28517.64,0.0,2026-07-03T13:53:57+08:00,2026-07-12,2026-07-05T05:00:57+08:00
ORD00109292,M007093,P00145,web,created,1,TWD,96279.0,400.0,2026-07-03T00:40:01+08:00,2026-10-30,2026-07-04T16:48:01+08:00
ORD00109988,M007044,P00128,app,paid,1,TWD,138777.0,500.0,2026-07-03T18:04:31+08:00,2026-07-15,2026-07-05T17:04:31+08:00
ORD00109736,M000967,P00201,web,created,4,TWD,517888.0,600.0,2026-07-03T19:12:16+08:00,2026-10-20,2026-07-05T09:45:16+08:00
ORD00110221,M003273,P00091,app,paid,2,TWD,233744.0,650.0,2026-07-03T21:45:46+08:00,2026-09-06,2026-07-06T09:40:46+08:00
ORD00110879,M003962,P00125,web,created,3,JPY,696588.0,650.0,2026-07-03T18:00:48+08:00,2026-10-01,2026-07-05T03:00:48+08:00
ORD00109964,M003897,P00190,web,paid,2,TWD,314278.0,600.0,2026-07-03T09:42:54+08:00,2026-09-24,2026-07-05T20:21:54+08:00
ORD00110025,M003098,P00245,電銷,paid,4,USD,14057.97,150.0,2026-07-03T04:59:25+08:00,2026-07-31,2026-07-04T20:12:25+08:00
ORD00109410,M005974,P00048,電銷,paid,2,TWD,190674.0,400.0,2026-07-03T18:14:40+08:00,2026-09-12,2026-07-05T12:48:40+08:00
ORD00110729,M001217,P00057,app,paid,2,TWD,207238.0,0.0,2026-07-03T04:37:10+08:00,2026-09-05,2026-07-05T13:40:10+08:00
ORD00110935,M004566,P00272,門市,created,1,JPY,649533.0,200.0,2026-07-03T21:25:10+08:00,2026-10-13,2026-07-04T22:45:10+08:00
ORD00110174,M001768,P00044,web,created,1,TWD,39070.0,800.0,2026-07-03T01:50:15+08:00,2026-10-20,2026-07-04T23:25:15+08:00
ORD00110137,M003021,P00122,門市,paid,1,USD,6513.3,850.0,2026-07-03T22:02:27+08:00,2026-09-19,2026-07-06T08:51:27+08:00
ORD00108794,M000250,P00107,電銷,paid,2,TWD,306169.0,0.0,2026-07-03T07:15:14+08:00,2026-09-18,2026-07-03T13:31:14+08:00
ORD00108472,M003697,P00204,門市,paid,4,JPY,2839594.0,550.0,2026-07-03T04:17:06+08:00,2026-08-27,2026-07-03T13:34:06+08:00
ORD00109873,M004710,P00268,web,paid,2,TWD,107562.0,350.0,2026-07-03T15:03:49+08:00,2026-10-16,2026-07-03T20:27:49+08:00
ORD00110947,M006358,P00268,門市,created,4,TWD,241951.0,350.0,2026-07-03T16:34:40+08:00,2026-09-25,2026-07-04T11:17:40+08:00
ORD00111191,M003599,P00250,門市,paid,1,USD,2747.63,250.0,2026-07-03T20:25:54+08:00,2026-08-14,2026-07-06T11:57:54+08:00
ORD00109415,M005709,P00042,門市,created,4,USD,19088.42,700.0,2026-07-03T04:37:37+08:00,2026-07-31,2026-07-05T00:35:37+08:00
ORD00110169,M006834,P00205,門市,created,4,TWD,44615.0,100.0,2026-07-03T18:42:57+08:00,2026-07-23,2026-07-05T17:47:57+08:00
ORD00110028,M003532,P00065,web,created,2,TWD,359235.0,0.0,2026-07-03T19:45:47+08:00,2026-09-15,2026-07-04T02:37:47+08:00
ORD00111948,M000228,P00033,門市,created,3,TWD,368521.0,300.0,2026-07-03T07:21:49+08:00,2026-08-22,2026-07-04T16:01:49+08:00
ORD00110989,M007197,P00178,門市,paid,2,TWD,68686.0,350.0,2026-07-03T09:05:16+08:00,2026-07-28,2026-07-05T04:10:16+08:00
ORD00044669,M005405,P00070,電銷,cancelled,4,USD,11473.52,0.0,2026-06-15T12:14:57+08:00,2026-08-05,2026-07-03T07:39:17+08:00
ORD00111065,M006738,P00127,web,paid,1,TWD,56752.0,950.0,2026-07-03T11:15:20+08:00,2026-09-21,2026-07-04T04:29:20+08:00
ORD00092430,M001824,P00181,web,cancelled,2,JPY,143467.0,750.0,2026-06-25T01:58:02+08:00,2026-07-24,2026-07-03T12:34:31+08:00
ORD00079251,M003103,P00058,web,completed,4,TWD,133552.0,600.0,2026-05-21T22:41:31+08:00,2026-08-12,2026-07-03T15:50:05+08:00
ORD00108684,M001994,P00058,電銷,paid,4,TWD,167093.0,900.0,2026-07-03T23:57:33+08:00,2026-07-28,2026-07-04T13:34:33+08:00
ORD00110868,M001625,P00018,電銷,paid,1,USD,3987.45,300.0,2026-07-03T02:26:01+08:00,2026-08-05,2026-07-05T09:14:01+08:00
ORD00110932,M006948,P00221,電銷,created,1,TWD,119603.0,450.0,2026-07-03T15:53:00+08:00,2026-08-24,2026-07-05T21:25:00+08:00
ORD00110600,M003503,P00248,電銷,paid,4,JPY,469432.0,900.0,2026-07-03T01:28:15+08:00,2026-09-06,2026-07-05T14:19:15+08:00
ORD00111102,M007544,P00006,門市,paid,4,JPY,2839681.0,300.0,2026-07-03T19:04:27+08:00,2026-09-08,2026-07-05T06:04:27+08:00
ORD00097825,M007330,P00241,門市,completed,2,TWD,328247.0,450.0,2026-05-02T23:47:23+08:00,2026-08-16,2026-07-03T04:52:24+08:00
ORD00109728,M001157,P00103,app,paid,4,JPY,368033.0,800.0,2026-07-03T01:08:38+08:00,2026-09-30,2026-07-03T14:08:38+08:00
ORD00110380,M003690,P00066,web,created,1,TWD,216349.0,50.0,2026-07-03T14:02:24+08:00,2026-10-30,2026-07-05T13:25:24+08:00
ORD00011177,M005894,P00252,門市,completed,2,USD,4178.77,750.0,2026-05-28T22:54:00+08:00,2026-08-26,2026-07-03T01:17:02+08:00
ORD00110821,M004164,P00249,web,paid,3,TWD,205544.0,150.0,2026-07-03T12:13:01+08:00,2026-07-22,2026-07-05T21:49:01+08:00
ORD00109456,M007339,P00005,電銷,created,1,TWD,104366.0,50.0,2026-07-03T07:20:44+08:00,2026-09-13,2026-07-04T18:01:44+08:00
ORD00092334,M006798,P00284,門市,cancelled,1,TWD,162623.0,400.0,2026-05-08T00:00:00+08:00,2026-06-08,2026-07-03T22:01:55+08:00
ORD00108388,M007473,P00231,電銷,paid,4,TWD,587857.0,500.0,2026-07-03T20:45:11+08:00,2026-10-22,2026-07-05T10:08:11+08:00
ORD00108591,M003808,P00258,app,created,3,TWD,350977.0,100.0,2026-07-03T05:30:33+08:00,2026-10-29,2026-07-05T18:35:33+08:00
ORD00110022,M007617,P00221,電銷,paid,3,TWD,402452.0,100.0,2026-07-03T14:15:56+08:00,2026-09-08,2026-07-04T12:49:56+08:00
ORD00110812,M000112,P00271,web,created,4,TWD,102048.0,150.0,2026-07-03T16:43:22+08:00,2026-10-08,2026-07-04T00:25:22+08:00
ORD00110145,M001640,P00062,門市,created,4,TWD,476173.0,600.0,2026-07-03T11:41:35+08:00,2026-08-19,2026-07-04T00:24:35+08:00
ORD00111139,M000227,P00126,電銷,paid,1,USD,988.78,100.0,2026-07-03T21:03:31+08:00,2026-08-16,2026-07-05T07:03:31+08:00
ORD00110918,M004490,P00265,門市,created,1,TWD,174729.0,550.0,2026-07-03T00:15:52+08:00,2026-07-31,2026-07-05T05:55:52+08:00
ORD00098826,M001390,P00065,電銷,cancelled,1,USD,5330.27,50.0,2026-05-04T18:32:08+08:00,2026-06-27,2026-07-03T01:22:30+08:00
ORD00109383,M000579,P00248,web,paid,2,JPY,240925.0,50.0,2026-07-03T10:22:35+08:00,2026-10-02,2026-07-03T14:40:35+08:00
ORD00108588,M005372,P00259,app,paid,1,TWD,118641.0,600.0,2026-07-03T18:16:47+08:00,2026-07-28,2026-07-05T04:43:47+08:00
ORD00109914,M007701,P00113,app,paid,4,TWD,726005.0,750.0,2026-07-03T16:09:43+08:00,2026-07-19,2026-07-05T21:14:43+08:00
ORD00111852,M006506,P00076,門市,paid,3,JPY,65671.0,950.0,2026-07-03T13:18:49+08:00,2026-08-29,2026-07-04T23:08:49+08:00
ORD00111240,M007551,P00288,app,paid,2,JPY,105826.0,650.0,2026-07-03T05:27:34+08:00,2026-07-13,2026-07-04T11:23:34+08:00
ORD00108151,M005927,P00098,電銷,paid,3,TWD,505045.0,950.0,2026-07-03T01:51:16+08:00,2026-09-11,2026-07-05T11:42:16+08:00
ORD00111632,M005114,P00155,電銷,paid,1,TWD,51969.0,100.0,2026-07-03T04:33:10+08:00,2026-10-29,2026-07-03T10:38:10+08:00
ORD00109811,M007072,P00287,web,paid,3,TWD,329085.0,900.0,2026-07-03T18:09:35+08:00,2026-10-03,2026-07-04T02:21:35+08:00
ORD00111376,M000370,P00075,web,paid,1,TWD,24872.0,350.0,2026-07-03T05:03:57+08:00,2026-08-23,2026-07-03T16:17:57+08:00
ORD00111987,M001913,P00055,門市,paid,3,TWD,416611.0,250.0,2026-07-03T23:38:59+08:00,2026-09-12,2026-07-05T03:59:59+08:00
ORD00108581,M007167,P00138,app,paid,1,TWD,84215.0,650.0,2026-07-03T03:04:28+08:00,2026-09-03,2026-07-05T08:40:28+08:00
ORD00108001,M002912,P00129,電銷,created,2,TWD,334237.0,350.0,2026-07-03T17:56:43+08:00,2026-10-19,2026-07-04T12:05:43+08:00
ORD00108164,M001205,P00004,門市,paid,4,JPY,4434246.0,150.0,2026-07-03T02:04:29+08:00,2026-07-15,2026-07-04T05:45:29+08:00
ORD00008491,M007399,P00152,web,completed,3,USD,4456.42,500.0,2026-06-08T09:43:20+08:00,2026-07-24,2026-07-03T22:01:21+08:00
ORD00109678,M004994,P00194,電銷,paid,1,TWD,63370.0,750.0,2026-07-03T01:28:47+08:00,2026-07-13,2026-07-04T15:37:47+08:00
ORD00108334,M005705,P00239,門市,paid,4,TWD,596274.0,550.0,2026-07-03T21:53:40+08:00,2026-10-29,2026-07-05T23:24:40+08:00
ORD00111844,M003582,P00079,web,paid,4,TWD,202934.0,0.0,2026-07-03T12:52:48+08:00,2026-10-16,2026-07-04T02:49:48+08:00
ORD00108992,M007342,P00299,電銷,paid,1,TWD,26925.0,0.0,2026-07-03T19:32:50+08:00,2026-10-03,2026-07-06T00:17:50+08:00
ORD00108142,M000837,P00117,門市,created,2,TWD,330291.0,350.0,2026-07-03T14:24:19+08:00,2026-08-28,2026-07-05T20:35:19+08:00
ORD00108576,M000145,P00267,web,paid,2,TWD,363922.0,100.0,2026-07-03T21:26:50+08:00,2026-08-20,2026-07-06T01:57:50+08:00
ORD00111002,M005671,P00141,web,paid,4,JPY,1759370.0,350.0,2026-07-03T08:43:06+08:00,2026-08-23,2026-07-04T14:35:06+08:00
ORD00108046,M000274,P00110,web,paid,3,USD,18627.65,900.0,2026-07-03T06:08:39+08:00,2026-07-10,2026-07-05T09:13:39+08:00
ORD00002610,M003276,P00266,電銷,cancelled,1,USD,578.4,350.0,2026-06-11T18:38:43+08:00,2026-09-10,2026-07-03T07:14:32+08:00
ORD00111936,M003811,P00197,門市,paid,3,USD,6731.94,50.0,2026-07-03T19:14:41+08:00,2026-10-09,2026-07-06T09:11:41+08:00
ORD00109785,M006682,P00072,電銷,created,2,TWD,39129.0,50.0,2026-07-03T03:04:51+08:00,2026-08-17,2026-07-03T07:19:51+08:00
ORD00111437,M006122,P00064,web,paid,1,TWD,20815.0,950.0,2026-07-03T05:50:49+08:00,2026-08-21,2026-07-03T10:07:49+08:00
ORD00108867,M007749,P00116,web,paid,4,TWD,336212.0,700.0,2026-07-03T06:06:48+08:00,2026-09-24,2026-07-05T09:21:48+08:00
ORD00109645,M007474,P00151,門市,paid,3,USD,7914.29,200.0,2026-07-03T12:25:20+08:00,2026-09-28,2026-07-04T21:07:20+08:00
ORD00109049,M005553,P00178,web,created,4,TWD,160800.0,800.0,2026-07-03T09:33:43+08:00,2026-10-18,2026-07-03T22:52:43+08:00
ORD00108889,M006349,P00177,電銷,created,2,TWD,44351.0,100.0,2026-07-03T02:04:23+08:00,2026-10-10,2026-07-03T16:07:23+08:00
ORD00111663,M001140,P00106,電銷,paid,2,TWD,104959.0,650.0,2026-07-03T02:57:33+08:00,2026-09-23,2026-07-04T08:29:33+08:00
ORD00108657,M005364,P00081,app,created,2,TWD,258587.0,100.0,2026-07-03T22:53:29+08:00,2026-09-24,2026-07-05T13:15:29+08:00
ORD00110902,M002288,P00183,門市,created,3,TWD,422205.0,950.0,2026-07-03T15:00:06+08:00,2026-08-09,2026-07-05T10:34:06+08:00
ORD00111596,M003787,P00201,web,paid,1,USD,3216.39,350.0,2026-07-03T09:45:13+08:00,2026-08-21,2026-07-04T19:02:13+08:00
ORD00108327,M001013,P00196,電銷,paid,1,TWD,44403.0,500.0,2026-07-03T12:53:48+08:00,2026-10-18,2026-07-05T16:54:48+08:00
ORD00111962,M003010,P00218,app,paid,4,TWD,135643.0,900.0,2026-07-03T17:06:06+08:00,2026-08-11,2026-07-05T08:08:06+08:00
ORD00110240,M002517,P00128,app,paid,1,USD,5058.65,400.0,2026-07-03T15:12:25+08:00,2026-08-12,2026-07-05T08:59:25+08:00
ORD00108398,M002036,P00298,app,paid,2,TWD,205787.0,0.0,2026-07-03T22:14:18+08:00,2026-10-18,2026-07-06T01:01:18+08:00
ORD00111281,M007261,P00111,門市,paid,4,TWD,406016.0,950.0,2026-07-03T20:45:08+08:00,2026-08-12,2026-07-05T23:27:08+08:00
ORD00111994,M002426,P00019,門市,created,2,TWD,189626.0,150.0,2026-07-03T05:26:26+08:00,2026-07-23,2026-07-04T00:47:26+08:00
ORD00109911,M000240,P00080,電銷,paid,3,USD,13207.19,50.0,2026-07-03T23:22:45+08:00,2026-08-13,2026-07-04T09:33:45+08:00
ORD00110787,M000807,P00262,app,created,2,USD,14649.5,800.0,2026-07-03T11:03:55+08:00,2026-09-11,2026-07-05T18:52:55+08:00
ORD00109427,M007530,P00298,門市,paid,4,TWD,437556.0,600.0,2026-07-03T05:23:24+08:00,2026-09-14,2026-07-03T16:24:24+08:00
ORD00110842,M000270,P00129,電銷,created,4,USD,18626.24,400.0,2026-07-03T06:56:20+08:00,2026-10-08,2026-07-03T22:07:20+08:00
ORD00108863,M005907,P00182,電銷,paid,2,TWD,12962.0,200.0,2026-07-03T17:43:13+08:00,2026-09-19,2026-07-06T03:15:13+08:00
ORD00081273,M003020,P00180,門市,cancelled,4,TWD,400486.0,400.0,2026-06-02T07:05:40+08:00,2026-07-29,2026-07-03T19:26:07+08:00
ORD00109233,M003749,P00225,app,paid,3,USD,4490.51,500.0,2026-07-03T23:47:25+08:00,2026-09-27,2026-07-05T14:55:25+08:00
ORD00111766,M000098,P00182,app,paid,1,USD,203.39,350.0,2026-07-03T02:26:16+08:00,2026-09-20,2026-07-03T20:34:16+08:00
ORD00022811,M006758,P00086,電銷,completed,1,JPY,81714.0,600.0,2026-05-10T01:39:15+08:00,2026-07-29,2026-07-03T13:15:11+08:00
ORD00111560,M004346,P00275,門市,created,3,TWD,228710.0,950.0,2026-07-03T20:44:33+08:00,2026-07-10,2026-07-04T02:00:33+08:00
ORD00038671,M006337,P00285,app,completed,2,TWD,249033.0,600.0,2026-06-30T13:52:37+08:00,2026-08-01,2026-07-03T03:02:59+08:00
ORD00111115,M004142,P00099,app,created,3,TWD,485440.0,0.0,2026-07-03T03:43:00+08:00,2026-09-05,2026-07-03T15:55:00+08:00
ORD00109216,M001006,P00010,web,created,1,TWD,123574.0,400.0,2026-07-03T23:36:05+08:00,2026-08-20,2026-07-05T08:51:05+08:00
ORD00109134,M002235,P00232,web,created,3,TWD,694100.0,700.0,2026-07-03T08:18:42+08:00,2026-10-25,2026-07-03T09:44:42+08:00
ORD00111020,M002586,P00263,web,paid,2,TWD,225617.0,50.0,2026-07-03T05:20:48+08:00,2026-07-15,2026-07-05T11:21:48+08:00
ORD00108319,M003748,P00100,電銷,paid,3,JPY,2191372.0,600.0,2026-07-03T18:23:19+08:00,2026-10-21,2026-07-03T19:06:19+08:00
ORD00006916,M007836,P00083,門市,completed,4,TWD,509313.0,200.0,2026-06-10T20:54:17+08:00,2026-07-18,2026-07-03T11:27:06+08:00
ORD00111923,M001454,P00215,門市,paid,4,USD,5457.81,450.0,2026-07-03T04:21:17+08:00,2026-07-30,2026-07-05T13:37:17+08:00
ORD00109510,M001722,P00278,門市,created,2,TWD,324631.0,50.0,2026-07-03T18:19:57+08:00,2026-10-29,2026-07-04T22:05:57+08:00
ORD00111166,M002447,P00119,門市,paid,3,TWD,547144.0,600.0,2026-07-03T09:05:19+08:00,2026-07-18,2026-07-05T22:52:19+08:00
ORD00110242,M007483,P00207,app,paid,4,TWD,315878.0,950.0,2026-07-03T06:46:23+08:00,2026-09-04,2026-07-03T12:39:23+08:00
ORD00109102,M006225,P00162,門市,paid,4,TWD,33793.0,850.0,2026-07-03T22:06:23+08:00,2026-09-16,2026-07-06T16:04:23+08:00
ORD00108278,M002600,P00178,門市,paid,1,TWD,42407.0,450.0,2026-07-03T10:48:54+08:00,2026-10-15,2026-07-03T12:08:54+08:00
ORD00008167,M005312,P00110,web,completed,4,TWD,706521.0,850.0,2026-05-06T11:49:15+08:00,2026-06-12,2026-07-03T17:34:19+08:00
ORD00110644,M001885,P00207,門市,paid,4,USD,11238.22,100.0,2026-07-03T15:02:46+08:00,2026-10-07,2026-07-04T13:53:46+08:00
ORD00110937,M001858,P00045,app,paid,2,TWD,18824.0,800.0,2026-07-03T21:28:22+08:00,2026-08-08,2026-07-05T09:17:22+08:00
ORD00110556,M002573,P00274,電銷,created,2,TWD,188242.0,800.0,2026-07-03T05:27:10+08:00,2026-08-12,2026-07-05T08:40:10+08:00
ORD00004504,M007188,P00167,電銷,completed,1,TWD,119270.0,250.0,2026-06-23T08:00:14+08:00,2026-07-13,2026-07-03T03:24:23+08:00
ORD00110218,M003164,P00254,門市,created,1,TWD,3691.0,150.0,2026-07-03T21:59:45+08:00,2026-09-11,2026-07-06T10:59:45+08:00
ORD00109800,M007326,P00161,電銷,paid,2,USD,9792.99,0.0,2026-07-03T11:17:26+08:00,2026-08-14,2026-07-05T00:34:26+08:00
ORD00109089,M006879,P00235,門市,paid,3,TWD,231132.0,850.0,2026-07-03T07:45:53+08:00,2026-09-08,2026-07-05T18:19:53+08:00
ORD00111109,M000689,P00164,web,paid,1,JPY,165253.0,450.0,2026-07-03T11:11:49+08:00,2026-07-27,2026-07-04T23:54:49+08:00
ORD00108881,M002735,P00067,門市,created,3,USD,8840.25,700.0,2026-07-03T19:10:36+08:00,2026-10-01,2026-07-04T11:31:36+08:00
ORD00042596,M000747,P00216,web,completed,2,TWD,19324.0,400.0,2026-05-15T16:58:03+08:00,2026-06-11,2026-07-03T02:35:47+08:00
ORD00111278,M000693,P00185,web,paid,2,TWD,432706.0,850.0,2026-07-03T00:40:07+08:00,2026-09-27,2026-07-03T21:45:07+08:00
ORD00109818,M005575,P00170,電銷,created,3,TWD,199301.0,900.0,2026-07-03T14:57:37+08:00,2026-10-16,2026-07-03T18:44:37+08:00
ORD00110570,M000331,P00294,app,paid,2,JPY,1269194.0,450.0,2026-07-03T11:45:03+08:00,2026-07-13,2026-07-05T03:56:03+08:00
ORD00110801,M004105,P00144,app,paid,4,USD,15208.2,50.0,2026-07-03T08:47:58+08:00,2026-09-19,2026-07-05T01:49:58+08:00
ORD00111173,M002364,P00080,電銷,paid,1,TWD,134330.0,800.0,2026-07-03T15:46:38+08:00,2026-09-16,2026-07-03T22:55:38+08:00
ORD00067139,M000969,P00236,web,cancelled,1,TWD,161439.0,200.0,2026-05-08T23:45:00+08:00,2026-06-28,2026-07-03T22:36:36+08:00
ORD00110279,M004142,P00215,門市,paid,3,TWD,120768.0,900.0,2026-07-03T00:12:08+08:00,2026-09-19,2026-07-05T10:24:08+08:00
ORD00111779,M004310,P00051,門市,paid,4,TWD,594399.0,850.0,2026-07-03T15:56:35+08:00,2026-08-12,2026-07-03T20:11:35+08:00
ORD00109264,M007646,P00156,門市,paid,1,TWD,197765.0,650.0,2026-07-03T11:36:26+08:00,2026-08-11,2026-07-06T03:49:26+08:00
ORD00080567,M004867,P00116,app,completed,2,TWD,144707.0,450.0,2026-06-04T17:37:53+08:00,2026-08-07,2026-07-03T08:42:57+08:00
ORD00111427,M004420,P00139,電銷,created,1,JPY,570434.0,850.0,2026-07-03T13:47:51+08:00,2026-07-10,2026-07-05T16:29:51+08:00
ORD00109971,M001055,P00181,門市,paid,3,TWD,55741.0,50.0,2026-07-03T16:51:08+08:00,2026-08-20,2026-07-03T21:05:08+08:00
ORD00111648,M000921,P00204,app,paid,1,TWD,188842.0,800.0,2026-07-03T17:05:53+08:00,2026-08-12,2026-07-05T13:43:53+08:00
ORD00109927,M006741,P00294,web,created,1,TWD,151378.0,200.0,2026-07-03T01:13:14+08:00,2026-10-03,2026-07-03T14:33:14+08:00
ORD00109782,M003971,P00010,門市,created,3,JPY,1901461.0,350.0,2026-07-03T19:39:38+08:00,2026-07-26,2026-07-05T11:21:38+08:00
ORD00108300,M001902,P00095,門市,paid,4,TWD,658204.0,350.0,2026-07-03T15:09:35+08:00,2026-07-26,2026-07-05T21:55:35+08:00
ORD00110806,M000733,P00225,web,paid,4,TWD,198348.0,550.0,2026-07-03T00:34:06+08:00,2026-09-06,2026-07-04T17:17:06+08:00
ORD00109461,M001514,P00198,web,paid,1,TWD,28340.0,800.0,2026-07-03T10:19:29+08:00,2026-10-27,2026-07-05T06:07:29+08:00
ORD00111883,M005130,P00042,門市,paid,2,TWD,274572.0,700.0,2026-07-03T07:27:06+08:00,2026-09-22,2026-07-05T12:36:06+08:00
ORD00077577,M001026,P00207,web,completed,3,TWD,245523.0,850.0,2026-06-10T06:18:03+08:00,2026-10-05,2026-07-03T05:06:47+08:00
ORD00109617,M004897,P00257,app,paid,1,TWD,37401.0,0.0,2026-07-03T00:42:42+08:00,2026-08-31,2026-07-05T16:39:42+08:00
ORD00110576,M005587,P00164,門市,created,3,USD,2916.18,800.0,2026-07-03T14:51:04+08:00,2026-09-04,2026-07-05T18:39:04+08:00
ORD00111350,M000371,P00104,web,paid,3,USD,243.27,550.0,2026-07-03T17:33:29+08:00,2026-09-30,2026-07-06T05:26:29+08:00
ORD00111078,M007783,P00190,門市,paid,4,USD,20949.33,650.0,2026-07-03T19:10:02+08:00,2026-09-17,2026-07-05T03:28:02+08:00
ORD00108981,M001039,P00165,web,paid,2,USD,4749.21,700.0,2026-07-03T14:39:16+08:00,2026-09-11,2026-07-03T15:09:16+08:00
ORD00090282,M002396,P00185,電銷,cancelled,2,TWD,320858.0,400.0,2026-06-29T03:57:24+08:00,2026-08-04,2026-07-03T08:16:17+08:00
ORD00111656,M004364,P00136,電銷,paid,3,TWD,58195.0,500.0,2026-07-03T02:47:13+08:00,2026-08-29,2026-07-04T05:49:13+08:00
ORD00108830,M002990,P00251,web,created,3,TWD,357659.0,100.0,2026-07-03T13:04:38+08:00,2026-09-03,2026-07-05T09:03:38+08:00
ORD00111773,M000264,P00103,app,paid,3,TWD,69385.0,400.0,2026-07-03T10:05:32+08:00,2026-10-09,2026-07-03T19:39:32+08:00
ORD00026650,M007452,P00204,門市,completed,3,USD,14318.04,550.0,2026-05-17T19:21:16+08:00,2026-05-31,2026-07-03T03:03:09+08:00
ORD00000187,M003146,P00107,門市,completed,3,TWD,528019.0,600.0,2026-05-24T12:02:00+08:00,2026-06-13,2026-07-03T19:24:13+08:00
ORD00108415,M006948,P00235,電銷,paid,3,TWD,213620.0,0.0,2026-07-03T06:32:52+08:00,2026-10-02,2026-07-04T21:30:52+08:00
ORD00098347,M002991,P00188,門市,cancelled,2,USD,3776.87,100.0,2026-05-22T00:26:58+08:00,2026-09-11,2026-07-03T07:09:59+08:00
ORD00110921,M002882,P00012,電銷,paid,1,TWD,77217.0,650.0,2026-07-03T00:16:44+08:00,2026-10-19,2026-07-05T17:56:44+08:00
ORD00025559,M003156,P00071,電銷,completed,3,TWD,134753.0,200.0,2026-05-23T18:10:24+08:00,2026-06-14,2026-07-03T00:59:23+08:00
ORD00108397,M006011,P00070,app,paid,1,TWD,122065.0,850.0,2026-07-03T17:10:15+08:00,2026-10-19,2026-07-06T08:04:15+08:00
ORD00111554,M003244,P00130,門市,paid,4,TWD,773799.0,900.0,2026-07-03T20:57:45+08:00,2026-10-18,2026-07-05T02:25:45+08:00
ORD00049644,M000994,P00185,web,completed,2,TWD,370080.0,450.0,2026-06-29T17:31:31+08:00,2026-08-23,2026-07-03T08:49:31+08:00
ORD00109986,M003500,P00172,web,paid,4,TWD,686900.0,600.0,2026-07-03T22:21:35+08:00,2026-09-21,2026-07-05T07:58:35+08:00
ORD00109327,M003947,P00099,app,paid,1,TWD,129733.0,350.0,2026-07-03T21:51:50+08:00,2026-10-18,2026-07-06T13:55:50+08:00
ORD00111317,M000064,P00078,電銷,created,1,TWD,135655.0,750.0,2026-07-03T06:44:32+08:00,2026-07-23,2026-07-05T21:58:32+08:00
ORD00110295,M001906,P00136,web,created,2,USD,1127.41,700.0,2026-07-03T18:53:59+08:00,2026-10-24,2026-07-04T15:10:59+08:00
ORD00110769,M005183,P00087,門市,paid,1,USD,6450.22,400.0,2026-07-03T05:22:43+08:00,2026-10-25,2026-07-04T03:52:43+08:00
ORD00111231,M005803,P00178,web,created,2,USD,2208.57,800.0,2026-07-03T06:58:01+08:00,2026-09-29,2026-07-05T19:52:01+08:00
ORD00109388,M003993,P00114,電銷,paid,3,TWD,289830.0,450.0,2026-07-03T01:53:05+08:00,2026-09-11,2026-07-03T09:45:05+08:00
ORD00111195,M004367,P00063,web,paid,3,JPY,2388150.0,750.0,2026-07-03T13:36:07+08:00,2026-10-09,2026-07-05T17:52:07+08:00
ORD00108382,M000427,P00041,app,paid,3,TWD,22812.0,450.0,2026-07-03T07:18:53+08:00,2026-08-17,2026-07-05T20:19:53+08:00
ORD00111220,M003134,P00284,web,paid,2,TWD,332189.0,350.0,2026-07-03T07:47:34+08:00,2026-07-24,2026-07-03T11:23:34+08:00
ORD00110613,M004834,P00284,門市,created,2,USD,11027.45,950.0,2026-07-03T07:36:32+08:00,2026-08-27,2026-07-03T23:19:32+08:00
ORD00109180,M000300,P00208,app,paid,1,TWD,199405.0,750.0,2026-07-03T05:32:56+08:00,2026-08-10,2026-07-04T01:17:56+08:00
ORD00108802,M000208,P00026,web,created,2,USD,6861.03,700.0,2026-07-03T16:33:16+08:00,2026-10-28,2026-07-04T18:51:16+08:00
ORD00108999,M002708,P00081,電銷,paid,4,USD,14062.74,700.0,2026-07-03T16:20:25+08:00,2026-09-19,2026-07-06T08:55:25+08:00
ORD00108720,M003094,P00184,web,paid,4,TWD,644983.0,500.0,2026-07-03T20:11:57+08:00,2026-10-24,2026-07-04T17:13:57+08:00
ORD00110158,M006646,P00227,app,paid,3,TWD,406315.0,900.0,2026-07-03T22:09:05+08:00,2026-08-08,2026-07-06T13:44:05+08:00
ORD00109828,M003987,P00009,門市,paid,3,TWD,222419.0,550.0,2026-07-03T04:01:55+08:00,2026-10-22,2026-07-03T04:59:55+08:00
ORD00110205,M000960,P00096,web,paid,4,TWD,27804.0,700.0,2026-07-03T05:49:28+08:00,2026-08-04,2026-07-04T19:55:28+08:00
ORD00110749,M007280,P00292,電銷,created,3,TWD,439585.0,50.0,2026-07-03T21:40:37+08:00,2026-09-28,2026-07-06T01:25:37+08:00
ORD00108048,M002558,P00149,電銷,paid,3,TWD,527457.0,200.0,2026-07-03T22:20:37+08:00,2026-09-07,2026-07-04T03:19:37+08:00
ORD00109475,M002516,P00067,web,paid,3,USD,10175.96,100.0,2026-07-03T08:48:56+08:00,2026-10-30,2026-07-05T08:41:56+08:00
ORD00111777,M005199,P00219,門市,paid,2,JPY,996389.0,350.0,2026-07-03T23:43:41+08:00,2026-09-17,2026-07-06T13:58:41+08:00
ORD00111022,M006788,P00084,app,paid,2,USD,3300.87,350.0,2026-07-03T12:20:39+08:00,2026-08-27,2026-07-04T03:51:39+08:00
ORD00111767,M006764,P00206,門市,paid,4,JPY,3954276.0,0.0,2026-07-03T06:11:57+08:00,2026-10-06,2026-07-04T08:55:57+08:00
ORD00111750,M004129,P00079,電銷,created,3,USD,4673.39,250.0,2026-07-03T13:22:36+08:00,2026-09-02,2026-07-03T23:33:36+08:00
ORD00111940,M001311,P00290,電銷,created,2,TWD,255954.0,800.0,2026-07-03T05:44:56+08:00,2026-09-18,2026-07-05T05:24:56+08:00
ORD00109788,M005226,P00226,電銷,created,4,JPY,1950087.0,350.0,2026-07-03T22:51:12+08:00,2026-08-12,2026-07-05T03:54:12+08:00
ORD00108306,M003049,P00154,電銷,paid,1,TWD,108458.0,250.0,2026-07-03T19:59:57+08:00,2026-07-21,2026-07-05T09:40:57+08:00
ORD00109336,M001335,P00156,app,created,2,JPY,1656250.0,350.0,2026-07-03T09:31:40+08:00,2026-10-27,2026-07-03T11:10:40+08:00
ORD00046549,M002235,P00213,電銷,cancelled,4,USD,16248.42,250.0,2026-05-13T15:58:36+08:00,2026-06-07,2026-07-03T16:18:27+08:00
ORD00108683,M000696,P00062,app,paid,2,JPY,1028596.0,600.0,2026-07-03T10:50:52+08:00,2026-10-16,2026-07-03T13:24:52+08:00
ORD00111093,M003952,P00016,app,paid,4,JPY,1775683.0,850.0,2026-07-03T16:51:20+08:00,2026-07-12,2026-07-04T20:56:20+08:00
ORD00109445,M001693,P00288,電銷,paid,2,TWD,29234.0,300.0,2026-07-03T13:24:31+08:00,2026-07-21,2026-07-05T01:14:31+08:00
ORD00042891,M007674,P00164,電銷,cancelled,2,TWD,72386.0,50.0,2026-05-20T14:32:52+08:00,2026-06-23,2026-07-03T13:20:38+08:00
ORD00108946,M007143,P00137,電銷,paid,3,JPY,2184980.0,250.0,2026-07-03T23:02:24+08:00,2026-10-18,2026-07-05T12:59:24+08:00
ORD00110691,M005121,P00235,app,paid,3,TWD,224665.0,650.0,2026-07-03T00:50:03+08:00,2026-10-21,2026-07-03T10:18:03+08:00
ORD00108177,M005540,P00128,app,created,4,TWD,667818.0,650.0,2026-07-03T10:28:01+08:00,2026-09-04,2026-07-05T18:10:01+08:00
ORD00110645,M002343,P00256,app,created,4,TWD,654164.0,950.0,2026-07-03T10:49:52+08:00,2026-08-21,2026-07-05T10:25:52+08:00
ORD00110327,M007218,P00037,web,paid,2,TWD,198583.0,350.0,2026-07-03T08:17:59+08:00,2026-10-21,2026-07-03T18:28:59+08:00
ORD00108824,M003523,P00254,門市,created,1,TWD,3117.0,300.0,2026-07-03T11:15:53+08:00,2026-08-18,2026-07-06T05:11:53+08:00
ORD00110785,M007190,P00194,門市,created,1,TWD,89712.0,50.0,2026-07-03T11:19:58+08:00,2026-10-23,2026-07-03T19:37:58+08:00
ORD00109405,M002038,P00175,電銷,created,2,TWD,28304.0,450.0,2026-07-03T13:22:32+08:00,2026-08-20,2026-07-03T18:40:32+08:00
ORD00025597,M005199,P00137,web,cancelled,3,TWD,422576.0,350.0,2026-06-14T12:13:30+08:00,2026-09-24,2026-07-03T02:25:56+08:00
ORD00110893,M006015,P00206,web,paid,2,TWD,290933.0,50.0,2026-07-03T11:48:53+08:00,2026-10-26,2026-07-05T06:29:53+08:00
ORD00024857,M002044,P00138,app,cancelled,4,TWD,283754.0,900.0,2026-05-16T14:51:17+08:00,2026-08-20,2026-07-03T06:12:27+08:00
ORD00065777,M007626,P00268,門市,completed,3,TWD,196085.0,250.0,2026-06-05T01:35:05+08:00,2026-07-09,2026-07-03T09:31:29+08:00
ORD00111318,M005763,P00120,門市,created,4,USD,13342.3,250.0,2026-07-03T20:51:50+08:00,2026-09-03,2026-07-04T10:28:50+08:00
ORD00109136,M006269,P00087,門市,paid,2,TWD,414160.0,200.0,2026-07-03T03:10:17+08:00,2026-09-27,2026-07-04T15:13:17+08:00
ORD00108501,M000198,P00127,門市,created,1,TWD,48655.0,150.0,2026-07-03T13:57:42+08:00,2026-08-10,2026-07-03T19:07:42+08:00
ORD00111749,M000228,P00001,app,paid,2,USD,8113.17,300.0,2026-07-03T13:48:34+08:00,2026-09-06,2026-07-06T02:00:34+08:00
ORD00108705,M003152,P00259,web,paid,1,TWD,139335.0,500.0,2026-07-03T06:48:03+08:00,2026-09-22,2026-07-03T22:44:03+08:00
ORD00109285,M001411,P00179,app,paid,1,USD,3756.87,550.0,2026-07-03T22:15:57+08:00,2026-08-20,2026-07-04T20:11:57+08:00
ORD00108851,M001677,P00224,web,paid,1,TWD,119448.0,600.0,2026-07-03T07:02:37+08:00,2026-07-12,2026-07-05T06:40:37+08:00
ORD00108232,M000679,P00294,門市,paid,4,TWD,518454.0,50.0,2026-07-03T05:07:25+08:00,2026-09-03,2026-07-04T19:21:25+08:00
ORD00108044,M005458,P00193,app,paid,3,TWD,440089.0,0.0,2026-07-03T04:35:31+08:00,2026-10-23,2026-07-03T16:36:31+08:00
ORD00082755,M000313,P00288,web,cancelled,3,TWD,32500.0,50.0,2026-05-03T14:39:57+08:00,2026-06-04,2026-07-03T03:09:47+08:00
ORD00076532,M000009,P00196,電銷,cancelled,3,JPY,669238.0,300.0,2026-05-11T11:36:56+08:00,2026-05-31,2026-07-03T06:59:46+08:00
ORD00109666,M003287,P00054,web,paid,2,TWD,259011.0,0.0,2026-07-03T15:38:34+08:00,2026-10-28,2026-07-04T19:03:34+08:00
ORD00109655,M002105,P00159,app,paid,2,TWD,97748.0,900.0,2026-07-03T09:47:56+08:00,2026-07-14,2026-07-05T05:24:56+08:00
ORD00109226,M007208,P00063,門市,paid,3,TWD,483502.0,800.0,2026-07-03T03:15:47+08:00,2026-09-13,2026-07-05T19:51:47+08:00
ORD00110916,M004521,P00291,web,paid,3,TWD,99232.0,600.0,2026-07-03T19:00:36+08:00,2026-09-14,2026-07-04T03:01:36+08:00
ORD00108470,M007260,P00206,電銷,created,1,TWD,153506.0,300.0,2026-07-03T12:38:08+08:00,2026-08-07,2026-07-05T03:49:08+08:00
ORD00109650,M007708,P00063,app,paid,2,JPY,2032041.0,600.0,2026-07-03T09:56:31+08:00,2026-09-18,2026-07-04T03:26:31+08:00
ORD00061985,M006027,P00243,web,completed,1,USD,4865.6,800.0,2026-05-07T16:47:21+08:00,2026-08-25,2026-07-03T21:47:41+08:00
ORD00073718,M004194,P00289,門市,cancelled,4,TWD,491395.0,100.0,2026-06-28T01:22:05+08:00,2026-09-11,2026-07-03T10:46:05+08:00
ORD00109286,M007798,P00188,門市,paid,1,TWD,61545.0,700.0,2026-07-03T00:49:00+08:00,2026-07-29,2026-07-04T22:55:00+08:00
ORD00110737,M000528,P00076,電銷,paid,3,JPY,67730.0,150.0,2026-07-03T08:16:22+08:00,2026-07-19,2026-07-06T01:13:22+08:00
ORD00111293,M007149,P00102,電銷,created,4,TWD,169360.0,100.0,2026-07-03T03:52:59+08:00,2026-09-27,2026-07-03T11:17:59+08:00
ORD00108494,M004837,P00105,web,created,1,TWD,64376.0,900.0,2026-07-03T08:20:23+08:00,2026-08-12,2026-07-03T23:42:23+08:00
ORD00076203,M004634,P00201,門市,completed,3,JPY,1718127.0,500.0,2026-05-04T10:42:00+08:00,2026-05-21,2026-07-03T07:13:34+08:00
ORD00111213,M001281,P00097,app,created,2,JPY,1411300.0,200.0,2026-07-03T02:26:47+08:00,2026-07-29,2026-07-03T20:48:47+08:00
ORD00109246,M006678,P00167,web,paid,2,TWD,303442.0,550.0,2026-07-03T18:11:47+08:00,2026-10-07,2026-07-05T20:55:47+08:00
ORD00030464,M001641,P00044,web,completed,4,TWD,158385.0,0.0,2026-05-22T15:30:05+08:00,2026-08-01,2026-07-03T23:24:25+08:00
ORD00109059,M003990,P00030,門市,paid,2,JPY,1407927.0,200.0,2026-07-03T15:07:02+08:00,2026-10-21,2026-07-06T07:03:02+08:00
ORD00108507,M001301,P00092,web,paid,4,TWD,788764.0,600.0,2026-07-03T10:25:02+08:00,2026-08-15,2026-07-03T20:38:02+08:00
ORD00109616,M000438,P00181,門市,paid,1,JPY,88065.0,300.0,2026-07-03T12:20:19+08:00,2026-09-18,2026-07-05T18:34:19+08:00
ORD00108633,M006712,P00203,app,paid,4,USD,17881.76,600.0,2026-07-03T16:05:30+08:00,2026-08-15,2026-07-04T14:47:30+08:00
ORD00109648,M002766,P00139,web,created,1,TWD,131337.0,200.0,2026-07-03T09:11:21+08:00,2026-09-28,2026-07-05T08:49:21+08:00
ORD00109036,M007330,P00053,電銷,created,4,TWD,349102.0,850.0,2026-07-03T05:21:11+08:00,2026-09-22,2026-07-04T07:54:11+08:00
ORD00110912,M004383,P00120,門市,created,2,TWD,233200.0,400.0,2026-07-03T05:32:07+08:00,2026-08-14,2026-07-06T00:07:07+08:00
ORD00094084,M007670,P00086,web,completed,4,TWD,75561.0,500.0,2026-05-17T10:36:10+08:00,2026-06-07,2026-07-03T01:59:44+08:00
ORD00108752,M007182,P00083,門市,paid,1,TWD,142708.0,150.0,2026-07-03T06:04:15+08:00,2026-07-17,2026-07-03T19:29:15+08:00
ORD00110936,M003101,P00249,門市,paid,4,TWD,264529.0,550.0,2026-07-03T14:45:59+08:00,2026-08-12,2026-07-05T00:31:59+08:00
ORD00111082,M002026,P00130,電銷,paid,3,TWD,625886.0,450.0,2026-07-03T20:46:25+08:00,2026-09-04,2026-07-04T06:07:25+08:00
ORD00108348,M001723,P00225,web,paid,1,TWD,50199.0,550.0,2026-07-03T11:55:52+08:00,2026-09-29,2026-07-04T07:56:52+08:00
ORD00109347,M002063,P00216,app,paid,4,TWD,45103.0,50.0,2026-07-03T16:31:16+08:00,2026-09-21,2026-07-06T02:09:16+08:00
ORD00110206,M005080,P00069,app,paid,2,TWD,362096.0,850.0,2026-07-03T21:28:11+08:00,2026-07-21,2026-07-04T08:13:11+08:00
ORD00108171,M002408,P00140,app,paid,4,USD,6093.04,600.0,2026-07-03T16:01:54+08:00,2026-10-22,2026-07-05T22:26:54+08:00
ORD00111867,M004749,P00139,門市,paid,1,USD,4305.82,750.0,2026-07-03T20:51:04+08:00,2026-08-01,2026-07-05T16:49:04+08:00
ORD00111941,M002118,P00063,app,created,3,USD,16853.43,300.0,2026-07-03T20:08:16+08:00,2026-08-20,2026-07-05T02:57:16+08:00
ORD00058857,M005578,P00040,電銷,cancelled,2,TWD,145999.0,150.0,2026-05-05T13:59:33+08:00,2026-05-16,2026-07-03T17:49:28+08:00
ORD00109777,M005052,P00279,電銷,created,3,TWD,351350.0,200.0,2026-07-03T13:11:50+08:00,2026-08-21,2026-07-04T23:05:50+08:00
ORD00110657,M003820,P00176,門市,created,2,TWD,316340.0,50.0,2026-07-03T15:21:27+08:00,2026-10-09,2026-07-05T19:31:27+08:00
ORD00109561,M007923,P00216,電銷,paid,2,TWD,21206.0,300.0,2026-07-03T13:48:20+08:00,2026-08-28,2026-07-04T14:31:20+08:00
ORD00108112,M006721,P00285,門市,paid,2,TWD,232752.0,150.0,2026-07-03T06:34:21+08:00,2026-09-17,2026-07-05T19:21:21+08:00
ORD00108708,M003980,P00260,app,paid,1,TWD,110427.0,100.0,2026-07-03T18:37:04+08:00,2026-10-21,2026-07-04T07:13:04+08:00
ORD00109290,M002683,P00113,app,paid,2,TWD,279122.0,350.0,2026-07-03T09:46:45+08:00,2026-08-20,2026-07-04T21:16:45+08:00
ORD00109373,M000637,P00124,web,created,2,TWD,67604.0,700.0,2026-07-03T15:40:48+08:00,2026-08-10,2026-07-06T02:23:48+08:00
ORD00110948,M001096,P00065,門市,paid,4,USD,22058.37,250.0,2026-07-03T21:56:28+08:00,2026-08-04,2026-07-05T23:29:28+08:00
ORD00109675,M005604,P00229,web,paid,1,TWD,158565.0,600.0,2026-07-03T12:36:58+08:00,2026-08-18,2026-07-04T19:44:58+08:00
ORD00108354,M001369,P00190,app,paid,4,TWD,881799.0,900.0,2026-07-03T14:02:19+08:00,2026-07-16,2026-07-05T13:48:19+08:00
ORD00110965,M006804,P00028,門市,paid,3,TWD,323676.0,100.0,2026-07-03T14:37:00+08:00,2026-08-06,2026-07-04T12:14:00+08:00
ORD00111860,M006020,P00026,電銷,paid,4,TWD,500307.0,900.0,2026-07-03T15:55:17+08:00,2026-08-14,2026-07-04T10:05:17+08:00
