order_id,member_id,product_id,channel,order_status,quantity,currency,amount,coupon_discount,order_created_at,departure_date,updated_at
ORD00105047,M005870,P00083,web,created,1,TWD,124601.0,750.0,2026-07-02T17:48:05+08:00,2026-09-24,2026-07-03T11:53:05+08:00
ORD00106713,M001022,P00158,web,paid,1,TWD,40181.0,450.0,2026-07-02T03:11:45+08:00,2026-09-15,2026-07-04T06:58:45+08:00
ORD00025845,M006463,P00019,web,completed,1,TWD,107542.0,800.0,2026-05-27T03:17:10+08:00,2026-09-04,2026-07-02T06:39:46+08:00
ORD00106201,M003977,P00260,電銷,created,2,TWD,278498.0,750.0,2026-07-02T20:54:30+08:00,2026-07-23,2026-07-04T03:48:30+08:00
ORD00092697,M003256,P00088,電銷,completed,2,TWD,160452.0,250.0,2026-06-01T13:36:47+08:00,2026-06-22,2026-07-02T09:05:48+08:00
ORD00104949,M003582,P00181,門市,paid,2,TWD,30595.0,500.0,2026-07-02T09:24:44+08:00,2026-10-26,2026-07-03T21:39:44+08:00
ORD00107646,M000012,P00128,門市,paid,3,TWD,434697.0,100.0,2026-07-02T10:26:23+08:00,2026-08-13,2026-07-04T04:04:23+08:00
ORD00107528,M001844,P00098,電銷,created,3,TWD,453375.0,800.0,2026-07-02T20:42:07+08:00,2026-10-09,2026-07-05T07:03:07+08:00
ORD00107480,M007138,P00053,app,created,4,JPY,1318371.0,400.0,2026-07-02T22:30:44+08:00,2026-09-14,2026-07-04T22:37:44+08:00
ORD00099801,M002211,P00064,電銷,cancelled,4,JPY,541526.0,500.0,2026-06-12T13:23:29+08:00,2026-07-29,2026-07-02T02:38:58+08:00
ORD00105500,M002159,P00055,web,created,2,TWD,227888.0,150.0,2026-07-02T06:46:49+08:00,2026-07-28,2026-07-04T06:56:49+08:00
ORD00107523,M002314,P00137,電銷,created,3,TWD,374150.0,250.0,2026-07-02T14:57:02+08:00,2026-09-11,2026-07-04T01:43:02+08:00
ORD00062728,M003438,P00091,app,cancelled,3,TWD,349349.0,700.0,2026-06-19T04:18:52+08:00,2026-10-03,2026-07-02T04:57:35+08:00
ORD00104987,M004353,P00266,門市,paid,2,TWD,27668.0,50.0,2026-07-02T15:21:50+08:00,2026-07-30,2026-07-03T11:35:50+08:00
ORD00107808,M003357,P00128,電銷,paid,3,TWD,554763.0,100.0,2026-07-02T18:41:07+08:00,2026-08-01,2026-07-04T20:44:07+08:00
ORD00112026,M000699,P00118,電銷,paid,3,JPY,1668197.0,250.0,2026-06-15T14:33:02+08:00,2026-09-08,2026-07-02T19:45:53+08:00
ORD00104895,M002570,P00165,電銷,paid,3,USD,6237.67,350.0,2026-07-02T04:56:28+08:00,2026-09-01,2026-07-02T05:49:28+08:00
ORD00106837,M006406,P00063,web,paid,4,TWD,845843.0,950.0,2026-07-02T02:41:33+08:00,2026-08-16,2026-07-02T14:51:33+08:00
ORD00107400,M005286,P00178,web,paid,1,TWD,42133.0,100.0,2026-07-02T08:50:43+08:00,2026-08-07,2026-07-03T14:21:43+08:00
ORD00105829,M004884,P00174,門市,paid,3,TWD,70764.0,100.0,2026-07-02T06:39:34+08:00,2026-10-13,2026-07-04T15:49:34+08:00
ORD00099134,M003173,P00099,web,completed,4,USD,15856.22,550.0,2026-05-08T09:16:09+08:00,2026-08-16,2026-07-02T17:21:56+08:00
ORD00106500,M003979,P00226,app,paid,4,TWD,362956.0,550.0,2026-07-02T03:34:01+08:00,2026-09-06,2026-07-03T01:21:01+08:00
ORD00106825,M002823,P00177,門市,created,4,USD,2550.34,200.0,2026-07-02T09:58:37+08:00,2026-07-26,2026-07-03T14:41:37+08:00
ORD00105957,M007321,P00117,門市,created,3,JPY,2719194.0,900.0,2026-07-02T18:55:48+08:00,2026-08-27,2026-07-03T06:00:48+08:00
ORD00107516,M006045,P00297,web,paid,2,JPY,1013428.0,800.0,2026-07-02T09:12:42+08:00,2026-07-11,2026-07-04T11:17:42+08:00
ORD00107181,M004887,P00173,電銷,paid,1,JPY,34972.0,700.0,2026-07-02T19:23:53+08:00,2026-10-16,2026-07-04T02:00:53+08:00
ORD00105052,M002404,P00268,web,paid,1,TWD,59357.0,450.0,2026-07-02T19:48:24+08:00,2026-10-08,2026-07-04T00:17:24+08:00
ORD00106318,M007876,P00086,電銷,created,3,TWD,69211.0,350.0,2026-07-02T17:15:17+08:00,2026-07-25,2026-07-04T01:05:17+08:00
ORD00043894,M002085,P00166,app,cancelled,1,TWD,221497.0,800.0,2026-06-16T08:49:19+08:00,2026-07-07,2026-07-02T15:01:06+08:00
ORD00105705,M006773,P00297,app,paid,4,JPY,2570292.0,850.0,2026-07-02T06:04:26+08:00,2026-10-06,2026-07-03T17:13:26+08:00
ORD00107039,M000615,P00020,門市,created,4,USD,6619.87,450.0,2026-07-02T17:12:00+08:00,2026-10-14,2026-07-04T09:40:00+08:00
ORD00107406,M002733,P00221,app,paid,4,TWD,469634.0,100.0,2026-07-02T12:50:46+08:00,2026-08-21,2026-07-02T17:00:46+08:00
ORD00106352,M007333,P00200,app,paid,4,USD,18825.68,650.0,2026-07-02T00:24:00+08:00,2026-10-25,2026-07-04T00:16:00+08:00
ORD00107468,M007393,P00207,電銷,created,4,USD,8884.2,650.0,2026-07-02T08:26:26+08:00,2026-10-07,2026-07-02T20:24:26+08:00
ORD00105449,M001619,P00142,電銷,paid,2,JPY,1762528.0,100.0,2026-07-02T10:34:50+08:00,2026-09-10,2026-07-04T16:55:50+08:00
ORD00104197,M005022,P00273,web,paid,3,TWD,263247.0,650.0,2026-07-02T13:59:15+08:00,2026-10-20,2026-07-05T00:31:15+08:00
ORD00105250,M002473,P00204,app,paid,4,USD,24064.08,500.0,2026-07-02T17:32:24+08:00,2026-10-07,2026-07-03T03:21:24+08:00
ORD00107620,M003003,P00043,app,created,2,TWD,272058.0,450.0,2026-07-02T01:14:54+08:00,2026-07-29,2026-07-03T10:39:54+08:00
ORD00107930,M005372,P00145,電銷,created,1,TWD,79120.0,50.0,2026-07-02T20:29:21+08:00,2026-08-06,2026-07-04T05:27:21+08:00
ORD00106537,M006996,P00037,門市,paid,4,TWD,385414.0,900.0,2026-07-02T09:26:09+08:00,2026-10-07,2026-07-03T12:34:09+08:00
ORD00105314,M000492,P00053,app,paid,4,TWD,373915.0,900.0,2026-07-02T09:19:35+08:00,2026-08-11,2026-07-04T15:18:35+08:00
ORD00107683,M003640,P00219,web,created,4,TWD,444748.0,250.0,2026-07-02T16:18:26+08:00,2026-09-03,2026-07-04T02:23:26+08:00
ORD00106336,M001172,P00096,app,paid,4,TWD,29697.0,200.0,2026-07-02T19:17:18+08:00,2026-07-21,2026-07-03T14:31:18+08:00
ORD00106030,M006872,P00270,電銷,paid,4,TWD,90333.0,900.0,2026-07-02T03:10:09+08:00,2026-10-26,2026-07-04T19:43:09+08:00
ORD00104110,M005312,P00208,web,created,2,TWD,343549.0,700.0,2026-07-02T02:05:18+08:00,2026-07-19,2026-07-04T10:51:18+08:00
ORD00105334,M001119,P00106,web,paid,4,USD,5393.65,600.0,2026-07-02T22:54:09+08:00,2026-10-29,2026-07-03T12:40:09+08:00
ORD00105493,M007541,P00162,門市,created,3,USD,670.35,700.0,2026-07-02T14:59:53+08:00,2026-10-03,2026-07-02T16:06:53+08:00
ORD00107081,M000877,P00122,門市,paid,3,TWD,484977.0,100.0,2026-07-02T07:44:33+08:00,2026-08-01,2026-07-04T06:31:33+08:00
ORD00106519,M004574,P00125,web,created,1,TWD,45308.0,550.0,2026-07-02T23:46:56+08:00,2026-09-05,2026-07-05T18:08:56+08:00
ORD00105424,M002248,P00261,門市,created,2,JPY,57083.0,400.0,2026-07-02T11:21:56+08:00,2026-07-13,2026-07-03T14:34:56+08:00
ORD00104418,M000304,P00159,電銷,created,3,JPY,592491.0,950.0,2026-07-02T01:12:20+08:00,2026-08-09,2026-07-03T09:45:20+08:00
ORD00106777,M001603,P00104,app,created,2,TWD,7499.0,0.0,2026-07-02T12:06:57+08:00,2026-10-04,2026-07-03T11:43:57+08:00
ORD00106055,M004894,P00173,門市,paid,3,TWD,23431.0,950.0,2026-07-02T06:50:43+08:00,2026-09-23,2026-07-04T04:30:43+08:00
ORD00106864,M005127,P00027,web,created,2,TWD,283134.0,200.0,2026-07-02T09:51:08+08:00,2026-08-13,2026-07-03T01:45:08+08:00
ORD00106919,M006824,P00030,web,paid,4,JPY,2821860.0,350.0,2026-07-02T04:48:08+08:00,2026-08-06,2026-07-02T05:17:08+08:00
ORD00086737,M006122,P00059,電銷,completed,2,TWD,157195.0,150.0,2026-05-20T20:35:17+08:00,2026-07-10,2026-07-02T09:25:33+08:00
ORD00106908,M005614,P00288,門市,created,2,TWD,23175.0,750.0,2026-07-02T22:04:20+08:00,2026-10-27,2026-07-03T06:04:20+08:00
ORD00105281,M002825,P00292,電銷,created,1,TWD,172548.0,500.0,2026-07-02T17:48:45+08:00,2026-10-06,2026-07-05T00:25:45+08:00
ORD00013086,M001404,P00184,web,completed,2,TWD,292145.0,900.0,2026-06-18T21:39:52+08:00,2026-09-04,2026-07-02T20:37:26+08:00
ORD00104148,M006625,P00031,web,paid,2,TWD,398790.0,650.0,2026-07-02T22:47:12+08:00,2026-07-22,2026-07-03T12:27:12+08:00
ORD00105792,M002899,P00023,app,created,4,TWD,783206.0,500.0,2026-07-02T18:39:06+08:00,2026-09-13,2026-07-04T10:39:06+08:00
ORD00107867,M007793,P00009,門市,paid,4,TWD,288739.0,300.0,2026-07-02T17:33:36+08:00,2026-10-14,2026-07-02T22:41:36+08:00
ORD00107414,M005649,P00184,app,created,4,TWD,759010.0,150.0,2026-07-02T10:44:42+08:00,2026-08-27,2026-07-04T17:45:42+08:00
ORD00094824,M004019,P00213,門市,cancelled,3,USD,11580.51,400.0,2026-06-04T02:39:08+08:00,2026-07-13,2026-07-02T18:31:51+08:00
ORD00106359,M000470,P00192,電銷,paid,2,TWD,428609.0,150.0,2026-07-02T10:14:25+08:00,2026-09-13,2026-07-04T20:20:25+08:00
ORD00105525,M004978,P00003,電銷,paid,2,TWD,221597.0,400.0,2026-07-02T16:43:51+08:00,2026-09-27,2026-07-03T06:14:51+08:00
ORD00106819,M000316,P00204,電銷,paid,3,USD,17635.66,350.0,2026-07-02T21:30:00+08:00,2026-09-19,2026-07-04T16:56:00+08:00
ORD00104518,M005999,P00244,電銷,paid,4,USD,7557.36,500.0,2026-07-02T00:36:37+08:00,2026-08-14,2026-07-02T05:56:37+08:00
ORD00106702,M001705,P00088,web,created,1,TWD,78328.0,500.0,2026-07-02T05:06:38+08:00,2026-09-09,2026-07-04T11:53:38+08:00
ORD00106547,M006559,P00176,app,paid,3,USD,16794.93,50.0,2026-07-02T02:19:41+08:00,2026-09-27,2026-07-03T15:48:41+08:00
ORD00104745,M004083,P00119,app,created,3,TWD,455902.0,900.0,2026-07-02T11:13:31+08:00,2026-09-23,2026-07-04T00:32:31+08:00
ORD00105054,M003453,P00290,電銷,paid,1,TWD,123904.0,600.0,2026-07-02T09:27:11+08:00,2026-08-24,2026-07-03T05:15:11+08:00
ORD00104994,M005339,P00211,門市,paid,4,USD,11377.85,750.0,2026-07-02T07:28:12+08:00,2026-09-01,2026-07-02T12:57:12+08:00
ORD00099260,M007033,P00081,門市,cancelled,1,TWD,122876.0,0.0,2026-06-09T02:02:07+08:00,2026-08-05,2026-07-02T16:46:30+08:00
ORD00003136,M003980,P00227,門市,completed,4,JPY,2921885.0,500.0,2026-05-13T08:23:07+08:00,2026-08-10,2026-07-02T19:57:53+08:00
ORD00028498,M003722,P00224,門市,completed,3,TWD,282560.0,700.0,2026-05-06T04:06:47+08:00,2026-05-20,2026-07-02T11:45:44+08:00
ORD00105027,M001234,P00198,web,paid,3,JPY,377418.0,0.0,2026-07-02T18:04:39+08:00,2026-09-16,2026-07-02T20:11:39+08:00
ORD00107359,M001001,P00185,web,created,2,TWD,410072.0,850.0,2026-07-02T20:56:39+08:00,2026-08-14,2026-07-04T14:46:39+08:00
ORD00106325,M005476,P00245,app,paid,2,TWD,224462.0,150.0,2026-07-02T17:43:49+08:00,2026-08-30,2026-07-04T20:29:49+08:00
ORD00106465,M004073,P00135,app,paid,4,TWD,27980.0,0.0,2026-07-02T14:03:59+08:00,2026-07-27,2026-07-03T06:15:59+08:00
ORD00106052,M001627,P00013,門市,paid,3,JPY,2375786.0,950.0,2026-07-02T17:59:27+08:00,2026-10-22,2026-07-02T23:07:27+08:00
ORD00107441,M004584,P00007,web,paid,2,TWD,107363.0,800.0,2026-07-02T03:31:16+08:00,2026-10-10,2026-07-03T06:38:16+08:00
ORD00105606,M004345,P00049,電銷,created,1,USD,603.46,850.0,2026-07-02T20:41:47+08:00,2026-10-17,2026-07-05T00:31:47+08:00
ORD00105730,M005535,P00078,web,paid,3,JPY,1560676.0,950.0,2026-07-02T01:34:41+08:00,2026-09-06,2026-07-02T20:41:41+08:00
ORD00107370,M001639,P00126,電銷,created,3,TWD,81087.0,0.0,2026-07-02T04:35:59+08:00,2026-08-25,2026-07-04T12:09:59+08:00
ORD00042994,M006504,P00115,web,completed,2,TWD,251917.0,700.0,2026-05-30T22:09:12+08:00,2026-07-10,2026-07-02T11:37:17+08:00
ORD00104654,M005758,P00022,電銷,paid,4,TWD,184997.0,250.0,2026-07-02T00:24:06+08:00,2026-08-15,2026-07-04T01:19:06+08:00
ORD00104523,M006860,P00201,web,created,2,JPY,1168140.0,200.0,2026-07-02T02:03:54+08:00,2026-08-31,2026-07-03T13:57:54+08:00
ORD00104730,M000623,P00038,門市,created,1,TWD,17567.0,700.0,2026-07-02T02:06:51+08:00,2026-08-30,2026-07-02T14:22:51+08:00
ORD00106995,M005350,P00110,電銷,paid,2,TWD,409686.0,900.0,2026-07-02T04:37:11+08:00,2026-10-06,2026-07-02T23:02:11+08:00
ORD00107363,M002729,P00245,門市,created,3,TWD,404653.0,500.0,2026-07-02T01:26:19+08:00,2026-08-27,2026-07-02T08:30:19+08:00
ORD00022279,M007716,P00279,電銷,cancelled,1,TWD,81558.0,0.0,2026-05-11T22:31:56+08:00,2026-08-13,2026-07-02T04:48:16+08:00
ORD00106043,M004191,P00161,門市,paid,1,JPY,776604.0,900.0,2026-07-02T14:55:03+08:00,2026-08-03,2026-07-03T16:16:03+08:00
ORD00105948,M007318,P00177,app,paid,4,USD,2597.84,600.0,2026-07-02T03:53:05+08:00,2026-08-04,2026-07-03T17:57:05+08:00
ORD00104240,M004915,P00256,門市,paid,2,USD,11297.09,250.0,2026-07-02T08:27:47+08:00,2026-10-18,2026-07-03T12:10:47+08:00
ORD00107663,M005790,P00104,電銷,paid,4,USD,415.15,600.0,2026-07-02T23:10:46+08:00,2026-10-23,2026-07-03T13:26:46+08:00
ORD00107672,M003222,P00075,app,paid,3,TWD,71645.0,200.0,2026-07-02T15:21:37+08:00,2026-10-11,2026-07-03T21:53:37+08:00
ORD00107232,M005611,P00218,電銷,paid,2,TWD,57992.0,250.0,2026-07-02T06:04:56+08:00,2026-09-08,2026-07-02T22:01:56+08:00
ORD00060417,M007845,P00263,web,completed,2,TWD,244257.0,850.0,2026-06-18T02:34:49+08:00,2026-08-03,2026-07-02T18:10:27+08:00
ORD00105480,M003858,P00020,電銷,paid,4,USD,6359.3,650.0,2026-07-02T11:45:14+08:00,2026-07-13,2026-07-03T21:00:14+08:00
ORD00107903,M006953,P00106,電銷,paid,3,JPY,642988.0,900.0,2026-07-02T01:50:45+08:00,2026-08-23,2026-07-03T05:14:45+08:00
ORD00105180,M002606,P00006,門市,paid,2,TWD,289496.0,750.0,2026-07-02T18:30:03+08:00,2026-07-29,2026-07-02T20:35:03+08:00
ORD00104522,M000493,P00088,門市,created,4,TWD,265778.0,600.0,2026-07-02T23:00:31+08:00,2026-08-21,2026-07-05T02:35:31+08:00
ORD00107970,M003744,P00052,電銷,created,2,JPY,926197.0,550.0,2026-07-02T10:51:33+08:00,2026-08-21,2026-07-03T17:38:33+08:00
ORD00084261,M004896,P00255,門市,cancelled,4,TWD,775378.0,600.0,2026-05-02T21:08:01+08:00,2026-06-17,2026-07-02T16:39:44+08:00
ORD00104772,M005787,P00024,電銷,created,2,TWD,166380.0,950.0,2026-07-02T21:09:58+08:00,2026-08-09,2026-07-04T09:36:58+08:00
ORD00105733,M002509,P00088,app,paid,2,TWD,132492.0,900.0,2026-07-02T03:20:02+08:00,2026-09-25,2026-07-04T12:26:02+08:00
ORD00105464,M005636,P00216,web,created,4,TWD,44400.0,600.0,2026-07-02T08:00:42+08:00,2026-08-27,2026-07-02T12:40:42+08:00
ORD00107199,M005492,P00175,門市,paid,3,TWD,46037.0,0.0,2026-07-02T15:13:58+08:00,2026-09-19,2026-07-03T13:54:58+08:00
ORD00104881,M001654,P00150,電銷,paid,1,TWD,178357.0,200.0,2026-07-02T07:51:47+08:00,2026-07-25,2026-07-04T11:57:47+08:00
ORD00052666,M005380,P00122,app,cancelled,4,JPY,3589097.0,750.0,2026-05-06T11:06:40+08:00,2026-05-13,2026-07-02T10:31:49+08:00
ORD00074117,M004189,P00254,電銷,cancelled,3,TWD,8797.0,50.0,2026-06-07T04:58:12+08:00,2026-09-21,2026-07-02T12:58:51+08:00
ORD00077298,M006761,P00022,門市,completed,4,USD,4229.39,800.0,2026-06-09T17:55:24+08:00,2026-08-02,2026-07-02T17:23:09+08:00
ORD00106659,M000118,P00217,web,paid,2,USD,11763.12,550.0,2026-07-02T07:52:08+08:00,2026-08-03,2026-07-04T23:19:08+08:00
ORD00105127,M004129,P00273,web,paid,2,TWD,153431.0,500.0,2026-07-02T08:15:25+08:00,2026-07-30,2026-07-03T20:16:25+08:00
ORD00105283,M005890,P00028,門市,paid,4,USD,12898.28,600.0,2026-07-02T18:54:46+08:00,2026-08-01,2026-07-04T16:01:46+08:00
ORD00105757,M004136,P00006,門市,paid,3,TWD,405554.0,950.0,2026-07-02T03:02:25+08:00,2026-08-07,2026-07-04T11:54:25+08:00
ORD00106846,M004001,P00077,門市,created,2,TWD,378154.0,150.0,2026-07-02T16:13:05+08:00,2026-09-10,2026-07-05T04:39:05+08:00
ORD00107536,M001550,P00072,web,created,4,TWD,75112.0,950.0,2026-07-02T19:37:18+08:00,2026-09-05,2026-07-05T06:22:18+08:00
ORD00104397,M004488,P00127,app,paid,4,TWD,199944.0,950.0,2026-07-02T14:53:52+08:00,2026-07-15,2026-07-04T20:55:52+08:00
ORD00104539,M000211,P00057,app,paid,2,TWD,255392.0,400.0,2026-07-02T05:32:59+08:00,2026-08-30,2026-07-04T06:43:59+08:00
ORD00106974,M000381,P00155,app,paid,3,TWD,131029.0,100.0,2026-07-02T13:27:38+08:00,2026-07-27,2026-07-03T18:36:38+08:00
ORD00105800,M001179,P00194,電銷,created,1,USD,2582.52,250.0,2026-07-02T05:08:10+08:00,2026-10-13,2026-07-04T16:16:10+08:00
ORD00106418,M004068,P00236,web,paid,2,TWD,325122.0,500.0,2026-07-02T20:12:01+08:00,2026-09-19,2026-07-04T04:31:01+08:00
ORD00107901,M002133,P00265,app,created,2,USD,10902.14,600.0,2026-07-02T04:43:40+08:00,2026-09-19,2026-07-04T17:43:40+08:00
ORD00105905,M007519,P00140,門市,paid,3,USD,4296.28,600.0,2026-07-02T10:57:36+08:00,2026-07-24,2026-07-04T05:16:36+08:00
ORD00105663,M003575,P00164,門市,paid,2,JPY,320069.0,650.0,2026-07-02T07:12:53+08:00,2026-09-04,2026-07-02T14:59:53+08:00
ORD00102886,M005193,P00040,電銷,paid,2,TWD,182011.0,900.0,2026-07-01T07:32:23+08:00,2026-09-11,2026-07-03T00:58:23+08:00
ORD00104096,M000409,P00091,web,created,4,TWD,408920.0,350.0,2026-07-02T16:55:41+08:00,2026-08-28,2026-07-03T07:26:41+08:00
ORD00106051,M006517,P00076,門市,created,4,TWD,17170.0,900.0,2026-07-02T18:00:02+08:00,2026-08-15,2026-07-03T07:54:02+08:00
ORD00104326,M001119,P00259,門市,paid,2,TWD,290175.0,850.0,2026-07-02T04:16:23+08:00,2026-09-10,2026-07-02T10:44:23+08:00
ORD00046479,M007003,P00111,app,completed,1,TWD,92350.0,300.0,2026-05-30T01:47:02+08:00,2026-07-02,2026-07-02T15:43:10+08:00
ORD00104587,M002428,P00119,門市,paid,4,TWD,701127.0,450.0,2026-07-02T17:42:24+08:00,2026-09-26,2026-07-02T21:51:24+08:00
ORD00008352,M007903,P00104,web,cancelled,1,JPY,15002.0,650.0,2026-05-26T13:02:57+08:00,2026-08-06,2026-07-02T05:20:35+08:00
ORD00106615,M007461,P00127,門市,paid,2,TWD,98571.0,950.0,2026-07-02T22:50:23+08:00,2026-07-29,2026-07-03T01:55:23+08:00
ORD00105375,M007339,P00227,電銷,paid,2,JPY,1191685.0,250.0,2026-07-02T11:09:45+08:00,2026-07-09,2026-07-04T19:44:45+08:00
ORD00107767,M004376,P00297,app,created,1,USD,3848.37,150.0,2026-07-02T23:41:03+08:00,2026-09-03,2026-07-03T00:38:03+08:00
ORD00106845,M007787,P00261,門市,paid,1,TWD,4557.0,350.0,2026-07-02T20:25:58+08:00,2026-10-24,2026-07-05T07:31:58+08:00
ORD00106260,M003291,P00268,電銷,paid,4,TWD,243165.0,400.0,2026-07-02T11:56:09+08:00,2026-07-10,2026-07-05T04:04:09+08:00
ORD00105582,M002250,P00250,web,paid,2,TWD,142841.0,50.0,2026-07-02T06:06:06+08:00,2026-09-09,2026-07-02T12:21:06+08:00
ORD00105550,M003188,P00103,電銷,paid,1,TWD,23236.0,100.0,2026-07-02T00:48:39+08:00,2026-10-17,2026-07-04T04:23:39+08:00
ORD00105499,M007032,P00015,app,paid,1,TWD,71297.0,900.0,2026-07-02T19:36:45+08:00,2026-10-08,2026-07-04T09:25:45+08:00
ORD00107780,M002119,P00229,電銷,created,1,JPY,837495.0,250.0,2026-07-02T14:00:22+08:00,2026-08-02,2026-07-03T19:38:22+08:00
ORD00007541,M002733,P00115,app,completed,4,JPY,2891796.0,750.0,2026-05-12T16:29:55+08:00,2026-07-05,2026-07-02T23:08:51+08:00
ORD00107415,M001980,P00130,電銷,created,4,USD,26489.81,0.0,2026-07-02T11:36:11+08:00,2026-08-18,2026-07-03T21:50:11+08:00
ORD00112035,M000434,P00105,app,paid,3,TWD,177348.0,800.0,2026-06-12T15:26:12+08:00,2026-07-16,2026-07-02T19:50:20+08:00
ORD00104076,M004571,P00210,app,paid,3,TWD,433553.0,600.0,2026-07-02T18:51:12+08:00,2026-10-11,2026-07-02T21:55:12+08:00
ORD00105482,M004030,P00300,門市,created,1,USD,3593.15,600.0,2026-07-02T21:43:19+08:00,2026-09-18,2026-07-04T14:33:19+08:00
ORD00106586,M000155,P00047,app,created,2,TWD,45295.0,850.0,2026-07-02T07:00:08+08:00,2026-10-08,2026-07-02T23:24:08+08:00
ORD00106217,M002769,P00221,門市,paid,4,USD,16015.51,500.0,2026-07-02T23:38:59+08:00,2026-08-27,2026-07-04T09:15:59+08:00
ORD00105789,M002353,P00250,web,created,1,TWD,80937.0,500.0,2026-07-02T13:03:12+08:00,2026-10-08,2026-07-03T06:54:12+08:00
ORD00104145,M006613,P00100,web,paid,1,TWD,187918.0,150.0,2026-07-02T19:24:40+08:00,2026-09-29,2026-07-03T21:07:40+08:00
ORD00104999,M005245,P00063,門市,paid,3,JPY,2541812.0,200.0,2026-07-02T18:29:58+08:00,2026-08-20,2026-07-04T10:20:58+08:00
ORD00106515,M002645,P00220,app,paid,1,USD,1187.18,400.0,2026-07-02T07:17:49+08:00,2026-08-01,2026-07-02T17:32:49+08:00
ORD00107070,M005297,P00281,電銷,paid,2,TWD,331785.0,850.0,2026-07-02T13:49:44+08:00,2026-09-10,2026-07-04T21:21:44+08:00
ORD00107407,M000996,P00271,web,paid,1,TWD,21498.0,650.0,2026-07-02T22:26:25+08:00,2026-07-28,2026-07-04T10:47:25+08:00
ORD00104435,M000683,P00205,app,paid,2,USD,750.45,700.0,2026-07-02T05:03:43+08:00,2026-08-11,2026-07-04T20:08:43+08:00
ORD00107904,M002119,P00125,app,created,2,TWD,99572.0,200.0,2026-07-02T05:48:10+08:00,2026-08-21,2026-07-04T23:26:10+08:00
ORD00107921,M002342,P00165,app,created,4,TWD,258534.0,500.0,2026-07-02T14:30:09+08:00,2026-08-25,2026-07-03T13:09:09+08:00
ORD00025331,M005423,P00026,電銷,completed,3,TWD,410715.0,400.0,2026-06-30T09:29:07+08:00,2026-08-27,2026-07-02T13:04:06+08:00
ORD00106415,M003503,P00211,電銷,paid,1,TWD,106762.0,50.0,2026-07-02T13:26:08+08:00,2026-09-03,2026-07-03T23:10:08+08:00
ORD00106275,M002940,P00165,web,paid,2,TWD,137686.0,300.0,2026-07-02T12:43:57+08:00,2026-10-02,2026-07-05T03:20:57+08:00
ORD00104821,M002961,P00069,web,paid,4,TWD,759927.0,400.0,2026-07-02T12:44:46+08:00,2026-09-07,2026-07-04T13:01:46+08:00
ORD00047013,M005574,P00131,電銷,cancelled,3,USD,22147.84,550.0,2026-05-23T22:50:39+08:00,2026-06-12,2026-07-02T05:15:15+08:00
ORD00051394,M005712,P00010,web,cancelled,3,USD,12722.58,200.0,2026-06-09T20:37:50+08:00,2026-06-19,2026-07-02T16:26:54+08:00
ORD00039847,M005824,P00239,web,completed,3,TWD,402860.0,800.0,2026-05-21T09:15:12+08:00,2026-08-09,2026-07-02T10:11:06+08:00
ORD00105130,M002447,P00130,門市,created,2,USD,11022.19,900.0,2026-07-02T02:26:46+08:00,2026-07-24,2026-07-04T05:43:46+08:00
ORD00106940,M005320,P00155,app,paid,1,USD,1552.85,800.0,2026-07-02T08:47:00+08:00,2026-10-08,2026-07-03T04:04:00+08:00
ORD00106229,M002454,P00048,電銷,created,2,TWD,199373.0,150.0,2026-07-02T14:31:06+08:00,2026-08-26,2026-07-04T00:03:06+08:00
ORD00106792,M002014,P00004,門市,paid,2,TWD,396439.0,0.0,2026-07-02T17:07:14+08:00,2026-10-08,2026-07-04T00:46:14+08:00
ORD00107783,M006048,P00251,門市,paid,3,USD,10999.28,650.0,2026-07-02T21:50:26+08:00,2026-10-07,2026-07-03T13:31:26+08:00
ORD00106334,M007887,P00064,電銷,paid,4,JPY,399009.0,350.0,2026-07-02T23:17:33+08:00,2026-09-30,2026-07-05T08:43:33+08:00
ORD00023877,M007423,P00064,門市,completed,3,TWD,69927.0,500.0,2026-05-31T21:25:17+08:00,2026-09-05,2026-07-02T20:04:28+08:00
ORD00030400,M007010,P00213,app,cancelled,3,TWD,274882.0,950.0,2026-05-07T12:50:36+08:00,2026-08-26,2026-07-02T00:47:21+08:00
ORD00104892,M006081,P00248,app,paid,2,TWD,45784.0,800.0,2026-07-02T00:56:28+08:00,2026-08-27,2026-07-02T10:49:28+08:00
ORD00107926,M006933,P00157,電銷,paid,4,TWD,262355.0,400.0,2026-07-02T07:09:29+08:00,2026-09-05,2026-07-03T21:53:29+08:00
ORD00104865,M004354,P00103,app,paid,1,TWD,20947.0,800.0,2026-07-02T06:59:13+08:00,2026-09-01,2026-07-05T01:25:13+08:00
ORD00106351,M006402,P00153,電銷,paid,1,TWD,75359.0,550.0,2026-07-02T22:23:33+08:00,2026-10-03,2026-07-04T16:37:33+08:00
ORD00104280,M001290,P00072,web,paid,1,TWD,18141.0,0.0,2026-07-02T06:15:00+08:00,2026-08-08,2026-07-02T20:08:00+08:00
ORD00105089,M001464,P00178,電銷,paid,1,TWD,35362.0,900.0,2026-07-02T14:22:21+08:00,2026-07-18,2026-07-03T06:37:21+08:00
ORD00073292,M003837,P00192,web,completed,4,TWD,879253.0,50.0,2026-06-21T02:32:27+08:00,2026-08-10,2026-07-02T18:03:16+08:00
ORD00107729,M002835,P00140,app,created,2,USD,2378.09,350.0,2026-07-02T08:41:53+08:00,2026-10-20,2026-07-02T16:47:53+08:00
ORD00105826,M007085,P00100,app,paid,1,USD,5056.1,600.0,2026-07-02T06:20:46+08:00,2026-10-19,2026-07-02T23:05:46+08:00
ORD00036567,M007294,P00212,web,cancelled,1,TWD,26203.0,50.0,2026-06-23T10:38:12+08:00,2026-07-20,2026-07-02T21:06:50+08:00
ORD00106026,M007772,P00058,app,paid,1,USD,1062.86,500.0,2026-07-02T02:20:19+08:00,2026-08-12,2026-07-03T09:53:19+08:00
ORD00030402,M004277,P00235,app,cancelled,4,JPY,1264375.0,50.0,2026-05-11T02:28:11+08:00,2026-09-04,2026-07-02T09:36:22+08:00
ORD00106005,M006543,P00229,app,paid,1,TWD,168048.0,350.0,2026-07-02T12:49:47+08:00,2026-07-31,2026-07-02T19:21:47+08:00
ORD00107793,M004414,P00217,web,created,4,TWD,663380.0,800.0,2026-07-02T05:46:39+08:00,2026-09-17,2026-07-03T04:28:39+08:00
ORD00107123,M006857,P00244,門市,paid,2,USD,2906.43,600.0,2026-07-02T10:15:17+08:00,2026-07-13,2026-07-03T08:45:17+08:00
ORD00104691,M005864,P00081,web,paid,2,TWD,250088.0,700.0,2026-07-02T21:24:15+08:00,2026-07-26,2026-07-03T04:41:15+08:00
ORD00107670,M005545,P00055,電銷,created,1,TWD,120807.0,750.0,2026-07-02T19:04:16+08:00,2026-10-28,2026-07-04T03:47:16+08:00
ORD00105251,M003118,P00026,門市,paid,3,TWD,399365.0,950.0,2026-07-02T18:35:20+08:00,2026-10-29,2026-07-05T11:18:20+08:00
ORD00105725,M004530,P00048,電銷,paid,3,TWD,277947.0,650.0,2026-07-02T11:19:26+08:00,2026-09-17,2026-07-04T17:30:26+08:00
ORD00107291,M002295,P00079,app,paid,3,USD,5150.75,600.0,2026-07-02T05:27:30+08:00,2026-09-28,2026-07-04T23:02:30+08:00
ORD00105084,M001260,P00049,電銷,created,3,TWD,57849.0,0.0,2026-07-02T11:42:24+08:00,2026-08-25,2026-07-05T01:54:24+08:00
ORD00105642,M002430,P00115,app,paid,1,TWD,173973.0,200.0,2026-07-02T02:49:26+08:00,2026-08-04,2026-07-02T23:07:26+08:00
ORD00105205,M002676,P00299,web,created,1,TWD,21829.0,500.0,2026-07-02T18:26:17+08:00,2026-08-21,2026-07-03T04:09:17+08:00
ORD00106176,M005847,P00143,門市,paid,4,JPY,158332.0,650.0,2026-07-02T16:54:47+08:00,2026-07-30,2026-07-03T10:38:47+08:00
ORD00034580,M005319,P00189,app,completed,4,TWD,408128.0,900.0,2026-05-06T07:18:56+08:00,2026-05-29,2026-07-02T05:47:01+08:00
ORD00105560,M006477,P00282,電銷,paid,4,TWD,928238.0,200.0,2026-07-02T11:13:48+08:00,2026-07-24,2026-07-04T03:29:48+08:00
ORD00106220,M007338,P00098,web,paid,4,TWD,612725.0,300.0,2026-07-02T07:45:08+08:00,2026-07-16,2026-07-02T16:57:08+08:00
ORD00104381,M000755,P00023,門市,paid,1,TWD,214399.0,300.0,2026-07-02T09:45:22+08:00,2026-08-28,2026-07-03T15:29:22+08:00
ORD00104066,M000905,P00064,電銷,paid,2,TWD,59488.0,850.0,2026-07-02T17:45:21+08:00,2026-08-09,2026-07-02T21:37:21+08:00
ORD00105752,M001963,P00119,門市,created,3,TWD,614027.0,700.0,2026-07-02T18:11:49+08:00,2026-08-08,2026-07-04T06:54:49+08:00
ORD00106159,M004416,P00166,電銷,created,1,TWD,202969.0,500.0,2026-07-02T05:22:41+08:00,2026-10-27,2026-07-03T01:44:41+08:00
ORD00016271,M004458,P00190,電銷,cancelled,2,USD,11960.29,700.0,2026-05-15T19:38:53+08:00,2026-06-21,2026-07-02T11:25:51+08:00
ORD00105478,M007441,P00066,app,paid,3,TWD,505543.0,600.0,2026-07-02T06:21:07+08:00,2026-10-22,2026-07-04T12:55:07+08:00
ORD00106793,M004462,P00213,web,paid,3,TWD,293413.0,250.0,2026-07-02T08:33:19+08:00,2026-10-09,2026-07-02T19:34:19+08:00
ORD00106410,M001048,P00060,門市,paid,2,TWD,310974.0,550.0,2026-07-02T20:14:02+08:00,2026-07-21,2026-07-03T02:25:02+08:00
ORD00104891,M003135,P00092,電銷,created,3,USD,16933.79,250.0,2026-07-02T16:51:12+08:00,2026-09-21,2026-07-02T20:43:12+08:00
ORD00092855,M007055,P00034,門市,completed,4,TWD,80982.0,200.0,2026-06-16T20:05:28+08:00,2026-09-02,2026-07-02T07:04:44+08:00
ORD00105762,M004190,P00175,web,created,3,USD,1810.11,700.0,2026-07-02T14:25:17+08:00,2026-09-09,2026-07-05T09:01:17+08:00
ORD00107006,M000850,P00278,app,paid,4,TWD,793027.0,650.0,2026-07-02T22:59:13+08:00,2026-07-17,2026-07-04T23:50:13+08:00
ORD00106703,M000899,P00145,電銷,paid,2,TWD,185985.0,450.0,2026-07-02T15:56:19+08:00,2026-10-24,2026-07-05T10:06:19+08:00
ORD00107075,M006399,P00275,web,paid,4,TWD,413677.0,600.0,2026-07-02T01:25:45+08:00,2026-08-18,2026-07-04T09:28:45+08:00
ORD00112054,M006862,P00218,app,paid,2,TWD,76533.0,550.0,2026-06-22T06:54:08+08:00,2026-08-31,2026-07-02T09:04:49+08:00
ORD00106520,M007417,P00091,app,paid,3,TWD,328940.0,0.0,2026-07-02T23:23:07+08:00,2026-08-14,2026-07-03T09:38:07+08:00
ORD00074358,M005700,P00161,web,cancelled,3,JPY,2953908.0,200.0,2026-05-15T18:13:13+08:00,2026-06-14,2026-07-02T07:41:45+08:00
ORD00105940,M003679,P00087,門市,created,4,USD,25910.14,450.0,2026-07-02T10:57:18+08:00,2026-09-03,2026-07-03T23:59:18+08:00
ORD00105151,M004775,P00283,web,created,1,TWD,24893.0,850.0,2026-07-02T04:05:57+08:00,2026-09-22,2026-07-04T00:54:57+08:00
ORD00107848,M005973,P00245,門市,paid,3,JPY,2056034.0,850.0,2026-07-02T16:27:59+08:00,2026-07-25,2026-07-05T00:04:59+08:00
ORD00104876,M006286,P00244,電銷,paid,1,TWD,55946.0,200.0,2026-07-02T11:33:21+08:00,2026-10-26,2026-07-04T17:47:21+08:00
ORD00072291,M000677,P00010,web,completed,2,TWD,210053.0,200.0,2026-06-14T02:02:50+08:00,2026-08-09,2026-07-02T01:47:29+08:00
ORD00107583,M005228,P00081,app,paid,2,TWD,247500.0,850.0,2026-07-02T00:56:56+08:00,2026-07-09,2026-07-03T09:18:56+08:00
ORD00107090,M002442,P00195,門市,paid,1,TWD,68794.0,350.0,2026-07-02T10:53:22+08:00,2026-07-18,2026-07-04T11:49:22+08:00
ORD00106883,M000157,P00264,web,paid,2,TWD,20063.0,0.0,2026-07-02T19:10:02+08:00,2026-08-04,2026-07-03T15:40:02+08:00
ORD00104433,M001321,P00161,電銷,paid,3,TWD,515458.0,350.0,2026-07-02T00:41:24+08:00,2026-10-11,2026-07-03T10:54:24+08:00
ORD00104288,M007585,P00213,門市,paid,4,USD,12853.25,900.0,2026-07-02T11:32:52+08:00,2026-07-10,2026-07-02T17:23:52+08:00
ORD00106151,M001519,P00083,web,paid,4,TWD,638003.0,250.0,2026-07-02T12:38:24+08:00,2026-10-23,2026-07-02T18:23:24+08:00
ORD00107211,M003740,P00276,app,paid,2,JPY,1780824.0,400.0,2026-07-02T04:07:08+08:00,2026-09-09,2026-07-02T20:29:08+08:00
ORD00104308,M006178,P00073,電銷,paid,4,JPY,2056753.0,150.0,2026-07-02T13:36:04+08:00,2026-09-21,2026-07-03T09:35:28+08:00
ORD00106266,M007584,P00193,門市,paid,2,JPY,1442768.0,300.0,2026-07-02T14:26:57+08:00,2026-10-07,2026-07-04T03:47:57+08:00
ORD00107609,M007125,P00109,app,paid,2,TWD,95818.0,100.0,2026-07-02T18:06:03+08:00,2026-08-06,2026-07-03T07:37:03+08:00
ORD00106255,M001014,P00105,電銷,paid,3,TWD,166398.0,650.0,2026-07-02T08:10:14+08:00,2026-07-22,2026-07-02T20:12:14+08:00
ORD00106594,M002320,P00208,門市,paid,3,JPY,2817060.0,300.0,2026-07-02T17:53:40+08:00,2026-07-14,2026-07-04T15:48:40+08:00
ORD00106261,M005907,P00005,電銷,paid,2,USD,6583.41,200.0,2026-07-02T20:27:47+08:00,2026-08-29,2026-07-04T09:17:47+08:00
ORD00071914,M000986,P00027,電銷,cancelled,4,TWD,440565.0,150.0,2026-06-06T22:11:02+08:00,2026-07-19,2026-07-02T03:36:09+08:00
ORD00105023,M000250,P00026,電銷,created,1,TWD,105841.0,800.0,2026-07-02T02:49:42+08:00,2026-10-13,2026-07-04T04:42:42+08:00
ORD00107714,M007781,P00055,門市,paid,4,TWD,482559.0,900.0,2026-07-02T22:54:27+08:00,2026-08-06,2026-07-04T09:49:27+08:00
ORD00107382,M004770,P00148,app,created,4,TWD,111129.0,650.0,2026-07-02T15:57:59+08:00,2026-08-02,2026-07-04T18:48:59+08:00
ORD00107108,M005799,P00061,app,created,3,TWD,526391.0,850.0,2026-07-02T03:16:37+08:00,2026-09-05,2026-07-04T19:27:37+08:00
ORD00107293,M000934,P00294,app,paid,4,TWD,639813.0,400.0,2026-07-02T15:07:21+08:00,2026-08-09,2026-07-03T15:25:21+08:00
ORD00107579,M001967,P00161,門市,paid,4,USD,20223.95,600.0,2026-07-02T05:56:21+08:00,2026-08-18,2026-07-04T05:25:21+08:00
ORD00104431,M000728,P00195,門市,paid,3,JPY,907254.0,0.0,2026-07-02T09:47:40+08:00,2026-07-18,2026-07-03T20:31:40+08:00
ORD00106563,M006217,P00016,門市,paid,2,TWD,169860.0,650.0,2026-07-02T12:30:57+08:00,2026-09-26,2026-07-05T04:43:57+08:00
ORD00105369,M005847,P00285,web,paid,2,USD,7732.91,200.0,2026-07-02T02:21:52+08:00,2026-09-30,2026-07-04T19:38:52+08:00
ORD00104186,M006499,P00128,web,paid,1,USD,5424.61,600.0,2026-07-02T09:17:34+08:00,2026-10-10,2026-07-03T07:40:34+08:00
ORD00105996,M005650,P00056,web,created,3,TWD,267375.0,650.0,2026-07-02T16:30:58+08:00,2026-07-11,2026-07-04T22:32:58+08:00
ORD00104394,M001774,P00013,app,created,1,TWD,161912.0,950.0,2026-07-02T09:42:43+08:00,2026-09-02,2026-07-04T19:05:43+08:00
ORD00034296,M000655,P00256,門市,cancelled,2,TWD,439699.0,300.0,2026-05-17T16:04:01+08:00,2026-08-28,2026-07-02T09:44:43+08:00
ORD00105102,M006549,P00200,門市,created,2,TWD,302830.0,700.0,2026-07-02T21:58:34+08:00,2026-09-18,2026-07-03T03:42:34+08:00
ORD00105524,M004085,P00141,門市,created,3,JPY,984632.0,100.0,2026-07-02T12:18:10+08:00,2026-08-09,2026-07-04T00:58:10+08:00
ORD00106551,M005977,P00008,電銷,created,3,USD,8694.36,750.0,2026-07-02T19:51:44+08:00,2026-08-26,2026-07-04T01:01:44+08:00
ORD00105630,M007822,P00300,app,paid,3,JPY,1693038.0,850.0,2026-07-02T10:27:00+08:00,2026-08-17,2026-07-03T06:31:00+08:00
ORD00112060,M007743,P00290,電銷,paid,2,USD,7035.5,850.0,2026-06-18T01:26:34+08:00,2026-09-07,2026-07-02T19:12:18+08:00
ORD00104159,M006317,P00157,門市,created,3,TWD,244376.0,550.0,2026-07-02T15:43:13+08:00,2026-07-21,2026-07-03T06:53:13+08:00
ORD00104389,M001539,P00017,web,created,4,TWD,695974.0,950.0,2026-07-02T17:40:55+08:00,2026-07-17,2026-07-02T18:13:55+08:00
ORD00107756,M003952,P00262,app,created,2,TWD,392065.0,900.0,2026-07-02T09:35:12+08:00,2026-07-19,2026-07-04T23:25:12+08:00
ORD00072115,M005434,P00022,門市,completed,2,TWD,84694.0,400.0,2026-05-24T16:12:24+08:00,2026-09-02,2026-07-02T07:43:14+08:00
ORD00105385,M001304,P00148,app,paid,1,TWD,31285.0,850.0,2026-07-02T11:54:27+08:00,2026-10-05,2026-07-05T00:11:27+08:00
ORD00090822,M000552,P00165,app,cancelled,3,USD,5830.07,550.0,2026-05-18T15:51:47+08:00,2026-07-15,2026-07-02T13:06:11+08:00
ORD00112048,M004775,P00170,電銷,paid,1,TWD,64388.0,150.0,2026-06-21T10:09:29+08:00,2026-07-21,2026-07-02T10:00:32+08:00
ORD00107803,M007587,P00180,門市,paid,1,USD,2924.99,700.0,2026-07-02T23:08:18+08:00,2026-08-25,2026-07-03T12:11:18+08:00
ORD00107216,M007234,P00122,門市,paid,2,TWD,424967.0,600.0,2026-07-02T11:20:26+08:00,2026-09-04,2026-07-04T12:55:26+08:00
ORD00107289,M006243,P00097,門市,paid,2,TWD,245634.0,700.0,2026-07-02T02:00:55+08:00,2026-09-22,2026-07-03T13:41:55+08:00
ORD00086383,M001018,P00040,app,completed,1,TWD,92206.0,450.0,2026-05-25T10:04:43+08:00,2026-08-02,2026-07-02T02:02:01+08:00
ORD00104980,M000218,P00216,app,created,4,USD,1461.25,600.0,2026-07-02T02:10:22+08:00,2026-10-24,2026-07-03T04:45:22+08:00
ORD00104443,M007523,P00194,電銷,paid,2,TWD,124605.0,900.0,2026-07-02T09:42:50+08:00,2026-09-06,2026-07-04T02:22:50+08:00
ORD00104405,M001490,P00279,電銷,paid,1,JPY,427370.0,800.0,2026-07-02T00:55:16+08:00,2026-10-13,2026-07-04T05:47:16+08:00
ORD00104573,M002846,P00195,app,created,3,USD,5342.49,150.0,2026-07-02T18:53:27+08:00,2026-07-24,2026-07-03T17:19:27+08:00
ORD00104943,M000994,P00055,門市,paid,4,TWD,393845.0,450.0,2026-07-02T01:36:19+08:00,2026-09-18,2026-07-03T20:44:19+08:00
ORD00107457,M004831,P00163,web,created,3,TWD,340671.0,0.0,2026-07-02T05:58:45+08:00,2026-07-22,2026-07-04T14:08:45+08:00
ORD00027116,M006904,P00075,門市,cancelled,2,JPY,229419.0,450.0,2026-06-13T01:10:29+08:00,2026-07-26,2026-07-02T02:14:45+08:00
ORD00026107,M001557,P00299,門市,completed,2,TWD,53644.0,0.0,2026-05-19T21:42:08+08:00,2026-06-13,2026-07-02T05:59:40+08:00
ORD00104775,M007662,P00191,電銷,paid,2,USD,6672.31,700.0,2026-07-02T01:47:00+08:00,2026-09-29,2026-07-02T03:57:00+08:00
ORD00107282,M002602,P00022,電銷,created,4,JPY,689169.0,150.0,2026-07-02T02:48:58+08:00,2026-09-12,2026-07-03T05:12:58+08:00
ORD00087981,M002991,P00014,app,cancelled,2,TWD,219534.0,250.0,2026-05-20T01:57:22+08:00,2026-06-13,2026-07-02T00:34:24+08:00
ORD00104548,M000637,P00280,門市,paid,3,TWD,400167.0,50.0,2026-07-02T00:08:31+08:00,2026-09-08,2026-07-02T10:52:31+08:00
ORD00104759,M006209,P00182,電銷,paid,1,TWD,7683.0,50.0,2026-07-02T18:12:10+08:00,2026-09-11,2026-07-03T00:15:10+08:00
ORD00105748,M004825,P00079,電銷,created,4,TWD,198635.0,950.0,2026-07-02T21:37:54+08:00,2026-08-09,2026-07-04T11:09:54+08:00
ORD00107077,M001235,P00218,門市,paid,1,TWD,31482.0,350.0,2026-07-02T11:57:17+08:00,2026-08-24,2026-07-04T14:09:17+08:00
ORD00106807,M001050,P00173,web,created,1,TWD,7083.0,350.0,2026-07-02T08:53:20+08:00,2026-10-03,2026-07-03T09:02:20+08:00
ORD00105570,M004333,P00220,門市,created,3,JPY,433394.0,350.0,2026-07-02T14:27:00+08:00,2026-10-17,2026-07-04T13:38:00+08:00
ORD00105641,M005420,P00188,web,created,3,TWD,177302.0,150.0,2026-07-02T15:17:49+08:00,2026-10-06,2026-07-04T18:03:49+08:00
ORD00104306,M001703,P00048,web,created,3,TWD,340964.0,800.0,2026-07-02T20:00:00+08:00,2026-07-24,2026-07-05T03:43:00+08:00
ORD00104017,M002569,P00027,門市,paid,1,TWD,122410.0,50.0,2026-07-02T08:25:35+08:00,2026-10-16,2026-07-04T03:19:35+08:00
ORD00106748,M001955,P00200,門市,created,3,USD,13806.92,450.0,2026-07-02T14:09:20+08:00,2026-10-02,2026-07-03T12:40:20+08:00
ORD00105831,M000691,P00190,web,created,2,TWD,360716.0,150.0,2026-07-02T17:34:58+08:00,2026-09-02,2026-07-03T11:21:58+08:00
ORD00107753,M002524,P00152,電銷,paid,4,TWD,191024.0,500.0,2026-07-02T21:20:46+08:00,2026-07-31,2026-07-05T09:36:46+08:00
ORD00107258,M004977,P00011,門市,paid,1,USD,5710.92,200.0,2026-07-02T00:00:55+08:00,2026-10-13,2026-07-02T22:01:55+08:00
ORD00106894,M006708,P00190,app,paid,3,TWD,657218.0,500.0,2026-07-02T17:38:32+08:00,2026-07-20,2026-07-03T11:51:32+08:00
ORD00106121,M004342,P00284,web,paid,4,TWD,541646.0,250.0,2026-07-02T09:29:03+08:00,2026-08-14,2026-07-03T19:33:03+08:00
ORD00107403,M005885,P00294,門市,created,2,TWD,365979.0,600.0,2026-07-02T07:27:56+08:00,2026-08-11,2026-07-04T21:18:56+08:00
ORD00106857,M003392,P00122,app,paid,3,JPY,2230576.0,100.0,2026-07-02T15:10:49+08:00,2026-09-24,2026-07-04T18:48:49+08:00
ORD00105150,M007344,P00004,app,paid,3,JPY,3369987.0,600.0,2026-07-02T16:16:29+08:00,2026-08-23,2026-07-04T14:46:29+08:00
ORD00104325,M004206,P00034,電銷,paid,3,TWD,61083.0,550.0,2026-07-02T13:53:23+08:00,2026-10-08,2026-07-04T15:04:23+08:00
ORD00104153,M003614,P00158,門市,paid,4,TWD,140228.0,700.0,2026-07-02T23:14:42+08:00,2026-08-22,2026-07-03T00:36:42+08:00
ORD00106640,M006074,P00241,門市,paid,4,TWD,594433.0,950.0,2026-07-02T06:07:01+08:00,2026-10-05,2026-07-02T18:21:01+08:00
ORD00104897,M000562,P00137,app,paid,2,USD,9949.03,800.0,2026-07-02T00:35:19+08:00,2026-08-15,2026-07-03T21:50:19+08:00
ORD00104600,M000494,P00215,app,paid,2,USD,2617.62,300.0,2026-07-02T19:05:32+08:00,2026-07-14,2026-07-05T07:01:32+08:00
ORD00068056,M002594,P00063,門市,cancelled,4,TWD,671510.0,400.0,2026-06-30T09:15:31+08:00,2026-08-05,2026-07-02T05:08:53+08:00
ORD00107813,M004466,P00207,app,paid,1,USD,2831.43,550.0,2026-07-02T20:16:30+08:00,2026-07-30,2026-07-04T23:52:30+08:00
ORD00104913,M007297,P00227,門市,paid,2,TWD,271198.0,850.0,2026-07-02T07:53:08+08:00,2026-07-13,2026-07-03T13:05:08+08:00
ORD00105297,M005192,P00090,web,created,4,TWD,546832.0,450.0,2026-07-02T00:46:00+08:00,2026-08-01,2026-07-04T02:57:00+08:00
ORD00106841,M001563,P00066,電銷,paid,4,TWD,673607.0,550.0,2026-07-02T22:43:43+08:00,2026-08-26,2026-07-05T02:25:43+08:00
ORD00107320,M000541,P00029,門市,created,1,USD,2886.09,800.0,2026-07-02T09:44:46+08:00,2026-07-27,2026-07-04T17:28:46+08:00
ORD00106530,M003439,P00006,web,created,4,USD,18821.74,0.0,2026-07-02T22:05:53+08:00,2026-10-04,2026-07-03T03:13:53+08:00
ORD00033598,M005270,P00225,電銷,completed,2,USD,3359.99,250.0,2026-05-01T10:51:43+08:00,2026-07-27,2026-07-02T13:40:31+08:00
ORD00112038,M007010,P00110,app,paid,4,TWD,649736.0,950.0,2026-06-12T22:18:49+08:00,2026-09-03,2026-07-02T16:47:18+08:00
ORD00106622,M005951,P00271,門市,created,2,JPY,268501.0,850.0,2026-07-02T01:28:35+08:00,2026-08-01,2026-07-03T12:02:35+08:00
ORD00107018,M001640,P00103,web,created,4,TWD,81356.0,400.0,2026-07-02T12:10:17+08:00,2026-08-19,2026-07-04T16:01:17+08:00
ORD00104461,M000716,P00080,電銷,created,1,TWD,143377.0,450.0,2026-07-02T12:17:41+08:00,2026-10-25,2026-07-03T17:11:41+08:00
ORD00106978,M001942,P00018,電銷,paid,2,USD,9915.75,0.0,2026-07-02T19:53:04+08:00,2026-08-11,2026-07-04T15:00:04+08:00
ORD00106403,M005411,P00087,app,created,1,TWD,228930.0,850.0,2026-07-02T11:03:04+08:00,2026-07-21,2026-07-04T10:09:04+08:00
ORD00098581,M000242,P00206,門市,completed,4,TWD,654037.0,250.0,2026-05-27T00:24:13+08:00,2026-07-26,2026-07-02T20:34:37+08:00
ORD00105591,M003722,P00126,電銷,paid,2,TWD,59250.0,600.0,2026-07-02T19:51:23+08:00,2026-08-25,2026-07-04T17:17:23+08:00
ORD00105736,M003142,P00285,app,created,4,TWD,457913.0,550.0,2026-07-02T19:41:46+08:00,2026-09-02,2026-07-03T13:05:46+08:00
ORD00106333,M002809,P00125,電銷,paid,2,TWD,91265.0,950.0,2026-07-02T22:34:31+08:00,2026-08-10,2026-07-03T00:09:31+08:00
ORD00104868,M005462,P00092,電銷,paid,1,TWD,208698.0,200.0,2026-07-02T08:46:39+08:00,2026-08-17,2026-07-02T10:03:39+08:00
ORD00106457,M007569,P00123,app,paid,3,TWD,202219.0,800.0,2026-07-02T23:55:00+08:00,2026-08-06,2026-07-03T08:01:00+08:00
ORD00107494,M005401,P00123,web,paid,4,TWD,340350.0,850.0,2026-07-02T19:55:53+08:00,2026-09-09,2026-07-04T06:28:53+08:00
ORD00106565,M003191,P00275,app,paid,4,JPY,1850175.0,400.0,2026-07-02T20:50:54+08:00,2026-10-02,2026-07-04T22:53:54+08:00
ORD00105163,M004556,P00257,app,created,1,TWD,31003.0,950.0,2026-07-02T11:07:47+08:00,2026-09-12,2026-07-03T10:31:47+08:00
ORD00105355,M006661,P00172,電銷,paid,2,USD,10438.33,150.0,2026-07-02T01:36:31+08:00,2026-09-03,2026-07-04T17:48:31+08:00
ORD00107508,M001179,P00283,web,paid,2,USD,1652.63,450.0,2026-07-02T08:16:23+08:00,2026-10-11,2026-07-04T09:52:23+08:00
ORD00106322,M005441,P00196,app,created,3,TWD,128616.0,150.0,2026-07-02T19:32:40+08:00,2026-07-31,2026-07-04T06:44:40+08:00
ORD00107850,M002614,P00291,web,paid,2,TWD,52217.0,600.0,2026-07-02T11:42:30+08:00,2026-10-02,2026-07-03T02:59:30+08:00
ORD00107612,M006905,P00062,電銷,created,4,JPY,2046003.0,300.0,2026-07-02T23:21:36+08:00,2026-10-02,2026-07-03T00:54:36+08:00
ORD00106828,M000025,P00256,web,paid,4,TWD,703149.0,950.0,2026-07-02T12:41:19+08:00,2026-08-12,2026-07-04T20:58:19+08:00
ORD00104061,M000130,P00027,門市,paid,1,TWD,131226.0,100.0,2026-07-02T16:30:12+08:00,2026-09-27,2026-07-04T00:52:12+08:00
ORD00107614,M003840,P00027,web,paid,2,TWD,227640.0,450.0,2026-07-02T12:54:35+08:00,2026-10-20,2026-07-04T05:56:35+08:00
ORD00107755,M006781,P00291,app,paid,1,TWD,28220.0,350.0,2026-07-02T08:41:02+08:00,2026-07-19,2026-07-04T18:54:02+08:00
ORD00106557,M007922,P00300,門市,paid,3,TWD,345100.0,450.0,2026-07-02T22:40:13+08:00,2026-08-14,2026-07-05T06:33:13+08:00
ORD00107141,M001763,P00199,web,paid,2,USD,441.28,500.0,2026-07-02T04:20:17+08:00,2026-09-13,2026-07-03T03:24:17+08:00
ORD00106360,M000418,P00260,電銷,paid,1,USD,3723.77,300.0,2026-07-02T20:20:12+08:00,2026-10-23,2026-07-05T05:16:12+08:00
ORD00013287,M006349,P00002,app,completed,4,TWD,266825.0,550.0,2026-05-02T10:26:49+08:00,2026-05-30,2026-07-02T09:17:05+08:00
ORD00106019,M006009,P00081,app,paid,3,TWD,395625.0,750.0,2026-07-02T17:26:46+08:00,2026-09-30,2026-07-04T05:44:46+08:00
ORD00107467,M002204,P00107,門市,paid,4,TWD,803875.0,450.0,2026-07-02T09:07:05+08:00,2026-09-15,2026-07-04T23:43:05+08:00
ORD00032208,M004793,P00041,門市,cancelled,2,JPY,91754.0,950.0,2026-05-10T19:58:45+08:00,2026-09-02,2026-07-02T01:12:54+08:00
ORD00106930,M002022,P00206,電銷,created,3,TWD,462421.0,400.0,2026-07-02T04:06:16+08:00,2026-08-20,2026-07-04T09:14:16+08:00
ORD00105673,M004903,P00236,門市,paid,4,TWD,740164.0,250.0,2026-07-02T15:47:24+08:00,2026-08-29,2026-07-03T13:27:24+08:00
ORD00106961,M003132,P00061,web,paid,1,TWD,148505.0,0.0,2026-07-02T01:07:12+08:00,2026-09-29,2026-07-03T02:52:12+08:00
ORD00107504,M007634,P00077,門市,paid,1,TWD,182210.0,700.0,2026-07-02T15:01:42+08:00,2026-09-30,2026-07-05T09:38:42+08:00
ORD00107559,M001289,P00254,app,created,2,TWD,6056.0,350.0,2026-07-02T15:58:13+08:00,2026-08-29,2026-07-04T04:45:13+08:00
ORD00107692,M004310,P00119,app,created,4,USD,20095.84,450.0,2026-07-02T23:16:19+08:00,2026-07-20,2026-07-05T13:09:19+08:00
ORD00105021,M007623,P00045,web,created,3,TWD,27344.0,250.0,2026-07-02T09:24:32+08:00,2026-10-22,2026-07-03T14:23:32+08:00
ORD00094655,M002109,P00256,web,cancelled,4,TWD,720101.0,550.0,2026-06-27T19:15:14+08:00,2026-09-07,2026-07-02T04:08:18+08:00
ORD00107769,M004947,P00098,電銷,paid,1,TWD,139683.0,200.0,2026-07-02T02:52:12+08:00,2026-09-10,2026-07-04T11:46:12+08:00
ORD00098653,M003433,P00184,門市,completed,3,USD,17711.26,450.0,2026-05-05T07:56:12+08:00,2026-07-18,2026-07-02T04:10:40+08:00
ORD00019223,M001979,P00270,app,cancelled,1,TWD,22801.0,700.0,2026-05-27T22:36:55+08:00,2026-06-13,2026-07-02T12:43:29+08:00
ORD00104308,M006178,P00073,電銷,paid,4,JPY,2056753.0,150.0,2026-07-02T13:36:04+08:00,2026-09-21,2026-07-03T09:35:04+08:00
ORD00104271,M003840,P00257,門市,paid,3,TWD,129809.0,750.0,2026-07-02T00:31:16+08:00,2026-08-26,2026-07-03T06:50:16+08:00
ORD00107944,M002841,P00219,電銷,created,4,TWD,475221.0,50.0,2026-07-02T20:17:41+08:00,2026-07-16,2026-07-03T02:55:41+08:00
ORD00107703,M005056,P00057,電銷,created,1,TWD,131879.0,100.0,2026-07-02T22:13:14+08:00,2026-07-25,2026-07-04T21:54:14+08:00
ORD00104604,M001960,P00077,電銷,paid,2,TWD,482627.0,900.0,2026-07-02T01:31:46+08:00,2026-07-19,2026-07-04T10:32:46+08:00
ORD00106059,M002744,P00141,web,paid,4,TWD,285440.0,50.0,2026-07-02T19:32:00+08:00,2026-10-14,2026-07-04T04:07:00+08:00
ORD00107825,M000253,P00137,電銷,paid,1,USD,4168.31,300.0,2026-07-02T22:44:11+08:00,2026-09-26,2026-07-03T07:26:11+08:00
ORD00106678,M002497,P00131,門市,created,4,TWD,664236.0,300.0,2026-07-02T23:08:55+08:00,2026-07-15,2026-07-04T14:12:55+08:00
ORD00107636,M001561,P00078,門市,paid,3,USD,12250.2,200.0,2026-07-02T07:11:08+08:00,2026-10-22,2026-07-04T08:40:08+08:00
ORD00070034,M004048,P00285,web,completed,3,JPY,1812167.0,0.0,2026-05-25T07:43:00+08:00,2026-06-09,2026-07-02T07:11:32+08:00
ORD00106035,M006198,P00094,web,created,2,TWD,386341.0,850.0,2026-07-02T08:24:11+08:00,2026-08-31,2026-07-04T11:43:11+08:00
ORD00105221,M007714,P00279,門市,created,4,JPY,2271106.0,350.0,2026-07-02T23:28:09+08:00,2026-10-09,2026-07-04T01:51:09+08:00
ORD00105895,M005130,P00037,門市,paid,1,TWD,113440.0,900.0,2026-07-02T18:23:51+08:00,2026-09-26,2026-07-02T21:44:51+08:00
ORD00112023,M007702,P00231,app,paid,1,TWD,135327.0,700.0,2026-06-18T09:14:51+08:00,2026-08-27,2026-07-02T10:14:43+08:00
ORD00100797,M007953,P00008,門市,paid,4,USD,11514.5,350.0,2026-07-01T00:14:15+08:00,2026-10-16,2026-07-01T06:16:15+08:00
ORD00106088,M000142,P00195,web,created,1,TWD,53206.0,100.0,2026-07-02T19:42:36+08:00,2026-07-15,2026-07-02T22:49:36+08:00
ORD00106808,M001282,P00081,電銷,paid,4,USD,18214.8,500.0,2026-07-02T00:21:59+08:00,2026-07-09,2026-07-04T07:39:59+08:00
ORD00107160,M003049,P00262,電銷,created,2,TWD,353830.0,550.0,2026-07-02T09:43:11+08:00,2026-07-26,2026-07-03T21:49:11+08:00
ORD00107490,M002339,P00092,門市,paid,3,TWD,461928.0,950.0,2026-07-02T15:49:14+08:00,2026-10-09,2026-07-05T09:03:14+08:00
ORD00012141,M002819,P00158,門市,completed,2,TWD,92673.0,500.0,2026-06-29T02:29:24+08:00,2026-09-14,2026-07-02T16:53:21+08:00
ORD00104978,M006002,P00265,app,created,2,TWD,292961.0,450.0,2026-07-02T09:41:15+08:00,2026-07-26,2026-07-03T03:51:15+08:00
ORD00104007,M003376,P00096,app,created,1,USD,205.22,900.0,2026-07-02T06:39:14+08:00,2026-09-13,2026-07-02T09:57:14+08:00
ORD00046673,M003892,P00260,電銷,cancelled,1,TWD,113491.0,750.0,2026-06-16T21:02:03+08:00,2026-09-14,2026-07-02T19:09:04+08:00
ORD00106109,M007021,P00096,電銷,paid,2,TWD,13229.0,300.0,2026-07-02T11:43:59+08:00,2026-08-25,2026-07-04T18:14:59+08:00
ORD00107781,M001758,P00293,web,created,4,TWD,324771.0,750.0,2026-07-02T16:01:02+08:00,2026-09-30,2026-07-04T15:48:02+08:00
ORD00107707,M001966,P00106,web,paid,1,JPY,206338.0,650.0,2026-07-02T15:02:06+08:00,2026-10-09,2026-07-04T10:00:06+08:00
ORD00105125,M001631,P00239,web,created,1,USD,4322.57,0.0,2026-07-02T19:53:10+08:00,2026-08-25,2026-07-04T09:07:10+08:00
ORD00107239,M007915,P00196,電銷,created,2,USD,3650.95,850.0,2026-07-02T02:51:58+08:00,2026-10-24,2026-07-02T06:35:58+08:00
ORD00077521,M000354,P00251,web,completed,1,TWD,120388.0,650.0,2026-05-19T15:57:54+08:00,2026-06-24,2026-07-02T03:45:38+08:00
ORD00104560,M007172,P00200,app,created,2,TWD,228511.0,750.0,2026-07-02T07:41:42+08:00,2026-09-11,2026-07-02T08:33:42+08:00
ORD00104915,M000943,P00120,門市,paid,3,TWD,341505.0,750.0,2026-07-02T22:23:54+08:00,2026-09-01,2026-07-03T20:11:54+08:00
ORD00107580,M000771,P00133,web,paid,2,TWD,10370.0,600.0,2026-07-02T04:54:28+08:00,2026-09-06,2026-07-03T09:11:28+08:00
ORD00054079,M000505,P00214,web,cancelled,3,TWD,471734.0,250.0,2026-06-12T09:29:56+08:00,2026-09-22,2026-07-02T06:54:36+08:00
ORD00105935,M002209,P00126,電銷,paid,3,TWD,66307.0,800.0,2026-07-02T22:45:50+08:00,2026-07-16,2026-07-03T16:07:50+08:00
ORD00106270,M006432,P00238,電銷,paid,2,TWD,195367.0,50.0,2026-07-02T17:58:03+08:00,2026-08-03,2026-07-04T08:08:03+08:00
ORD00105247,M005658,P00071,電銷,paid,4,USD,6796.19,550.0,2026-07-02T18:25:25+08:00,2026-09-01,2026-07-04T09:42:25+08:00
ORD00104348,M004740,P00096,web,created,3,JPY,121222.0,700.0,2026-07-02T04:20:20+08:00,2026-08-01,2026-07-02T20:19:20+08:00
ORD00104115,M006591,P00159,門市,paid,2,TWD,82575.0,400.0,2026-07-02T07:48:16+08:00,2026-10-16,2026-07-04T04:22:16+08:00
ORD00027537,M004590,P00212,電銷,cancelled,1,TWD,31145.0,650.0,2026-06-25T17:09:03+08:00,2026-09-11,2026-07-02T01:08:33+08:00
ORD00107026,M004002,P00120,web,paid,1,TWD,98526.0,450.0,2026-07-02T11:39:26+08:00,2026-09-11,2026-07-03T08:20:26+08:00
ORD00106332,M006241,P00223,app,paid,1,JPY,1107600.0,450.0,2026-07-02T07:50:57+08:00,2026-10-28,2026-07-03T04:12:57+08:00
ORD00105220,M007309,P00181,電銷,paid,1,USD,565.28,0.0,2026-07-02T11:35:09+08:00,2026-10-25,2026-07-04T05:25:09+08:00
ORD00107266,M004357,P00261,電銷,created,4,USD,614.78,850.0,2026-07-02T10:24:18+08:00,2026-10-02,2026-07-05T00:43:18+08:00
ORD00104335,M007236,P00047,門市,paid,4,TWD,79561.0,150.0,2026-07-02T18:41:58+08:00,2026-10-07,2026-07-03T09:36:58+08:00
ORD00107563,M006302,P00266,app,paid,4,USD,1806.57,450.0,2026-07-02T06:49:42+08:00,2026-09-11,2026-07-04T09:16:42+08:00
ORD00059359,M006900,P00108,門市,completed,4,TWD,478624.0,350.0,2026-05-18T17:03:40+08:00,2026-07-18,2026-07-02T11:20:42+08:00
ORD00107084,M003572,P00079,web,paid,2,JPY,438834.0,800.0,2026-07-02T00:14:26+08:00,2026-10-14,2026-07-03T11:24:26+08:00
ORD00105282,M001216,P00242,app,paid,2,USD,1741.58,250.0,2026-07-02T18:25:33+08:00,2026-09-21,2026-07-03T15:03:33+08:00
ORD00106578,M007249,P00042,電銷,paid,4,TWD,557261.0,100.0,2026-07-02T19:54:08+08:00,2026-08-15,2026-07-04T14:01:08+08:00
ORD00105311,M000237,P00121,門市,paid,4,USD,3120.8,50.0,2026-07-02T12:14:53+08:00,2026-10-08,2026-07-03T00:50:53+08:00
ORD00105994,M000719,P00288,電銷,paid,2,TWD,22986.0,500.0,2026-07-02T10:59:51+08:00,2026-10-23,2026-07-02T19:34:51+08:00
ORD00104701,M003257,P00151,門市,paid,3,USD,6410.54,100.0,2026-07-02T12:09:57+08:00,2026-08-06,2026-07-05T03:20:57+08:00
ORD00048678,M005472,P00250,電銷,completed,1,USD,2352.82,200.0,2026-05-19T05:19:39+08:00,2026-09-07,2026-07-02T13:33:55+08:00
ORD00104706,M007289,P00121,app,paid,1,TWD,24618.0,100.0,2026-07-02T03:44:33+08:00,2026-09-02,2026-07-03T15:57:33+08:00
ORD00104576,M001865,P00007,電銷,created,1,TWD,56720.0,250.0,2026-07-02T06:42:33+08:00,2026-07-20,2026-07-02T18:02:33+08:00
ORD00106467,M001358,P00276,門市,paid,3,TWD,593835.0,300.0,2026-07-02T11:38:04+08:00,2026-09-15,2026-07-02T23:20:04+08:00
ORD00104021,M001669,P00007,電銷,paid,2,USD,2846.98,0.0,2026-07-02T15:55:24+08:00,2026-09-27,2026-07-05T01:22:24+08:00
ORD00107845,M000645,P00118,門市,paid,4,TWD,467338.0,850.0,2026-07-02T21:16:25+08:00,2026-08-21,2026-07-04T03:15:25+08:00
ORD00104732,M001520,P00081,app,paid,2,TWD,199867.0,450.0,2026-07-02T02:11:40+08:00,2026-10-01,2026-07-02T12:58:40+08:00
ORD00104473,M003983,P00231,電銷,paid,1,TWD,172206.0,100.0,2026-07-02T01:07:37+08:00,2026-10-20,2026-07-04T13:51:37+08:00
ORD00106507,M007478,P00283,門市,created,1,TWD,24450.0,0.0,2026-07-02T06:17:57+08:00,2026-08-05,2026-07-03T06:03:57+08:00
ORD00106900,M004010,P00055,app,created,1,JPY,468148.0,550.0,2026-07-02T14:57:45+08:00,2026-08-16,2026-07-05T08:10:45+08:00
ORD00104406,M007675,P00206,app,created,3,TWD,603281.0,200.0,2026-07-02T14:33:27+08:00,2026-10-15,2026-07-03T22:24:27+08:00
ORD00107176,M000933,P00124,電銷,created,1,USD,1313.65,0.0,2026-07-02T10:27:02+08:00,2026-09-09,2026-07-03T05:21:02+08:00
ORD00106770,M005460,P00065,門市,paid,2,TWD,444386.0,800.0,2026-07-02T21:08:57+08:00,2026-08-10,2026-07-04T21:39:57+08:00
ORD00104362,M004723,P00296,門市,paid,1,TWD,8541.0,700.0,2026-07-02T12:20:16+08:00,2026-09-22,2026-07-03T15:39:16+08:00
ORD00107323,M001069,P00168,門市,created,3,JPY,2037647.0,650.0,2026-07-02T13:35:55+08:00,2026-07-31,2026-07-02T18:30:55+08:00
ORD00106665,M006630,P00092,app,paid,1,JPY,907797.0,250.0,2026-07-02T13:07:46+08:00,2026-09-27,2026-07-05T00:09:46+08:00
ORD00106931,M006655,P00033,電銷,paid,3,JPY,1693885.0,550.0,2026-07-02T08:22:21+08:00,2026-09-22,2026-07-05T00:52:21+08:00
ORD00104091,M002343,P00248,web,created,3,TWD,74816.0,500.0,2026-07-02T08:21:16+08:00,2026-10-04,2026-07-04T07:58:16+08:00
ORD00036125,M003098,P00003,app,completed,2,TWD,200232.0,300.0,2026-06-26T11:06:23+08:00,2026-10-14,2026-07-02T21:34:36+08:00
ORD00104906,M003168,P00269,電銷,paid,3,TWD,199575.0,250.0,2026-07-02T14:20:59+08:00,2026-07-09,2026-07-03T09:05:59+08:00
ORD00105683,M002562,P00031,門市,paid,4,USD,23547.76,600.0,2026-07-02T03:05:30+08:00,2026-08-26,2026-07-03T04:43:30+08:00
ORD00105674,M000109,P00139,web,created,3,TWD,412032.0,250.0,2026-07-02T10:09:35+08:00,2026-09-01,2026-07-04T06:23:35+08:00
ORD00107466,M000420,P00065,web,paid,2,USD,14263.56,150.0,2026-07-02T22:12:47+08:00,2026-07-30,2026-07-05T02:36:47+08:00
ORD00106959,M000681,P00163,web,paid,2,TWD,191589.0,850.0,2026-07-02T02:12:44+08:00,2026-07-14,2026-07-03T10:05:44+08:00
ORD00107772,M001779,P00076,門市,paid,4,JPY,84497.0,400.0,2026-07-02T14:05:50+08:00,2026-10-13,2026-07-02T22:19:50+08:00
ORD00106934,M000008,P00037,電銷,paid,4,USD,14289.03,850.0,2026-07-02T13:01:51+08:00,2026-08-29,2026-07-03T02:38:51+08:00
ORD00106094,M003609,P00237,門市,paid,2,TWD,414339.0,250.0,2026-07-02T23:01:16+08:00,2026-08-27,2026-07-05T10:02:16+08:00
ORD00107019,M006603,P00291,電銷,paid,2,TWD,58796.0,500.0,2026-07-02T04:25:57+08:00,2026-10-23,2026-07-02T09:13:57+08:00
ORD00107344,M001438,P00090,web,paid,2,TWD,351918.0,150.0,2026-07-02T12:29:36+08:00,2026-07-23,2026-07-04T04:27:36+08:00
ORD00106320,M004695,P00194,電銷,paid,2,JPY,773109.0,400.0,2026-07-02T08:13:58+08:00,2026-08-25,2026-07-04T22:56:58+08:00
ORD00105119,M005233,P00177,app,paid,1,JPY,99581.0,550.0,2026-07-02T23:52:31+08:00,2026-08-10,2026-07-03T12:32:31+08:00
ORD00106028,M003757,P00258,電銷,created,1,USD,4431.05,750.0,2026-07-02T06:20:13+08:00,2026-09-05,2026-07-02T13:43:13+08:00
ORD00106172,M005103,P00223,app,paid,4,TWD,804579.0,650.0,2026-07-02T22:34:04+08:00,2026-08-19,2026-07-03T03:01:04+08:00
ORD00105925,M001846,P00073,電銷,paid,3,TWD,382468.0,600.0,2026-07-02T20:00:33+08:00,2026-09-20,2026-07-04T01:18:33+08:00
ORD00106766,M002935,P00111,app,paid,3,TWD,313839.0,400.0,2026-07-02T06:47:25+08:00,2026-07-31,2026-07-04T18:20:25+08:00
ORD00106997,M005900,P00227,web,created,2,TWD,296678.0,300.0,2026-07-02T07:35:11+08:00,2026-09-20,2026-07-04T12:19:11+08:00
ORD00107547,M003435,P00217,電銷,created,2,TWD,363077.0,650.0,2026-07-02T13:40:42+08:00,2026-09-06,2026-07-02T13:45:42+08:00
ORD00105816,M002817,P00273,web,created,4,TWD,369443.0,700.0,2026-07-02T15:43:39+08:00,2026-10-24,2026-07-04T16:21:39+08:00
ORD00104610,M005778,P00049,門市,paid,3,JPY,251104.0,650.0,2026-07-02T16:29:17+08:00,2026-08-28,2026-07-04T05:44:17+08:00
ORD00106114,M000283,P00011,app,paid,1,USD,4817.65,150.0,2026-07-02T05:39:27+08:00,2026-07-19,2026-07-03T08:52:27+08:00
ORD00104448,M001508,P00182,app,created,3,JPY,93119.0,0.0,2026-07-02T17:03:26+08:00,2026-08-19,2026-07-04T13:53:26+08:00
ORD00107988,M004834,P00288,電銷,paid,3,USD,1260.86,850.0,2026-07-02T13:12:04+08:00,2026-10-10,2026-07-02T23:37:04+08:00
ORD00105243,M007844,P00004,web,paid,1,JPY,951442.0,550.0,2026-07-02T23:48:53+08:00,2026-09-14,2026-07-05T03:02:53+08:00
ORD00105640,M007974,P00259,web,paid,4,TWD,606479.0,800.0,2026-07-02T10:02:03+08:00,2026-07-21,2026-07-03T23:29:13+08:00
ORD00105301,M004866,P00259,app,created,2,USD,9609.44,100.0,2026-07-02T23:01:33+08:00,2026-07-09,2026-07-04T05:12:33+08:00
ORD00106003,M003604,P00238,web,created,2,TWD,177799.0,600.0,2026-07-02T10:06:34+08:00,2026-08-10,2026-07-03T08:47:34+08:00
ORD00083603,M005668,P00203,app,completed,1,TWD,149246.0,150.0,2026-05-05T05:16:43+08:00,2026-08-11,2026-07-02T22:12:09+08:00
ORD00014092,M005928,P00052,電銷,completed,2,TWD,136212.0,900.0,2026-06-25T20:41:54+08:00,2026-08-12,2026-07-02T04:50:08+08:00
ORD00105918,M007470,P00128,門市,paid,3,TWD,508893.0,450.0,2026-07-02T15:27:26+08:00,2026-08-25,2026-07-04T22:10:26+08:00
ORD00105332,M000364,P00146,電銷,paid,1,TWD,25562.0,850.0,2026-07-02T21:04:00+08:00,2026-08-31,2026-07-04T11:48:00+08:00
ORD00106874,M005227,P00052,web,created,4,TWD,289935.0,150.0,2026-07-02T23:07:38+08:00,2026-08-17,2026-07-04T01:44:38+08:00
ORD00107597,M004348,P00187,app,paid,3,JPY,434722.0,250.0,2026-07-02T12:09:18+08:00,2026-09-11,2026-07-04T21:04:18+08:00
ORD00105888,M005437,P00111,app,paid,1,TWD,106014.0,600.0,2026-07-02T10:28:33+08:00,2026-07-17,2026-07-03T15:27:33+08:00
ORD00106225,M003003,P00265,電銷,paid,3,TWD,580013.0,200.0,2026-07-02T05:09:35+08:00,2026-10-13,2026-07-04T12:47:35+08:00
ORD00107128,M002479,P00010,web,created,4,TWD,594190.0,900.0,2026-07-02T02:43:12+08:00,2026-10-09,2026-07-03T20:14:12+08:00
ORD00104446,M001303,P00208,電銷,paid,2,USD,11521.16,450.0,2026-07-02T12:03:54+08:00,2026-09-25,2026-07-04T04:20:54+08:00
ORD00104192,M001722,P00066,app,paid,1,USD,6319.41,550.0,2026-07-02T10:53:59+08:00,2026-08-29,2026-07-04T22:29:59+08:00
ORD00087126,M006191,P00042,電銷,completed,3,TWD,506419.0,950.0,2026-05-28T23:10:48+08:00,2026-07-04,2026-07-02T11:08:25+08:00
ORD00107724,M001318,P00100,門市,paid,1,JPY,779022.0,50.0,2026-07-02T17:22:38+08:00,2026-10-05,2026-07-03T07:41:38+08:00
ORD00105257,M002205,P00038,web,created,3,TWD,64961.0,500.0,2026-07-02T18:40:23+08:00,2026-09-12,2026-07-05T04:42:23+08:00
ORD00106036,M007873,P00033,app,created,2,TWD,226894.0,200.0,2026-07-02T22:13:50+08:00,2026-08-17,2026-07-04T20:08:50+08:00
ORD00107669,M001899,P00291,門市,created,4,TWD,140950.0,200.0,2026-07-02T01:05:51+08:00,2026-09-04,2026-07-03T14:00:51+08:00
ORD00105653,M006780,P00030,電銷,paid,2,TWD,298591.0,100.0,2026-07-02T18:47:41+08:00,2026-09-27,2026-07-03T17:12:41+08:00
ORD00104589,M006591,P00127,web,created,2,TWD,109099.0,850.0,2026-07-02T01:34:16+08:00,2026-08-07,2026-07-03T19:10:16+08:00
ORD00105949,M006399,P00126,電銷,paid,2,TWD,51514.0,50.0,2026-07-02T00:24:37+08:00,2026-09-29,2026-07-03T11:14:37+08:00
ORD00107309,M002334,P00295,web,created,3,TWD,142184.0,950.0,2026-07-02T22:29:10+08:00,2026-09-29,2026-07-03T19:57:10+08:00
ORD00104432,M001596,P00212,電銷,created,2,USD,1672.38,200.0,2026-07-02T20:57:31+08:00,2026-10-01,2026-07-04T21:04:31+08:00
ORD00100164,M000240,P00248,門市,paid,2,USD,1206.41,250.0,2026-07-01T23:33:37+08:00,2026-10-05,2026-07-04T00:59:37+08:00
ORD00106006,M005255,P00128,電銷,paid,2,JPY,1489765.0,200.0,2026-07-02T10:30:22+08:00,2026-08-25,2026-07-02T18:13:22+08:00
ORD00107907,M007767,P00172,app,created,1,TWD,123485.0,600.0,2026-07-02T06:37:40+08:00,2026-07-13,2026-07-03T19:19:40+08:00
ORD00104809,M003212,P00027,web,paid,1,USD,4712.83,50.0,2026-07-02T08:50:42+08:00,2026-07-11,2026-07-04T00:55:42+08:00
ORD00107297,M003748,P00197,電銷,paid,4,TWD,251483.0,800.0,2026-07-02T16:48:51+08:00,2026-08-27,2026-07-02T17:19:51+08:00
ORD00106879,M002004,P00007,app,paid,1,TWD,58497.0,150.0,2026-07-02T14:50:46+08:00,2026-09-11,2026-07-04T20:17:46+08:00
ORD00106982,M003360,P00296,web,created,2,JPY,63081.0,0.0,2026-07-02T02:38:14+08:00,2026-07-31,2026-07-03T03:24:14+08:00
ORD00105388,M002478,P00213,電銷,created,1,USD,3168.01,450.0,2026-07-02T03:22:25+08:00,2026-09-01,2026-07-04T12:24:25+08:00
ORD00104754,M004098,P00218,門市,paid,2,TWD,68164.0,450.0,2026-07-02T09:48:12+08:00,2026-08-16,2026-07-03T06:09:12+08:00
ORD00107958,M004408,P00212,web,created,3,JPY,419323.0,450.0,2026-07-02T03:31:19+08:00,2026-10-02,2026-07-04T00:54:19+08:00
ORD00106487,M003422,P00064,電銷,paid,1,TWD,24092.0,750.0,2026-07-02T05:23:15+08:00,2026-07-28,2026-07-03T09:50:15+08:00
ORD00106954,M001648,P00226,app,paid,4,TWD,392999.0,300.0,2026-07-02T18:03:54+08:00,2026-10-06,2026-07-05T03:34:54+08:00
ORD00105771,M006251,P00065,app,paid,1,TWD,199086.0,700.0,2026-07-02T19:15:22+08:00,2026-10-03,2026-07-04T09:58:22+08:00
ORD00106437,M004060,P00098,app,paid,1,TWD,178864.0,450.0,2026-07-02T17:42:40+08:00,2026-10-08,2026-07-03T13:23:40+08:00
ORD00107256,M003907,P00056,電銷,created,4,TWD,351930.0,0.0,2026-07-02T18:22:17+08:00,2026-09-14,2026-07-04T21:08:17+08:00
ORD00105175,M002408,P00014,app,paid,4,USD,14238.87,200.0,2026-07-02T20:26:24+08:00,2026-07-16,2026-07-04T10:15:24+08:00
ORD00105321,M004550,P00190,web,paid,4,TWD,820074.0,0.0,2026-07-02T13:34:20+08:00,2026-09-01,2026-07-03T02:10:20+08:00
ORD00098817,M002260,P00283,電銷,cancelled,3,USD,2722.07,250.0,2026-06-01T09:04:50+08:00,2026-08-18,2026-07-02T21:00:08+08:00
ORD00107533,M003404,P00007,門市,created,3,TWD,164336.0,750.0,2026-07-02T17:16:55+08:00,2026-07-13,2026-07-05T01:24:55+08:00
ORD00104154,M002754,P00262,web,created,3,TWD,578892.0,700.0,2026-07-02T18:12:03+08:00,2026-09-21,2026-07-04T03:55:03+08:00
ORD00104928,M004966,P00063,app,created,2,TWD,338053.0,450.0,2026-07-02T04:08:20+08:00,2026-09-21,2026-07-03T22:24:20+08:00
ORD00106898,M003817,P00175,門市,created,3,USD,1841.45,250.0,2026-07-02T01:41:42+08:00,2026-08-10,2026-07-02T21:17:42+08:00
ORD00104116,M000266,P00197,web,paid,1,TWD,72006.0,550.0,2026-07-02T03:54:11+08:00,2026-09-14,2026-07-03T09:13:11+08:00
ORD00001735,M007214,P00131,電銷,cancelled,4,JPY,4215091.0,600.0,2026-05-02T23:22:37+08:00,2026-08-10,2026-07-02T06:01:45+08:00
ORD00107314,M002683,P00004,門市,paid,4,TWD,796584.0,400.0,2026-07-02T04:30:34+08:00,2026-07-28,2026-07-02T06:14:34+08:00
ORD00107174,M002645,P00173,web,paid,2,TWD,17894.0,50.0,2026-07-02T10:53:23+08:00,2026-10-16,2026-07-02T22:58:23+08:00
ORD00107143,M000795,P00088,電銷,paid,3,TWD,236915.0,800.0,2026-07-02T04:11:38+08:00,2026-07-16,2026-07-02T14:52:38+08:00
ORD00106935,M002987,P00041,app,created,1,USD,270.69,400.0,2026-07-02T14:59:59+08:00,2026-10-10,2026-07-03T17:03:59+08:00
ORD00104013,M005989,P00093,電銷,paid,3,TWD,322999.0,400.0,2026-07-02T09:08:22+08:00,2026-08-03,2026-07-03T10:12:22+08:00
ORD00104583,M003930,P00013,web,created,2,TWD,315191.0,750.0,2026-07-02T18:43:26+08:00,2026-09-23,2026-07-04T11:13:26+08:00
ORD00104236,M000165,P00258,電銷,paid,1,USD,4697.98,300.0,2026-07-02T07:50:39+08:00,2026-08-11,2026-07-03T02:25:39+08:00
ORD00104194,M003357,P00294,門市,paid,3,JPY,2081120.0,900.0,2026-07-02T02:08:09+08:00,2026-08-26,2026-07-02T19:39:09+08:00
ORD00107593,M000435,P00125,web,paid,3,TWD,139142.0,100.0,2026-07-02T07:35:42+08:00,2026-09-23,2026-07-03T20:03:42+08:00
ORD00107448,M001651,P00298,門市,created,2,TWD,237866.0,650.0,2026-07-02T23:28:47+08:00,2026-08-16,2026-07-03T14:32:47+08:00
ORD00105164,M003123,P00073,web,paid,1,USD,3104.23,700.0,2026-07-02T18:18:26+08:00,2026-09-01,2026-07-05T07:57:26+08:00
ORD00104459,M000067,P00014,電銷,paid,1,JPY,471427.0,0.0,2026-07-02T14:19:10+08:00,2026-08-08,2026-07-04T11:38:10+08:00
ORD00106676,M007495,P00029,web,paid,2,TWD,214196.0,100.0,2026-07-02T16:54:36+08:00,2026-10-01,2026-07-03T06:18:36+08:00
ORD00105099,M000625,P00240,門市,created,2,USD,5363.78,400.0,2026-07-02T15:41:48+08:00,2026-10-22,2026-07-03T13:29:48+08:00
ORD00107012,M002808,P00262,門市,created,3,JPY,3528344.0,300.0,2026-07-02T04:46:53+08:00,2026-08-27,2026-07-03T23:15:53+08:00
ORD00104910,M002508,P00209,門市,created,2,USD,6277.44,750.0,2026-07-02T06:24:21+08:00,2026-09-19,2026-07-02T22:27:21+08:00
ORD00106018,M003575,P00273,app,paid,4,TWD,380629.0,950.0,2026-07-02T11:16:00+08:00,2026-09-22,2026-07-04T11:54:00+08:00
ORD00107087,M005168,P00122,電銷,paid,2,TWD,334707.0,650.0,2026-07-02T01:34:17+08:00,2026-08-04,2026-07-02T22:21:17+08:00
ORD00106842,M001467,P00276,app,paid,4,TWD,574837.0,900.0,2026-07-02T10:01:05+08:00,2026-08-18,2026-07-03T21:57:05+08:00
ORD00075246,M001722,P00222,app,completed,3,USD,3598.53,900.0,2026-05-16T21:10:06+08:00,2026-07-30,2026-07-02T17:08:15+08:00
ORD00104119,M006031,P00132,web,paid,3,JPY,777126.0,400.0,2026-07-02T05:24:38+08:00,2026-08-13,2026-07-04T07:14:38+08:00
ORD00107405,M001186,P00027,web,paid,4,JPY,2402856.0,600.0,2026-07-02T16:25:46+08:00,2026-10-20,2026-07-04T04:41:46+08:00
ORD00105279,M002143,P00157,app,paid,4,TWD,337762.0,100.0,2026-07-02T09:39:26+08:00,2026-08-30,2026-07-02T12:08:26+08:00
ORD00106194,M001972,P00223,app,paid,4,JPY,4484258.0,800.0,2026-07-02T15:10:32+08:00,2026-07-21,2026-07-04T09:05:32+08:00
ORD00106348,M006543,P00270,電銷,paid,1,USD,801.56,50.0,2026-07-02T05:24:10+08:00,2026-10-17,2026-07-03T03:05:10+08:00
ORD00105288,M006054,P00029,app,paid,1,USD,3663.48,550.0,2026-07-02T15:53:44+08:00,2026-07-21,2026-07-03T08:40:44+08:00
ORD00008537,M007066,P00297,web,completed,3,USD,13663.76,650.0,2026-06-25T16:14:36+08:00,2026-07-03,2026-07-02T13:53:21+08:00
ORD00033376,M005019,P00248,電銷,completed,1,JPY,120422.0,500.0,2026-05-23T19:34:34+08:00,2026-07-28,2026-07-02T05:51:14+08:00
ORD00104279,M000735,P00216,門市,created,2,TWD,26143.0,50.0,2026-07-02T22:32:28+08:00,2026-10-02,2026-07-04T00:50:28+08:00
ORD00105750,M003175,P00035,電銷,created,2,JPY,1627268.0,250.0,2026-07-02T07:01:19+08:00,2026-09-07,2026-07-04T16:27:19+08:00
ORD00104615,M004533,P00131,電銷,paid,1,TWD,200909.0,150.0,2026-07-02T20:31:46+08:00,2026-10-03,2026-07-04T20:33:46+08:00
ORD00106481,M005016,P00157,門市,created,2,TWD,137010.0,250.0,2026-07-02T09:22:54+08:00,2026-10-13,2026-07-04T14:42:54+08:00
ORD00107659,M002766,P00083,門市,created,4,TWD,522927.0,400.0,2026-07-02T17:04:28+08:00,2026-08-04,2026-07-03T13:55:28+08:00
ORD00107193,M001021,P00150,電銷,created,4,TWD,556360.0,400.0,2026-07-02T18:16:38+08:00,2026-10-08,2026-07-05T12:05:38+08:00
ORD00107375,M005685,P00255,門市,paid,2,TWD,342579.0,800.0,2026-07-02T09:55:05+08:00,2026-07-14,2026-07-04T18:50:05+08:00
ORD00107097,M003128,P00080,門市,paid,3,TWD,382620.0,650.0,2026-07-02T13:53:18+08:00,2026-10-17,2026-07-05T05:25:18+08:00
ORD00104063,M002503,P00192,web,paid,1,TWD,247359.0,900.0,2026-07-02T01:37:00+08:00,2026-09-04,2026-07-04T01:37:00+08:00
ORD00104018,M006352,P00121,web,paid,2,JPY,244480.0,450.0,2026-07-02T19:48:37+08:00,2026-10-25,2026-07-04T05:44:37+08:00
ORD00007238,M002664,P00191,門市,cancelled,3,TWD,445686.0,50.0,2026-05-26T20:02:45+08:00,2026-07-28,2026-07-02T15:42:14+08:00
ORD00106223,M002581,P00105,門市,created,4,TWD,262999.0,400.0,2026-07-02T22:50:27+08:00,2026-08-31,2026-07-05T11:40:27+08:00
ORD00106295,M002106,P00261,web,paid,4,TWD,18466.0,950.0,2026-07-02T21:42:01+08:00,2026-10-24,2026-07-03T09:56:01+08:00
ORD00112040,M001602,P00052,app,paid,2,JPY,665087.0,600.0,2026-06-18T22:26:46+08:00,2026-07-04,2026-07-02T08:44:52+08:00
ORD00107977,M007345,P00154,app,paid,3,TWD,266467.0,500.0,2026-07-02T12:07:24+08:00,2026-08-04,2026-07-03T15:17:24+08:00
ORD00064872,M006011,P00133,電銷,completed,1,TWD,4542.0,850.0,2026-05-31T09:23:49+08:00,2026-09-19,2026-07-02T10:10:13+08:00
ORD00050692,M001508,P00275,門市,completed,1,TWD,78634.0,400.0,2026-05-09T08:38:19+08:00,2026-08-21,2026-07-02T18:26:01+08:00
ORD00107215,M007451,P00020,web,created,2,TWD,110843.0,550.0,2026-07-02T14:16:52+08:00,2026-10-01,2026-07-03T21:09:52+08:00
ORD00107502,M006002,P00174,app,paid,1,USD,725.52,700.0,2026-07-02T08:44:24+08:00,2026-10-15,2026-07-05T01:44:24+08:00
ORD00066715,M001205,P00288,app,completed,1,TWD,14109.0,400.0,2026-06-19T23:26:47+08:00,2026-09-02,2026-07-02T03:09:49+08:00
ORD00036783,M005407,P00038,app,cancelled,1,TWD,22040.0,950.0,2026-06-12T22:40:31+08:00,2026-07-24,2026-07-02T10:08:41+08:00
ORD00107643,M004528,P00233,電銷,paid,4,TWD,390993.0,350.0,2026-07-02T01:41:58+08:00,2026-08-12,2026-07-02T02:15:58+08:00
ORD00107076,M004487,P00226,門市,paid,4,TWD,406064.0,700.0,2026-07-02T06:09:05+08:00,2026-08-18,2026-07-04T15:20:05+08:00
ORD00105113,M003751,P00296,門市,paid,3,JPY,87516.0,50.0,2026-07-02T23:45:11+08:00,2026-08-20,2026-07-03T12:10:11+08:00
ORD00105124,M001534,P00116,電銷,created,4,JPY,1486191.0,850.0,2026-07-02T15:46:55+08:00,2026-09-05,2026-07-04T23:27:55+08:00
ORD00107251,M003065,P00136,電銷,paid,4,TWD,64126.0,400.0,2026-07-02T02:49:18+08:00,2026-10-02,2026-07-02T22:19:18+08:00
ORD00105646,M003722,P00160,web,paid,1,TWD,16350.0,200.0,2026-07-02T01:32:17+08:00,2026-10-26,2026-07-04T03:05:17+08:00
ORD00106916,M001717,P00193,app,created,2,JPY,1468617.0,950.0,2026-07-02T06:13:27+08:00,2026-08-12,2026-07-03T09:16:27+08:00
ORD00097611,M000653,P00121,電銷,cancelled,4,TWD,90767.0,900.0,2026-05-29T15:24:44+08:00,2026-09-02,2026-07-02T14:12:58+08:00
ORD00106662,M000289,P00278,web,created,1,TWD,200574.0,850.0,2026-07-02T15:46:51+08:00,2026-08-22,2026-07-02T23:32:51+08:00
ORD00107263,M007196,P00208,web,created,3,TWD,455274.0,0.0,2026-07-02T03:22:35+08:00,2026-09-27,2026-07-02T15:34:35+08:00
ORD00106152,M001533,P00101,電銷,paid,1,TWD,72184.0,600.0,2026-07-02T04:19:25+08:00,2026-10-03,2026-07-02T06:55:25+08:00
ORD00105961,M006774,P00232,電銷,paid,1,JPY,934658.0,450.0,2026-07-02T22:13:29+08:00,2026-08-08,2026-07-04T03:54:29+08:00
ORD00105058,M006056,P00114,門市,paid,1,TWD,76719.0,0.0,2026-07-02T00:58:49+08:00,2026-10-04,2026-07-02T10:00:49+08:00
ORD00105536,M000396,P00172,電銷,created,3,USD,14998.92,400.0,2026-07-02T22:02:59+08:00,2026-08-30,2026-07-05T07:10:59+08:00
ORD00107033,M006749,P00050,web,created,3,TWD,7790.0,550.0,2026-07-02T09:01:07+08:00,2026-07-17,2026-07-04T20:02:07+08:00
ORD00105528,M000013,P00271,電銷,paid,1,TWD,20386.0,100.0,2026-07-02T07:13:04+08:00,2026-08-07,2026-07-03T09:51:04+08:00
ORD00104430,M007027,P00179,web,paid,2,USD,9462.55,300.0,2026-07-02T20:06:14+08:00,2026-10-18,2026-07-03T13:57:14+08:00
ORD00106729,M007179,P00273,app,paid,4,TWD,390002.0,250.0,2026-07-02T09:28:28+08:00,2026-08-20,2026-07-03T03:50:28+08:00
ORD00104847,M003995,P00068,web,paid,3,TWD,232865.0,200.0,2026-07-02T02:03:20+08:00,2026-08-04,2026-07-03T05:07:20+08:00
ORD00107455,M006103,P00090,web,paid,4,TWD,530229.0,550.0,2026-07-02T23:01:40+08:00,2026-09-14,2026-07-03T18:10:40+08:00
ORD00107898,M007995,P00235,app,paid,4,JPY,1279785.0,900.0,2026-07-02T23:52:09+08:00,2026-09-07,2026-07-04T11:07:09+08:00
ORD00107398,M001428,P00269,web,paid,2,USD,4025.95,100.0,2026-07-02T13:43:19+08:00,2026-10-12,2026-07-03T18:11:19+08:00
ORD00106653,M005291,P00162,web,created,1,TWD,7867.0,500.0,2026-07-02T10:45:24+08:00,2026-08-26,2026-07-03T10:57:24+08:00
ORD00104003,M001279,P00263,電銷,created,3,JPY,1658534.0,700.0,2026-07-02T02:40:37+08:00,2026-09-02,2026-07-03T11:11:37+08:00
ORD00107429,M007937,P00093,app,paid,2,TWD,210307.0,600.0,2026-07-02T20:52:52+08:00,2026-08-22,2026-07-04T03:22:52+08:00
ORD00104449,M006462,P00274,web,created,2,USD,7590.77,700.0,2026-07-02T14:40:28+08:00,2026-10-27,2026-07-04T04:03:28+08:00
ORD00043423,M007427,P00246,app,completed,3,USD,11119.16,950.0,2026-06-04T20:17:41+08:00,2026-09-05,2026-07-02T07:28:08+08:00
ORD00105765,M002833,P00084,web,paid,1,TWD,54435.0,500.0,2026-07-02T18:35:29+08:00,2026-08-02,2026-07-03T02:02:29+08:00
ORD00107451,M005737,P00026,app,paid,4,TWD,416234.0,400.0,2026-07-02T17:25:29+08:00,2026-08-17,2026-07-04T21:54:29+08:00
ORD00106618,M003016,P00214,app,paid,3,TWD,419586.0,300.0,2026-07-02T03:35:22+08:00,2026-09-08,2026-07-04T15:29:22+08:00
ORD00104814,M003805,P00275,web,paid,2,USD,5170.57,50.0,2026-07-02T22:37:13+08:00,2026-08-15,2026-07-03T09:23:13+08:00
ORD00106147,M002707,P00079,門市,paid,4,TWD,183039.0,700.0,2026-07-02T08:15:33+08:00,2026-10-29,2026-07-02T16:25:33+08:00
ORD00106391,M001036,P00225,web,created,2,USD,2664.29,900.0,2026-07-02T19:40:13+08:00,2026-09-19,2026-07-05T04:07:13+08:00
ORD00107417,M002061,P00289,web,paid,4,TWD,420220.0,150.0,2026-07-02T01:31:48+08:00,2026-08-23,2026-07-02T08:52:48+08:00
ORD00104859,M004027,P00268,電銷,paid,1,TWD,58946.0,500.0,2026-07-02T23:08:39+08:00,2026-07-23,2026-07-03T04:57:39+08:00
ORD00105827,M002392,P00262,app,paid,1,TWD,174284.0,100.0,2026-07-02T01:34:18+08:00,2026-07-09,2026-07-03T04:59:18+08:00
ORD00105891,M004494,P00111,電銷,paid,1,USD,3257.72,800.0,2026-07-02T10:11:13+08:00,2026-08-04,2026-07-02T23:50:13+08:00
ORD00104817,M000132,P00203,web,paid,2,TWD,230118.0,550.0,2026-07-02T19:45:08+08:00,2026-09-08,2026-07-04T10:19:08+08:00
ORD00105066,M001904,P00243,web,created,2,TWD,359746.0,300.0,2026-07-02T08:49:07+08:00,2026-09-17,2026-07-03T19:11:07+08:00
ORD00104160,M005950,P00202,電銷,paid,1,TWD,107648.0,950.0,2026-07-02T16:55:37+08:00,2026-07-20,2026-07-03T02:32:37+08:00
ORD00106486,M001509,P00106,app,created,2,TWD,91713.0,850.0,2026-07-02T21:05:59+08:00,2026-08-29,2026-07-04T10:53:59+08:00
ORD00107838,M003610,P00147,app,created,4,USD,26092.75,550.0,2026-07-02T05:45:33+08:00,2026-09-26,2026-07-02T19:25:33+08:00
ORD00104900,M006562,P00124,門市,paid,4,TWD,156625.0,550.0,2026-07-02T23:34:05+08:00,2026-09-11,2026-07-03T15:13:05+08:00
ORD00107531,M004844,P00068,app,paid,2,TWD,147759.0,600.0,2026-07-02T14:54:37+08:00,2026-08-09,2026-07-04T14:35:37+08:00
ORD00106093,M003041,P00175,app,paid,3,TWD,55141.0,700.0,2026-07-02T08:10:59+08:00,2026-08-03,2026-07-03T08:19:59+08:00
ORD00107337,M004219,P00039,門市,paid,2,JPY,1509817.0,750.0,2026-07-02T10:18:14+08:00,2026-10-23,2026-07-02T20:51:14+08:00
ORD00106773,M000895,P00031,web,created,4,TWD,738853.0,0.0,2026-07-02T14:32:42+08:00,2026-09-16,2026-07-04T05:41:42+08:00
ORD00107588,M006037,P00099,電銷,created,2,TWD,316658.0,900.0,2026-07-02T20:00:33+08:00,2026-07-20,2026-07-05T06:22:33+08:00
ORD00107915,M007648,P00086,電銷,paid,1,TWD,20718.0,500.0,2026-07-02T12:30:11+08:00,2026-09-30,2026-07-02T20:23:11+08:00
ORD00104423,M005756,P00053,門市,created,2,TWD,172118.0,200.0,2026-07-02T14:40:31+08:00,2026-07-22,2026-07-04T01:18:31+08:00
ORD00106953,M007213,P00089,電銷,paid,3,TWD,227036.0,350.0,2026-07-02T19:54:14+08:00,2026-09-18,2026-07-02T23:27:14+08:00
ORD00104965,M002821,P00133,web,paid,1,TWD,5748.0,950.0,2026-07-02T03:13:09+08:00,2026-10-29,2026-07-03T22:35:09+08:00
ORD00107339,M000497,P00187,門市,paid,2,TWD,55650.0,200.0,2026-07-02T06:31:15+08:00,2026-09-15,2026-07-03T12:31:15+08:00
ORD00107035,M005654,P00294,電銷,paid,4,TWD,712454.0,400.0,2026-07-02T14:35:33+08:00,2026-08-24,2026-07-03T00:54:33+08:00
ORD00107161,M003105,P00144,電銷,paid,4,TWD,422765.0,900.0,2026-07-02T02:38:39+08:00,2026-09-20,2026-07-02T03:48:39+08:00
ORD00107326,M006164,P00296,web,paid,2,TWD,13875.0,700.0,2026-07-02T22:36:18+08:00,2026-09-29,2026-07-05T05:22:18+08:00
ORD00107483,M007481,P00251,門市,created,3,TWD,279478.0,950.0,2026-07-02T06:15:48+08:00,2026-09-12,2026-07-03T16:15:48+08:00
ORD00028838,M005102,P00282,app,completed,2,JPY,2368055.0,750.0,2026-05-01T13:08:50+08:00,2026-08-02,2026-07-02T04:19:46+08:00
ORD00105573,M005189,P00062,web,paid,2,TWD,256013.0,50.0,2026-07-02T11:03:39+08:00,2026-07-20,2026-07-02T15:24:39+08:00
ORD00083885,M002156,P00018,電銷,completed,4,TWD,608842.0,900.0,2026-05-27T04:44:32+08:00,2026-08-23,2026-07-02T12:15:16+08:00
ORD00104882,M003820,P00262,app,paid,4,TWD,757554.0,700.0,2026-07-02T14:15:02+08:00,2026-09-13,2026-07-04T09:01:02+08:00
ORD00105094,M001367,P00158,電銷,created,3,USD,3944.51,100.0,2026-07-02T13:08:57+08:00,2026-10-15,2026-07-03T14:25:57+08:00
ORD00105538,M002269,P00285,門市,created,2,USD,6902.2,600.0,2026-07-02T03:04:45+08:00,2026-09-25,2026-07-03T13:32:45+08:00
ORD00106724,M001961,P00195,app,paid,3,TWD,217047.0,550.0,2026-07-02T23:15:41+08:00,2026-09-29,2026-07-03T19:56:41+08:00
ORD00106491,M002638,P00143,app,created,4,USD,1026.19,600.0,2026-07-02T15:24:14+08:00,2026-09-28,2026-07-04T20:42:14+08:00
ORD00107136,M003645,P00060,電銷,paid,4,USD,17867.15,0.0,2026-07-02T15:46:40+08:00,2026-09-22,2026-07-02T19:59:40+08:00
ORD00051705,M004572,P00215,web,completed,1,TWD,46080.0,350.0,2026-06-11T04:13:46+08:00,2026-09-21,2026-07-02T13:10:17+08:00
ORD00060591,M003544,P00103,web,cancelled,1,USD,654.12,0.0,2026-06-14T10:56:50+08:00,2026-07-16,2026-07-02T13:07:59+08:00
ORD00044373,M007424,P00270,web,cancelled,3,JPY,345209.0,400.0,2026-05-22T11:56:14+08:00,2026-08-07,2026-07-02T18:47:54+08:00
ORD00105799,M002158,P00071,電銷,paid,4,TWD,230558.0,50.0,2026-07-02T10:24:19+08:00,2026-09-15,2026-07-04T20:16:19+08:00
ORD00106756,M002735,P00005,門市,created,1,JPY,423590.0,0.0,2026-07-02T01:22:49+08:00,2026-09-03,2026-07-04T03:24:49+08:00
ORD00107777,M001678,P00259,門市,paid,2,TWD,232136.0,450.0,2026-07-02T11:03:57+08:00,2026-10-24,2026-07-03T14:19:57+08:00
ORD00105349,M001834,P00136,門市,created,2,TWD,33200.0,700.0,2026-07-02T17:03:31+08:00,2026-10-16,2026-07-04T21:52:31+08:00
ORD00029598,M002847,P00014,app,cancelled,3,JPY,1957090.0,500.0,2026-05-23T21:23:13+08:00,2026-08-16,2026-07-02T07:01:09+08:00
ORD00106723,M005642,P00248,web,paid,2,TWD,41753.0,300.0,2026-07-02T10:32:42+08:00,2026-10-09,2026-07-04T14:41:42+08:00
ORD00107198,M006998,P00282,門市,paid,4,TWD,947641.0,750.0,2026-07-02T07:27:47+08:00,2026-10-01,2026-07-04T20:44:47+08:00
ORD00105577,M003400,P00151,電銷,created,4,TWD,319839.0,350.0,2026-07-02T05:41:21+08:00,2026-09-02,2026-07-02T06:09:21+08:00
ORD00107053,M003105,P00083,app,paid,4,TWD,666420.0,850.0,2026-07-02T18:38:59+08:00,2026-07-23,2026-07-04T12:48:59+08:00
ORD00107689,M000332,P00224,門市,created,3,TWD,364961.0,450.0,2026-07-02T12:52:09+08:00,2026-08-05,2026-07-03T11:30:09+08:00
ORD00106015,M004265,P00094,電銷,created,4,TWD,673450.0,450.0,2026-07-02T14:57:24+08:00,2026-08-29,2026-07-03T09:20:24+08:00
ORD00105791,M001828,P00176,app,paid,3,TWD,412085.0,200.0,2026-07-02T22:25:27+08:00,2026-07-31,2026-07-04T12:58:27+08:00
ORD00104725,M006037,P00180,門市,created,3,TWD,386680.0,200.0,2026-07-02T14:29:21+08:00,2026-08-30,2026-07-04T03:05:21+08:00
ORD00104574,M000725,P00131,門市,created,3,TWD,635737.0,850.0,2026-07-02T08:17:52+08:00,2026-09-05,2026-07-04T19:53:52+08:00
ORD00107679,M000904,P00013,門市,paid,1,USD,4646.89,100.0,2026-07-02T21:39:33+08:00,2026-09-21,2026-07-03T03:19:33+08:00
ORD00104830,M001794,P00222,門市,paid,3,TWD,112670.0,750.0,2026-07-02T21:07:50+08:00,2026-10-10,2026-07-04T13:20:50+08:00
ORD00105781,M004609,P00283,門市,paid,1,USD,950.02,900.0,2026-07-02T11:44:15+08:00,2026-07-15,2026-07-02T12:27:15+08:00
ORD00107762,M001719,P00103,app,created,2,TWD,50661.0,300.0,2026-07-02T16:59:31+08:00,2026-08-25,2026-07-05T03:36:31+08:00
ORD00107969,M000555,P00065,電銷,created,3,USD,19464.79,400.0,2026-07-02T01:42:15+08:00,2026-08-10,2026-07-04T11:00:15+08:00
ORD00105723,M000891,P00103,app,paid,3,USD,2184.31,100.0,2026-07-02T08:53:17+08:00,2026-10-02,2026-07-02T15:19:17+08:00
ORD00092869,M004651,P00012,門市,completed,2,TWD,158589.0,950.0,2026-06-22T08:35:51+08:00,2026-08-05,2026-07-02T12:52:23+08:00
ORD00107962,M006940,P00072,電銷,paid,1,TWD,19137.0,600.0,2026-07-02T09:43:21+08:00,2026-07-28,2026-07-04T09:44:21+08:00
ORD00097804,M001015,P00105,web,cancelled,2,JPY,596117.0,250.0,2026-06-08T22:42:33+08:00,2026-08-04,2026-07-02T11:12:45+08:00
ORD00106428,M006814,P00139,電銷,paid,1,TWD,137103.0,0.0,2026-07-02T00:11:19+08:00,2026-08-05,2026-07-02T01:02:19+08:00
ORD00105465,M004041,P00263,電銷,paid,2,USD,7081.73,850.0,2026-07-02T05:26:23+08:00,2026-07-25,2026-07-02T22:52:23+08:00
ORD00106168,M007519,P00183,電銷,created,4,TWD,559169.0,650.0,2026-07-02T22:43:47+08:00,2026-07-10,2026-07-04T17:11:47+08:00
ORD00106341,M000444,P00194,電銷,paid,4,USD,10547.43,350.0,2026-07-02T02:48:54+08:00,2026-08-25,2026-07-04T01:13:54+08:00
ORD00107030,M007693,P00158,app,paid,4,JPY,762496.0,450.0,2026-07-02T17:59:57+08:00,2026-08-03,2026-07-04T03:40:57+08:00
ORD00106938,M004716,P00262,門市,paid,1,TWD,245613.0,950.0,2026-07-02T17:34:58+08:00,2026-10-01,2026-07-04T14:13:58+08:00
ORD00104060,M003998,P00188,web,paid,1,USD,2077.02,350.0,2026-07-02T06:36:12+08:00,2026-07-23,2026-07-04T18:59:12+08:00
ORD00107992,M002209,P00024,門市,paid,2,TWD,182610.0,450.0,2026-07-02T14:44:26+08:00,2026-07-22,2026-07-05T05:27:26+08:00
ORD00107584,M007937,P00138,門市,paid,3,JPY,1227549.0,900.0,2026-07-02T09:44:54+08:00,2026-08-30,2026-07-03T01:27:54+08:00
ORD00104322,M001063,P00176,app,paid,2,TWD,339072.0,150.0,2026-07-02T00:26:08+08:00,2026-08-10,2026-07-04T00:16:08+08:00
ORD00105651,M007974,P00141,門市,created,1,USD,2490.13,250.0,2026-07-02T11:15:58+08:00,2026-08-08,2026-07-03T18:23:58+08:00
ORD00104984,M007209,P00266,app,created,4,TWD,76769.0,850.0,2026-07-02T01:04:06+08:00,2026-07-22,2026-07-02T03:30:06+08:00
ORD00105004,M002182,P00148,門市,paid,2,TWD,54508.0,700.0,2026-07-02T18:03:25+08:00,2026-09-09,2026-07-03T23:24:25+08:00
ORD00037443,M004506,P00175,app,completed,1,TWD,13675.0,650.0,2026-05-03T01:51:11+08:00,2026-07-01,2026-07-02T20:13:37+08:00
ORD00104259,M007471,P00101,app,created,4,USD,9003.5,950.0,2026-07-02T06:08:38+08:00,2026-10-01,2026-07-02T06:53:38+08:00
ORD00104627,M006903,P00219,電銷,created,2,TWD,235687.0,150.0,2026-07-02T10:16:54+08:00,2026-10-10,2026-07-03T03:44:54+08:00
ORD00104919,M005287,P00021,app,paid,2,TWD,345277.0,950.0,2026-07-02T22:39:32+08:00,2026-09-01,2026-07-04T09:08:32+08:00
ORD00107288,M004569,P00073,電銷,created,1,USD,4173.34,150.0,2026-07-02T01:26:50+08:00,2026-10-26,2026-07-04T01:51:50+08:00
ORD00044740,M006546,P00290,電銷,completed,3,TWD,321394.0,0.0,2026-05-26T02:29:46+08:00,2026-07-12,2026-07-02T17:52:04+08:00
ORD00112013,M007934,P00282,app,paid,1,TWD,183614.0,700.0,2026-06-11T00:39:31+08:00,2026-09-13,2026-07-02T10:05:52+08:00
ORD00104708,M004920,P00104,web,paid,1,TWD,2893.0,750.0,2026-07-02T00:27:14+08:00,2026-10-08,2026-07-02T10:28:14+08:00
ORD00104819,M005465,P00193,web,paid,4,TWD,592252.0,950.0,2026-07-02T04:14:59+08:00,2026-10-27,2026-07-04T14:34:59+08:00
ORD00106338,M004678,P00275,電銷,paid,3,USD,10065.3,850.0,2026-07-02T13:35:04+08:00,2026-07-26,2026-07-04T23:40:04+08:00
ORD00105801,M003408,P00115,門市,created,3,TWD,441604.0,350.0,2026-07-02T22:47:55+08:00,2026-08-03,2026-07-03T23:27:55+08:00
ORD00105079,M002340,P00076,web,paid,3,TWD,14821.0,950.0,2026-07-02T17:33:42+08:00,2026-08-19,2026-07-03T01:53:42+08:00
ORD00104727,M001108,P00006,電銷,paid,1,JPY,874152.0,750.0,2026-07-02T19:06:40+08:00,2026-09-03,2026-07-03T19:26:40+08:00
ORD00106664,M002728,P00127,門市,paid,3,TWD,166946.0,0.0,2026-07-02T15:11:48+08:00,2026-07-22,2026-07-04T19:20:48+08:00
ORD00106350,M002361,P00289,web,created,1,USD,3552.04,650.0,2026-07-02T10:45:48+08:00,2026-10-28,2026-07-03T08:21:48+08:00
ORD00107795,M005013,P00109,門市,paid,3,TWD,117633.0,350.0,2026-07-02T01:00:34+08:00,2026-09-26,2026-07-03T18:54:34+08:00
ORD00112046,M005243,P00123,web,paid,3,TWD,279977.0,500.0,2026-06-12T07:47:38+08:00,2026-08-24,2026-07-02T01:07:37+08:00
ORD00106463,M007993,P00143,web,paid,4,TWD,43044.0,250.0,2026-07-02T15:35:50+08:00,2026-08-10,2026-07-04T05:12:50+08:00
ORD00107078,M003926,P00229,電銷,paid,1,TWD,179425.0,900.0,2026-07-02T23:49:19+08:00,2026-10-27,2026-07-04T00:32:19+08:00
ORD00104827,M006485,P00278,門市,created,1,USD,5749.79,400.0,2026-07-02T03:20:40+08:00,2026-10-27,2026-07-03T13:49:40+08:00
ORD00104853,M003740,P00101,web,paid,2,TWD,135126.0,400.0,2026-07-02T22:07:26+08:00,2026-10-19,2026-07-04T10:43:26+08:00
ORD00091167,M002288,P00194,門市,cancelled,3,USD,8501.86,600.0,2026-05-10T22:57:08+08:00,2026-06-17,2026-07-02T18:37:44+08:00
ORD00104808,M006005,P00200,app,paid,2,TWD,321266.0,50.0,2026-07-02T06:48:37+08:00,2026-08-22,2026-07-03T12:14:37+08:00
ORD00107183,M002156,P00035,app,created,2,TWD,399693.0,450.0,2026-07-02T11:02:47+08:00,2026-09-21,2026-07-02T19:40:47+08:00
ORD00059963,M007749,P00242,電銷,cancelled,2,TWD,63554.0,550.0,2026-06-28T14:57:48+08:00,2026-09-27,2026-07-02T22:41:27+08:00
ORD00089407,M005379,P00233,門市,completed,3,TWD,303856.0,0.0,2026-06-01T13:53:25+08:00,2026-07-22,2026-07-02T02:54:44+08:00
ORD00104786,M003059,P00103,電銷,paid,2,TWD,52169.0,350.0,2026-07-02T19:07:49+08:00,2026-08-12,2026-07-04T03:18:49+08:00
ORD00112036,M005492,P00224,電銷,paid,4,TWD,512643.0,350.0,2026-06-16T22:25:36+08:00,2026-08-09,2026-07-02T08:25:00+08:00
ORD00041283,M004948,P00149,電銷,completed,3,TWD,489942.0,600.0,2026-06-20T21:26:13+08:00,2026-08-31,2026-07-02T20:01:22+08:00
ORD00096773,M004808,P00071,電銷,completed,1,TWD,55224.0,700.0,2026-06-23T02:45:50+08:00,2026-07-17,2026-07-02T16:38:57+08:00
ORD00053928,M004509,P00228,電銷,completed,2,TWD,231730.0,150.0,2026-06-25T00:31:04+08:00,2026-09-26,2026-07-02T19:52:52+08:00
ORD00107902,M001262,P00290,app,created,4,TWD,550793.0,50.0,2026-07-02T21:49:32+08:00,2026-07-16,2026-07-04T18:56:32+08:00
ORD00105390,M006982,P00032,電銷,created,4,JPY,2653430.0,350.0,2026-07-02T04:33:10+08:00,2026-10-08,2026-07-03T10:41:10+08:00
ORD00107060,M002834,P00271,app,created,1,TWD,20706.0,550.0,2026-07-02T15:17:49+08:00,2026-10-01,2026-07-03T09:11:49+08:00
ORD00107658,M003495,P00224,門市,paid,3,TWD,269012.0,600.0,2026-07-02T00:36:33+08:00,2026-08-17,2026-07-03T13:38:33+08:00
ORD00104988,M007678,P00020,web,created,1,TWD,55166.0,150.0,2026-07-02T03:48:27+08:00,2026-08-26,2026-07-03T13:45:27+08:00
ORD00107664,M001306,P00008,web,paid,4,TWD,336286.0,200.0,2026-07-02T06:27:19+08:00,2026-07-28,2026-07-04T02:08:19+08:00
ORD00107298,M004589,P00078,web,paid,2,TWD,228355.0,50.0,2026-07-02T02:07:25+08:00,2026-10-02,2026-07-03T09:22:25+08:00
ORD00112056,M003255,P00211,電銷,paid,4,TWD,375222.0,950.0,2026-06-17T13:04:03+08:00,2026-08-12,2026-07-02T08:15:46+08:00
ORD00106452,M000021,P00300,web,paid,3,USD,8805.71,250.0,2026-07-02T13:23:47+08:00,2026-08-11,2026-07-05T08:00:47+08:00
ORD00106697,M005471,P00123,app,paid,4,TWD,283587.0,550.0,2026-07-02T09:32:49+08:00,2026-10-23,2026-07-04T10:01:49+08:00
ORD00106895,M006748,P00234,電銷,paid,1,JPY,38462.0,250.0,2026-07-02T03:55:35+08:00,2026-08-07,2026-07-02T15:09:35+08:00
ORD00036808,M001282,P00076,web,cancelled,1,TWD,4096.0,150.0,2026-05-28T04:39:22+08:00,2026-08-20,2026-07-02T23:10:49+08:00
ORD00105861,M006617,P00146,app,paid,1,TWD,22291.0,850.0,2026-07-02T11:49:38+08:00,2026-08-03,2026-07-04T03:06:38+08:00
ORD00092472,M006512,P00025,門市,cancelled,2,TWD,386601.0,300.0,2026-05-21T02:34:15+08:00,2026-06-03,2026-07-02T17:16:04+08:00
ORD00105521,M003930,P00102,app,paid,2,TWD,71768.0,600.0,2026-07-02T15:18:11+08:00,2026-10-28,2026-07-02T16:26:11+08:00
ORD00106441,M002147,P00098,web,created,2,JPY,1655944.0,0.0,2026-07-02T07:17:26+08:00,2026-07-30,2026-07-02T14:18:26+08:00
ORD00104811,M003100,P00194,門市,created,3,TWD,251425.0,50.0,2026-07-02T07:15:14+08:00,2026-08-08,2026-07-03T18:53:14+08:00
ORD00095969,M002956,P00285,app,completed,3,JPY,1362463.0,800.0,2026-05-29T08:58:05+08:00,2026-06-19,2026-07-02T16:19:13+08:00
ORD00105495,M004888,P00009,app,paid,1,TWD,74244.0,800.0,2026-07-02T14:39:40+08:00,2026-10-25,2026-07-05T08:55:40+08:00
ORD00105914,M005547,P00233,web,created,1,TWD,94029.0,900.0,2026-07-02T21:46:50+08:00,2026-09-17,2026-07-03T00:59:50+08:00
ORD00106725,M001042,P00250,app,paid,3,TWD,287598.0,50.0,2026-07-02T06:56:09+08:00,2026-07-17,2026-07-03T05:33:09+08:00
ORD00106253,M005743,P00242,app,paid,2,USD,1951.12,750.0,2026-07-02T15:38:32+08:00,2026-07-31,2026-07-04T06:05:32+08:00
ORD00104767,M001231,P00131,門市,created,3,TWD,549514.0,750.0,2026-07-02T19:11:01+08:00,2026-09-25,2026-07-04T03:58:01+08:00
ORD00105103,M006865,P00005,門市,created,2,TWD,210508.0,300.0,2026-07-02T17:11:21+08:00,2026-09-24,2026-07-02T20:26:21+08:00
ORD00084488,M006231,P00260,web,cancelled,1,JPY,595437.0,350.0,2026-06-30T13:33:47+08:00,2026-07-28,2026-07-02T00:54:02+08:00
ORD00106187,M004274,P00152,app,paid,3,TWD,153366.0,750.0,2026-07-02T19:54:48+08:00,2026-09-23,2026-07-04T12:56:48+08:00
ORD00102183,M004926,P00062,門市,paid,1,TWD,117156.0,350.0,2026-07-01T13:09:54+08:00,2026-10-21,2026-07-02T17:50:54+08:00
ORD00033377,M004985,P00192,web,cancelled,4,TWD,688422.0,0.0,2026-06-23T12:14:07+08:00,2026-10-14,2026-07-02T13:24:13+08:00
ORD00105447,M004594,P00203,電銷,paid,2,TWD,250747.0,750.0,2026-07-02T11:01:38+08:00,2026-09-20,2026-07-04T05:24:38+08:00
ORD00105442,M002719,P00207,app,paid,3,TWD,255448.0,100.0,2026-07-02T16:31:58+08:00,2026-08-01,2026-07-04T06:56:58+08:00
ORD00105590,M004409,P00155,app,paid,2,TWD,103130.0,100.0,2026-07-02T01:28:30+08:00,2026-09-11,2026-07-03T10:59:30+08:00
ORD00105690,M005767,P00185,門市,created,1,TWD,188600.0,900.0,2026-07-02T10:04:56+08:00,2026-07-31,2026-07-04T00:41:56+08:00
ORD00107519,M007939,P00086,web,created,1,JPY,105293.0,750.0,2026-07-02T11:03:58+08:00,2026-10-20,2026-07-04T00:48:58+08:00
ORD00106104,M005559,P00160,app,created,2,TWD,33396.0,750.0,2026-07-02T21:48:49+08:00,2026-07-29,2026-07-04T18:33:49+08:00
ORD00106353,M001031,P00073,app,created,2,TWD,243796.0,200.0,2026-07-02T14:58:52+08:00,2026-07-16,2026-07-05T01:01:52+08:00
ORD00105146,M000898,P00004,web,created,3,TWD,700693.0,650.0,2026-07-02T04:36:58+08:00,2026-08-03,2026-07-03T22:32:58+08:00
ORD00105062,M002790,P00132,門市,created,1,USD,1523.12,700.0,2026-07-02T09:05:18+08:00,2026-07-15,2026-07-03T10:08:18+08:00
ORD00105999,M000901,P00242,app,paid,2,USD,1589.85,850.0,2026-07-02T00:24:10+08:00,2026-10-17,2026-07-02T18:15:10+08:00
ORD00106119,M000630,P00216,電銷,paid,3,USD,921.57,850.0,2026-07-02T01:22:04+08:00,2026-10-02,2026-07-02T16:22:04+08:00
ORD00107515,M007928,P00132,app,paid,2,TWD,124334.0,500.0,2026-07-02T07:54:04+08:00,2026-10-03,2026-07-04T22:28:04+08:00
ORD00112057,M004661,P00265,電銷,paid,4,TWD,739055.0,450.0,2026-06-18T16:24:15+08:00,2026-08-04,2026-07-02T18:21:46+08:00
ORD00107231,M003104,P00288,app,created,4,TWD,43851.0,650.0,2026-07-02T16:41:08+08:00,2026-08-31,2026-07-03T01:32:08+08:00
ORD00105344,M004103,P00153,門市,paid,2,USD,6513.84,350.0,2026-07-02T22:20:58+08:00,2026-09-03,2026-07-04T13:48:58+08:00
ORD00059778,M001096,P00024,web,cancelled,1,TWD,75356.0,700.0,2026-06-02T12:11:16+08:00,2026-08-11,2026-07-02T19:10:43+08:00
ORD00106186,M004206,P00240,電銷,paid,3,USD,8609.6,100.0,2026-07-02T09:52:42+08:00,2026-10-15,2026-07-03T14:57:42+08:00
ORD00105936,M007786,P00082,web,paid,3,USD,19004.56,0.0,2026-07-02T06:50:03+08:00,2026-08-11,2026-07-03T08:14:03+08:00
ORD00107044,M002731,P00196,門市,created,4,TWD,171615.0,500.0,2026-07-02T18:19:35+08:00,2026-07-27,2026-07-02T22:02:39+08:00
ORD00104476,M004421,P00246,電銷,paid,1,USD,4832.62,500.0,2026-07-02T09:52:23+08:00,2026-09-09,2026-07-04T08:05:23+08:00
ORD00106382,M000273,P00088,web,created,3,TWD,216871.0,100.0,2026-07-02T17:31:20+08:00,2026-07-17,2026-07-04T20:00:20+08:00
ORD00107656,M005512,P00149,門市,paid,3,USD,17663.55,350.0,2026-07-02T21:56:49+08:00,2026-07-21,2026-07-03T08:20:49+08:00
ORD00105446,M002167,P00167,web,paid,4,TWD,583151.0,200.0,2026-07-02T03:15:29+08:00,2026-08-10,2026-07-02T07:03:29+08:00
ORD00106280,M000195,P00247,app,paid,1,TWD,162929.0,850.0,2026-07-02T13:21:53+08:00,2026-07-16,2026-07-05T06:03:53+08:00
ORD00104960,M000319,P00127,電銷,paid,2,TWD,110718.0,900.0,2026-07-02T05:43:54+08:00,2026-08-31,2026-07-02T23:15:54+08:00
ORD00107476,M004925,P00219,門市,created,1,USD,3738.36,550.0,2026-07-02T02:49:27+08:00,2026-10-29,2026-07-02T11:11:27+08:00
ORD00107301,M003236,P00145,app,paid,1,JPY,367163.0,950.0,2026-07-02T22:48:55+08:00,2026-07-14,2026-07-03T10:34:55+08:00
ORD00106337,M001938,P00211,門市,paid,4,JPY,2079375.0,350.0,2026-07-02T01:05:48+08:00,2026-08-28,2026-07-03T15:11:48+08:00
ORD00074224,M007122,P00128,電銷,cancelled,1,USD,4889.54,950.0,2026-06-28T23:01:29+08:00,2026-07-16,2026-07-02T16:39:23+08:00
ORD00106588,M003714,P00215,門市,created,3,JPY,747054.0,850.0,2026-07-02T21:07:43+08:00,2026-10-07,2026-07-04T18:44:43+08:00
ORD00046699,M004963,P00152,電銷,cancelled,1,USD,1559.58,450.0,2026-05-13T13:28:50+08:00,2026-08-22,2026-07-02T09:05:01+08:00
ORD00105708,M006323,P00104,app,paid,3,TWD,10934.0,250.0,2026-07-02T11:25:21+08:00,2026-09-14,2026-07-04T21:49:21+08:00
ORD00112028,M006208,P00285,app,paid,2,USD,6144.28,700.0,2026-06-15T03:32:54+08:00,2026-09-08,2026-07-02T03:00:16+08:00
ORD00106031,M001600,P00027,web,paid,4,JPY,2150766.0,500.0,2026-07-02T07:21:50+08:00,2026-09-02,2026-07-03T00:19:50+08:00
ORD00107105,M006559,P00172,電銷,created,1,TWD,162862.0,450.0,2026-07-02T08:00:45+08:00,2026-07-26,2026-07-04T03:36:45+08:00
ORD00104996,M007537,P00239,web,paid,3,TWD,448853.0,550.0,2026-07-02T17:09:42+08:00,2026-10-16,2026-07-03T19:57:42+08:00
ORD00106771,M006153,P00298,app,paid,4,TWD,469734.0,600.0,2026-07-02T22:26:16+08:00,2026-09-14,2026-07-04T14:49:16+08:00
ORD00105981,M007370,P00162,門市,paid,2,TWD,14036.0,400.0,2026-07-02T01:02:56+08:00,2026-08-02,2026-07-03T03:29:56+08:00
ORD00107889,M006328,P00190,門市,created,3,TWD,620104.0,200.0,2026-07-02T16:23:13+08:00,2026-07-22,2026-07-03T21:38:13+08:00
ORD00105463,M004168,P00115,web,created,2,TWD,293197.0,0.0,2026-07-02T16:29:38+08:00,2026-10-17,2026-07-04T07:11:38+08:00
ORD00104738,M005859,P00201,web,created,2,TWD,198303.0,500.0,2026-07-02T12:23:31+08:00,2026-08-18,2026-07-03T14:32:31+08:00
ORD00104905,M006395,P00298,門市,created,2,TWD,190733.0,500.0,2026-07-02T18:23:18+08:00,2026-09-24,2026-07-02T22:26:18+08:00
ORD00077881,M002051,P00006,web,cancelled,4,TWD,593823.0,100.0,2026-06-25T00:35:21+08:00,2026-10-05,2026-07-02T04:46:02+08:00
ORD00104176,M000659,P00127,電銷,paid,4,TWD,206464.0,950.0,2026-07-02T23:55:21+08:00,2026-09-08,2026-07-04T11:29:21+08:00
ORD00104052,M002915,P00053,電銷,paid,2,TWD,136732.0,550.0,2026-07-02T00:50:02+08:00,2026-10-22,2026-07-02T12:04:02+08:00
ORD00105434,M004269,P00027,電銷,created,2,TWD,228675.0,800.0,2026-07-02T00:41:03+08:00,2026-08-25,2026-07-03T21:53:03+08:00
ORD00106917,M005328,P00189,web,created,3,TWD,287478.0,550.0,2026-07-02T21:51:02+08:00,2026-08-11,2026-07-03T03:30:02+08:00
ORD00106804,M003603,P00152,門市,created,2,TWD,94603.0,850.0,2026-07-02T01:12:25+08:00,2026-09-06,2026-07-02T12:59:25+08:00
ORD00104852,M003113,P00242,app,paid,4,USD,3547.79,500.0,2026-07-02T09:09:53+08:00,2026-09-16,2026-07-02T13:56:53+08:00
ORD00105206,M007446,P00277,app,created,3,USD,12545.99,400.0,2026-07-02T10:23:26+08:00,2026-08-20,2026-07-03T08:21:26+08:00
ORD00105399,M001770,P00057,電銷,paid,3,TWD,398342.0,400.0,2026-07-02T14:24:44+08:00,2026-10-16,2026-07-04T20:14:44+08:00
ORD00104191,M002450,P00184,電銷,paid,1,JPY,806780.0,900.0,2026-07-02T04:57:19+08:00,2026-08-21,2026-07-04T19:25:19+08:00
ORD00104666,M004031,P00238,app,paid,4,USD,13546.73,800.0,2026-07-02T23:29:47+08:00,2026-09-04,2026-07-03T05:18:47+08:00
ORD00105850,M006186,P00163,電銷,paid,4,USD,13305.58,750.0,2026-07-02T16:06:32+08:00,2026-08-20,2026-07-04T10:32:32+08:00
ORD00105636,M005510,P00167,門市,paid,3,TWD,439963.0,900.0,2026-07-02T11:03:36+08:00,2026-10-23,2026-07-03T07:07:36+08:00
ORD00106417,M005681,P00129,web,paid,2,USD,11595.47,550.0,2026-07-02T20:24:43+08:00,2026-07-11,2026-07-03T10:22:43+08:00
ORD00105330,M007074,P00003,app,created,1,USD,3982.64,250.0,2026-07-02T01:45:05+08:00,2026-08-21,2026-07-02T15:57:05+08:00
ORD00107983,M001330,P00219,電銷,paid,4,TWD,475294.0,300.0,2026-07-02T15:39:33+08:00,2026-08-23,2026-07-04T17:08:33+08:00
ORD00105178,M005386,P00231,app,created,3,TWD,415016.0,650.0,2026-07-02T03:59:05+08:00,2026-07-12,2026-07-04T22:08:05+08:00
ORD00107244,M005426,P00014,app,paid,1,TWD,98248.0,650.0,2026-07-02T22:18:47+08:00,2026-09-11,2026-07-04T16:50:47+08:00
ORD00105917,M004782,P00119,web,paid,4,TWD,806743.0,150.0,2026-07-02T09:44:07+08:00,2026-07-26,2026-07-03T23:49:07+08:00
ORD00020882,M007780,P00123,web,cancelled,3,TWD,236356.0,350.0,2026-05-04T18:42:29+08:00,2026-08-09,2026-07-02T21:56:31+08:00
ORD00106949,M004804,P00039,門市,paid,2,JPY,1349877.0,900.0,2026-07-02T22:27:33+08:00,2026-10-29,2026-07-04T16:14:33+08:00
ORD00106871,M006213,P00268,電銷,paid,1,TWD,51544.0,850.0,2026-07-02T14:40:20+08:00,2026-07-12,2026-07-03T10:44:20+08:00
ORD00106779,M007781,P00157,門市,created,3,USD,7452.29,700.0,2026-07-02T16:51:14+08:00,2026-09-21,2026-07-05T07:30:14+08:00
ORD00100123,M000336,P00060,web,paid,1,JPY,655964.0,800.0,2026-07-01T07:46:21+08:00,2026-07-24,2026-07-01T10:59:21+08:00
ORD00104673,M006348,P00273,app,created,1,TWD,84278.0,200.0,2026-07-02T07:15:46+08:00,2026-07-13,2026-07-04T04:02:46+08:00
ORD00104011,M001441,P00279,app,created,2,USD,5761.1,50.0,2026-07-02T00:46:40+08:00,2026-09-01,2026-07-04T00:49:40+08:00
ORD00106549,M002769,P00183,門市,created,4,TWD,602244.0,100.0,2026-07-02T04:18:20+08:00,2026-09-02,2026-07-02T11:24:20+08:00
ORD00104350,M000667,P00216,門市,paid,1,TWD,12701.0,500.0,2026-07-02T22:45:47+08:00,2026-09-20,2026-07-03T03:31:47+08:00
ORD00105312,M004557,P00018,web,created,1,JPY,735306.0,400.0,2026-07-02T01:07:04+08:00,2026-09-23,2026-07-02T11:49:04+08:00
ORD00106671,M006244,P00049,web,paid,1,TWD,16440.0,650.0,2026-07-02T21:17:59+08:00,2026-07-10,2026-07-02T23:04:59+08:00
ORD00105215,M003869,P00111,門市,paid,1,TWD,104365.0,750.0,2026-07-02T15:05:31+08:00,2026-10-14,2026-07-03T18:08:31+08:00
ORD00106227,M001619,P00218,web,created,3,TWD,93550.0,450.0,2026-07-02T22:41:16+08:00,2026-09-21,2026-07-04T12:07:16+08:00
ORD00106079,M002132,P00290,app,paid,3,TWD,404521.0,100.0,2026-07-02T01:39:23+08:00,2026-08-01,2026-07-02T19:11:23+08:00
ORD00105671,M007357,P00070,電銷,paid,1,TWD,104045.0,600.0,2026-07-02T15:12:43+08:00,2026-08-19,2026-07-02T17:50:43+08:00
ORD00107678,M000836,P00058,app,created,2,TWD,89225.0,850.0,2026-07-02T12:48:10+08:00,2026-09-17,2026-07-04T04:02:10+08:00
ORD00104208,M004491,P00111,門市,created,1,TWD,95630.0,650.0,2026-07-02T22:29:27+08:00,2026-10-09,2026-07-03T22:44:27+08:00
ORD00105193,M001478,P00106,門市,paid,1,JPY,242485.0,150.0,2026-07-02T00:09:29+08:00,2026-10-14,2026-07-02T02:12:29+08:00
ORD00104178,M005291,P00065,web,created,4,TWD,731297.0,350.0,2026-07-02T05:37:14+08:00,2026-08-23,2026-07-03T06:16:14+08:00
ORD00079858,M003311,P00133,web,completed,2,TWD,10766.0,950.0,2026-05-24T01:44:57+08:00,2026-06-05,2026-07-02T04:21:04+08:00
ORD00046002,M007695,P00012,門市,completed,4,TWD,357284.0,200.0,2026-05-03T20:50:43+08:00,2026-06-17,2026-07-02T18:04:29+08:00
ORD00105148,M004684,P00055,app,created,1,USD,3647.09,100.0,2026-07-02T09:02:28+08:00,2026-09-23,2026-07-02T19:09:28+08:00
ORD00106135,M006079,P00010,web,paid,2,USD,6815.04,200.0,2026-07-02T05:43:36+08:00,2026-09-20,2026-07-03T08:09:36+08:00
ORD00105812,M006204,P00215,app,paid,4,TWD,154486.0,250.0,2026-07-02T14:45:35+08:00,2026-09-28,2026-07-04T18:10:35+08:00
ORD00105568,M005185,P00048,電銷,paid,2,TWD,229251.0,650.0,2026-07-02T03:19:38+08:00,2026-07-11,2026-07-04T18:12:38+08:00
ORD00104163,M002222,P00159,電銷,created,1,USD,1189.34,800.0,2026-07-02T08:44:01+08:00,2026-08-18,2026-07-03T13:13:01+08:00
ORD00104564,M006807,P00052,電銷,created,1,TWD,67349.0,600.0,2026-07-02T23:38:10+08:00,2026-10-18,2026-07-03T21:12:10+08:00
ORD00104400,M001528,P00021,web,paid,2,TWD,457474.0,950.0,2026-07-02T19:39:04+08:00,2026-07-15,2026-07-05T02:53:04+08:00
ORD00040339,M002236,P00200,web,cancelled,3,JPY,2050669.0,900.0,2026-05-13T08:44:39+08:00,2026-05-24,2026-07-02T13:45:37+08:00
ORD00107526,M002566,P00240,web,paid,2,USD,5638.86,500.0,2026-07-02T18:29:05+08:00,2026-10-29,2026-07-02T23:19:05+08:00
ORD00104299,M005262,P00084,電銷,created,1,TWD,49207.0,350.0,2026-07-02T06:23:07+08:00,2026-09-30,2026-07-03T07:35:07+08:00
ORD00104094,M002232,P00080,app,paid,4,TWD,488484.0,750.0,2026-07-02T01:44:25+08:00,2026-07-16,2026-07-03T16:13:25+08:00
ORD00106131,M007085,P00029,web,paid,3,TWD,357269.0,300.0,2026-07-02T17:43:16+08:00,2026-07-10,2026-07-05T10:48:16+08:00
ORD00105821,M004766,P00167,門市,created,3,JPY,1963982.0,550.0,2026-07-02T04:06:13+08:00,2026-09-14,2026-07-04T17:17:13+08:00
ORD00107092,M003001,P00150,電銷,paid,1,TWD,185444.0,200.0,2026-07-02T03:05:57+08:00,2026-09-30,2026-07-04T02:48:57+08:00
ORD00104426,M004346,P00261,web,paid,3,USD,461.3,450.0,2026-07-02T10:20:29+08:00,2026-09-19,2026-07-03T06:17:29+08:00
ORD00106947,M004615,P00104,門市,paid,4,TWD,11428.0,200.0,2026-07-02T16:05:03+08:00,2026-10-27,2026-07-04T17:23:03+08:00
ORD00104555,M000326,P00180,app,created,2,USD,6867.75,300.0,2026-07-02T06:00:28+08:00,2026-08-27,2026-07-03T07:25:28+08:00
ORD00106749,M006487,P00048,web,paid,3,JPY,1470670.0,850.0,2026-07-02T17:52:12+08:00,2026-07-21,2026-07-05T03:14:12+08:00
ORD00066531,M001303,P00066,web,cancelled,3,USD,18909.01,50.0,2026-05-04T15:48:37+08:00,2026-05-26,2026-07-02T22:32:09+08:00
ORD00107056,M007793,P00245,電銷,paid,2,TWD,291040.0,450.0,2026-07-02T10:08:22+08:00,2026-08-03,2026-07-03T10:46:22+08:00
ORD00106470,M003741,P00002,app,created,4,TWD,344719.0,700.0,2026-07-02T06:52:11+08:00,2026-09-12,2026-07-02T14:09:11+08:00
ORD00107151,M001281,P00238,app,created,4,TWD,383525.0,50.0,2026-07-02T16:15:50+08:00,2026-09-14,2026-07-05T02:01:50+08:00
ORD00104020,M006490,P00043,app,created,2,USD,7038.3,250.0,2026-07-02T13:05:17+08:00,2026-07-23,2026-07-05T02:19:17+08:00
ORD00107432,M007019,P00041,app,paid,3,JPY,143992.0,600.0,2026-07-02T09:20:02+08:00,2026-09-21,2026-07-03T15:19:02+08:00
ORD00107606,M003193,P00285,app,paid,4,TWD,464638.0,500.0,2026-07-02T08:04:27+08:00,2026-09-21,2026-07-03T13:46:27+08:00
ORD00107979,M003716,P00033,web,paid,3,JPY,1836462.0,450.0,2026-07-02T10:56:12+08:00,2026-09-21,2026-07-02T23:23:12+08:00
ORD00106166,M007044,P00073,app,paid,1,JPY,586378.0,100.0,2026-07-02T14:29:06+08:00,2026-09-04,2026-07-03T17:05:06+08:00
ORD00104840,M002536,P00074,電銷,paid,4,TWD,612012.0,950.0,2026-07-02T14:56:06+08:00,2026-08-29,2026-07-04T00:54:06+08:00
ORD00105039,M005144,P00111,電銷,created,2,USD,6370.38,550.0,2026-07-02T07:39:10+08:00,2026-09-30,2026-07-02T23:13:10+08:00
ORD00107268,M001636,P00221,門市,paid,2,TWD,231034.0,850.0,2026-07-02T02:42:46+08:00,2026-08-22,2026-07-03T23:00:46+08:00
ORD00105154,M003218,P00246,app,paid,1,USD,4294.4,550.0,2026-07-02T12:00:51+08:00,2026-08-04,2026-07-03T04:18:51+08:00
ORD00106281,M004773,P00091,電銷,paid,4,JPY,2098259.0,150.0,2026-07-02T23:00:28+08:00,2026-07-19,2026-07-05T10:11:28+08:00
ORD00104491,M004543,P00165,app,created,2,TWD,148487.0,450.0,2026-07-02T02:55:01+08:00,2026-08-10,2026-07-04T04:12:01+08:00
ORD00104677,M003378,P00209,門市,paid,2,TWD,173675.0,400.0,2026-07-02T14:34:14+08:00,2026-07-23,2026-07-02T22:02:14+08:00
ORD00071241,M007472,P00131,門市,cancelled,1,TWD,237298.0,450.0,2026-06-17T21:05:36+08:00,2026-06-24,2026-07-02T02:00:06+08:00
ORD00105450,M003822,P00289,app,created,4,TWD,430300.0,550.0,2026-07-02T10:58:28+08:00,2026-07-15,2026-07-03T11:30:28+08:00
ORD00105387,M002101,P00023,門市,paid,3,TWD,552029.0,550.0,2026-07-02T18:13:46+08:00,2026-08-21,2026-07-05T04:46:46+08:00
ORD00104029,M000916,P00010,門市,created,4,TWD,592982.0,950.0,2026-07-02T05:43:46+08:00,2026-09-16,2026-07-03T09:31:46+08:00
ORD00105777,M005031,P00239,app,paid,1,JPY,725873.0,200.0,2026-07-02T21:09:46+08:00,2026-09-14,2026-07-04T20:46:46+08:00
ORD00107366,M007432,P00085,電銷,paid,1,TWD,219694.0,100.0,2026-07-02T05:11:39+08:00,2026-08-03,2026-07-03T21:22:39+08:00
ORD00107954,M006618,P00286,電銷,created,1,TWD,179591.0,150.0,2026-07-02T20:37:18+08:00,2026-07-18,2026-07-05T08:48:18+08:00
ORD00099809,M000957,P00224,app,completed,2,TWD,241660.0,150.0,2026-05-01T00:19:21+08:00,2026-06-15,2026-07-02T05:30:06+08:00
ORD00104565,M006573,P00135,電銷,paid,4,TWD,35835.0,500.0,2026-07-02T06:31:41+08:00,2026-08-31,2026-07-04T18:32:41+08:00
ORD00107082,M005273,P00139,電銷,paid,4,TWD,544687.0,200.0,2026-07-02T18:54:05+08:00,2026-10-06,2026-07-05T12:11:05+08:00
ORD00106069,M003829,P00099,app,paid,2,TWD,261276.0,950.0,2026-07-02T15:39:31+08:00,2026-08-29,2026-07-03T17:33:31+08:00
ORD00104797,M007392,P00029,app,created,4,TWD,466112.0,950.0,2026-07-02T03:17:54+08:00,2026-09-05,2026-07-04T13:16:54+08:00
ORD00104716,M007167,P00285,電銷,paid,3,TWD,284165.0,250.0,2026-07-02T13:20:06+08:00,2026-09-09,2026-07-03T11:12:06+08:00
ORD00106357,M004604,P00065,web,created,1,TWD,190664.0,150.0,2026-07-02T13:09:44+08:00,2026-08-24,2026-07-03T13:18:44+08:00
ORD00106439,M001994,P00141,門市,paid,1,TWD,80595.0,350.0,2026-07-02T21:41:06+08:00,2026-10-10,2026-07-04T08:15:06+08:00
ORD00106444,M003708,P00002,門市,paid,4,TWD,332333.0,750.0,2026-07-02T01:20:00+08:00,2026-08-16,2026-07-02T06:57:00+08:00
ORD00105939,M007592,P00013,app,paid,2,TWD,309130.0,950.0,2026-07-02T06:33:16+08:00,2026-10-02,2026-07-03T11:48:16+08:00
ORD00104143,M006376,P00127,電銷,paid,1,USD,1641.77,900.0,2026-07-02T02:30:33+08:00,2026-09-14,2026-07-03T19:56:33+08:00
ORD00104351,M007965,P00014,門市,paid,1,TWD,107800.0,250.0,2026-07-02T08:08:35+08:00,2026-07-09,2026-07-04T06:46:35+08:00
ORD00107760,M007932,P00240,電銷,paid,2,TWD,168702.0,900.0,2026-07-02T19:32:20+08:00,2026-07-26,2026-07-04T13:09:20+08:00
ORD00104465,M001086,P00258,門市,created,4,TWD,642653.0,450.0,2026-07-02T05:17:14+08:00,2026-09-19,2026-07-04T21:30:14+08:00
ORD00106672,M002445,P00061,app,paid,1,TWD,187998.0,350.0,2026-07-02T17:47:39+08:00,2026-09-28,2026-07-04T11:14:39+08:00
ORD00105995,M007871,P00105,web,created,2,JPY,725529.0,550.0,2026-07-02T19:55:07+08:00,2026-09-07,2026-07-05T11:20:07+08:00
ORD00104963,M006483,P00175,app,paid,2,TWD,29856.0,100.0,2026-07-02T07:05:08+08:00,2026-08-18,2026-07-04T09:21:08+08:00
ORD00104109,M005529,P00202,門市,created,1,TWD,135479.0,300.0,2026-07-02T03:07:51+08:00,2026-07-26,2026-07-02T12:20:51+08:00
ORD00072708,M002238,P00018,門市,cancelled,4,TWD,509929.0,300.0,2026-05-31T21:31:31+08:00,2026-07-04,2026-07-02T11:23:31+08:00
ORD00107352,M005243,P00197,web,paid,1,TWD,71225.0,50.0,2026-07-02T10:32:09+08:00,2026-09-18,2026-07-02T20:59:09+08:00
ORD00105461,M005539,P00290,門市,paid,4,TWD,547037.0,200.0,2026-07-02T17:32:12+08:00,2026-10-05,2026-07-04T12:26:12+08:00
ORD00106096,M006456,P00198,web,paid,2,TWD,47608.0,100.0,2026-07-02T17:38:17+08:00,2026-08-21,2026-07-04T20:04:17+08:00
ORD00107615,M000228,P00059,app,paid,1,TWD,91641.0,300.0,2026-07-02T07:51:54+08:00,2026-07-28,2026-07-04T10:23:54+08:00
ORD00106442,M000166,P00020,app,paid,1,TWD,50217.0,750.0,2026-07-02T16:57:03+08:00,2026-09-08,2026-07-02T17:39:03+08:00
ORD00107530,M000138,P00255,web,created,4,USD,28938.12,400.0,2026-07-02T18:39:24+08:00,2026-08-06,2026-07-04T14:01:24+08:00
ORD00107843,M003696,P00023,web,paid,4,TWD,822114.0,400.0,2026-07-02T12:02:14+08:00,2026-08-09,2026-07-03T08:15:14+08:00
ORD00106228,M002465,P00005,web,created,1,TWD,108369.0,950.0,2026-07-02T07:42:31+08:00,2026-08-01,2026-07-04T08:22:31+08:00
ORD00009186,M001430,P00172,app,completed,1,TWD,161977.0,950.0,2026-05-17T20:34:29+08:00,2026-05-28,2026-07-02T19:11:36+08:00
ORD00105095,M002906,P00118,web,paid,4,USD,14273.25,650.0,2026-07-02T20:12:55+08:00,2026-09-25,2026-07-04T06:13:55+08:00
ORD00105625,M005408,P00003,門市,created,1,JPY,458098.0,800.0,2026-07-02T05:58:50+08:00,2026-10-29,2026-07-03T05:41:50+08:00
ORD00107052,M000497,P00163,電銷,created,4,TWD,395325.0,850.0,2026-07-02T08:51:47+08:00,2026-08-23,2026-07-03T12:14:47+08:00
ORD00024525,M004581,P00231,電銷,completed,2,TWD,370634.0,350.0,2026-05-29T02:30:46+08:00,2026-07-20,2026-07-02T11:13:15+08:00
ORD00105652,M006523,P00100,app,created,4,USD,24688.33,450.0,2026-07-02T20:12:22+08:00,2026-10-01,2026-07-03T17:08:22+08:00
ORD00105451,M002524,P00142,門市,paid,4,USD,27714.42,700.0,2026-07-02T13:44:24+08:00,2026-09-29,2026-07-03T07:18:24+08:00
ORD00106680,M007261,P00005,web,created,3,TWD,258924.0,200.0,2026-07-02T11:05:51+08:00,2026-07-26,2026-07-03T00:20:51+08:00
ORD00023556,M007374,P00107,門市,completed,1,TWD,194294.0,750.0,2026-06-06T17:14:00+08:00,2026-06-13,2026-07-02T19:42:50+08:00
ORD00105815,M005283,P00013,app,paid,3,TWD,388861.0,300.0,2026-07-02T13:51:17+08:00,2026-10-29,2026-07-04T17:38:17+08:00
ORD00106852,M001426,P00102,門市,paid,4,TWD,149150.0,950.0,2026-07-02T10:05:03+08:00,2026-10-13,2026-07-04T10:17:03+08:00
ORD00104774,M006899,P00133,門市,created,4,TWD,21200.0,150.0,2026-07-02T23:10:36+08:00,2026-10-06,2026-07-05T07:18:36+08:00
ORD00105587,M001605,P00092,門市,paid,1,USD,6267.68,500.0,2026-07-02T07:39:08+08:00,2026-10-13,2026-07-03T09:56:08+08:00
ORD00106682,M006613,P00276,web,paid,2,TWD,357430.0,950.0,2026-07-02T22:27:37+08:00,2026-09-03,2026-07-05T14:25:37+08:00
ORD00084447,M004812,P00108,電銷,cancelled,4,TWD,382118.0,300.0,2026-05-02T02:39:33+08:00,2026-07-13,2026-07-02T11:53:44+08:00
ORD00107138,M001291,P00239,app,paid,1,TWD,148204.0,750.0,2026-07-02T16:57:30+08:00,2026-07-21,2026-07-04T11:48:30+08:00
ORD00107833,M002893,P00265,電銷,paid,1,JPY,699204.0,300.0,2026-07-02T14:11:00+08:00,2026-09-23,2026-07-04T15:26:00+08:00
ORD00105835,M002954,P00087,app,paid,1,TWD,173879.0,750.0,2026-07-02T19:35:25+08:00,2026-09-27,2026-07-05T11:59:25+08:00
ORD00105431,M005002,P00280,門市,paid,4,USD,18238.56,950.0,2026-07-02T08:06:09+08:00,2026-07-21,2026-07-04T05:09:09+08:00
ORD00095818,M007980,P00081,電銷,completed,3,TWD,415496.0,950.0,2026-06-29T14:12:29+08:00,2026-10-08,2026-07-02T06:50:09+08:00
ORD00105505,M003308,P00178,web,paid,3,USD,3625.49,350.0,2026-07-02T03:21:32+08:00,2026-08-03,2026-07-03T09:23:32+08:00
ORD00104598,M002302,P00225,門市,paid,4,JPY,896382.0,300.0,2026-07-02T14:35:31+08:00,2026-08-08,2026-07-03T11:26:31+08:00
ORD00107949,M002598,P00062,web,paid,2,TWD,196116.0,100.0,2026-07-02T15:17:24+08:00,2026-10-13,2026-07-03T16:23:24+08:00
ORD00106160,M001689,P00227,app,paid,1,JPY,734254.0,150.0,2026-07-02T02:31:29+08:00,2026-07-28,2026-07-02T13:58:29+08:00
ORD00106165,M005035,P00237,電銷,paid,2,TWD,415803.0,150.0,2026-07-02T02:00:24+08:00,2026-10-24,2026-07-02T06:49:24+08:00
ORD00044378,M002894,P00193,app,completed,1,USD,5887.19,350.0,2026-05-29T17:04:32+08:00,2026-09-19,2026-07-02T11:52:51+08:00
ORD00092763,M002816,P00067,電銷,cancelled,3,TWD,365168.0,500.0,2026-06-19T04:43:15+08:00,2026-07-06,2026-07-02T18:08:00+08:00
ORD00105855,M000871,P00211,app,paid,4,JPY,1805611.0,750.0,2026-07-02T07:48:15+08:00,2026-10-01,2026-07-03T10:16:15+08:00
ORD00105665,M005102,P00061,門市,paid,2,USD,10823.92,150.0,2026-07-02T12:01:50+08:00,2026-07-24,2026-07-04T21:21:50+08:00
ORD00038321,M006930,P00253,web,completed,2,TWD,375427.0,500.0,2026-05-05T03:00:30+08:00,2026-06-08,2026-07-02T23:29:11+08:00
ORD00107895,M001767,P00042,電銷,paid,4,JPY,2728884.0,250.0,2026-07-02T09:48:47+08:00,2026-09-23,2026-07-04T13:55:47+08:00
ORD00106064,M001657,P00137,電銷,paid,1,USD,3810.84,200.0,2026-07-02T12:24:45+08:00,2026-07-28,2026-07-02T13:56:45+08:00
ORD00021989,M006339,P00051,門市,cancelled,1,USD,4171.7,850.0,2026-05-27T13:01:54+08:00,2026-07-18,2026-07-02T16:21:54+08:00
ORD00104769,M005703,P00288,電銷,paid,3,USD,1338.79,600.0,2026-07-02T18:25:07+08:00,2026-10-11,2026-07-03T19:51:07+08:00
ORD00107462,M001500,P00241,web,paid,3,TWD,523476.0,550.0,2026-07-02T22:40:49+08:00,2026-07-29,2026-07-04T00:00:49+08:00
ORD00104568,M007679,P00296,web,created,3,USD,570.45,250.0,2026-07-02T08:13:12+08:00,2026-08-18,2026-07-02T19:33:12+08:00
ORD00104139,M004710,P00169,門市,paid,2,TWD,86626.0,100.0,2026-07-02T13:19:20+08:00,2026-07-31,2026-07-03T05:17:20+08:00
ORD00105572,M004438,P00053,電銷,created,1,TWD,75738.0,0.0,2026-07-02T00:07:28+08:00,2026-10-28,2026-07-02T21:21:28+08:00
ORD00083273,M003747,P00105,app,completed,4,TWD,206593.0,850.0,2026-06-04T09:14:46+08:00,2026-08-15,2026-07-02T09:49:22+08:00
ORD00105196,M007473,P00195,電銷,paid,2,USD,3630.45,350.0,2026-07-02T10:12:51+08:00,2026-07-24,2026-07-02T19:46:51+08:00
ORD00105554,M006795,P00242,app,paid,3,JPY,451117.0,650.0,2026-07-02T10:03:58+08:00,2026-08-23,2026-07-03T03:06:58+08:00
ORD00019196,M005267,P00208,web,cancelled,1,TWD,160264.0,250.0,2026-05-03T08:10:29+08:00,2026-07-17,2026-07-02T14:10:39+08:00
ORD00105978,M006345,P00096,門市,paid,3,TWD,24121.0,150.0,2026-07-02T07:40:09+08:00,2026-10-07,2026-07-04T21:06:09+08:00
ORD00105018,M005529,P00072,web,created,3,TWD,67027.0,0.0,2026-07-02T14:42:09+08:00,2026-08-29,2026-07-03T09:25:09+08:00
ORD00066862,M002563,P00015,web,completed,3,TWD,171952.0,500.0,2026-05-21T10:41:10+08:00,2026-08-29,2026-07-02T20:29:48+08:00
ORD00107475,M000434,P00065,門市,paid,4,TWD,855066.0,600.0,2026-07-02T03:54:32+08:00,2026-07-12,2026-07-02T15:04:32+08:00
ORD00104068,M004104,P00020,門市,paid,1,TWD,59095.0,950.0,2026-07-02T23:01:28+08:00,2026-07-19,2026-07-04T16:16:28+08:00
ORD00104529,M002257,P00146,app,paid,2,USD,1435.3,800.0,2026-07-02T02:10:45+08:00,2026-07-14,2026-07-03T15:21:45+08:00
ORD00107935,M001906,P00273,web,created,1,TWD,98664.0,0.0,2026-07-02T04:21:17+08:00,2026-10-16,2026-07-04T12:20:17+08:00
ORD00106076,M007644,P00214,電銷,paid,1,TWD,157444.0,0.0,2026-07-02T08:19:08+08:00,2026-08-25,2026-07-04T11:18:08+08:00
ORD00104813,M006404,P00188,web,paid,2,TWD,108027.0,0.0,2026-07-02T02:16:20+08:00,2026-09-23,2026-07-02T07:55:20+08:00
ORD00107162,M001718,P00110,電銷,paid,4,TWD,588726.0,100.0,2026-07-02T21:45:16+08:00,2026-10-20,2026-07-05T03:17:16+08:00
ORD00104436,M004789,P00037,電銷,paid,2,TWD,191144.0,950.0,2026-07-02T06:43:28+08:00,2026-07-12,2026-07-03T18:48:28+08:00
ORD00106483,M002039,P00286,門市,created,3,USD,18056.67,150.0,2026-07-02T19:30:14+08:00,2026-10-12,2026-07-05T05:52:14+08:00
ORD00106029,M000936,P00096,web,paid,2,TWD,16782.0,50.0,2026-07-02T09:28:54+08:00,2026-08-07,2026-07-05T03:56:54+08:00
ORD00106248,M000727,P00068,電銷,paid,3,TWD,276470.0,850.0,2026-07-02T06:33:14+08:00,2026-08-07,2026-07-03T09:04:14+08:00
ORD00105159,M003932,P00153,門市,paid,2,TWD,188816.0,400.0,2026-07-02T18:12:42+08:00,2026-09-30,2026-07-03T14:54:42+08:00
ORD00107034,M001893,P00041,web,created,1,TWD,7219.0,650.0,2026-07-02T23:52:30+08:00,2026-10-23,2026-07-04T03:03:30+08:00
ORD00104713,M001930,P00231,app,paid,3,USD,14766.4,50.0,2026-07-02T20:30:04+08:00,2026-07-15,2026-07-03T01:48:04+08:00
ORD00022217,M007697,P00057,web,completed,1,USD,3444.29,200.0,2026-06-11T23:30:18+08:00,2026-07-15,2026-07-02T14:33:08+08:00
ORD00104995,M006006,P00231,app,paid,3,USD,15548.26,800.0,2026-07-02T11:26:14+08:00,2026-10-01,2026-07-04T08:33:14+08:00
ORD00107981,M006306,P00185,電銷,paid,1,TWD,231565.0,0.0,2026-07-02T06:23:15+08:00,2026-07-21,2026-07-02T20:16:15+08:00
ORD00107343,M003346,P00174,app,paid,3,TWD,67354.0,400.0,2026-07-02T04:25:23+08:00,2026-07-27,2026-07-03T05:19:23+08:00
ORD00105118,M000746,P00081,門市,paid,4,TWD,570071.0,400.0,2026-07-02T14:16:09+08:00,2026-08-24,2026-07-03T17:35:09+08:00
ORD00080467,M000062,P00057,app,cancelled,1,TWD,106297.0,150.0,2026-06-27T17:08:24+08:00,2026-07-29,2026-07-02T14:47:39+08:00
ORD00104826,M005727,P00036,電銷,paid,3,TWD,250440.0,650.0,2026-07-02T00:13:24+08:00,2026-09-25,2026-07-04T06:59:24+08:00
ORD00043519,M006007,P00021,門市,cancelled,4,TWD,759962.0,850.0,2026-06-25T09:55:45+08:00,2026-09-12,2026-07-02T06:13:05+08:00
ORD00104274,M003042,P00294,電銷,created,2,TWD,341695.0,250.0,2026-07-02T08:29:19+08:00,2026-08-07,2026-07-02T11:22:19+08:00
ORD00039935,M003083,P00110,門市,completed,1,JPY,770191.0,500.0,2026-06-11T17:21:33+08:00,2026-09-06,2026-07-02T06:08:00+08:00
ORD00106209,M000688,P00219,門市,paid,3,TWD,330712.0,800.0,2026-07-02T08:25:23+08:00,2026-08-08,2026-07-03T23:50:23+08:00
ORD00095979,M000413,P00220,web,cancelled,1,TWD,31914.0,850.0,2026-05-30T01:32:46+08:00,2026-08-28,2026-07-02T07:55:53+08:00
ORD00105483,M006273,P00231,app,paid,1,TWD,159532.0,250.0,2026-07-02T19:26:48+08:00,2026-10-17,2026-07-03T08:17:48+08:00
ORD00106219,M005611,P00270,門市,created,1,USD,702.72,250.0,2026-07-02T20:53:31+08:00,2026-10-13,2026-07-04T02:41:31+08:00
ORD00107914,M003380,P00280,電銷,paid,4,USD,19817.33,800.0,2026-07-02T03:39:54+08:00,2026-08-24,2026-07-02T15:13:54+08:00
ORD00105655,M004383,P00049,門市,paid,2,TWD,39907.0,600.0,2026-07-02T19:00:20+08:00,2026-08-21,2026-07-04T02:51:20+08:00
ORD00104857,M003107,P00153,門市,created,3,TWD,290861.0,0.0,2026-07-02T13:52:51+08:00,2026-10-01,2026-07-02T21:49:51+08:00
ORD00097203,M006022,P00069,web,completed,3,TWD,528945.0,850.0,2026-05-17T04:10:20+08:00,2026-06-26,2026-07-02T18:21:13+08:00
ORD00067540,M002355,P00285,門市,completed,2,JPY,954932.0,700.0,2026-05-13T01:57:22+08:00,2026-08-09,2026-07-02T11:05:06+08:00
ORD00105057,M004373,P00020,app,created,2,TWD,111435.0,350.0,2026-07-02T00:11:03+08:00,2026-07-27,2026-07-04T14:12:03+08:00
ORD00112043,M005453,P00075,app,paid,4,TWD,68404.0,700.0,2026-06-23T22:13:40+08:00,2026-06-30,2026-07-02T06:02:38+08:00
ORD00106509,M007216,P00203,門市,created,1,TWD,114650.0,50.0,2026-07-02T09:49:11+08:00,2026-09-26,2026-07-02T09:58:11+08:00
ORD00104947,M005041,P00180,app,paid,3,USD,11555.26,700.0,2026-07-02T18:23:20+08:00,2026-10-13,2026-07-04T05:26:20+08:00
ORD00104278,M006873,P00156,app,paid,4,USD,25942.67,950.0,2026-07-02T14:05:31+08:00,2026-08-08,2026-07-04T00:21:31+08:00
ORD00107554,M001842,P00153,電銷,paid,2,TWD,207073.0,150.0,2026-07-02T20:33:26+08:00,2026-07-21,2026-07-04T19:04:26+08:00
ORD00107605,M005041,P00024,電銷,paid,1,TWD,81440.0,300.0,2026-07-02T03:08:07+08:00,2026-08-11,2026-07-04T21:39:07+08:00
ORD00107017,M005919,P00270,門市,paid,2,TWD,45329.0,450.0,2026-07-02T11:06:29+08:00,2026-09-16,2026-07-05T02:30:29+08:00
ORD00105036,M007292,P00236,門市,created,2,USD,10998.11,600.0,2026-07-02T07:35:59+08:00,2026-10-20,2026-07-04T03:24:59+08:00
ORD00107275,M003128,P00051,app,created,2,USD,10966.83,500.0,2026-07-02T02:57:47+08:00,2026-09-06,2026-07-04T14:20:47+08:00
ORD00106179,M005764,P00226,門市,paid,3,TWD,318469.0,900.0,2026-07-02T05:56:06+08:00,2026-09-11,2026-07-04T13:47:11+08:00
ORD00106853,M001212,P00033,web,paid,1,USD,4449.19,450.0,2026-07-02T13:51:53+08:00,2026-08-28,2026-07-03T20:38:53+08:00
ORD00106922,M001921,P00150,電銷,created,1,USD,4324.99,100.0,2026-07-02T09:15:01+08:00,2026-08-04,2026-07-05T03:09:01+08:00
ORD00104971,M007984,P00027,電銷,created,1,TWD,112792.0,150.0,2026-07-02T02:53:50+08:00,2026-08-10,2026-07-02T08:16:50+08:00
ORD00106670,M003517,P00072,app,created,1,TWD,19302.0,800.0,2026-07-02T01:10:36+08:00,2026-10-08,2026-07-02T06:42:36+08:00
ORD00107439,M003542,P00227,電銷,created,1,TWD,134146.0,800.0,2026-07-02T20:21:54+08:00,2026-10-02,2026-07-04T19:35:54+08:00
ORD00106923,M006881,P00052,web,created,2,TWD,174761.0,250.0,2026-07-02T18:49:52+08:00,2026-10-03,2026-07-03T20:11:52+08:00
ORD00104209,M006001,P00222,門市,created,3,TWD,139903.0,350.0,2026-07-02T01:30:33+08:00,2026-07-13,2026-07-04T11:35:33+08:00
ORD00104310,M004830,P00101,app,created,3,JPY,883436.0,550.0,2026-07-02T15:56:48+08:00,2026-07-20,2026-07-03T11:42:48+08:00
ORD00046169,M003452,P00245,app,completed,3,USD,9756.56,300.0,2026-06-15T12:04:54+08:00,2026-09-17,2026-07-02T20:43:17+08:00
ORD00105546,M003358,P00259,app,paid,3,TWD,405633.0,900.0,2026-07-02T18:05:01+08:00,2026-09-04,2026-07-03T02:41:01+08:00
ORD00104822,M005920,P00122,電銷,paid,2,TWD,434226.0,800.0,2026-07-02T23:57:42+08:00,2026-10-23,2026-07-05T02:33:42+08:00
ORD00104562,M005208,P00124,app,paid,4,TWD,140284.0,50.0,2026-07-02T05:55:54+08:00,2026-07-10,2026-07-02T13:29:54+08:00
ORD00050018,M001859,P00268,app,cancelled,2,TWD,109550.0,50.0,2026-05-01T14:51:17+08:00,2026-08-24,2026-07-02T04:50:51+08:00
ORD00104036,M000878,P00270,門市,created,1,TWD,28041.0,300.0,2026-07-02T18:25:20+08:00,2026-09-25,2026-07-04T06:07:20+08:00
ORD00104875,M002041,P00099,web,created,1,TWD,125170.0,700.0,2026-07-02T03:33:57+08:00,2026-10-19,2026-07-04T16:10:57+08:00
ORD00105143,M006834,P00099,門市,created,4,TWD,514462.0,950.0,2026-07-02T23:01:06+08:00,2026-07-25,2026-07-04T08:05:06+08:00
ORD00106991,M000463,P00011,電銷,paid,3,TWD,452368.0,400.0,2026-07-02T01:41:07+08:00,2026-09-26,2026-07-03T21:37:07+08:00
ORD00106985,M007006,P00078,電銷,created,2,TWD,198926.0,150.0,2026-07-02T15:25:13+08:00,2026-09-27,2026-07-02T22:20:13+08:00
ORD00107617,M003869,P00294,電銷,paid,4,TWD,672068.0,50.0,2026-07-02T21:13:29+08:00,2026-08-31,2026-07-04T17:44:29+08:00
ORD00106346,M001908,P00079,web,created,1,USD,1577.26,300.0,2026-07-02T07:47:42+08:00,2026-10-14,2026-07-02T13:56:42+08:00
ORD00105780,M002635,P00237,門市,created,4,TWD,606640.0,350.0,2026-07-02T11:58:45+08:00,2026-10-01,2026-07-05T05:28:45+08:00
ORD00106966,M004254,P00156,app,created,1,JPY,732961.0,950.0,2026-07-02T02:05:48+08:00,2026-07-26,2026-07-04T02:49:48+08:00
ORD00104411,M004997,P00092,web,created,2,TWD,318784.0,650.0,2026-07-02T03:48:58+08:00,2026-08-12,2026-07-04T18:01:58+08:00
ORD00104022,M002930,P00063,電銷,paid,3,TWD,467455.0,300.0,2026-07-02T00:39:25+08:00,2026-07-26,2026-07-02T09:44:25+08:00
ORD00104345,M004513,P00075,電銷,created,1,JPY,89401.0,700.0,2026-07-02T17:45:07+08:00,2026-08-27,2026-07-04T07:19:07+08:00
ORD00096059,M003099,P00003,電銷,completed,1,TWD,104635.0,650.0,2026-06-16T15:13:58+08:00,2026-07-24,2026-07-02T00:21:10+08:00
ORD00106858,M004283,P00195,app,created,2,TWD,140705.0,750.0,2026-07-02T00:40:46+08:00,2026-07-13,2026-07-02T08:37:46+08:00
ORD00106098,M000451,P00063,電銷,paid,1,TWD,201600.0,200.0,2026-07-02T19:10:24+08:00,2026-10-08,2026-07-04T03:50:24+08:00
ORD00106038,M005446,P00286,app,paid,3,TWD,509545.0,250.0,2026-07-02T15:49:17+08:00,2026-08-07,2026-07-05T07:59:17+08:00
ORD00104092,M006050,P00097,電銷,paid,1,USD,4761.12,750.0,2026-07-02T04:02:42+08:00,2026-09-08,2026-07-03T18:32:42+08:00
ORD00107797,M004471,P00164,web,created,2,USD,2716.71,750.0,2026-07-02T09:31:48+08:00,2026-08-04,2026-07-03T13:24:48+08:00
ORD00105182,M001023,P00047,電銷,created,4,TWD,104070.0,650.0,2026-07-02T20:55:52+08:00,2026-10-25,2026-07-03T21:35:52+08:00
ORD00107860,M004393,P00276,app,paid,1,TWD,145397.0,50.0,2026-07-02T03:56:10+08:00,2026-08-18,2026-07-03T04:16:10+08:00
ORD00106552,M005114,P00018,門市,created,1,TWD,168443.0,650.0,2026-07-02T07:39:53+08:00,2026-07-30,2026-07-04T21:31:53+08:00
ORD00106939,M007339,P00223,web,created,2,TWD,383812.0,700.0,2026-07-02T16:02:25+08:00,2026-09-06,2026-07-03T13:18:25+08:00
ORD00107773,M004854,P00161,web,paid,3,USD,14757.1,550.0,2026-07-02T11:09:35+08:00,2026-10-29,2026-07-02T15:41:35+08:00
ORD00107131,M005632,P00248,門市,paid,1,USD,828.74,100.0,2026-07-02T08:28:35+08:00,2026-09-06,2026-07-05T00:20:35+08:00
ORD00105889,M001794,P00056,電銷,created,2,TWD,133873.0,650.0,2026-07-02T15:01:13+08:00,2026-07-17,2026-07-04T20:24:13+08:00
ORD00107227,M000245,P00170,電銷,created,3,TWD,168792.0,250.0,2026-07-02T14:38:38+08:00,2026-10-21,2026-07-03T06:39:38+08:00
ORD00104010,M003442,P00071,電銷,created,4,JPY,949571.0,800.0,2026-07-02T15:08:03+08:00,2026-09-02,2026-07-03T04:08:03+08:00
ORD00104323,M005701,P00124,電銷,paid,4,USD,5793.12,500.0,2026-07-02T15:17:12+08:00,2026-07-23,2026-07-04T10:47:12+08:00
ORD00106584,M004580,P00025,門市,paid,1,TWD,159467.0,200.0,2026-07-02T09:56:30+08:00,2026-07-16,2026-07-03T00:10:30+08:00
ORD00105169,M000717,P00083,web,created,2,TWD,261301.0,850.0,2026-07-02T00:09:09+08:00,2026-08-25,2026-07-03T09:42:09+08:00
ORD00050982,M004358,P00058,電銷,cancelled,4,TWD,132116.0,700.0,2026-05-16T13:39:15+08:00,2026-07-24,2026-07-02T20:21:38+08:00
ORD00104179,M004533,P00022,app,paid,4,USD,5005.55,150.0,2026-07-02T00:45:10+08:00,2026-09-18,2026-07-03T17:49:10+08:00
ORD00105650,M007504,P00017,電銷,created,1,TWD,161466.0,200.0,2026-07-02T16:51:17+08:00,2026-07-28,2026-07-02T19:54:17+08:00
ORD00107419,M003921,P00234,電銷,paid,3,TWD,26954.0,500.0,2026-07-02T02:30:43+08:00,2026-08-29,2026-07-03T19:17:43+08:00
ORD00104053,M002968,P00243,app,created,1,TWD,172250.0,750.0,2026-07-02T20:55:28+08:00,2026-07-15,2026-07-04T21:51:28+08:00
ORD00104207,M005846,P00286,門市,created,3,TWD,511507.0,700.0,2026-07-02T09:02:03+08:00,2026-08-22,2026-07-05T02:22:03+08:00
ORD00104815,M002570,P00013,電銷,created,3,TWD,366689.0,700.0,2026-07-02T23:53:19+08:00,2026-07-26,2026-07-03T08:49:19+08:00
ORD00107051,M005941,P00285,web,created,1,TWD,106365.0,500.0,2026-07-02T07:15:19+08:00,2026-08-30,2026-07-02T17:01:19+08:00
ORD00106349,M002306,P00101,web,paid,3,USD,6209.34,500.0,2026-07-02T20:48:24+08:00,2026-08-08,2026-07-03T01:21:24+08:00
ORD00105231,M002521,P00151,門市,created,1,TWD,76082.0,650.0,2026-07-02T23:53:21+08:00,2026-09-09,2026-07-04T06:54:21+08:00
ORD00106022,M001801,P00251,web,paid,4,TWD,443540.0,450.0,2026-07-02T00:13:09+08:00,2026-07-19,2026-07-03T06:17:09+08:00
ORD00105828,M004524,P00133,門市,created,3,TWD,15221.0,550.0,2026-07-02T22:34:09+08:00,2026-10-11,2026-07-03T06:39:09+08:00
ORD00107334,M005521,P00023,門市,paid,1,TWD,172717.0,800.0,2026-07-02T22:05:11+08:00,2026-08-08,2026-07-03T09:32:11+08:00
ORD00107506,M007609,P00038,電銷,paid,4,TWD,81955.0,250.0,2026-07-02T15:15:05+08:00,2026-08-30,2026-07-04T05:12:05+08:00
ORD00106787,M007151,P00131,電銷,created,2,TWD,352568.0,550.0,2026-07-02T10:15:27+08:00,2026-09-08,2026-07-04T17:46:27+08:00
ORD00106375,M006469,P00039,web,paid,3,TWD,521122.0,750.0,2026-07-02T04:28:39+08:00,2026-07-28,2026-07-04T04:23:39+08:00
ORD00105230,M001998,P00109,web,paid,3,USD,4195.83,0.0,2026-07-02T08:12:16+08:00,2026-08-24,2026-07-03T19:25:16+08:00
ORD00106813,M002738,P00046,app,created,4,USD,8584.32,250.0,2026-07-02T20:10:39+08:00,2026-10-04,2026-07-04T02:25:39+08:00
ORD00104273,M005203,P00145,web,paid,1,TWD,93631.0,250.0,2026-07-02T01:18:10+08:00,2026-08-25,2026-07-04T15:09:10+08:00
ORD00106641,M007665,P00039,電銷,paid,2,JPY,1355804.0,850.0,2026-07-02T19:56:09+08:00,2026-10-13,2026-07-03T10:49:09+08:00
ORD00106661,M004031,P00169,電銷,paid,1,TWD,41151.0,650.0,2026-07-02T22:36:48+08:00,2026-10-28,2026-07-05T15:10:48+08:00
ORD00107379,M003594,P00225,門市,created,2,TWD,95201.0,200.0,2026-07-02T04:37:20+08:00,2026-09-26,2026-07-03T17:00:20+08:00
ORD00106122,M000698,P00039,web,paid,3,TWD,478494.0,250.0,2026-07-02T18:27:56+08:00,2026-07-17,2026-07-04T15:41:56+08:00
ORD00104755,M001080,P00025,門市,paid,3,USD,15472.99,500.0,2026-07-02T05:14:57+08:00,2026-07-18,2026-07-03T07:51:57+08:00
ORD00105460,M001552,P00052,web,paid,3,TWD,235036.0,400.0,2026-07-02T09:05:02+08:00,2026-10-26,2026-07-03T08:21:02+08:00
ORD00106398,M001366,P00300,app,created,2,TWD,198608.0,300.0,2026-07-02T16:51:03+08:00,2026-08-26,2026-07-04T20:00:03+08:00
ORD00104243,M000907,P00152,門市,created,4,TWD,191284.0,250.0,2026-07-02T16:47:48+08:00,2026-08-11,2026-07-04T05:18:48+08:00
ORD00105142,M005224,P00129,門市,paid,4,JPY,3027134.0,300.0,2026-07-02T03:07:54+08:00,2026-08-23,2026-07-03T22:29:54+08:00
ORD00106495,M003831,P00007,門市,paid,1,JPY,275367.0,250.0,2026-07-02T16:19:02+08:00,2026-08-19,2026-07-02T17:58:02+08:00
ORD00107548,M005847,P00130,app,paid,4,TWD,733002.0,850.0,2026-07-02T07:13:56+08:00,2026-09-21,2026-07-03T09:54:56+08:00
ORD00107005,M003157,P00067,門市,paid,1,TWD,133648.0,150.0,2026-07-02T15:44:03+08:00,2026-09-09,2026-07-03T01:24:03+08:00
ORD00104977,M004078,P00074,app,paid,4,TWD,537872.0,350.0,2026-07-02T11:24:32+08:00,2026-08-11,2026-07-04T13:28:32+08:00
ORD00104428,M004948,P00236,電銷,paid,2,TWD,298487.0,950.0,2026-07-02T18:05:56+08:00,2026-08-23,2026-07-03T19:34:56+08:00
ORD00107596,M003745,P00240,門市,created,4,TWD,420291.0,200.0,2026-07-02T02:51:45+08:00,2026-07-12,2026-07-03T22:36:45+08:00
ORD00106782,M005528,P00244,app,created,2,TWD,92455.0,100.0,2026-07-02T04:01:09+08:00,2026-07-27,2026-07-03T14:59:09+08:00
ORD00107102,M004453,P00133,電銷,paid,3,TWD,13206.0,600.0,2026-07-02T09:57:50+08:00,2026-10-20,2026-07-03T21:57:50+08:00
ORD00105575,M000559,P00254,門市,paid,3,TWD,7880.0,250.0,2026-07-02T02:26:22+08:00,2026-10-25,2026-07-04T06:22:22+08:00
ORD00107265,M000636,P00250,app,paid,1,TWD,74398.0,950.0,2026-07-02T19:29:10+08:00,2026-07-15,2026-07-04T23:08:10+08:00
ORD00107184,M001987,P00100,web,paid,3,TWD,551634.0,650.0,2026-07-02T19:11:24+08:00,2026-10-10,2026-07-04T10:11:24+08:00
ORD00104481,M000142,P00146,電銷,created,1,JPY,103695.0,800.0,2026-07-02T12:53:42+08:00,2026-10-17,2026-07-05T04:37:42+08:00
ORD00104635,M002992,P00192,web,paid,1,USD,7479.07,100.0,2026-07-02T12:35:52+08:00,2026-09-05,2026-07-03T04:21:52+08:00
ORD00106905,M007220,P00196,門市,paid,4,TWD,170051.0,550.0,2026-07-02T06:33:31+08:00,2026-09-22,2026-07-04T16:02:31+08:00
ORD00106888,M007670,P00215,電銷,paid,2,TWD,83202.0,750.0,2026-07-02T06:01:45+08:00,2026-09-01,2026-07-04T12:40:45+08:00
ORD00106608,M000529,P00106,app,paid,4,TWD,160661.0,950.0,2026-07-02T16:30:55+08:00,2026-09-11,2026-07-02T17:56:55+08:00
ORD00104376,M007381,P00212,電銷,paid,2,TWD,65762.0,100.0,2026-07-02T22:19:31+08:00,2026-09-21,2026-07-03T23:35:31+08:00
ORD00107715,M003738,P00110,app,paid,3,TWD,473677.0,250.0,2026-07-02T23:36:38+08:00,2026-07-31,2026-07-05T04:01:38+08:00
ORD00107512,M000336,P00080,門市,paid,2,TWD,333560.0,750.0,2026-07-02T06:39:22+08:00,2026-08-09,2026-07-03T15:32:22+08:00
ORD00106490,M000512,P00232,電銷,paid,1,USD,5078.62,200.0,2026-07-02T05:56:42+08:00,2026-10-13,2026-07-02T18:42:42+08:00
ORD00106366,M007682,P00131,門市,paid,2,TWD,371171.0,0.0,2026-07-02T03:01:47+08:00,2026-08-26,2026-07-03T18:54:47+08:00
ORD00105884,M001349,P00088,web,paid,2,JPY,849988.0,500.0,2026-07-02T11:11:46+08:00,2026-07-18,2026-07-04T14:19:46+08:00
ORD00105503,M000399,P00022,app,paid,2,TWD,92614.0,900.0,2026-07-02T11:12:34+08:00,2026-09-28,2026-07-04T19:45:34+08:00
ORD00105136,M005590,P00054,門市,created,3,TWD,497149.0,500.0,2026-07-02T20:52:36+08:00,2026-09-17,2026-07-04T04:47:36+08:00
ORD00105026,M006172,P00248,門市,paid,3,TWD,57975.0,200.0,2026-07-02T11:42:48+08:00,2026-09-29,2026-07-03T19:58:48+08:00
ORD00112007,M006276,P00116,web,paid,1,TWD,87593.0,250.0,2026-06-21T21:57:33+08:00,2026-08-16,2026-07-02T05:45:44+08:00
ORD00106576,M001370,P00283,電銷,paid,4,JPY,502326.0,0.0,2026-07-02T07:00:45+08:00,2026-09-12,2026-07-04T23:26:45+08:00
ORD00107764,M000115,P00247,web,paid,3,TWD,398046.0,850.0,2026-07-02T11:16:25+08:00,2026-08-13,2026-07-04T16:55:25+08:00
ORD00084490,M002576,P00231,電銷,cancelled,3,TWD,476841.0,950.0,2026-06-07T13:58:37+08:00,2026-06-23,2026-07-02T07:17:53+08:00
ORD00105153,M002547,P00125,電銷,paid,2,TWD,94483.0,0.0,2026-07-02T12:13:54+08:00,2026-07-24,2026-07-03T12:24:54+08:00
ORD00105941,M003757,P00222,門市,paid,1,TWD,39601.0,850.0,2026-07-02T06:54:06+08:00,2026-10-04,2026-07-03T10:55:06+08:00
ORD00104633,M005117,P00192,門市,paid,2,USD,14499.4,850.0,2026-07-02T09:13:57+08:00,2026-10-13,2026-07-03T21:46:57+08:00
ORD00104485,M002759,P00036,門市,paid,4,JPY,1647681.0,650.0,2026-07-02T05:44:25+08:00,2026-08-20,2026-07-04T03:09:25+08:00
ORD00075269,M004038,P00168,電銷,cancelled,3,JPY,1906014.0,800.0,2026-06-12T07:24:02+08:00,2026-09-18,2026-07-02T12:14:46+08:00
ORD00054660,M001831,P00252,電銷,completed,2,TWD,103096.0,300.0,2026-05-09T07:20:42+08:00,2026-05-26,2026-07-02T06:19:13+08:00
ORD00107454,M007783,P00013,web,paid,4,USD,14536.64,700.0,2026-07-02T05:43:56+08:00,2026-09-25,2026-07-04T04:10:56+08:00
ORD00106872,M004711,P00264,門市,created,3,USD,987.99,600.0,2026-07-02T11:03:14+08:00,2026-10-11,2026-07-03T21:44:14+08:00
ORD00104149,M000398,P00154,web,paid,1,TWD,103298.0,950.0,2026-07-02T05:01:14+08:00,2026-10-01,2026-07-02T17:32:14+08:00
ORD00104646,M006835,P00247,app,paid,4,JPY,3264778.0,150.0,2026-07-02T06:59:13+08:00,2026-08-03,2026-07-02T17:20:13+08:00
ORD00106368,M002253,P00119,app,paid,1,TWD,166170.0,500.0,2026-07-02T09:25:16+08:00,2026-09-10,2026-07-02T11:04:16+08:00
ORD00099248,M006471,P00143,web,completed,2,USD,576.18,450.0,2026-06-16T21:17:44+08:00,2026-07-21,2026-07-02T08:26:51+08:00
ORD00104935,M006256,P00115,門市,paid,2,USD,10238.17,650.0,2026-07-02T21:15:24+08:00,2026-08-11,2026-07-04T22:12:24+08:00
ORD00105152,M001204,P00255,門市,paid,1,USD,5618.16,550.0,2026-07-02T13:32:44+08:00,2026-09-27,2026-07-03T13:22:44+08:00
ORD00106404,M007483,P00075,電銷,paid,2,USD,1564.89,450.0,2026-07-02T20:28:51+08:00,2026-08-21,2026-07-04T09:44:51+08:00
ORD00105909,M002924,P00200,web,paid,4,TWD,571627.0,750.0,2026-07-02T15:54:11+08:00,2026-07-09,2026-07-03T15:44:11+08:00
ORD00106269,M004300,P00180,門市,paid,3,TWD,305514.0,250.0,2026-07-02T13:37:52+08:00,2026-09-08,2026-07-04T03:16:52+08:00
ORD00068199,M007847,P00054,web,completed,2,USD,7834.04,250.0,2026-06-19T10:31:02+08:00,2026-09-21,2026-07-02T01:36:09+08:00
ORD00104270,M002429,P00228,app,paid,3,TWD,316165.0,300.0,2026-07-02T21:45:42+08:00,2026-08-13,2026-07-03T03:22:42+08:00
ORD00106436,M001208,P00103,app,paid,1,TWD,26124.0,800.0,2026-07-02T18:42:10+08:00,2026-08-13,2026-07-04T20:15:10+08:00
ORD00104552,M002748,P00057,app,created,2,TWD,244499.0,150.0,2026-07-02T06:03:50+08:00,2026-09-01,2026-07-04T01:04:50+08:00
ORD00105882,M000533,P00261,電銷,paid,1,TWD,5473.0,850.0,2026-07-02T00:13:03+08:00,2026-09-25,2026-07-02T23:20:03+08:00
ORD00107222,M007564,P00082,app,paid,4,TWD,884900.0,400.0,2026-07-02T19:59:03+08:00,2026-10-10,2026-07-03T08:38:03+08:00
ORD00052641,M005610,P00079,app,completed,4,USD,6744.28,400.0,2026-06-30T00:46:56+08:00,2026-09-12,2026-07-02T00:41:57+08:00
ORD00104537,M003452,P00293,app,paid,1,USD,2458.54,600.0,2026-07-02T18:51:24+08:00,2026-10-20,2026-07-05T04:38:24+08:00
ORD00106513,M007391,P00071,門市,created,3,USD,4342.43,550.0,2026-07-02T00:14:53+08:00,2026-09-11,2026-07-02T20:13:53+08:00
ORD00105381,M004591,P00272,門市,created,3,TWD,355697.0,950.0,2026-07-02T15:13:08+08:00,2026-07-28,2026-07-05T02:55:08+08:00
ORD00104079,M005717,P00141,門市,created,1,TWD,74735.0,200.0,2026-07-02T06:19:54+08:00,2026-08-23,2026-07-02T14:46:54+08:00
ORD00106476,M005119,P00161,app,paid,1,TWD,178289.0,650.0,2026-07-02T12:45:38+08:00,2026-08-14,2026-07-05T05:17:38+08:00
ORD00106716,M001008,P00282,app,created,3,TWD,526884.0,150.0,2026-07-02T07:57:15+08:00,2026-08-19,2026-07-02T19:45:15+08:00
ORD00107829,M000042,P00073,電銷,created,4,USD,16820.79,650.0,2026-07-02T00:29:31+08:00,2026-10-17,2026-07-02T20:55:31+08:00
ORD00106180,M004313,P00008,web,paid,4,TWD,372079.0,900.0,2026-07-02T08:21:02+08:00,2026-09-07,2026-07-03T18:30:02+08:00
ORD00106512,M007318,P00226,app,paid,1,TWD,106026.0,0.0,2026-07-02T01:05:17+08:00,2026-08-31,2026-07-03T22:56:17+08:00
ORD00105899,M002570,P00068,電銷,paid,4,TWD,363488.0,800.0,2026-07-02T05:20:54+08:00,2026-08-25,2026-07-02T10:44:54+08:00
ORD00106013,M001078,P00263,電銷,paid,3,USD,10755.62,650.0,2026-07-02T19:13:15+08:00,2026-10-25,2026-07-02T21:48:15+08:00
ORD00105898,M000816,P00071,web,paid,2,USD,2964.37,550.0,2026-07-02T22:08:00+08:00,2026-08-21,2026-07-04T22:40:00+08:00
ORD00011514,M003891,P00177,app,completed,3,USD,1792.4,50.0,2026-05-04T17:01:28+08:00,2026-06-17,2026-07-02T05:50:14+08:00
ORD00106411,M007634,P00122,門市,paid,3,TWD,489055.0,800.0,2026-07-02T23:34:43+08:00,2026-07-09,2026-07-05T00:32:43+08:00
ORD00106396,M001651,P00215,門市,paid,4,USD,5235.05,400.0,2026-07-02T12:31:40+08:00,2026-07-10,2026-07-05T03:44:40+08:00
ORD00106358,M001292,P00265,app,created,3,USD,14236.03,450.0,2026-07-02T11:03:07+08:00,2026-09-28,2026-07-03T12:15:07+08:00
ORD00104885,M006428,P00220,門市,paid,2,TWD,71533.0,450.0,2026-07-02T12:52:08+08:00,2026-08-26,2026-07-04T17:56:08+08:00
ORD00104887,M003610,P00212,門市,paid,4,TWD,101556.0,150.0,2026-07-02T05:37:15+08:00,2026-08-02,2026-07-02T21:26:15+08:00
ORD00104930,M005340,P00015,電銷,paid,2,TWD,148607.0,250.0,2026-07-02T05:41:56+08:00,2026-07-19,2026-07-03T16:34:56+08:00
ORD00107900,M007794,P00262,門市,paid,3,TWD,600250.0,650.0,2026-07-02T03:10:06+08:00,2026-09-10,2026-07-02T10:39:06+08:00
ORD00105836,M004072,P00229,電銷,created,4,USD,24708.47,900.0,2026-07-02T18:57:25+08:00,2026-10-29,2026-07-04T09:20:25+08:00
ORD00107511,M004749,P00108,電銷,created,1,TWD,99697.0,250.0,2026-07-02T06:23:07+08:00,2026-07-12,2026-07-04T16:56:07+08:00
ORD00105753,M006899,P00280,app,created,4,TWD,550854.0,700.0,2026-07-02T09:15:05+08:00,2026-09-26,2026-07-03T04:12:05+08:00
ORD00104182,M007211,P00039,電銷,paid,4,TWD,749888.0,200.0,2026-07-02T17:48:05+08:00,2026-09-07,2026-07-03T22:52:05+08:00
ORD00107384,M007789,P00249,app,paid,2,USD,4690.02,950.0,2026-07-02T22:09:05+08:00,2026-08-31,2026-07-03T20:06:05+08:00
ORD00107495,M003730,P00146,app,paid,1,TWD,27160.0,700.0,2026-07-02T09:20:01+08:00,2026-08-18,2026-07-03T12:20:01+08:00
ORD00054750,M003432,P00192,web,cancelled,4,TWD,933982.0,200.0,2026-06-10T16:42:50+08:00,2026-07-21,2026-07-02T23:06:16+08:00
ORD00107473,M000933,P00264,web,created,3,USD,868.79,700.0,2026-07-02T06:16:51+08:00,2026-08-24,2026-07-02T16:01:51+08:00
ORD00105006,M007512,P00225,app,created,1,TWD,46614.0,100.0,2026-07-02T20:19:58+08:00,2026-09-23,2026-07-05T10:32:58+08:00
ORD00013336,M001150,P00007,電銷,completed,4,TWD,240212.0,550.0,2026-05-25T20:01:08+08:00,2026-09-08,2026-07-02T14:57:06+08:00
ORD00107276,M007759,P00017,門市,paid,4,TWD,675043.0,250.0,2026-07-02T08:53:43+08:00,2026-07-18,2026-07-03T07:31:43+08:00
ORD00107581,M003040,P00264,app,paid,1,TWD,10774.0,50.0,2026-07-02T18:17:33+08:00,2026-07-14,2026-07-04T21:14:33+08:00
ORD00107765,M004743,P00094,app,paid,2,USD,9829.03,650.0,2026-07-02T01:23:52+08:00,2026-10-09,2026-07-02T17:55:52+08:00
ORD00107997,M006351,P00093,web,created,4,USD,14396.92,700.0,2026-07-02T01:44:29+08:00,2026-08-06,2026-07-03T21:55:29+08:00
ORD00107744,M002083,P00054,電銷,paid,4,TWD,624133.0,50.0,2026-07-02T08:18:51+08:00,2026-08-06,2026-07-04T17:57:51+08:00
ORD00107118,M003333,P00089,電銷,paid,3,TWD,273430.0,100.0,2026-07-02T06:34:23+08:00,2026-10-29,2026-07-02T18:57:23+08:00
ORD00054470,M005833,P00097,web,cancelled,3,TWD,363105.0,50.0,2026-06-19T20:51:21+08:00,2026-07-23,2026-07-02T12:26:53+08:00
ORD00104665,M002444,P00182,電銷,paid,4,TWD,33214.0,150.0,2026-07-02T10:49:14+08:00,2026-10-22,2026-07-03T08:58:14+08:00
ORD00104402,M001532,P00063,門市,created,3,USD,18947.79,100.0,2026-07-02T19:02:09+08:00,2026-08-22,2026-07-03T12:04:09+08:00
ORD00105958,M007987,P00218,門市,paid,2,JPY,290125.0,0.0,2026-07-02T00:29:53+08:00,2026-10-26,2026-07-02T07:57:53+08:00
ORD00106943,M000429,P00211,app,paid,4,JPY,1677765.0,850.0,2026-07-02T00:03:24+08:00,2026-09-02,2026-07-02T16:03:24+08:00
ORD00107806,M005482,P00221,app,paid,4,TWD,393743.0,850.0,2026-07-02T11:53:57+08:00,2026-10-28,2026-07-02T23:27:57+08:00
ORD00104374,M004935,P00271,app,paid,1,TWD,24800.0,800.0,2026-07-02T04:25:37+08:00,2026-09-24,2026-07-04T01:50:37+08:00
ORD00104404,M002627,P00285,web,created,2,USD,7517.67,700.0,2026-07-02T13:13:17+08:00,2026-09-02,2026-07-04T07:28:17+08:00
ORD00106388,M007467,P00131,web,created,3,USD,18660.68,850.0,2026-07-02T17:00:34+08:00,2026-07-09,2026-07-03T12:26:34+08:00
ORD00107776,M003129,P00007,電銷,created,4,TWD,254005.0,800.0,2026-07-02T03:05:03+08:00,2026-10-18,2026-07-04T02:33:03+08:00
ORD00105682,M003509,P00263,電銷,paid,4,TWD,417383.0,450.0,2026-07-02T05:35:46+08:00,2026-07-28,2026-07-04T23:37:46+08:00
ORD00105255,M001550,P00281,電銷,paid,3,USD,21721.33,100.0,2026-07-02T03:41:09+08:00,2026-07-12,2026-07-02T19:28:09+08:00
ORD00107295,M001992,P00218,門市,created,2,TWD,54450.0,900.0,2026-07-02T17:46:47+08:00,2026-09-14,2026-07-04T07:23:47+08:00
ORD00105578,M005076,P00061,門市,paid,2,USD,11390.58,400.0,2026-07-02T10:08:51+08:00,2026-07-21,2026-07-04T15:41:51+08:00
ORD00104696,M004356,P00128,門市,created,2,TWD,368251.0,350.0,2026-07-02T15:36:09+08:00,2026-08-05,2026-07-03T01:11:09+08:00
ORD00107250,M005688,P00275,web,paid,4,TWD,404447.0,0.0,2026-07-02T12:56:45+08:00,2026-09-23,2026-07-04T23:02:45+08:00
ORD00104788,M006502,P00046,門市,paid,3,USD,6984.3,50.0,2026-07-02T02:07:14+08:00,2026-09-12,2026-07-02T08:04:14+08:00
ORD00106535,M003029,P00044,web,created,1,USD,1302.25,200.0,2026-07-02T21:58:34+08:00,2026-09-29,2026-07-05T04:41:34+08:00
ORD00105520,M006186,P00163,app,created,4,TWD,413909.0,300.0,2026-07-02T18:51:15+08:00,2026-10-17,2026-07-04T01:02:15+08:00
ORD00105226,M005149,P00193,門市,created,1,JPY,775139.0,800.0,2026-07-02T01:19:16+08:00,2026-07-20,2026-07-02T20:33:16+08:00
ORD00106126,M000969,P00146,app,paid,2,USD,1283.25,300.0,2026-07-02T19:44:03+08:00,2026-07-24,2026-07-03T18:25:03+08:00
ORD00009369,M001240,P00232,app,completed,4,TWD,804148.0,800.0,2026-06-04T21:13:59+08:00,2026-08-30,2026-07-02T08:26:13+08:00
ORD00105208,M004618,P00234,web,paid,3,USD,969.3,800.0,2026-07-02T10:23:33+08:00,2026-10-25,2026-07-03T20:43:33+08:00
ORD00104183,M006463,P00272,電銷,paid,2,TWD,228512.0,50.0,2026-07-02T21:02:09+08:00,2026-10-12,2026-07-05T14:35:09+08:00
ORD00105838,M001479,P00020,web,paid,2,TWD,129762.0,950.0,2026-07-02T14:26:35+08:00,2026-09-03,2026-07-04T22:43:35+08:00
ORD00107112,M006486,P00251,門市,created,3,TWD,316126.0,650.0,2026-07-02T17:01:37+08:00,2026-09-24,2026-07-05T09:26:37+08:00
ORD00100934,M005118,P00029,web,paid,4,TWD,487654.0,750.0,2026-07-01T21:09:10+08:00,2026-07-29,2026-07-02T06:48:10+08:00
ORD00105688,M000829,P00181,門市,paid,4,USD,2320.15,350.0,2026-07-02T17:09:12+08:00,2026-08-07,2026-07-03T05:11:12+08:00
ORD00106884,M002898,P00178,web,paid,4,USD,4347.15,50.0,2026-07-02T04:39:18+08:00,2026-08-03,2026-07-03T04:51:18+08:00
ORD00107701,M007938,P00152,app,paid,4,TWD,172513.0,400.0,2026-07-02T14:54:13+08:00,2026-08-07,2026-07-04T00:29:13+08:00
ORD00107197,M005414,P00273,web,created,3,TWD,231901.0,700.0,2026-07-02T02:44:35+08:00,2026-09-27,2026-07-04T19:47:35+08:00
ORD00106721,M002674,P00215,門市,paid,3,USD,4821.97,400.0,2026-07-02T11:06:00+08:00,2026-09-30,2026-07-03T06:34:00+08:00
ORD00105170,M002288,P00114,web,paid,2,TWD,160064.0,200.0,2026-07-02T14:11:51+08:00,2026-09-22,2026-07-03T00:23:51+08:00
ORD00104818,M006121,P00010,門市,paid,1,TWD,113409.0,750.0,2026-07-02T12:05:03+08:00,2026-08-07,2026-07-05T01:27:03+08:00
ORD00104441,M006097,P00288,電銷,paid,4,USD,1527.7,650.0,2026-07-02T05:39:07+08:00,2026-08-27,2026-07-04T04:21:07+08:00
ORD00105379,M004809,P00258,app,paid,3,USD,14832.83,600.0,2026-07-02T00:49:44+08:00,2026-09-17,2026-07-02T10:42:44+08:00
ORD00104771,M000215,P00134,門市,paid,3,TWD,280792.0,400.0,2026-07-02T20:33:30+08:00,2026-10-16,2026-07-03T11:12:30+08:00
ORD00104230,M006513,P00115,app,paid,2,TWD,270224.0,550.0,2026-07-02T01:14:10+08:00,2026-07-26,2026-07-02T04:14:10+08:00
ORD00107873,M005783,P00011,web,paid,4,TWD,724985.0,850.0,2026-07-02T23:23:15+08:00,2026-07-23,2026-07-03T21:48:15+08:00
ORD00105968,M006220,P00245,電銷,paid,3,JPY,1892205.0,850.0,2026-07-02T01:40:50+08:00,2026-08-18,2026-07-04T14:47:50+08:00
ORD00106817,M000797,P00222,電銷,paid,4,TWD,142480.0,550.0,2026-07-02T10:06:33+08:00,2026-08-07,2026-07-03T14:29:33+08:00
ORD00104609,M001627,P00260,web,created,4,TWD,447340.0,300.0,2026-07-02T04:10:09+08:00,2026-09-07,2026-07-04T18:50:09+08:00
ORD00104556,M001590,P00210,app,created,2,TWD,349251.0,850.0,2026-07-02T20:21:06+08:00,2026-08-10,2026-07-05T08:27:06+08:00
ORD00105265,M000062,P00238,web,paid,4,TWD,397846.0,700.0,2026-07-02T07:42:57+08:00,2026-09-07,2026-07-03T15:25:57+08:00
ORD00106626,M001598,P00009,web,paid,4,TWD,379748.0,350.0,2026-07-02T16:50:55+08:00,2026-07-23,2026-07-04T02:14:55+08:00
ORD00106167,M005785,P00085,門市,paid,2,JPY,1622065.0,750.0,2026-07-02T14:17:41+08:00,2026-09-14,2026-07-03T17:18:41+08:00
ORD00104251,M000908,P00105,門市,paid,3,TWD,192256.0,800.0,2026-07-02T15:41:56+08:00,2026-10-04,2026-07-03T11:54:56+08:00
ORD00107541,M002309,P00064,web,paid,4,TWD,93951.0,150.0,2026-07-02T00:00:16+08:00,2026-08-27,2026-07-04T18:36:16+08:00
ORD00105611,M001534,P00079,電銷,created,4,TWD,167278.0,350.0,2026-07-02T13:02:38+08:00,2026-08-20,2026-07-03T05:12:38+08:00
ORD00104873,M002130,P00176,電銷,paid,3,USD,16123.79,200.0,2026-07-02T13:19:39+08:00,2026-08-20,2026-07-03T13:08:39+08:00
ORD00107660,M005054,P00288,web,paid,4,TWD,44713.0,50.0,2026-07-02T06:16:32+08:00,2026-10-13,2026-07-03T19:03:32+08:00
ORD00107257,M003141,P00129,門市,paid,1,TWD,130490.0,500.0,2026-07-02T12:00:26+08:00,2026-07-13,2026-07-04T04:31:26+08:00
ORD00104292,M007066,P00008,app,paid,3,USD,6611.82,500.0,2026-07-02T14:38:45+08:00,2026-08-14,2026-07-02T21:57:45+08:00
ORD00105166,M003443,P00257,電銷,paid,4,TWD,162728.0,350.0,2026-07-02T01:21:39+08:00,2026-07-17,2026-07-04T03:11:39+08:00
ORD00107292,M004052,P00253,門市,created,2,TWD,344960.0,650.0,2026-07-02T10:21:36+08:00,2026-09-07,2026-07-03T10:41:36+08:00
ORD00106041,M002768,P00077,web,paid,2,TWD,373457.0,150.0,2026-07-02T06:13:23+08:00,2026-08-23,2026-07-02T07:32:23+08:00
ORD00107324,M007121,P00034,門市,created,4,TWD,82998.0,900.0,2026-07-02T01:38:58+08:00,2026-10-07,2026-07-02T02:47:58+08:00
ORD00104218,M006308,P00001,web,paid,3,JPY,1767737.0,550.0,2026-07-02T10:22:50+08:00,2026-07-19,2026-07-04T10:41:50+08:00
ORD00107985,M006735,P00273,門市,created,4,USD,9480.74,350.0,2026-07-02T02:36:00+08:00,2026-09-12,2026-07-04T02:21:00+08:00
ORD00105756,M005723,P00008,電銷,paid,3,TWD,272704.0,750.0,2026-07-02T07:51:09+08:00,2026-09-17,2026-07-03T18:46:09+08:00
ORD00105378,M003525,P00116,門市,paid,1,TWD,91506.0,0.0,2026-07-02T05:53:43+08:00,2026-07-18,2026-07-04T21:58:43+08:00
ORD00105933,M004781,P00188,app,paid,3,TWD,166850.0,500.0,2026-07-02T00:53:52+08:00,2026-09-13,2026-07-03T05:12:52+08:00
ORD00112024,M004857,P00170,門市,paid,1,TWD,54220.0,250.0,2026-06-11T20:39:17+08:00,2026-08-17,2026-07-02T06:41:16+08:00
ORD00106100,M005537,P00077,web,created,2,TWD,353966.0,950.0,2026-07-02T16:08:19+08:00,2026-08-01,2026-07-02T23:24:19+08:00
ORD00104638,M006319,P00068,web,created,2,USD,5190.35,550.0,2026-07-02T17:12:03+08:00,2026-07-30,2026-07-04T03:35:03+08:00
ORD00105386,M007049,P00123,web,paid,1,USD,2778.67,850.0,2026-07-02T14:28:11+08:00,2026-10-19,2026-07-03T12:26:11+08:00
ORD00105612,M007386,P00036,門市,paid,4,USD,10585.64,900.0,2026-07-02T09:16:06+08:00,2026-10-21,2026-07-03T02:31:06+08:00
ORD00107604,M006912,P00175,web,paid,4,USD,2122.18,50.0,2026-07-02T17:28:13+08:00,2026-10-11,2026-07-04T22:05:13+08:00
ORD00106385,M001627,P00052,app,created,3,JPY,1254437.0,100.0,2026-07-02T00:00:47+08:00,2026-07-16,2026-07-03T01:30:47+08:00
ORD00104241,M001383,P00006,電銷,paid,3,JPY,2278332.0,250.0,2026-07-02T10:14:30+08:00,2026-09-17,2026-07-04T11:56:30+08:00
ORD00037198,M005547,P00066,web,cancelled,1,USD,4725.31,800.0,2026-06-24T05:26:18+08:00,2026-10-07,2026-07-02T13:26:29+08:00
ORD00002262,M004783,P00002,電銷,cancelled,3,TWD,228510.0,400.0,2026-05-27T04:47:08+08:00,2026-09-09,2026-07-02T14:20:19+08:00
ORD00105059,M006481,P00190,電銷,paid,4,TWD,790086.0,800.0,2026-07-02T09:11:32+08:00,2026-09-07,2026-07-03T14:33:32+08:00
ORD00105929,M007907,P00124,門市,created,1,TWD,37369.0,350.0,2026-07-02T04:21:45+08:00,2026-09-19,2026-07-02T10:42:45+08:00
ORD00104843,M004437,P00033,門市,created,4,TWD,538231.0,500.0,2026-07-02T13:02:25+08:00,2026-08-20,2026-07-03T04:33:25+08:00
ORD00104164,M006058,P00098,門市,paid,2,TWD,300838.0,0.0,2026-07-02T18:30:52+08:00,2026-09-05,2026-07-03T07:00:52+08:00
ORD00104217,M000405,P00254,電銷,created,4,USD,350.28,600.0,2026-07-02T06:24:00+08:00,2026-08-23,2026-07-03T18:14:00+08:00
ORD00104035,M007846,P00222,門市,created,3,USD,3371.3,750.0,2026-07-02T07:50:41+08:00,2026-10-14,2026-07-04T19:13:41+08:00
ORD00104647,M002348,P00049,門市,created,4,TWD,80406.0,600.0,2026-07-02T12:01:56+08:00,2026-10-07,2026-07-02T13:06:56+08:00
ORD00079692,M007278,P00103,web,completed,1,JPY,102046.0,800.0,2026-06-22T04:34:28+08:00,2026-10-09,2026-07-02T01:53:02+08:00
ORD00104157,M007962,P00089,門市,created,4,TWD,390500.0,450.0,2026-07-02T09:02:09+08:00,2026-09-24,2026-07-02T19:34:09+08:00
ORD00107883,M000737,P00044,電銷,paid,2,USD,2016.12,950.0,2026-07-02T06:17:17+08:00,2026-10-05,2026-07-02T08:28:17+08:00
ORD00105409,M001311,P00025,web,created,4,TWD,686164.0,950.0,2026-07-02T17:49:03+08:00,2026-08-08,2026-07-03T04:29:03+08:00
ORD00091937,M007929,P00230,web,completed,3,TWD,556852.0,500.0,2026-06-07T19:40:37+08:00,2026-06-30,2026-07-02T12:03:36+08:00
ORD00105121,M006466,P00190,web,paid,4,JPY,3591168.0,450.0,2026-07-02T06:18:33+08:00,2026-08-25,2026-07-04T19:38:33+08:00
ORD00104023,M002095,P00108,app,created,4,TWD,360570.0,350.0,2026-07-02T09:07:47+08:00,2026-08-15,2026-07-04T02:10:47+08:00
ORD00106144,M007771,P00094,門市,created,4,TWD,585189.0,850.0,2026-07-02T00:20:57+08:00,2026-07-27,2026-07-04T14:23:57+08:00
ORD00104488,M002469,P00111,電銷,paid,4,TWD,380483.0,900.0,2026-07-02T21:35:36+08:00,2026-09-08,2026-07-03T10:04:36+08:00
ORD00104354,M005694,P00126,web,paid,1,TWD,30347.0,750.0,2026-07-02T05:33:59+08:00,2026-09-24,2026-07-04T06:38:59+08:00
ORD00106284,M003660,P00197,app,created,1,TWD,67879.0,850.0,2026-07-02T04:05:07+08:00,2026-09-25,2026-07-04T05:30:07+08:00
ORD00107201,M002413,P00135,電銷,created,3,USD,750.76,200.0,2026-07-02T08:05:12+08:00,2026-09-21,2026-07-03T02:41:12+08:00
ORD00104651,M000065,P00217,app,paid,4,TWD,795037.0,400.0,2026-07-02T08:35:27+08:00,2026-09-02,2026-07-04T17:38:27+08:00
ORD00106381,M000268,P00293,電銷,paid,2,TWD,134166.0,300.0,2026-07-02T07:20:24+08:00,2026-09-26,2026-07-02T22:54:24+08:00
ORD00107133,M002433,P00280,門市,created,1,TWD,138153.0,950.0,2026-07-02T01:54:53+08:00,2026-09-25,2026-07-03T16:33:53+08:00
ORD00106904,M003385,P00243,app,created,1,TWD,176479.0,750.0,2026-07-02T05:45:36+08:00,2026-07-10,2026-07-03T13:08:36+08:00
ORD00106478,M006870,P00287,web,created,4,TWD,451614.0,950.0,2026-07-02T10:24:08+08:00,2026-08-09,2026-07-02T21:41:08+08:00
ORD00107146,M004148,P00150,門市,paid,1,TWD,186706.0,600.0,2026-07-02T23:44:53+08:00,2026-09-15,2026-07-04T14:08:53+08:00
ORD00104353,M001617,P00084,app,created,4,JPY,975811.0,300.0,2026-07-02T04:28:29+08:00,2026-08-01,2026-07-04T20:38:29+08:00
ORD00034667,M002871,P00103,web,cancelled,4,USD,3080.48,500.0,2026-05-23T07:47:42+08:00,2026-06-03,2026-07-02T08:35:07+08:00
ORD00105866,M003888,P00088,app,created,1,TWD,79486.0,350.0,2026-07-02T08:23:24+08:00,2026-09-01,2026-07-02T15:32:24+08:00
ORD00106649,M005135,P00105,電銷,created,4,USD,8972.87,300.0,2026-07-02T11:14:39+08:00,2026-09-21,2026-07-04T08:42:39+08:00
ORD00106924,M000651,P00074,門市,paid,1,TWD,154315.0,450.0,2026-07-02T17:10:18+08:00,2026-10-07,2026-07-03T12:38:18+08:00
ORD00043892,M004890,P00207,門市,completed,3,TWD,239679.0,350.0,2026-05-15T15:58:41+08:00,2026-06-14,2026-07-02T00:41:50+08:00
ORD00107127,M001864,P00272,電銷,created,1,TWD,122516.0,950.0,2026-07-02T21:54:11+08:00,2026-10-06,2026-07-05T07:08:11+08:00
ORD00105962,M000376,P00020,門市,paid,2,TWD,119723.0,300.0,2026-07-02T08:35:29+08:00,2026-07-28,2026-07-03T00:34:29+08:00
ORD00107434,M000606,P00105,電銷,paid,3,JPY,973968.0,250.0,2026-07-02T02:43:12+08:00,2026-09-17,2026-07-04T10:28:12+08:00
ORD00104709,M003563,P00166,電銷,paid,1,TWD,160220.0,0.0,2026-07-02T11:08:29+08:00,2026-10-12,2026-07-04T20:43:29+08:00
ORD00104829,M002728,P00078,app,paid,3,TWD,299186.0,100.0,2026-07-02T16:49:07+08:00,2026-09-28,2026-07-02T19:52:07+08:00
ORD00107661,M007218,P00001,電銷,paid,4,USD,11788.85,300.0,2026-07-02T09:39:38+08:00,2026-09-27,2026-07-03T04:44:38+08:00
ORD00106541,M004089,P00220,web,paid,1,TWD,35216.0,300.0,2026-07-02T21:32:53+08:00,2026-07-12,2026-07-04T15:40:53+08:00
ORD00106042,M004663,P00018,門市,paid,3,TWD,454898.0,850.0,2026-07-02T12:52:02+08:00,2026-09-29,2026-07-02T14:28:02+08:00
ORD00105403,M002956,P00015,web,paid,3,TWD,218327.0,650.0,2026-07-02T18:26:23+08:00,2026-08-28,2026-07-04T23:35:23+08:00
ORD00104800,M001702,P00259,門市,paid,1,TWD,148340.0,600.0,2026-07-02T08:14:46+08:00,2026-08-11,2026-07-03T07:58:46+08:00
ORD00106115,M007277,P00295,app,paid,2,TWD,113000.0,850.0,2026-07-02T18:41:55+08:00,2026-08-03,2026-07-02T21:12:55+08:00
ORD00105184,M000902,P00111,門市,paid,1,TWD,91857.0,850.0,2026-07-02T12:19:47+08:00,2026-09-13,2026-07-04T23:14:47+08:00
ORD00107585,M004863,P00027,app,paid,4,TWD,534792.0,250.0,2026-07-02T11:26:26+08:00,2026-09-26,2026-07-03T05:21:26+08:00
ORD00104264,M003883,P00199,app,paid,3,TWD,17752.0,750.0,2026-07-02T04:44:46+08:00,2026-08-23,2026-07-02T19:35:46+08:00
ORD00106249,M007235,P00286,web,paid,4,USD,17833.07,600.0,2026-07-02T03:51:16+08:00,2026-09-19,2026-07-02T12:54:16+08:00
ORD00105634,M007920,P00238,web,paid,4,TWD,419389.0,600.0,2026-07-02T04:41:15+08:00,2026-10-17,2026-07-03T00:08:15+08:00
ORD00107673,M004915,P00299,門市,paid,1,JPY,140356.0,550.0,2026-07-02T01:43:33+08:00,2026-08-31,2026-07-03T03:14:33+08:00
ORD00104355,M002406,P00146,門市,paid,4,TWD,91166.0,400.0,2026-07-02T23:31:46+08:00,2026-10-06,2026-07-05T06:21:46+08:00
ORD00106224,M003598,P00153,門市,created,3,TWD,302139.0,550.0,2026-07-02T11:31:52+08:00,2026-10-21,2026-07-02T21:06:52+08:00
ORD00107878,M001568,P00204,web,created,3,TWD,545127.0,100.0,2026-07-02T02:37:01+08:00,2026-09-19,2026-07-03T05:47:01+08:00
ORD00106747,M003918,P00216,app,paid,3,USD,981.09,50.0,2026-07-02T18:08:02+08:00,2026-07-21,2026-07-02T18:47:02+08:00
ORD00104112,M003401,P00206,app,created,4,TWD,793274.0,750.0,2026-07-02T15:53:24+08:00,2026-08-18,2026-07-04T16:42:24+08:00
ORD00107188,M007260,P00027,web,created,2,USD,7623.81,0.0,2026-07-02T09:44:06+08:00,2026-08-06,2026-07-02T21:04:06+08:00
ORD00107016,M004629,P00222,app,paid,4,TWD,140005.0,200.0,2026-07-02T01:34:40+08:00,2026-09-26,2026-07-03T13:38:40+08:00
ORD00107805,M001138,P00294,門市,paid,3,TWD,536543.0,400.0,2026-07-02T06:56:26+08:00,2026-07-28,2026-07-03T13:31:26+08:00
ORD00107509,M006587,P00138,電銷,paid,3,TWD,187008.0,200.0,2026-07-02T23:52:44+08:00,2026-09-14,2026-07-03T01:13:44+08:00
ORD00105817,M004558,P00040,門市,paid,2,TWD,145792.0,500.0,2026-07-02T06:49:50+08:00,2026-08-04,2026-07-03T09:07:50+08:00
ORD00105339,M005557,P00247,app,paid,2,USD,10688.26,450.0,2026-07-02T17:37:27+08:00,2026-08-10,2026-07-03T02:03:27+08:00
ORD00106298,M002682,P00043,web,paid,4,TWD,413861.0,200.0,2026-07-02T13:58:58+08:00,2026-08-05,2026-07-03T17:41:58+08:00
ORD00083762,M003489,P00152,app,cancelled,2,TWD,98946.0,700.0,2026-05-18T20:36:19+08:00,2026-07-17,2026-07-02T23:19:57+08:00
ORD00105070,M007476,P00211,門市,paid,1,TWD,99572.0,50.0,2026-07-02T22:14:20+08:00,2026-08-29,2026-07-05T08:19:20+08:00
ORD00104069,M005245,P00151,電銷,created,3,TWD,196762.0,450.0,2026-07-02T21:46:14+08:00,2026-07-11,2026-07-03T21:33:14+08:00
ORD00092258,M003681,P00152,app,completed,1,TWD,45133.0,550.0,2026-05-22T00:04:56+08:00,2026-05-30,2026-07-02T16:48:28+08:00
ORD00104602,M005915,P00039,web,paid,3,TWD,527050.0,0.0,2026-07-02T14:06:49+08:00,2026-09-18,2026-07-05T02:46:49+08:00
ORD00106263,M005561,P00208,電銷,created,3,TWD,556133.0,150.0,2026-07-02T00:56:51+08:00,2026-08-02,2026-07-03T15:03:51+08:00
ORD00105713,M001221,P00063,web,created,2,TWD,401508.0,150.0,2026-07-02T12:11:42+08:00,2026-07-12,2026-07-02T20:00:42+08:00
ORD00105522,M006566,P00113,電銷,paid,2,TWD,360026.0,500.0,2026-07-02T02:08:39+08:00,2026-08-04,2026-07-02T05:27:39+08:00
ORD00106972,M002061,P00269,門市,paid,1,JPY,358098.0,750.0,2026-07-02T04:03:35+08:00,2026-10-09,2026-07-03T16:25:35+08:00
ORD00104004,M003736,P00149,電銷,paid,1,TWD,177512.0,200.0,2026-07-02T06:55:43+08:00,2026-07-11,2026-07-03T07:43:43+08:00
ORD00106706,M001939,P00066,電銷,created,3,USD,14174.0,350.0,2026-07-02T20:51:52+08:00,2026-07-14,2026-07-03T21:44:52+08:00
ORD00105188,M001907,P00029,web,paid,3,TWD,309968.0,50.0,2026-07-02T15:10:33+08:00,2026-07-25,2026-07-03T03:56:33+08:00
ORD00106548,M002718,P00192,web,created,2,JPY,1772307.0,200.0,2026-07-02T03:30:38+08:00,2026-09-10,2026-07-03T11:07:38+08:00
ORD00105518,M005537,P00008,電銷,paid,4,JPY,1818856.0,850.0,2026-07-02T23:29:14+08:00,2026-08-29,2026-07-05T00:14:14+08:00
ORD00107044,M002731,P00196,門市,created,4,TWD,171615.0,500.0,2026-07-02T18:19:35+08:00,2026-07-27,2026-07-02T22:02:35+08:00
ORD00105744,M005365,P00207,門市,paid,3,JPY,1280715.0,800.0,2026-07-02T13:48:37+08:00,2026-09-06,2026-07-03T21:39:37+08:00
ORD00107067,M003435,P00298,web,paid,1,TWD,128111.0,450.0,2026-07-02T05:58:25+08:00,2026-08-12,2026-07-03T07:40:25+08:00
ORD00107892,M000517,P00075,門市,paid,3,TWD,62880.0,0.0,2026-07-02T02:01:41+08:00,2026-10-13,2026-07-03T08:20:41+08:00
ORD00105764,M005462,P00082,web,paid,3,JPY,2925858.0,600.0,2026-07-02T19:26:29+08:00,2026-10-18,2026-07-04T14:12:29+08:00
ORD00104403,M003473,P00064,web,paid,1,TWD,21028.0,400.0,2026-07-02T11:59:22+08:00,2026-08-19,2026-07-04T12:26:22+08:00
ORD00106691,M004143,P00275,web,paid,3,TWD,302086.0,900.0,2026-07-02T17:21:42+08:00,2026-10-19,2026-07-04T10:03:42+08:00
ORD00060891,M001756,P00044,門市,completed,4,TWD,130613.0,850.0,2026-06-01T11:24:26+08:00,2026-07-09,2026-07-02T04:22:36+08:00
ORD00104763,M005466,P00259,電銷,paid,2,TWD,323540.0,550.0,2026-07-02T20:23:20+08:00,2026-09-30,2026-07-05T05:40:20+08:00
ORD00106002,M007696,P00255,app,paid,1,TWD,200517.0,550.0,2026-07-02T16:27:23+08:00,2026-07-09,2026-07-04T05:39:23+08:00
ORD00104861,M005122,P00020,web,created,3,TWD,154055.0,900.0,2026-07-02T15:07:34+08:00,2026-08-09,2026-07-03T06:14:34+08:00
ORD00104692,M000710,P00170,電銷,paid,2,TWD,143475.0,550.0,2026-07-02T12:56:22+08:00,2026-07-27,2026-07-05T04:52:22+08:00
ORD00105698,M000581,P00049,門市,created,3,TWD,64944.0,500.0,2026-07-02T16:55:51+08:00,2026-10-29,2026-07-03T06:04:51+08:00
ORD00107525,M005668,P00180,web,created,3,TWD,364090.0,200.0,2026-07-02T22:12:36+08:00,2026-08-31,2026-07-04T21:16:36+08:00
ORD00105088,M003748,P00185,web,paid,1,TWD,169151.0,600.0,2026-07-02T19:34:16+08:00,2026-08-15,2026-07-03T12:40:16+08:00
ORD00104982,M001699,P00007,門市,paid,3,TWD,189654.0,200.0,2026-07-02T14:37:37+08:00,2026-08-22,2026-07-03T06:47:37+08:00
ORD00103847,M004752,P00260,web,paid,4,JPY,2747593.0,150.0,2026-07-01T06:11:00+08:00,2026-08-30,2026-07-02T20:44:00+08:00
ORD00104078,M000416,P00267,電銷,created,3,TWD,637572.0,150.0,2026-07-02T04:46:53+08:00,2026-09-29,2026-07-04T09:01:53+08:00
ORD00107096,M007429,P00116,app,created,2,TWD,180201.0,850.0,2026-07-02T06:07:14+08:00,2026-08-05,2026-07-02T15:00:14+08:00
ORD00105454,M000108,P00247,電銷,paid,3,JPY,2163231.0,200.0,2026-07-02T21:31:01+08:00,2026-09-10,2026-07-04T03:04:01+08:00
ORD00106196,M007233,P00017,web,paid,3,JPY,2247549.0,650.0,2026-07-02T22:46:29+08:00,2026-07-17,2026-07-04T12:11:29+08:00
ORD00106805,M004904,P00003,門市,paid,1,TWD,114438.0,650.0,2026-07-02T03:16:13+08:00,2026-07-19,2026-07-02T16:01:13+08:00
ORD00104521,M000134,P00050,web,paid,1,TWD,3180.0,100.0,2026-07-02T01:52:54+08:00,2026-10-10,2026-07-04T16:38:54+08:00
ORD00107371,M006828,P00050,電銷,created,1,USD,94.72,250.0,2026-07-02T09:20:15+08:00,2026-10-28,2026-07-02T10:37:15+08:00
ORD00105973,M000661,P00153,web,paid,1,TWD,77164.0,350.0,2026-07-02T20:11:40+08:00,2026-07-30,2026-07-04T10:45:40+08:00
ORD00104838,M004869,P00108,web,paid,1,TWD,126220.0,900.0,2026-07-02T08:28:20+08:00,2026-08-07,2026-07-02T17:12:20+08:00
ORD00105556,M005286,P00071,app,paid,2,USD,3422.4,700.0,2026-07-02T11:02:12+08:00,2026-09-12,2026-07-02T15:10:12+08:00
ORD00105067,M003089,P00160,web,paid,4,TWD,67800.0,950.0,2026-07-02T07:17:08+08:00,2026-09-24,2026-07-04T11:09:08+08:00
ORD00107310,M003020,P00293,app,paid,1,TWD,58451.0,50.0,2026-07-02T18:23:55+08:00,2026-10-20,2026-07-03T09:24:55+08:00
ORD00104742,M005393,P00125,web,paid,4,TWD,196464.0,450.0,2026-07-02T16:56:53+08:00,2026-10-18,2026-07-04T12:26:53+08:00
ORD00105735,M002129,P00251,web,paid,4,TWD,480856.0,100.0,2026-07-02T10:26:39+08:00,2026-07-09,2026-07-03T19:30:39+08:00
ORD00106820,M006624,P00147,web,paid,1,TWD,208096.0,450.0,2026-07-02T18:27:20+08:00,2026-07-27,2026-07-05T07:32:20+08:00
ORD00106488,M003799,P00213,門市,paid,4,TWD,442562.0,600.0,2026-07-02T01:54:30+08:00,2026-10-04,2026-07-03T02:22:30+08:00
ORD00107091,M007463,P00065,門市,created,2,TWD,414139.0,150.0,2026-07-02T00:21:26+08:00,2026-08-05,2026-07-03T05:33:26+08:00
ORD00106962,M006037,P00037,web,paid,3,JPY,1912523.0,500.0,2026-07-02T03:01:04+08:00,2026-09-12,2026-07-02T23:10:04+08:00
ORD00104455,M001076,P00107,web,created,1,USD,7004.86,750.0,2026-07-02T13:15:43+08:00,2026-10-29,2026-07-04T08:47:43+08:00
ORD00047040,M000338,P00229,電銷,completed,1,TWD,182671.0,950.0,2026-06-11T14:26:54+08:00,2026-09-19,2026-07-02T13:17:08+08:00
ORD00112011,M006031,P00038,app,paid,1,TWD,19576.0,150.0,2026-06-21T20:03:03+08:00,2026-08-27,2026-07-02T07:18:35+08:00
ORD00105325,M000028,P00256,web,created,1,JPY,958297.0,650.0,2026-07-02T08:39:07+08:00,2026-09-30,2026-07-04T14:00:07+08:00
ORD00107013,M004783,P00100,web,created,4,TWD,746062.0,600.0,2026-07-02T11:05:20+08:00,2026-10-25,2026-07-04T18:40:20+08:00
ORD00105031,M006157,P00267,門市,paid,3,TWD,637684.0,50.0,2026-07-02T20:52:20+08:00,2026-07-25,2026-07-05T07:40:20+08:00
ORD00107286,M005542,P00281,app,paid,2,TWD,405798.0,450.0,2026-07-02T16:32:08+08:00,2026-08-05,2026-07-05T02:54:08+08:00
ORD00006147,M000249,P00001,電銷,cancelled,4,TWD,412752.0,250.0,2026-05-05T13:27:36+08:00,2026-06-23,2026-07-02T13:29:03+08:00
ORD00105654,M001231,P00151,web,created,1,JPY,365366.0,850.0,2026-07-02T12:54:42+08:00,2026-10-24,2026-07-04T12:39:42+08:00
ORD00105977,M003185,P00032,app,paid,1,USD,4627.31,900.0,2026-07-02T20:01:56+08:00,2026-07-15,2026-07-05T12:48:56+08:00
ORD00105225,M004100,P00080,web,created,3,JPY,2536361.0,500.0,2026-07-02T01:09:41+08:00,2026-10-17,2026-07-02T08:04:41+08:00
ORD00084803,M007423,P00192,電銷,cancelled,4,USD,29571.52,350.0,2026-06-30T21:30:49+08:00,2026-07-31,2026-07-02T12:05:37+08:00
ORD00105400,M000659,P00236,app,created,3,TWD,519458.0,50.0,2026-07-02T15:17:23+08:00,2026-10-17,2026-07-03T02:09:23+08:00
ORD00025104,M004565,P00190,門市,completed,1,USD,5015.59,300.0,2026-06-15T12:16:03+08:00,2026-08-27,2026-07-02T02:11:51+08:00
ORD00062884,M001205,P00151,電銷,cancelled,2,TWD,148512.0,500.0,2026-05-14T16:21:37+08:00,2026-05-26,2026-07-02T11:45:38+08:00
ORD00104636,M005979,P00283,門市,created,3,TWD,70951.0,100.0,2026-07-02T05:10:51+08:00,2026-09-22,2026-07-02T08:04:51+08:00
ORD00106113,M007722,P00132,app,paid,3,TWD,169231.0,750.0,2026-07-02T02:38:46+08:00,2026-09-13,2026-07-02T17:30:46+08:00
ORD00060605,M004400,P00300,電銷,completed,1,USD,2856.79,950.0,2026-05-24T11:41:59+08:00,2026-06-21,2026-07-02T18:43:37+08:00
ORD00105878,M005487,P00100,web,paid,2,TWD,355337.0,550.0,2026-07-02T12:48:52+08:00,2026-08-06,2026-07-03T09:12:52+08:00
ORD00106903,M006325,P00251,電銷,paid,1,TWD,120852.0,650.0,2026-07-02T11:30:08+08:00,2026-07-28,2026-07-03T01:42:08+08:00
ORD00105596,M005316,P00199,電銷,created,3,TWD,19341.0,150.0,2026-07-02T10:29:26+08:00,2026-07-31,2026-07-04T14:11:26+08:00
ORD00105599,M005350,P00275,門市,created,4,TWD,363692.0,550.0,2026-07-02T13:11:07+08:00,2026-09-24,2026-07-02T18:20:07+08:00
ORD00106445,M000511,P00017,電銷,paid,2,TWD,355749.0,350.0,2026-07-02T09:53:14+08:00,2026-09-06,2026-07-04T02:16:14+08:00
ORD00104303,M007254,P00278,app,paid,4,TWD,722596.0,100.0,2026-07-02T08:20:01+08:00,2026-09-25,2026-07-05T01:38:01+08:00
ORD00105845,M006827,P00197,門市,created,1,TWD,71074.0,950.0,2026-07-02T13:19:54+08:00,2026-10-13,2026-07-03T09:22:54+08:00
ORD00104293,M002683,P00117,web,paid,1,TWD,145268.0,500.0,2026-07-02T04:58:56+08:00,2026-09-17,2026-07-03T12:46:56+08:00
ORD00106737,M002660,P00093,app,paid,1,TWD,136723.0,500.0,2026-07-02T03:34:09+08:00,2026-07-24,2026-07-03T14:39:09+08:00
ORD00106575,M005744,P00171,電銷,created,2,TWD,185481.0,650.0,2026-07-02T22:26:18+08:00,2026-08-18,2026-07-05T06:17:18+08:00
ORD00106212,M004231,P00133,門市,paid,3,TWD,15677.0,500.0,2026-07-02T23:45:58+08:00,2026-09-08,2026-07-03T16:39:58+08:00
ORD00104670,M000478,P00207,app,created,1,TWD,72830.0,350.0,2026-07-02T17:05:02+08:00,2026-10-01,2026-07-05T07:52:02+08:00
ORD00105921,M007843,P00208,app,paid,4,TWD,682060.0,150.0,2026-07-02T11:18:08+08:00,2026-08-11,2026-07-03T17:18:08+08:00
ORD00106106,M004608,P00034,app,created,3,TWD,72875.0,850.0,2026-07-02T00:46:09+08:00,2026-10-24,2026-07-04T10:00:09+08:00
ORD00104172,M004811,P00051,電銷,paid,2,USD,11806.64,300.0,2026-07-02T11:02:21+08:00,2026-07-21,2026-07-05T03:17:21+08:00
ORD00105945,M007051,P00229,web,paid,4,USD,19291.51,400.0,2026-07-02T10:28:45+08:00,2026-08-08,2026-07-04T06:09:45+08:00
ORD00106101,M002854,P00013,電銷,paid,1,TWD,148813.0,400.0,2026-07-02T00:50:13+08:00,2026-07-18,2026-07-03T19:42:13+08:00
ORD00104975,M000985,P00102,web,paid,1,TWD,35369.0,600.0,2026-07-02T10:19:17+08:00,2026-09-25,2026-07-02T10:44:17+08:00
ORD00105843,M001618,P00180,電銷,paid,2,JPY,1014042.0,400.0,2026-07-02T23:22:01+08:00,2026-10-07,2026-07-04T02:34:01+08:00
ORD00107650,M001986,P00207,app,paid,3,TWD,211978.0,650.0,2026-07-02T15:37:28+08:00,2026-08-20,2026-07-04T10:26:28+08:00
ORD00106195,M002854,P00110,電銷,paid,1,USD,5425.66,400.0,2026-07-02T00:45:59+08:00,2026-07-24,2026-07-04T03:39:59+08:00
ORD00104524,M006223,P00097,電銷,paid,3,TWD,330630.0,250.0,2026-07-02T13:56:36+08:00,2026-07-12,2026-07-03T10:35:36+08:00
ORD00104122,M002846,P00116,電銷,paid,1,TWD,96348.0,50.0,2026-07-02T16:40:47+08:00,2026-10-09,2026-07-03T16:39:47+08:00
ORD00107175,M006570,P00220,app,paid,2,TWD,62819.0,0.0,2026-07-02T03:57:10+08:00,2026-09-17,2026-07-04T03:31:10+08:00
ORD00105176,M005189,P00150,門市,paid,2,USD,9255.16,850.0,2026-07-02T02:23:26+08:00,2026-09-09,2026-07-04T15:19:26+08:00
ORD00107404,M007788,P00277,電銷,paid,2,TWD,228230.0,850.0,2026-07-02T18:15:08+08:00,2026-07-20,2026-07-05T10:05:08+08:00
ORD00104877,M007890,P00037,web,paid,4,USD,13386.36,750.0,2026-07-02T00:30:24+08:00,2026-10-19,2026-07-04T05:02:24+08:00
ORD00104168,M003263,P00082,電銷,paid,2,TWD,370335.0,450.0,2026-07-02T12:56:57+08:00,2026-09-13,2026-07-04T11:50:57+08:00
ORD00107149,M006959,P00138,門市,paid,4,TWD,264826.0,650.0,2026-07-02T00:00:24+08:00,2026-10-20,2026-07-03T15:40:24+08:00
ORD00041898,M001080,P00211,web,completed,2,TWD,230647.0,50.0,2026-05-15T21:13:36+08:00,2026-08-18,2026-07-02T07:25:01+08:00
ORD00106967,M004635,P00205,門市,paid,1,USD,362.91,50.0,2026-07-02T09:53:28+08:00,2026-10-28,2026-07-04T18:40:28+08:00
ORD00104467,M003384,P00062,web,paid,1,TWD,115878.0,250.0,2026-07-02T05:55:34+08:00,2026-07-12,2026-07-02T08:27:34+08:00
ORD00112037,M007742,P00132,電銷,paid,4,TWD,183393.0,850.0,2026-06-11T01:44:25+08:00,2026-09-23,2026-07-02T13:59:19+08:00
ORD00105432,M006684,P00298,電銷,created,1,TWD,135242.0,650.0,2026-07-02T10:00:05+08:00,2026-08-19,2026-07-03T20:09:05+08:00
ORD00104393,M001583,P00122,門市,paid,3,TWD,540404.0,500.0,2026-07-02T01:25:30+08:00,2026-10-06,2026-07-02T05:39:30+08:00
ORD00105418,M004023,P00182,web,paid,2,USD,382.2,650.0,2026-07-02T13:41:26+08:00,2026-09-06,2026-07-05T04:49:26+08:00
ORD00107393,M007327,P00264,app,paid,4,JPY,204746.0,350.0,2026-07-02T00:43:00+08:00,2026-07-10,2026-07-03T02:42:00+08:00
ORD00019899,M007049,P00118,app,completed,2,USD,9479.04,500.0,2026-05-23T12:28:54+08:00,2026-06-07,2026-07-02T01:05:50+08:00
ORD00107726,M000719,P00264,門市,paid,3,TWD,29138.0,950.0,2026-07-02T22:50:37+08:00,2026-10-25,2026-07-03T12:36:37+08:00
ORD00105510,M002711,P00218,門市,paid,2,TWD,59158.0,950.0,2026-07-02T21:04:59+08:00,2026-10-10,2026-07-03T02:35:59+08:00
ORD00104579,M007318,P00195,電銷,paid,3,TWD,197852.0,200.0,2026-07-02T14:11:06+08:00,2026-08-18,2026-07-03T14:12:06+08:00
ORD00107427,M003218,P00077,門市,paid,1,TWD,178328.0,550.0,2026-07-02T05:15:59+08:00,2026-10-12,2026-07-02T16:46:59+08:00
ORD00107809,M005310,P00146,電銷,created,3,TWD,63895.0,900.0,2026-07-02T10:58:32+08:00,2026-09-03,2026-07-02T21:24:32+08:00
ORD00105649,M005113,P00213,電銷,paid,4,JPY,2434417.0,0.0,2026-07-02T12:17:51+08:00,2026-09-06,2026-07-03T07:03:51+08:00
ORD00107632,M004871,P00279,web,paid,4,TWD,410594.0,350.0,2026-07-02T02:47:42+08:00,2026-10-26,2026-07-03T16:35:42+08:00
ORD00104805,M003253,P00066,門市,created,4,TWD,848326.0,0.0,2026-07-02T08:10:25+08:00,2026-08-27,2026-07-04T21:36:25+08:00
ORD00106734,M006201,P00296,電銷,paid,3,TWD,21082.0,0.0,2026-07-02T02:53:56+08:00,2026-07-23,2026-07-03T16:00:56+08:00
ORD00105532,M004083,P00035,web,paid,1,USD,7436.08,0.0,2026-07-02T14:53:00+08:00,2026-08-25,2026-07-04T06:04:00+08:00
ORD00105408,M001888,P00179,web,created,2,TWD,283607.0,900.0,2026-07-02T23:43:44+08:00,2026-07-13,2026-07-03T11:36:44+08:00
ORD00105779,M006106,P00284,電銷,paid,4,TWD,538623.0,950.0,2026-07-02T09:24:55+08:00,2026-09-19,2026-07-04T02:56:55+08:00
ORD00107245,M003742,P00104,門市,paid,3,USD,264.49,600.0,2026-07-02T01:01:44+08:00,2026-08-30,2026-07-03T00:59:44+08:00
ORD00104262,M003089,P00240,電銷,created,4,TWD,416838.0,350.0,2026-07-02T06:23:01+08:00,2026-10-28,2026-07-03T01:18:01+08:00
ORD00105786,M003665,P00131,門市,paid,4,TWD,808253.0,250.0,2026-07-02T12:31:36+08:00,2026-08-30,2026-07-04T18:54:36+08:00
ORD00104346,M006335,P00015,web,created,1,USD,1912.8,850.0,2026-07-02T01:03:10+08:00,2026-10-14,2026-07-02T02:21:10+08:00
ORD00106969,M002835,P00289,門市,paid,3,USD,11851.7,950.0,2026-07-02T04:56:09+08:00,2026-09-24,2026-07-03T21:33:09+08:00
ORD00104498,M004001,P00178,web,created,4,USD,3778.66,100.0,2026-07-02T04:49:05+08:00,2026-09-06,2026-07-04T14:19:05+08:00
ORD00105467,M001067,P00118,web,paid,1,JPY,664013.0,950.0,2026-07-02T23:34:49+08:00,2026-09-28,2026-07-05T05:19:49+08:00
ORD00098745,M001295,P00196,電銷,cancelled,4,USD,6209.04,450.0,2026-06-14T11:19:00+08:00,2026-09-04,2026-07-02T09:12:18+08:00
ORD00105704,M007149,P00221,門市,created,4,TWD,435607.0,100.0,2026-07-02T05:05:20+08:00,2026-10-02,2026-07-02T22:47:20+08:00
ORD00107278,M006892,P00129,電銷,created,2,USD,9214.73,200.0,2026-07-02T19:15:18+08:00,2026-08-15,2026-07-03T17:18:18+08:00
ORD00106802,M000324,P00288,門市,created,4,USD,1623.41,450.0,2026-07-02T17:25:10+08:00,2026-08-20,2026-07-04T08:00:10+08:00
ORD00104641,M002482,P00223,app,paid,1,TWD,166082.0,650.0,2026-07-02T13:16:34+08:00,2026-10-02,2026-07-03T16:11:34+08:00
ORD00105488,M001392,P00050,app,paid,4,TWD,14717.0,950.0,2026-07-02T02:32:55+08:00,2026-09-28,2026-07-02T23:13:55+08:00
ORD00104049,M001730,P00071,web,paid,1,TWD,41080.0,800.0,2026-07-02T15:52:08+08:00,2026-10-18,2026-07-04T13:34:08+08:00
ORD00095097,M001293,P00037,門市,completed,3,TWD,296455.0,950.0,2026-06-27T09:11:48+08:00,2026-07-23,2026-07-02T03:59:33+08:00
ORD00105455,M001183,P00001,門市,paid,1,TWD,109026.0,750.0,2026-07-02T05:03:42+08:00,2026-09-14,2026-07-02T09:26:42+08:00
ORD00106863,M005591,P00214,web,created,3,JPY,1799418.0,150.0,2026-07-02T22:44:23+08:00,2026-10-22,2026-07-04T14:55:23+08:00
ORD00075740,M003426,P00239,app,completed,4,TWD,536873.0,300.0,2026-05-22T17:14:26+08:00,2026-06-11,2026-07-02T20:29:36+08:00
ORD00105149,M000005,P00118,門市,paid,4,TWD,504866.0,0.0,2026-07-02T16:08:06+08:00,2026-07-11,2026-07-04T12:51:06+08:00
ORD00017455,M003381,P00241,門市,completed,3,USD,18069.8,550.0,2026-05-06T21:37:58+08:00,2026-06-02,2026-07-02T21:38:27+08:00
ORD00106708,M000369,P00052,app,paid,1,TWD,68429.0,150.0,2026-07-02T05:41:48+08:00,2026-08-31,2026-07-03T18:21:48+08:00
ORD00106262,M002360,P00288,app,created,4,USD,1705.75,400.0,2026-07-02T03:01:16+08:00,2026-07-25,2026-07-02T09:21:16+08:00
ORD00104237,M007675,P00173,電銷,created,3,TWD,28431.0,700.0,2026-07-02T15:55:30+08:00,2026-09-21,2026-07-02T16:38:30+08:00
ORD00106915,M007733,P00224,app,created,1,TWD,89252.0,850.0,2026-07-02T08:32:02+08:00,2026-09-18,2026-07-04T16:12:02+08:00
ORD00104026,M002182,P00168,門市,paid,2,TWD,342957.0,750.0,2026-07-02T09:56:51+08:00,2026-07-20,2026-07-03T02:23:51+08:00
ORD00104544,M003531,P00148,門市,created,4,TWD,128552.0,850.0,2026-07-02T03:59:01+08:00,2026-09-21,2026-07-03T17:29:01+08:00
ORD00107065,M007880,P00290,電銷,created,4,TWD,535130.0,450.0,2026-07-02T21:05:16+08:00,2026-08-14,2026-07-05T14:52:16+08:00
ORD00106970,M003829,P00258,app,created,3,USD,14310.8,700.0,2026-07-02T21:24:49+08:00,2026-08-03,2026-07-04T22:24:49+08:00
ORD00106485,M004956,P00108,web,created,2,USD,6365.4,350.0,2026-07-02T16:12:45+08:00,2026-08-15,2026-07-05T00:28:45+08:00
ORD00104700,M004963,P00272,app,created,2,TWD,202822.0,400.0,2026-07-02T02:01:04+08:00,2026-08-28,2026-07-03T03:55:04+08:00
ORD00106397,M003619,P00297,web,created,1,TWD,118332.0,800.0,2026-07-02T04:00:51+08:00,2026-10-12,2026-07-02T17:11:51+08:00
ORD00105739,M002484,P00119,web,paid,2,USD,12570.05,700.0,2026-07-02T16:40:16+08:00,2026-10-19,2026-07-04T08:10:16+08:00
ORD00106243,M002330,P00282,app,paid,3,USD,16240.63,150.0,2026-07-02T15:39:52+08:00,2026-07-14,2026-07-03T00:26:52+08:00
ORD00107139,M001735,P00184,門市,paid,1,TWD,150904.0,500.0,2026-07-02T03:19:36+08:00,2026-09-15,2026-07-03T21:49:36+08:00
ORD00105567,M004778,P00231,電銷,paid,1,USD,4488.05,0.0,2026-07-02T12:23:10+08:00,2026-09-20,2026-07-04T03:12:10+08:00
ORD00107996,M004405,P00098,web,created,4,TWD,695465.0,200.0,2026-07-02T15:45:53+08:00,2026-08-20,2026-07-03T13:49:53+08:00
ORD00105195,M006836,P00149,電銷,paid,3,TWD,601120.0,650.0,2026-07-02T10:50:44+08:00,2026-08-12,2026-07-03T10:27:44+08:00
ORD00033886,M006404,P00013,app,cancelled,1,TWD,123234.0,200.0,2026-06-02T23:13:15+08:00,2026-07-21,2026-07-02T19:01:14+08:00
ORD00107205,M002856,P00001,門市,paid,1,USD,3789.53,50.0,2026-07-02T19:50:56+08:00,2026-09-10,2026-07-04T09:03:56+08:00
ORD00106464,M000556,P00299,app,paid,2,TWD,42960.0,200.0,2026-07-02T11:55:51+08:00,2026-08-26,2026-07-02T15:02:51+08:00
ORD00106638,M003915,P00058,電銷,created,4,TWD,140546.0,750.0,2026-07-02T19:22:27+08:00,2026-09-15,2026-07-04T03:45:27+08:00
ORD00053919,M000260,P00298,電銷,completed,4,TWD,538698.0,150.0,2026-05-11T14:08:15+08:00,2026-07-23,2026-07-02T03:33:52+08:00
ORD00105993,M003920,P00093,app,paid,3,TWD,291477.0,50.0,2026-07-02T03:17:11+08:00,2026-09-10,2026-07-02T12:19:11+08:00
ORD00104118,M003414,P00025,web,paid,1,TWD,138626.0,150.0,2026-07-02T16:13:37+08:00,2026-10-05,2026-07-03T14:58:37+08:00
ORD00106868,M000055,P00151,電銷,paid,3,TWD,251883.0,100.0,2026-07-02T11:15:40+08:00,2026-08-25,2026-07-02T15:32:40+08:00
ORD00107716,M007471,P00003,電銷,paid,3,TWD,343104.0,850.0,2026-07-02T02:05:04+08:00,2026-08-29,2026-07-02T14:36:04+08:00
ORD00054010,M007411,P00231,app,cancelled,1,JPY,673585.0,750.0,2026-06-10T18:32:22+08:00,2026-09-01,2026-07-02T11:01:21+08:00
ORD00105529,M001938,P00259,電銷,created,1,TWD,120426.0,800.0,2026-07-02T09:42:22+08:00,2026-07-10,2026-07-02T21:38:22+08:00
ORD00106257,M001748,P00147,app,paid,2,TWD,308675.0,350.0,2026-07-02T08:44:37+08:00,2026-09-29,2026-07-02T23:38:37+08:00
ORD00105258,M002844,P00189,電銷,created,4,TWD,377380.0,200.0,2026-07-02T06:03:49+08:00,2026-07-12,2026-07-04T08:39:49+08:00
ORD00106213,M000608,P00224,電銷,paid,3,USD,10101.29,100.0,2026-07-02T21:27:51+08:00,2026-08-26,2026-07-04T05:37:51+08:00
ORD00104129,M003843,P00067,web,paid,3,TWD,372249.0,500.0,2026-07-02T03:02:20+08:00,2026-08-22,2026-07-03T14:20:20+08:00
ORD00107885,M006836,P00049,門市,paid,4,TWD,73315.0,650.0,2026-07-02T17:02:50+08:00,2026-08-12,2026-07-02T19:58:50+08:00
ORD00062179,M000343,P00054,門市,cancelled,3,TWD,376796.0,700.0,2026-06-18T11:15:31+08:00,2026-08-18,2026-07-02T22:38:40+08:00
ORD00105093,M001106,P00235,web,paid,4,TWD,247453.0,500.0,2026-07-02T16:28:32+08:00,2026-07-29,2026-07-03T10:47:32+08:00
ORD00107442,M007606,P00037,電銷,created,4,JPY,2383871.0,550.0,2026-07-02T12:37:36+08:00,2026-09-01,2026-07-03T15:19:36+08:00
ORD00104064,M003837,P00273,app,created,2,TWD,195829.0,50.0,2026-07-02T20:04:57+08:00,2026-09-19,2026-07-03T10:55:57+08:00
ORD00105666,M000176,P00240,門市,paid,2,TWD,188195.0,350.0,2026-07-02T05:01:58+08:00,2026-08-16,2026-07-02T14:52:58+08:00
ORD00104542,M004833,P00179,app,paid,3,USD,11234.36,400.0,2026-07-02T18:01:20+08:00,2026-08-22,2026-07-03T06:41:20+08:00
ORD00104749,M006439,P00198,門市,created,4,TWD,101894.0,600.0,2026-07-02T03:34:53+08:00,2026-08-16,2026-07-03T02:41:53+08:00
ORD00105218,M003255,P00291,門市,paid,3,TWD,93174.0,300.0,2026-07-02T07:42:24+08:00,2026-07-09,2026-07-02T10:08:24+08:00
ORD00104495,M003469,P00012,門市,paid,2,TWD,173987.0,950.0,2026-07-02T04:44:53+08:00,2026-07-29,2026-07-04T12:17:53+08:00
ORD00105044,M004340,P00190,電銷,paid,2,TWD,326008.0,650.0,2026-07-02T21:30:23+08:00,2026-08-29,2026-07-03T10:04:23+08:00
ORD00104617,M001748,P00285,app,created,3,TWD,315461.0,950.0,2026-07-02T08:59:18+08:00,2026-07-22,2026-07-03T12:47:18+08:00
ORD00106875,M004923,P00228,門市,paid,1,TWD,113997.0,850.0,2026-07-02T12:59:53+08:00,2026-10-20,2026-07-04T13:34:53+08:00
ORD00106086,M007289,P00062,app,paid,1,TWD,130662.0,250.0,2026-07-02T13:08:54+08:00,2026-08-09,2026-07-02T22:15:54+08:00
ORD00107699,M003695,P00227,門市,created,3,TWD,432763.0,650.0,2026-07-02T17:09:25+08:00,2026-09-11,2026-07-04T08:46:25+08:00
ORD00107560,M002236,P00231,app,paid,3,TWD,519456.0,800.0,2026-07-02T22:06:32+08:00,2026-08-08,2026-07-05T00:03:32+08:00
ORD00107212,M006667,P00142,門市,paid,1,TWD,192589.0,250.0,2026-07-02T06:40:16+08:00,2026-10-04,2026-07-03T07:43:16+08:00
ORD00107736,M002773,P00242,電銷,created,3,TWD,91574.0,0.0,2026-07-02T17:17:45+08:00,2026-09-01,2026-07-03T13:59:45+08:00
ORD00107285,M006221,P00222,web,paid,3,TWD,139795.0,250.0,2026-07-02T00:19:53+08:00,2026-09-24,2026-07-04T16:21:53+08:00
ORD00107836,M003709,P00198,app,created,1,TWD,28333.0,750.0,2026-07-02T23:50:50+08:00,2026-07-10,2026-07-04T07:09:50+08:00
ORD00105440,M000355,P00015,門市,paid,3,TWD,157258.0,700.0,2026-07-02T23:00:25+08:00,2026-07-28,2026-07-04T19:32:25+08:00
ORD00051480,M001517,P00197,web,completed,3,TWD,229659.0,350.0,2026-06-02T05:23:07+08:00,2026-08-10,2026-07-02T12:02:33+08:00
ORD00056962,M006076,P00218,門市,completed,1,JPY,161475.0,550.0,2026-06-25T04:50:57+08:00,2026-09-25,2026-07-02T12:35:57+08:00
ORD00106780,M005561,P00293,門市,created,1,TWD,67119.0,900.0,2026-07-02T17:52:51+08:00,2026-08-08,2026-07-05T06:47:51+08:00
ORD00106493,M004839,P00099,電銷,created,3,TWD,467402.0,250.0,2026-07-02T05:41:08+08:00,2026-10-15,2026-07-02T15:29:08+08:00
ORD00106324,M006947,P00281,app,paid,2,TWD,388821.0,750.0,2026-07-02T10:48:52+08:00,2026-07-19,2026-07-03T14:50:52+08:00
ORD00060927,M000461,P00091,app,completed,4,TWD,407606.0,300.0,2026-06-02T23:05:36+08:00,2026-06-10,2026-07-02T13:56:57+08:00
ORD00061306,M001157,P00167,門市,completed,1,TWD,135184.0,0.0,2026-06-29T01:52:50+08:00,2026-10-25,2026-07-02T03:08:30+08:00
ORD00106408,M007589,P00279,門市,paid,1,TWD,109040.0,50.0,2026-07-02T07:34:56+08:00,2026-10-20,2026-07-04T17:47:56+08:00
ORD00105032,M002744,P00066,電銷,created,1,USD,5840.1,950.0,2026-07-02T12:13:42+08:00,2026-08-22,2026-07-03T13:47:42+08:00
ORD00107228,M006095,P00129,門市,created,3,JPY,2647075.0,500.0,2026-07-02T15:25:16+08:00,2026-07-11,2026-07-04T18:43:16+08:00
ORD00089497,M000522,P00132,門市,cancelled,4,TWD,232958.0,450.0,2026-06-22T19:07:40+08:00,2026-08-06,2026-07-02T15:56:43+08:00
ORD00105619,M006839,P00211,web,paid,2,TWD,211350.0,500.0,2026-07-02T19:49:57+08:00,2026-08-15,2026-07-03T06:56:57+08:00
ORD00107624,M005289,P00105,web,paid,2,TWD,113340.0,650.0,2026-07-02T00:40:00+08:00,2026-08-14,2026-07-04T04:21:00+08:00
ORD00104878,M003928,P00019,電銷,created,3,USD,9184.99,250.0,2026-07-02T02:11:21+08:00,2026-09-23,2026-07-03T02:24:21+08:00
ORD00107385,M006644,P00125,app,paid,1,TWD,46753.0,500.0,2026-07-02T21:17:36+08:00,2026-08-28,2026-07-02T23:58:36+08:00
ORD00038173,M006722,P00247,電銷,cancelled,1,TWD,174665.0,250.0,2026-06-11T14:08:39+08:00,2026-07-11,2026-07-02T10:06:05+08:00
ORD00107346,M003895,P00230,app,paid,3,TWD,588283.0,800.0,2026-07-02T20:36:28+08:00,2026-07-21,2026-07-04T00:56:28+08:00
ORD00066246,M007869,P00198,web,completed,4,TWD,114771.0,300.0,2026-05-03T06:15:11+08:00,2026-08-22,2026-07-02T16:53:26+08:00
ORD00107727,M001350,P00005,門市,paid,2,USD,6647.75,450.0,2026-07-02T08:30:10+08:00,2026-09-05,2026-07-04T04:21:10+08:00
ORD00106092,M003594,P00117,電銷,paid,2,TWD,288433.0,400.0,2026-07-02T01:02:51+08:00,2026-09-13,2026-07-04T14:08:51+08:00
ORD00106848,M001274,P00206,門市,paid,2,TWD,355795.0,600.0,2026-07-02T16:22:34+08:00,2026-08-24,2026-07-04T16:58:34+08:00
ORD00105345,M000999,P00057,web,paid,3,TWD,388193.0,950.0,2026-07-02T23:00:49+08:00,2026-07-20,2026-07-03T18:52:49+08:00
ORD00003110,M003844,P00124,電銷,completed,4,TWD,173303.0,100.0,2026-06-13T14:58:34+08:00,2026-07-04,2026-07-02T14:39:30+08:00
ORD00105965,M007154,P00171,web,paid,1,TWD,67916.0,150.0,2026-07-02T13:25:33+08:00,2026-08-14,2026-07-03T22:42:33+08:00
ORD00107413,M004730,P00287,app,paid,2,USD,9799.8,400.0,2026-07-02T07:42:39+08:00,2026-07-22,2026-07-04T14:09:39+08:00
ORD00105012,M006501,P00151,電銷,paid,1,TWD,79966.0,350.0,2026-07-02T02:29:51+08:00,2026-10-19,2026-07-02T21:14:51+08:00
ORD00104628,M003601,P00295,web,paid,3,USD,4591.63,350.0,2026-07-02T15:26:11+08:00,2026-10-09,2026-07-04T04:16:11+08:00
ORD00107327,M007532,P00165,電銷,paid,1,USD,2127.05,350.0,2026-07-02T18:16:20+08:00,2026-08-03,2026-07-04T20:32:20+08:00
ORD00107269,M002555,P00237,門市,paid,2,TWD,349765.0,750.0,2026-07-02T16:24:52+08:00,2026-07-23,2026-07-05T02:05:52+08:00
ORD00079118,M007012,P00282,門市,cancelled,3,USD,17141.97,200.0,2026-06-23T03:29:33+08:00,2026-07-06,2026-07-02T10:52:38+08:00
ORD00104475,M002126,P00248,電銷,paid,1,TWD,23027.0,450.0,2026-07-02T14:16:11+08:00,2026-08-16,2026-07-03T08:30:11+08:00
ORD00104939,M002400,P00213,web,created,4,TWD,401363.0,150.0,2026-07-02T22:13:02+08:00,2026-07-15,2026-07-04T02:14:02+08:00
ORD00107959,M006702,P00164,web,paid,4,USD,4214.58,950.0,2026-07-02T23:56:17+08:00,2026-07-31,2026-07-04T07:11:17+08:00
ORD00106528,M006177,P00033,電銷,created,1,TWD,125342.0,950.0,2026-07-02T23:34:54+08:00,2026-07-22,2026-07-04T09:52:54+08:00
ORD00105338,M007532,P00069,web,paid,1,TWD,224008.0,500.0,2026-07-02T20:52:35+08:00,2026-08-26,2026-07-03T19:51:35+08:00
ORD00112021,M003315,P00071,web,paid,1,TWD,47381.0,250.0,2026-06-21T16:13:39+08:00,2026-07-25,2026-07-02T05:30:56+08:00
ORD00104957,M005306,P00167,門市,paid,1,TWD,146086.0,50.0,2026-07-02T01:21:54+08:00,2026-08-25,2026-07-04T08:37:54+08:00
ORD00105155,M007707,P00086,電銷,paid,2,TWD,37673.0,200.0,2026-07-02T09:03:39+08:00,2026-10-05,2026-07-04T18:47:39+08:00
ORD00020287,M007734,P00267,web,cancelled,3,USD,20072.75,100.0,2026-06-06T21:06:40+08:00,2026-08-02,2026-07-02T01:33:04+08:00
ORD00106988,M003752,P00186,app,paid,2,TWD,300875.0,100.0,2026-07-02T15:13:57+08:00,2026-07-26,2026-07-04T12:18:57+08:00
ORD00075110,M003512,P00247,app,cancelled,4,USD,20944.62,300.0,2026-05-14T18:26:10+08:00,2026-08-16,2026-07-02T06:10:25+08:00
ORD00106149,M000463,P00208,門市,paid,3,TWD,584046.0,700.0,2026-07-02T19:58:28+08:00,2026-08-13,2026-07-03T01:55:28+08:00
ORD00105869,M001734,P00175,電銷,paid,1,TWD,17970.0,500.0,2026-07-02T04:42:05+08:00,2026-08-08,2026-07-03T05:54:05+08:00
ORD00107535,M005790,P00230,app,paid,1,TWD,200900.0,50.0,2026-07-02T19:55:51+08:00,2026-07-10,2026-07-03T05:45:51+08:00
ORD00105807,M000310,P00166,web,paid,3,USD,21975.75,950.0,2026-07-02T12:24:57+08:00,2026-10-25,2026-07-02T20:06:57+08:00
ORD00107713,M007437,P00200,電銷,created,4,JPY,2817427.0,0.0,2026-07-02T16:55:06+08:00,2026-09-21,2026-07-04T12:15:06+08:00
ORD00021952,M000898,P00265,web,completed,3,TWD,514306.0,600.0,2026-06-29T16:39:17+08:00,2026-07-17,2026-07-02T09:08:17+08:00
ORD00107602,M005354,P00148,門市,created,3,TWD,95319.0,850.0,2026-07-02T05:17:13+08:00,2026-07-31,2026-07-03T06:22:13+08:00
ORD00102024,M002396,P00210,門市,paid,3,USD,14771.34,800.0,2026-07-01T13:40:54+08:00,2026-08-18,2026-07-01T18:40:54+08:00
ORD00106236,M004923,P00261,門市,paid,4,TWD,23981.0,200.0,2026-07-02T04:52:25+08:00,2026-10-05,2026-07-02T09:22:25+08:00
ORD00104940,M001114,P00277,app,paid,1,TWD,152546.0,550.0,2026-07-02T08:40:44+08:00,2026-09-13,2026-07-03T07:45:44+08:00
ORD00059747,M005929,P00231,app,cancelled,1,JPY,653480.0,550.0,2026-05-18T10:28:28+08:00,2026-07-20,2026-07-02T09:39:21+08:00
ORD00106124,M004433,P00109,門市,created,1,TWD,49500.0,0.0,2026-07-02T05:20:24+08:00,2026-10-23,2026-07-04T01:14:24+08:00
ORD00035710,M002229,P00013,web,completed,4,TWD,499641.0,750.0,2026-06-20T01:39:54+08:00,2026-08-01,2026-07-02T08:47:14+08:00
ORD00107682,M001305,P00275,app,created,3,TWD,246089.0,950.0,2026-07-02T08:35:51+08:00,2026-10-13,2026-07-03T04:15:51+08:00
ORD00105676,M004832,P00152,web,created,4,TWD,158173.0,950.0,2026-07-02T10:44:09+08:00,2026-09-24,2026-07-03T10:59:09+08:00
ORD00105860,M000826,P00139,門市,paid,3,TWD,378144.0,0.0,2026-07-02T10:54:38+08:00,2026-10-17,2026-07-03T15:31:38+08:00
ORD00104933,M003564,P00258,web,paid,3,JPY,2432900.0,850.0,2026-07-02T08:05:04+08:00,2026-09-01,2026-07-03T20:35:04+08:00
ORD00105565,M002327,P00174,app,paid,1,USD,700.5,300.0,2026-07-02T03:09:21+08:00,2026-08-15,2026-07-04T10:02:21+08:00
ORD00107911,M006091,P00072,門市,created,2,USD,1370.21,900.0,2026-07-02T15:13:38+08:00,2026-08-10,2026-07-04T02:41:38+08:00
ORD00107655,M006953,P00294,門市,paid,1,TWD,139031.0,700.0,2026-07-02T06:54:19+08:00,2026-08-10,2026-07-03T07:50:19+08:00
ORD00104100,M004057,P00253,電銷,paid,3,TWD,536383.0,900.0,2026-07-02T03:26:40+08:00,2026-10-22,2026-07-03T14:56:40+08:00
ORD00107910,M007766,P00121,app,created,3,TWD,66785.0,800.0,2026-07-02T10:08:58+08:00,2026-10-01,2026-07-03T05:33:58+08:00
ORD00105296,M000388,P00213,web,created,2,TWD,188629.0,950.0,2026-07-02T17:04:47+08:00,2026-10-10,2026-07-03T04:38:47+08:00
ORD00104342,M004527,P00179,門市,paid,2,TWD,319753.0,450.0,2026-07-02T09:52:13+08:00,2026-07-17,2026-07-04T11:06:13+08:00
ORD00105820,M002900,P00113,電銷,paid,3,TWD,553635.0,550.0,2026-07-02T16:05:30+08:00,2026-10-13,2026-07-04T03:14:30+08:00
ORD00105444,M001685,P00057,門市,paid,2,TWD,237152.0,250.0,2026-07-02T17:49:26+08:00,2026-08-26,2026-07-03T00:38:26+08:00
ORD00107361,M001789,P00173,門市,paid,3,TWD,26872.0,550.0,2026-07-02T11:31:32+08:00,2026-10-10,2026-07-04T16:02:32+08:00
ORD00107733,M002905,P00185,門市,paid,1,TWD,162253.0,0.0,2026-07-02T21:46:58+08:00,2026-10-13,2026-07-05T11:39:58+08:00
ORD00105985,M001500,P00099,電銷,paid,4,TWD,683465.0,900.0,2026-07-02T13:28:56+08:00,2026-08-25,2026-07-03T05:01:56+08:00
ORD00104468,M007865,P00042,app,paid,2,USD,7591.61,150.0,2026-07-02T10:13:45+08:00,2026-09-13,2026-07-03T12:54:45+08:00
ORD00104678,M005118,P00031,電銷,paid,1,TWD,209963.0,250.0,2026-07-02T23:11:58+08:00,2026-10-03,2026-07-04T15:25:58+08:00
ORD00104341,M003049,P00135,web,paid,1,TWD,9372.0,100.0,2026-07-02T14:37:01+08:00,2026-08-10,2026-07-02T15:30:01+08:00
ORD00106545,M005391,P00288,電銷,paid,4,JPY,259979.0,700.0,2026-07-02T08:38:02+08:00,2026-09-23,2026-07-03T19:45:02+08:00
ORD00106701,M004345,P00214,web,paid,4,TWD,558592.0,800.0,2026-07-02T15:43:05+08:00,2026-08-18,2026-07-03T02:55:05+08:00
ORD00106313,M002368,P00165,門市,paid,4,TWD,279292.0,250.0,2026-07-02T05:10:45+08:00,2026-10-03,2026-07-03T05:38:45+08:00
ORD00105009,M004200,P00236,app,created,4,TWD,641602.0,250.0,2026-07-02T23:00:05+08:00,2026-07-20,2026-07-04T11:29:05+08:00
ORD00107540,M001000,P00127,電銷,paid,2,TWD,130093.0,900.0,2026-07-02T13:42:20+08:00,2026-08-23,2026-07-03T04:58:20+08:00
ORD00105238,M002277,P00191,門市,created,4,TWD,507704.0,550.0,2026-07-02T02:47:37+08:00,2026-07-24,2026-07-03T21:47:37+08:00
ORD00106169,M002035,P00019,web,paid,2,USD,6228.6,800.0,2026-07-02T11:00:05+08:00,2026-07-25,2026-07-03T16:28:05+08:00
ORD00034859,M003396,P00268,電銷,cancelled,2,TWD,133083.0,800.0,2026-05-22T13:45:25+08:00,2026-08-12,2026-07-02T19:52:51+08:00
ORD00002182,M006324,P00247,app,completed,1,TWD,146343.0,50.0,2026-06-22T01:48:26+08:00,2026-08-21,2026-07-02T01:36:48+08:00
ORD00105436,M001347,P00220,電銷,paid,4,USD,5334.2,950.0,2026-07-02T15:32:16+08:00,2026-08-08,2026-07-04T11:23:16+08:00
ORD00104360,M004029,P00151,web,paid,4,USD,7821.22,150.0,2026-07-02T16:21:16+08:00,2026-10-14,2026-07-04T07:21:16+08:00
ORD00104528,M003218,P00026,web,paid,2,TWD,293171.0,50.0,2026-07-02T15:38:15+08:00,2026-09-20,2026-07-03T08:52:15+08:00
ORD00107046,M001884,P00251,web,created,2,USD,7051.78,200.0,2026-07-02T06:19:18+08:00,2026-09-30,2026-07-03T21:53:18+08:00
ORD00041347,M005409,P00297,app,cancelled,3,TWD,353637.0,400.0,2026-05-16T14:27:21+08:00,2026-09-11,2026-07-02T21:03:46+08:00
ORD00105783,M005479,P00272,app,paid,4,JPY,2757256.0,300.0,2026-07-02T17:15:36+08:00,2026-10-13,2026-07-04T18:52:36+08:00
ORD00104950,M003998,P00131,門市,paid,2,USD,11049.9,850.0,2026-07-02T15:48:47+08:00,2026-08-25,2026-07-02T18:07:47+08:00
ORD00107827,M005834,P00206,web,paid,2,TWD,334648.0,250.0,2026-07-02T17:27:23+08:00,2026-09-06,2026-07-04T02:37:23+08:00
ORD00105064,M002914,P00160,電銷,paid,4,TWD,67839.0,400.0,2026-07-02T23:17:04+08:00,2026-07-10,2026-07-03T11:27:04+08:00
ORD00104329,M004478,P00095,web,paid,1,TWD,226113.0,200.0,2026-07-02T16:30:30+08:00,2026-07-27,2026-07-02T19:47:30+08:00
ORD00105043,M002575,P00137,電銷,paid,1,TWD,155462.0,600.0,2026-07-02T21:01:46+08:00,2026-08-06,2026-07-05T00:04:46+08:00
ORD00107242,M007856,P00008,門市,created,1,USD,2931.09,900.0,2026-07-02T05:33:25+08:00,2026-10-07,2026-07-02T21:11:25+08:00
ORD00104114,M006786,P00243,門市,created,1,TWD,156905.0,950.0,2026-07-02T20:55:36+08:00,2026-07-28,2026-07-05T00:49:36+08:00
ORD00107290,M001025,P00004,web,paid,3,USD,22383.1,650.0,2026-07-02T12:28:24+08:00,2026-10-19,2026-07-04T18:38:24+08:00
ORD00104357,M001945,P00188,門市,created,3,TWD,185431.0,150.0,2026-07-02T14:43:59+08:00,2026-08-16,2026-07-03T10:46:59+08:00
ORD00104643,M007274,P00088,web,paid,1,JPY,361305.0,300.0,2026-07-02T15:05:20+08:00,2026-09-28,2026-07-04T07:24:20+08:00
ORD00107443,M006593,P00083,web,paid,1,TWD,138872.0,500.0,2026-07-02T10:36:56+08:00,2026-09-25,2026-07-04T16:05:56+08:00
ORD00006079,M006085,P00172,電銷,completed,1,USD,4217.54,400.0,2026-06-29T05:10:35+08:00,2026-07-24,2026-07-02T07:02:00+08:00
ORD00106597,M005966,P00252,電銷,paid,4,USD,8638.78,850.0,2026-07-02T21:07:51+08:00,2026-08-03,2026-07-04T12:33:51+08:00
ORD00017663,M000510,P00111,門市,completed,1,TWD,96268.0,50.0,2026-05-14T16:03:19+08:00,2026-08-09,2026-07-02T22:25:45+08:00
ORD00106866,M002441,P00242,app,paid,2,TWD,64874.0,400.0,2026-07-02T23:56:27+08:00,2026-10-20,2026-07-04T22:35:27+08:00
ORD00105227,M004403,P00166,電銷,paid,3,TWD,654580.0,650.0,2026-07-02T23:01:36+08:00,2026-08-13,2026-07-03T19:43:36+08:00
ORD00104171,M006053,P00152,電銷,created,4,TWD,200765.0,200.0,2026-07-02T14:38:01+08:00,2026-07-22,2026-07-03T23:49:01+08:00
ORD00106859,M002154,P00251,app,created,2,TWD,223067.0,0.0,2026-07-02T18:12:31+08:00,2026-08-18,2026-07-04T02:37:31+08:00
ORD00112045,M007317,P00181,app,paid,4,TWD,74970.0,250.0,2026-06-19T09:53:40+08:00,2026-09-24,2026-07-02T18:53:54+08:00
ORD00106937,M006770,P00174,電銷,paid,4,TWD,96578.0,400.0,2026-07-02T04:14:35+08:00,2026-09-17,2026-07-04T06:33:35+08:00
ORD00105497,M001517,P00282,電銷,created,3,USD,18965.14,800.0,2026-07-02T20:11:24+08:00,2026-08-13,2026-07-04T22:38:24+08:00
ORD00106190,M007037,P00060,app,paid,4,TWD,558136.0,550.0,2026-07-02T07:06:54+08:00,2026-07-16,2026-07-03T09:53:54+08:00
ORD00105849,M001573,P00091,電銷,paid,3,USD,9120.92,400.0,2026-07-02T05:45:55+08:00,2026-08-21,2026-07-04T05:00:55+08:00
ORD00106414,M004565,P00246,web,paid,4,TWD,487340.0,100.0,2026-07-02T02:03:49+08:00,2026-08-08,2026-07-04T16:06:49+08:00
ORD00106423,M002895,P00260,web,created,4,TWD,587267.0,300.0,2026-07-02T12:12:08+08:00,2026-09-03,2026-07-04T18:06:08+08:00
ORD00106758,M000431,P00026,app,created,3,USD,11668.74,850.0,2026-07-02T04:28:38+08:00,2026-10-23,2026-07-03T04:44:38+08:00
ORD00104780,M007928,P00196,電銷,created,4,TWD,182755.0,300.0,2026-07-02T12:40:24+08:00,2026-07-29,2026-07-05T04:06:24+08:00
ORD00105207,M002687,P00189,電銷,created,4,TWD,402558.0,700.0,2026-07-02T06:23:19+08:00,2026-08-13,2026-07-02T11:05:19+08:00
ORD00105594,M004996,P00179,app,paid,1,TWD,150417.0,50.0,2026-07-02T10:10:17+08:00,2026-08-19,2026-07-02T18:52:17+08:00
ORD00105997,M007474,P00024,web,paid,1,TWD,88147.0,400.0,2026-07-02T01:07:37+08:00,2026-08-26,2026-07-03T22:14:37+08:00
ORD00104229,M005043,P00212,web,created,1,USD,1016.48,600.0,2026-07-02T10:43:06+08:00,2026-10-14,2026-07-02T11:40:06+08:00
ORD00106570,M004126,P00228,門市,paid,4,USD,13322.16,50.0,2026-07-02T14:41:28+08:00,2026-08-04,2026-07-03T15:07:28+08:00
ORD00105396,M005515,P00209,電銷,paid,4,JPY,1978675.0,850.0,2026-07-02T09:58:58+08:00,2026-07-27,2026-07-02T15:52:58+08:00
ORD00099124,M001321,P00105,web,completed,1,TWD,68999.0,400.0,2026-06-29T16:39:28+08:00,2026-10-25,2026-07-02T13:04:53+08:00
ORD00104789,M002925,P00129,web,created,3,TWD,500883.0,50.0,2026-07-02T04:13:33+08:00,2026-08-30,2026-07-03T05:39:33+08:00
ORD00105259,M006883,P00072,app,paid,3,TWD,50161.0,550.0,2026-07-02T04:53:21+08:00,2026-07-30,2026-07-04T15:07:21+08:00
ORD00010425,M001719,P00079,app,completed,4,TWD,210803.0,600.0,2026-06-06T14:21:22+08:00,2026-08-22,2026-07-02T20:05:37+08:00
ORD00107732,M000687,P00262,電銷,paid,2,TWD,480822.0,450.0,2026-07-02T12:16:47+08:00,2026-08-04,2026-07-04T02:42:47+08:00
ORD00107741,M000604,P00197,電銷,created,4,JPY,1706384.0,900.0,2026-07-02T17:17:52+08:00,2026-09-22,2026-07-05T06:55:52+08:00
ORD00104059,M000106,P00196,門市,paid,4,TWD,245676.0,350.0,2026-07-02T12:49:11+08:00,2026-10-08,2026-07-04T01:25:11+08:00
ORD00089817,M006734,P00224,電銷,completed,2,USD,6771.09,200.0,2026-05-06T20:46:29+08:00,2026-05-27,2026-07-02T09:38:45+08:00
ORD00059381,M005465,P00104,app,cancelled,4,USD,342.59,0.0,2026-06-17T11:19:29+08:00,2026-09-22,2026-07-02T21:22:45+08:00
ORD00105608,M006206,P00293,門市,paid,1,TWD,70716.0,900.0,2026-07-02T06:42:46+08:00,2026-07-24,2026-07-02T20:26:46+08:00
ORD00106231,M007188,P00254,app,created,3,TWD,7837.0,350.0,2026-07-02T19:02:45+08:00,2026-10-16,2026-07-03T03:58:45+08:00
ORD00106574,M003140,P00175,web,created,1,TWD,19611.0,650.0,2026-07-02T16:42:12+08:00,2026-08-19,2026-07-03T00:12:12+08:00
ORD00045069,M007606,P00254,門市,completed,4,USD,330.34,150.0,2026-06-11T04:57:40+08:00,2026-09-11,2026-07-02T19:22:48+08:00
ORD00106489,M006311,P00043,app,created,4,TWD,482162.0,950.0,2026-07-02T14:02:10+08:00,2026-09-14,2026-07-03T19:55:10+08:00
ORD00107527,M004065,P00195,app,paid,4,TWD,273104.0,550.0,2026-07-02T01:57:42+08:00,2026-09-06,2026-07-04T16:30:42+08:00
ORD00105537,M001218,P00030,web,created,4,TWD,663746.0,300.0,2026-07-02T18:11:42+08:00,2026-10-20,2026-07-03T20:31:42+08:00
ORD00105959,M002079,P00046,門市,paid,3,TWD,186792.0,550.0,2026-07-02T18:51:41+08:00,2026-10-16,2026-07-05T07:59:41+08:00
ORD00107582,M003896,P00067,門市,paid,1,TWD,131133.0,300.0,2026-07-02T06:28:32+08:00,2026-10-17,2026-07-03T21:23:32+08:00
ORD00078004,M001571,P00054,電銷,completed,3,JPY,1973242.0,750.0,2026-06-01T23:57:17+08:00,2026-09-24,2026-07-02T03:08:56+08:00
ORD00012546,M001370,P00045,app,cancelled,3,JPY,117599.0,350.0,2026-05-05T23:02:15+08:00,2026-06-08,2026-07-02T21:20:27+08:00
ORD00105668,M004219,P00162,電銷,paid,2,TWD,17298.0,700.0,2026-07-02T15:57:09+08:00,2026-10-19,2026-07-03T22:37:09+08:00
ORD00106523,M006059,P00147,門市,paid,3,TWD,519832.0,750.0,2026-07-02T20:52:56+08:00,2026-10-07,2026-07-04T01:24:56+08:00
ORD00106310,M006212,P00156,app,paid,4,TWD,681839.0,450.0,2026-07-02T00:28:35+08:00,2026-08-01,2026-07-02T10:55:35+08:00
ORD00105302,M007093,P00006,門市,paid,2,TWD,338850.0,850.0,2026-07-02T06:53:56+08:00,2026-07-14,2026-07-03T13:32:56+08:00
ORD00106163,M006199,P00013,web,paid,4,TWD,560896.0,650.0,2026-07-02T15:57:26+08:00,2026-09-04,2026-07-03T10:28:26+08:00
ORD00105881,M000236,P00242,電銷,paid,1,TWD,22582.0,650.0,2026-07-02T22:19:22+08:00,2026-08-24,2026-07-05T07:05:22+08:00
ORD00107095,M004068,P00223,app,paid,1,TWD,173511.0,750.0,2026-07-02T22:35:23+08:00,2026-10-28,2026-07-04T20:19:23+08:00
ORD00104453,M001297,P00192,web,created,2,TWD,442755.0,50.0,2026-07-02T08:21:37+08:00,2026-10-10,2026-07-03T05:04:37+08:00
ORD00104487,M007271,P00093,web,created,1,TWD,128000.0,400.0,2026-07-02T21:12:10+08:00,2026-07-12,2026-07-05T11:39:10+08:00
ORD00107569,M000355,P00268,電銷,paid,4,TWD,236295.0,700.0,2026-07-02T07:50:49+08:00,2026-08-20,2026-07-04T05:52:49+08:00
ORD00107712,M001227,P00285,app,created,2,TWD,242660.0,350.0,2026-07-02T11:53:51+08:00,2026-09-08,2026-07-03T12:33:51+08:00
ORD00104689,M006297,P00194,app,created,2,TWD,159902.0,750.0,2026-07-02T15:09:39+08:00,2026-10-01,2026-07-04T17:38:39+08:00
ORD00105416,M004343,P00285,電銷,paid,2,TWD,198059.0,650.0,2026-07-02T10:06:58+08:00,2026-07-15,2026-07-02T20:38:58+08:00
ORD00105724,M001614,P00058,app,paid,4,USD,5234.45,300.0,2026-07-02T07:45:15+08:00,2026-09-24,2026-07-03T02:51:15+08:00
ORD00104398,M000656,P00002,web,paid,4,TWD,259176.0,850.0,2026-07-02T21:55:43+08:00,2026-09-04,2026-07-03T21:37:43+08:00
ORD00072476,M000474,P00097,web,completed,3,USD,12067.35,500.0,2026-06-18T07:59:55+08:00,2026-10-04,2026-07-02T11:02:52+08:00
ORD00104846,M007930,P00047,電銷,paid,2,TWD,51792.0,250.0,2026-07-02T11:20:02+08:00,2026-10-15,2026-07-04T20:26:02+08:00
ORD00105114,M003364,P00212,門市,paid,2,TWD,56307.0,250.0,2026-07-02T05:52:45+08:00,2026-07-27,2026-07-03T05:11:45+08:00
ORD00105473,M000817,P00210,電銷,paid,4,TWD,680938.0,600.0,2026-07-02T15:20:06+08:00,2026-08-07,2026-07-04T04:09:06+08:00
ORD00107196,M005720,P00144,電銷,created,3,JPY,2010215.0,950.0,2026-07-02T16:39:31+08:00,2026-07-28,2026-07-03T05:55:31+08:00
ORD00104041,M007702,P00171,web,paid,4,TWD,354900.0,150.0,2026-07-02T03:56:17+08:00,2026-08-22,2026-07-02T06:13:17+08:00
ORD00105304,M002518,P00197,門市,paid,4,USD,10947.19,950.0,2026-07-02T17:49:03+08:00,2026-09-14,2026-07-04T18:20:03+08:00
ORD00105534,M003789,P00226,電銷,paid,4,TWD,495763.0,450.0,2026-07-02T12:16:16+08:00,2026-09-01,2026-07-03T12:15:16+08:00
ORD00105802,M005176,P00211,web,paid,3,USD,9944.01,150.0,2026-07-02T12:05:55+08:00,2026-08-07,2026-07-03T16:05:55+08:00
ORD00105496,M004483,P00121,電銷,paid,1,TWD,21803.0,200.0,2026-07-02T01:45:22+08:00,2026-08-08,2026-07-02T15:58:22+08:00
ORD00095877,M007191,P00140,app,completed,1,TWD,44271.0,0.0,2026-05-11T01:02:54+08:00,2026-08-16,2026-07-02T21:56:31+08:00
ORD00082670,M000594,P00083,app,completed,2,TWD,336538.0,400.0,2026-06-13T21:38:32+08:00,2026-08-01,2026-07-02T13:39:04+08:00
ORD00104307,M006074,P00208,門市,paid,4,TWD,604742.0,550.0,2026-07-02T18:44:41+08:00,2026-08-03,2026-07-05T12:53:41+08:00
ORD00104005,M007627,P00162,app,paid,2,TWD,14806.0,450.0,2026-07-02T18:58:19+08:00,2026-10-12,2026-07-04T04:03:19+08:00
ORD00085524,M003837,P00114,電銷,completed,4,TWD,375580.0,500.0,2026-05-02T20:54:49+08:00,2026-07-05,2026-07-02T21:46:21+08:00
ORD00104976,M003361,P00279,門市,paid,2,TWD,177746.0,500.0,2026-07-02T13:35:18+08:00,2026-08-31,2026-07-02T22:48:18+08:00
ORD00104416,M006401,P00250,app,created,2,TWD,182835.0,450.0,2026-07-02T09:42:56+08:00,2026-07-18,2026-07-03T01:19:56+08:00
ORD00106816,M001511,P00078,app,paid,3,JPY,1381460.0,150.0,2026-07-02T10:32:14+08:00,2026-10-03,2026-07-03T04:26:14+08:00
ORD00089658,M002511,P00177,web,cancelled,4,USD,3043.83,500.0,2026-06-21T17:40:27+08:00,2026-10-09,2026-07-02T17:17:57+08:00
ORD00105919,M000932,P00167,電銷,paid,1,TWD,129040.0,550.0,2026-07-02T16:50:21+08:00,2026-10-07,2026-07-02T23:54:21+08:00
ORD00105253,M006730,P00134,電銷,created,3,USD,8800.74,650.0,2026-07-02T12:54:14+08:00,2026-07-27,2026-07-05T04:56:14+08:00
ORD00106860,M005991,P00015,門市,created,3,TWD,204153.0,450.0,2026-07-02T11:37:22+08:00,2026-07-26,2026-07-04T15:16:22+08:00
ORD00105362,M001167,P00091,電銷,paid,4,JPY,2450157.0,850.0,2026-07-02T22:11:25+08:00,2026-07-10,2026-07-05T04:27:25+08:00
ORD00104674,M006599,P00059,app,paid,3,TWD,246556.0,0.0,2026-07-02T17:59:49+08:00,2026-09-17,2026-07-03T07:13:49+08:00
ORD00107001,M000660,P00231,web,paid,4,TWD,638428.0,550.0,2026-07-02T09:08:50+08:00,2026-08-25,2026-07-04T09:52:50+08:00
ORD00107264,M005837,P00154,門市,paid,1,TWD,118682.0,200.0,2026-07-02T10:50:43+08:00,2026-08-31,2026-07-03T17:11:43+08:00
ORD00105569,M007239,P00097,app,created,4,JPY,2527244.0,300.0,2026-07-02T04:35:05+08:00,2026-09-25,2026-07-02T19:15:05+08:00
ORD00105421,M002971,P00300,app,paid,3,TWD,275415.0,900.0,2026-07-02T07:22:11+08:00,2026-09-06,2026-07-02T07:36:11+08:00
ORD00104318,M003053,P00056,門市,created,2,USD,5489.89,400.0,2026-07-02T13:11:28+08:00,2026-07-11,2026-07-03T17:30:28+08:00
ORD00105926,M002132,P00010,門市,paid,4,TWD,440980.0,700.0,2026-07-02T11:58:30+08:00,2026-10-19,2026-07-05T05:17:30+08:00
ORD00106070,M006691,P00173,web,paid,4,TWD,36997.0,100.0,2026-07-02T14:57:33+08:00,2026-09-05,2026-07-02T16:48:33+08:00
ORD00104703,M004810,P00137,電銷,paid,2,TWD,268937.0,450.0,2026-07-02T06:51:47+08:00,2026-09-04,2026-07-04T04:56:47+08:00
ORD00050327,M000283,P00127,電銷,completed,1,USD,2047.1,750.0,2026-06-18T11:37:14+08:00,2026-10-07,2026-07-02T14:19:37+08:00
ORD00012030,M003493,P00101,電銷,cancelled,3,TWD,216052.0,500.0,2026-06-29T18:57:57+08:00,2026-08-06,2026-07-02T01:49:20+08:00
ORD00105041,M005727,P00053,電銷,paid,4,USD,10843.14,250.0,2026-07-02T17:55:02+08:00,2026-09-17,2026-07-03T02:24:02+08:00
ORD00105252,M004330,P00096,app,paid,1,TWD,8574.0,400.0,2026-07-02T23:46:51+08:00,2026-07-12,2026-07-05T11:16:51+08:00
ORD00067645,M002174,P00088,web,cancelled,4,TWD,248996.0,900.0,2026-05-01T08:54:50+08:00,2026-07-30,2026-07-02T00:14:30+08:00
ORD00107235,M005305,P00170,web,paid,3,TWD,170829.0,550.0,2026-07-02T16:32:27+08:00,2026-08-20,2026-07-03T17:37:27+08:00
ORD00106561,M002327,P00036,app,created,1,TWD,86041.0,500.0,2026-07-02T00:20:12+08:00,2026-08-29,2026-07-02T23:38:12+08:00
ORD00104834,M001383,P00094,電銷,created,2,USD,12533.25,350.0,2026-07-02T11:58:03+08:00,2026-09-16,2026-07-03T06:41:03+08:00
ORD00104166,M005136,P00028,門市,paid,1,TWD,115086.0,600.0,2026-07-02T02:46:01+08:00,2026-10-21,2026-07-02T04:55:01+08:00
ORD00105620,M007680,P00164,門市,paid,4,TWD,134630.0,800.0,2026-07-02T04:28:15+08:00,2026-10-07,2026-07-04T05:55:15+08:00
ORD00105868,M005308,P00232,web,paid,4,TWD,713973.0,450.0,2026-07-02T22:54:18+08:00,2026-10-24,2026-07-04T05:32:18+08:00
ORD00106045,M004750,P00149,app,paid,3,TWD,523903.0,800.0,2026-07-02T02:41:51+08:00,2026-08-05,2026-07-03T21:04:51+08:00
ORD00105433,M005824,P00085,app,paid,3,TWD,703905.0,700.0,2026-07-02T07:45:21+08:00,2026-09-21,2026-07-04T09:58:21+08:00
ORD00105025,M003730,P00177,app,paid,1,USD,610.54,550.0,2026-07-02T12:36:21+08:00,2026-08-19,2026-07-03T03:34:21+08:00
ORD00105307,M002401,P00230,門市,paid,2,TWD,340547.0,200.0,2026-07-02T06:32:24+08:00,2026-10-11,2026-07-02T11:08:24+08:00
ORD00104883,M005712,P00226,app,created,2,TWD,175770.0,150.0,2026-07-02T07:24:43+08:00,2026-07-30,2026-07-03T11:57:43+08:00
ORD00107796,M005754,P00013,門市,paid,4,USD,16657.1,0.0,2026-07-02T11:49:48+08:00,2026-07-15,2026-07-04T19:34:48+08:00
ORD00104806,M004982,P00295,電銷,created,2,USD,2976.92,50.0,2026-07-02T12:43:59+08:00,2026-08-10,2026-07-04T22:43:59+08:00
ORD00106803,M007111,P00198,電銷,paid,1,TWD,22325.0,600.0,2026-07-02T09:46:23+08:00,2026-07-22,2026-07-03T09:35:23+08:00
ORD00104135,M001894,P00193,web,paid,2,USD,9854.04,150.0,2026-07-02T07:43:27+08:00,2026-07-14,2026-07-03T12:37:27+08:00
ORD00106786,M005908,P00263,門市,paid,4,USD,11499.4,250.0,2026-07-02T14:53:31+08:00,2026-10-13,2026-07-03T18:23:31+08:00
ORD00105028,M003702,P00049,門市,paid,2,TWD,43169.0,250.0,2026-07-02T14:45:40+08:00,2026-08-03,2026-07-02T15:47:40+08:00
ORD00105731,M006967,P00049,app,paid,1,TWD,21330.0,900.0,2026-07-02T20:28:27+08:00,2026-07-27,2026-07-03T21:28:27+08:00
ORD00029012,M002785,P00220,電銷,cancelled,1,TWD,39657.0,300.0,2026-06-04T01:59:04+08:00,2026-07-04,2026-07-02T04:52:56+08:00
ORD00104290,M003720,P00060,web,created,3,USD,15745.13,850.0,2026-07-02T10:24:51+08:00,2026-09-05,2026-07-03T20:57:51+08:00
ORD00106440,M003106,P00266,web,paid,2,TWD,36672.0,750.0,2026-07-02T21:02:21+08:00,2026-08-07,2026-07-04T01:55:21+08:00
ORD00104736,M001116,P00185,app,paid,2,TWD,428610.0,850.0,2026-07-02T18:39:21+08:00,2026-08-05,2026-07-05T11:03:21+08:00
ORD00104851,M004960,P00051,web,paid,2,JPY,1313012.0,750.0,2026-07-02T09:46:32+08:00,2026-10-16,2026-07-04T19:15:32+08:00
ORD00107758,M006706,P00263,電銷,created,4,JPY,2377400.0,200.0,2026-07-02T19:47:12+08:00,2026-07-26,2026-07-05T11:20:12+08:00
ORD00105429,M004103,P00239,app,created,2,USD,10082.11,100.0,2026-07-02T08:34:34+08:00,2026-09-13,2026-07-03T22:58:34+08:00
ORD00106998,M001377,P00015,電銷,paid,4,TWD,288682.0,700.0,2026-07-02T17:25:22+08:00,2026-10-02,2026-07-03T08:22:22+08:00
ORD00107111,M004879,P00238,app,created,1,TWD,95329.0,750.0,2026-07-02T11:02:45+08:00,2026-09-19,2026-07-04T22:20:45+08:00
ORD00104623,M002507,P00200,app,paid,3,TWD,476771.0,100.0,2026-07-02T05:11:47+08:00,2026-08-15,2026-07-03T15:32:47+08:00
ORD00105466,M000678,P00066,電銷,created,1,TWD,212383.0,400.0,2026-07-02T12:14:49+08:00,2026-07-12,2026-07-02T21:37:49+08:00
ORD00105328,M002454,P00143,電銷,paid,3,TWD,28581.0,250.0,2026-07-02T04:56:58+08:00,2026-10-19,2026-07-04T19:11:58+08:00
ORD00106718,M004767,P00255,電銷,created,2,TWD,433913.0,750.0,2026-07-02T15:57:49+08:00,2026-07-17,2026-07-02T17:44:49+08:00
ORD00104384,M003213,P00034,門市,paid,1,USD,689.04,750.0,2026-07-02T07:26:36+08:00,2026-07-28,2026-07-04T20:33:36+08:00
ORD00083674,M006028,P00232,電銷,completed,3,USD,17924.84,950.0,2026-05-26T04:21:28+08:00,2026-08-11,2026-07-02T18:58:12+08:00
ORD00107790,M003292,P00043,web,paid,1,TWD,119841.0,950.0,2026-07-02T15:17:40+08:00,2026-10-19,2026-07-04T05:30:40+08:00
ORD00107029,M003360,P00167,門市,paid,3,TWD,510313.0,450.0,2026-07-02T07:08:45+08:00,2026-10-12,2026-07-03T19:13:45+08:00
ORD00104097,M002634,P00105,門市,paid,2,TWD,145006.0,300.0,2026-07-02T10:40:55+08:00,2026-08-15,2026-07-03T05:34:55+08:00
ORD00104694,M003979,P00286,web,created,3,TWD,449461.0,750.0,2026-07-02T10:14:34+08:00,2026-10-16,2026-07-02T18:36:34+08:00
ORD00107927,M000369,P00164,電銷,created,4,USD,4383.02,550.0,2026-07-02T22:56:28+08:00,2026-08-20,2026-07-03T13:58:28+08:00
ORD00107919,M002163,P00033,app,paid,1,TWD,128693.0,50.0,2026-07-02T19:45:00+08:00,2026-07-18,2026-07-04T11:47:00+08:00
ORD00107574,M002934,P00126,app,created,3,USD,2131.75,400.0,2026-07-02T04:34:03+08:00,2026-08-06,2026-07-04T17:18:03+08:00
ORD00106323,M003959,P00072,web,paid,3,TWD,46675.0,100.0,2026-07-02T02:54:53+08:00,2026-09-20,2026-07-04T00:51:53+08:00
ORD00105219,M005641,P00282,web,paid,4,USD,26091.03,900.0,2026-07-02T20:07:25+08:00,2026-07-28,2026-07-04T07:07:25+08:00
ORD00107789,M001024,P00075,app,created,2,JPY,175048.0,800.0,2026-07-02T07:02:33+08:00,2026-09-08,2026-07-02T16:51:33+08:00
ORD00105809,M007377,P00273,門市,paid,4,TWD,351684.0,850.0,2026-07-02T06:56:46+08:00,2026-07-16,2026-07-05T00:23:46+08:00
ORD00107348,M000066,P00240,門市,paid,2,TWD,202979.0,400.0,2026-07-02T03:02:35+08:00,2026-09-27,2026-07-03T09:57:35+08:00
ORD00107618,M006141,P00290,門市,paid,3,TWD,333122.0,250.0,2026-07-02T02:40:37+08:00,2026-07-18,2026-07-03T11:36:37+08:00
ORD00105007,M007488,P00245,電銷,paid,3,TWD,431291.0,500.0,2026-07-02T21:09:55+08:00,2026-08-12,2026-07-05T06:02:55+08:00
ORD00105040,M004878,P00185,門市,paid,2,USD,10372.99,950.0,2026-07-02T06:06:20+08:00,2026-09-18,2026-07-02T12:11:20+08:00
ORD00107312,M006711,P00027,門市,created,4,TWD,465688.0,700.0,2026-07-02T08:53:17+08:00,2026-09-24,2026-07-03T23:29:17+08:00
ORD00106984,M005081,P00181,web,paid,4,USD,2161.42,50.0,2026-07-02T21:40:36+08:00,2026-10-20,2026-07-05T01:39:36+08:00
ORD00102401,M005079,P00210,門市,paid,1,USD,5754.67,700.0,2026-07-01T17:51:12+08:00,2026-08-10,2026-07-02T15:36:12+08:00
ORD00106901,M000253,P00280,app,created,3,TWD,427264.0,300.0,2026-07-02T02:06:55+08:00,2026-08-16,2026-07-04T17:59:55+08:00
ORD00014775,M005764,P00300,web,completed,4,TWD,400598.0,0.0,2026-06-12T23:27:12+08:00,2026-08-20,2026-07-02T15:42:55+08:00
ORD00105943,M005340,P00150,電銷,paid,4,TWD,636042.0,850.0,2026-07-02T19:31:02+08:00,2026-09-18,2026-07-03T22:42:02+08:00
ORD00104043,M001614,P00164,app,created,3,USD,3701.61,600.0,2026-07-02T14:21:26+08:00,2026-07-17,2026-07-03T18:10:26+08:00
ORD00107023,M000317,P00259,web,created,2,JPY,1207959.0,850.0,2026-07-02T06:54:59+08:00,2026-10-08,2026-07-03T02:51:59+08:00
ORD00098329,M001819,P00003,web,cancelled,4,TWD,461222.0,300.0,2026-06-29T02:30:00+08:00,2026-07-11,2026-07-02T13:37:23+08:00
ORD00043894,M000806,P00173,web,completed,2,USD,572.38,450.0,2026-05-23T12:09:29+08:00,2026-06-22,2026-07-02T11:07:43+08:00
ORD00104541,M003028,P00070,門市,paid,4,TWD,409366.0,400.0,2026-07-02T03:48:09+08:00,2026-08-06,2026-07-02T05:30:09+08:00
ORD00058893,M001525,P00171,web,cancelled,4,USD,8810.11,100.0,2026-06-04T06:55:45+08:00,2026-07-09,2026-07-02T07:05:21+08:00
ORD00104751,M007296,P00210,app,paid,4,USD,20152.98,350.0,2026-07-02T12:58:34+08:00,2026-10-24,2026-07-04T21:45:34+08:00
ORD00082034,M005804,P00273,電銷,completed,1,TWD,77692.0,200.0,2026-06-19T06:39:32+08:00,2026-06-28,2026-07-02T11:53:33+08:00
ORD00105785,M001133,P00019,web,paid,2,TWD,172351.0,300.0,2026-07-02T08:43:24+08:00,2026-07-30,2026-07-03T03:08:24+08:00
ORD00105001,M001485,P00019,web,created,2,USD,6969.48,700.0,2026-07-02T05:38:50+08:00,2026-09-20,2026-07-03T23:42:50+08:00
ORD00106648,M002349,P00051,門市,paid,3,USD,13396.06,450.0,2026-07-02T17:21:05+08:00,2026-08-14,2026-07-04T08:35:05+08:00
ORD00107353,M007190,P00291,門市,paid,3,TWD,111289.0,850.0,2026-07-02T03:30:48+08:00,2026-07-23,2026-07-03T04:50:48+08:00
ORD00104790,M006163,P00266,電銷,paid,1,USD,557.45,200.0,2026-07-02T09:56:23+08:00,2026-10-27,2026-07-03T15:33:23+08:00
ORD00107763,M006751,P00229,門市,created,4,TWD,764898.0,350.0,2026-07-02T12:13:32+08:00,2026-07-28,2026-07-05T00:15:32+08:00
ORD00105901,M006365,P00206,app,created,4,JPY,3105836.0,650.0,2026-07-02T08:30:47+08:00,2026-08-09,2026-07-04T03:57:47+08:00
ORD00106274,M001371,P00051,app,paid,2,TWD,363352.0,50.0,2026-07-02T06:30:59+08:00,2026-10-07,2026-07-03T09:59:59+08:00
ORD00106037,M005891,P00270,web,created,3,TWD,85446.0,800.0,2026-07-02T11:45:12+08:00,2026-10-12,2026-07-03T22:43:12+08:00
ORD00107395,M007762,P00244,app,created,2,USD,3160.4,250.0,2026-07-02T16:21:09+08:00,2026-07-10,2026-07-03T21:40:09+08:00
ORD00106099,M004286,P00175,web,created,1,TWD,17725.0,150.0,2026-07-02T23:47:22+08:00,2026-09-24,2026-07-05T08:21:22+08:00
ORD00104105,M001645,P00075,web,paid,1,USD,742.79,300.0,2026-07-02T05:57:00+08:00,2026-07-12,2026-07-03T17:00:00+08:00
ORD00106556,M004042,P00214,app,created,4,TWD,445167.0,850.0,2026-07-02T17:24:35+08:00,2026-07-10,2026-07-04T00:40:35+08:00
ORD00084241,M004790,P00181,門市,cancelled,1,TWD,18466.0,950.0,2026-06-30T20:01:16+08:00,2026-08-07,2026-07-02T09:12:10+08:00
ORD00105632,M004288,P00090,門市,created,2,TWD,263687.0,950.0,2026-07-02T09:45:43+08:00,2026-08-11,2026-07-02T18:04:43+08:00
ORD00105677,M007884,P00205,web,paid,2,USD,719.6,500.0,2026-07-02T19:51:43+08:00,2026-07-14,2026-07-04T18:18:43+08:00
ORD00107908,M004209,P00287,app,paid,3,TWD,430561.0,450.0,2026-07-02T17:22:56+08:00,2026-07-14,2026-07-03T19:00:56+08:00
ORD00106583,M000579,P00011,電銷,paid,1,TWD,128563.0,400.0,2026-07-02T06:09:38+08:00,2026-09-17,2026-07-02T10:07:38+08:00
ORD00105015,M001531,P00225,電銷,created,2,TWD,81276.0,300.0,2026-07-02T02:51:51+08:00,2026-08-12,2026-07-03T13:22:51+08:00
ORD00107340,M005219,P00075,門市,created,2,USD,1356.81,450.0,2026-07-02T07:10:35+08:00,2026-10-14,2026-07-02T08:34:35+08:00
ORD00104855,M005538,P00030,門市,paid,1,TWD,141937.0,100.0,2026-07-02T16:37:19+08:00,2026-09-22,2026-07-05T01:22:19+08:00
ORD00106992,M005650,P00226,門市,paid,3,TWD,383435.0,0.0,2026-07-02T22:45:04+08:00,2026-09-19,2026-07-03T19:19:04+08:00
ORD00104039,M002656,P00234,web,paid,2,TWD,20241.0,300.0,2026-07-02T08:31:12+08:00,2026-09-27,2026-07-02T23:44:12+08:00
ORD00107148,M000523,P00154,門市,paid,1,USD,3499.37,550.0,2026-07-02T12:31:17+08:00,2026-10-07,2026-07-03T01:26:17+08:00
ORD00106677,M006852,P00192,web,created,1,TWD,177980.0,600.0,2026-07-02T07:54:08+08:00,2026-09-11,2026-07-04T22:57:08+08:00
ORD00106137,M002960,P00108,app,paid,3,JPY,1707758.0,450.0,2026-07-02T10:21:51+08:00,2026-10-06,2026-07-04T09:04:51+08:00
ORD00105541,M005883,P00091,門市,paid,3,TWD,377753.0,500.0,2026-07-02T11:45:35+08:00,2026-08-23,2026-07-03T06:25:35+08:00
ORD00104258,M005840,P00233,電銷,created,3,TWD,336072.0,700.0,2026-07-02T19:40:05+08:00,2026-09-11,2026-07-02T20:32:05+08:00
ORD00017507,M006771,P00001,門市,cancelled,2,TWD,199402.0,0.0,2026-05-01T21:38:36+08:00,2026-08-02,2026-07-02T03:46:28+08:00
ORD00105038,M005819,P00137,web,paid,4,TWD,603805.0,250.0,2026-07-02T20:08:59+08:00,2026-09-17,2026-07-03T03:46:59+08:00
ORD00104739,M000513,P00094,app,paid,1,USD,5139.7,950.0,2026-07-02T14:55:50+08:00,2026-07-31,2026-07-03T09:08:50+08:00
ORD00029098,M003630,P00066,電銷,cancelled,3,TWD,534969.0,300.0,2026-06-17T23:35:54+08:00,2026-09-01,2026-07-02T14:18:08+08:00
ORD00070172,M007539,P00172,門市,completed,2,TWD,294400.0,350.0,2026-05-01T16:08:43+08:00,2026-06-02,2026-07-02T14:44:48+08:00
ORD00105790,M000534,P00167,web,created,1,USD,4479.32,0.0,2026-07-02T16:29:32+08:00,2026-09-26,2026-07-03T10:03:32+08:00
ORD00106987,M001184,P00269,web,paid,2,TWD,147729.0,550.0,2026-07-02T12:15:31+08:00,2026-08-28,2026-07-04T18:31:31+08:00
ORD00027399,M001166,P00279,app,cancelled,1,JPY,406455.0,150.0,2026-06-06T15:54:19+08:00,2026-08-10,2026-07-02T08:12:49+08:00
ORD00106290,M001003,P00168,門市,paid,3,TWD,386091.0,950.0,2026-07-02T21:50:49+08:00,2026-10-29,2026-07-05T07:50:49+08:00
ORD00105960,M001894,P00207,門市,created,4,JPY,1353143.0,0.0,2026-07-02T02:29:51+08:00,2026-09-28,2026-07-02T16:27:51+08:00
ORD00107912,M001865,P00215,web,paid,2,TWD,101745.0,700.0,2026-07-02T12:31:52+08:00,2026-07-28,2026-07-04T08:51:52+08:00
ORD00106456,M001464,P00121,app,paid,2,TWD,56563.0,200.0,2026-07-02T17:28:30+08:00,2026-10-16,2026-07-04T15:42:30+08:00
ORD00106620,M007641,P00057,門市,paid,4,TWD,420524.0,600.0,2026-07-02T19:22:09+08:00,2026-07-09,2026-07-05T01:04:09+08:00
ORD00106123,M001207,P00035,電銷,paid,2,USD,14478.58,0.0,2026-07-02T15:25:38+08:00,2026-10-05,2026-07-04T15:23:38+08:00
ORD00105374,M002512,P00186,app,paid,1,TWD,159706.0,400.0,2026-07-02T20:59:09+08:00,2026-08-14,2026-07-03T12:07:09+08:00
ORD00104267,M000181,P00045,web,paid,4,TWD,38228.0,50.0,2026-07-02T17:23:47+08:00,2026-07-13,2026-07-03T07:54:47+08:00
ORD00107115,M006040,P00140,app,paid,3,TWD,131473.0,550.0,2026-07-02T16:36:16+08:00,2026-10-03,2026-07-05T01:17:16+08:00
ORD00107438,M004123,P00168,門市,created,2,USD,8448.25,800.0,2026-07-02T01:57:26+08:00,2026-10-24,2026-07-03T05:51:26+08:00
ORD00105051,M001671,P00032,web,paid,1,TWD,146951.0,950.0,2026-07-02T04:59:52+08:00,2026-07-31,2026-07-04T17:16:52+08:00
ORD00076589,M003335,P00238,電銷,completed,1,USD,3456.53,950.0,2026-06-21T03:40:52+08:00,2026-08-31,2026-07-02T07:06:40+08:00
ORD00106600,M007282,P00190,app,paid,2,TWD,446885.0,750.0,2026-07-02T10:26:28+08:00,2026-08-24,2026-07-03T07:19:28+08:00
ORD00107972,M002475,P00140,電銷,created,2,USD,3150.44,300.0,2026-07-02T01:10:47+08:00,2026-10-20,2026-07-02T11:05:47+08:00
ORD00104951,M003267,P00253,app,paid,2,TWD,390603.0,800.0,2026-07-02T16:31:12+08:00,2026-09-24,2026-07-05T09:28:12+08:00
ORD00106138,M001491,P00257,電銷,paid,4,TWD,172332.0,400.0,2026-07-02T21:40:44+08:00,2026-10-21,2026-07-03T09:26:44+08:00
ORD00011501,M007469,P00208,門市,completed,1,USD,4877.42,800.0,2026-06-12T05:02:28+08:00,2026-06-23,2026-07-02T03:18:43+08:00
ORD00104144,M003376,P00192,門市,paid,1,TWD,185969.0,700.0,2026-07-02T00:58:58+08:00,2026-10-04,2026-07-03T15:21:58+08:00
ORD00105664,M003723,P00207,web,created,2,TWD,130348.0,150.0,2026-07-02T16:33:51+08:00,2026-09-10,2026-07-03T14:10:51+08:00
ORD00029886,M003053,P00126,電銷,cancelled,1,TWD,24720.0,250.0,2026-05-22T03:30:11+08:00,2026-08-27,2026-07-02T00:59:41+08:00
ORD00105506,M007337,P00192,web,paid,4,TWD,965813.0,350.0,2026-07-02T22:33:25+08:00,2026-10-12,2026-07-04T21:10:25+08:00
ORD00104733,M007472,P00269,門市,created,2,JPY,708945.0,550.0,2026-07-02T04:28:31+08:00,2026-09-29,2026-07-02T14:23:31+08:00
ORD00104624,M001858,P00224,app,paid,3,TWD,286329.0,650.0,2026-07-02T13:10:10+08:00,2026-10-28,2026-07-03T18:58:10+08:00
ORD00044083,M002607,P00153,電銷,cancelled,3,TWD,237042.0,0.0,2026-06-14T23:20:17+08:00,2026-10-08,2026-07-02T01:55:35+08:00
ORD00022150,M003286,P00274,門市,completed,3,TWD,258531.0,200.0,2026-06-11T21:20:41+08:00,2026-08-10,2026-07-02T15:01:18+08:00
ORD00020123,M006586,P00273,web,completed,3,USD,9011.28,550.0,2026-06-06T07:02:06+08:00,2026-07-25,2026-07-02T09:20:40+08:00
ORD00107024,M005802,P00065,門市,paid,4,TWD,835382.0,400.0,2026-07-02T20:41:05+08:00,2026-09-04,2026-07-05T13:20:05+08:00
ORD00012509,M006847,P00048,app,completed,4,TWD,421749.0,100.0,2026-05-14T10:22:51+08:00,2026-08-21,2026-07-02T00:36:19+08:00
ORD00105645,M001351,P00123,電銷,paid,2,USD,5236.61,0.0,2026-07-02T21:52:05+08:00,2026-08-13,2026-07-04T09:44:05+08:00
ORD00107562,M001756,P00208,電銷,paid,2,USD,12988.68,700.0,2026-07-02T09:23:45+08:00,2026-08-07,2026-07-04T00:42:45+08:00
ORD00091153,M006641,P00256,app,cancelled,4,TWD,804057.0,800.0,2026-05-25T10:34:40+08:00,2026-07-05,2026-07-02T02:47:38+08:00
ORD00107731,M000047,P00109,電銷,paid,3,JPY,789872.0,100.0,2026-07-02T01:26:42+08:00,2026-10-20,2026-07-03T21:11:42+08:00
ORD00105081,M007952,P00058,電銷,created,3,TWD,135190.0,350.0,2026-07-02T09:14:41+08:00,2026-10-27,2026-07-02T13:10:50+08:00
ORD00102726,M000376,P00275,門市,paid,3,USD,8564.33,100.0,2026-07-01T07:13:45+08:00,2026-08-09,2026-07-02T21:01:45+08:00
ORD00107079,M003502,P00290,app,created,2,USD,8242.06,400.0,2026-07-02T06:20:58+08:00,2026-10-26,2026-07-04T04:01:58+08:00
ORD00106994,M004901,P00286,app,paid,1,USD,6416.79,200.0,2026-07-02T02:01:49+08:00,2026-07-30,2026-07-04T18:20:49+08:00
ORD00105485,M007019,P00119,app,paid,1,USD,5290.77,950.0,2026-07-02T14:53:49+08:00,2026-07-18,2026-07-04T13:37:49+08:00
ORD00106555,M001910,P00255,門市,paid,1,JPY,1095296.0,300.0,2026-07-02T22:03:53+08:00,2026-08-25,2026-07-04T00:16:53+08:00
ORD00106768,M003011,P00286,app,paid,2,TWD,381426.0,500.0,2026-07-02T22:00:48+08:00,2026-08-20,2026-07-04T03:41:48+08:00
ORD00104803,M004955,P00154,app,paid,2,TWD,199298.0,600.0,2026-07-02T04:31:33+08:00,2026-07-14,2026-07-04T10:23:33+08:00
ORD00040993,M000434,P00138,電銷,cancelled,2,TWD,169880.0,750.0,2026-06-01T21:09:11+08:00,2026-08-27,2026-07-02T10:16:12+08:00
ORD00036585,M005275,P00174,電銷,cancelled,4,JPY,415407.0,550.0,2026-06-17T03:57:57+08:00,2026-08-27,2026-07-02T19:22:38+08:00
ORD00107054,M007269,P00276,app,paid,3,TWD,475759.0,400.0,2026-07-02T16:48:56+08:00,2026-10-06,2026-07-05T00:34:56+08:00
ORD00104795,M004771,P00235,app,paid,1,TWD,65748.0,400.0,2026-07-02T20:08:07+08:00,2026-10-06,2026-07-03T22:27:07+08:00
ORD00105287,M000759,P00130,電銷,paid,3,USD,20153.51,350.0,2026-07-02T19:30:07+08:00,2026-10-18,2026-07-04T02:35:07+08:00
ORD00104825,M003338,P00203,電銷,paid,2,TWD,246555.0,300.0,2026-07-02T13:54:47+08:00,2026-08-12,2026-07-03T00:01:47+08:00
ORD00107153,M000097,P00135,電銷,created,2,JPY,92634.0,0.0,2026-07-02T03:22:40+08:00,2026-07-20,2026-07-02T05:44:40+08:00
ORD00105003,M003731,P00263,電銷,paid,2,USD,6529.49,500.0,2026-07-02T06:53:18+08:00,2026-09-29,2026-07-02T20:25:18+08:00
ORD00105667,M000570,P00137,電銷,created,1,TWD,138046.0,150.0,2026-07-02T01:03:57+08:00,2026-07-09,2026-07-04T13:38:57+08:00
ORD00104546,M002227,P00061,web,paid,2,TWD,398298.0,750.0,2026-07-02T10:21:11+08:00,2026-08-27,2026-07-02T20:22:11+08:00
ORD00105852,M003673,P00290,app,paid,2,USD,8542.61,300.0,2026-07-02T08:48:02+08:00,2026-09-18,2026-07-04T00:16:02+08:00
ORD00107305,M001686,P00273,電銷,paid,3,TWD,280974.0,400.0,2026-07-02T03:54:12+08:00,2026-07-26,2026-07-02T05:26:12+08:00
ORD00106623,M005463,P00178,app,created,3,USD,3094.01,350.0,2026-07-02T18:01:18+08:00,2026-09-26,2026-07-04T08:06:18+08:00
ORD00015583,M000753,P00227,web,completed,2,TWD,259813.0,100.0,2026-06-25T16:41:12+08:00,2026-09-26,2026-07-02T22:38:17+08:00
ORD00105842,M001729,P00124,門市,paid,3,TWD,111918.0,150.0,2026-07-02T02:54:00+08:00,2026-07-09,2026-07-03T14:26:00+08:00
ORD00105685,M003304,P00184,門市,paid,2,TWD,361697.0,550.0,2026-07-02T21:08:09+08:00,2026-10-03,2026-07-05T02:38:09+08:00
ORD00107230,M007289,P00217,web,created,2,TWD,344242.0,100.0,2026-07-02T16:42:50+08:00,2026-08-24,2026-07-04T23:53:50+08:00
ORD00011043,M000342,P00233,電銷,completed,2,TWD,189459.0,600.0,2026-06-06T19:15:06+08:00,2026-09-11,2026-07-02T07:44:54+08:00
ORD00105383,M006715,P00183,電銷,created,3,TWD,386286.0,500.0,2026-07-02T12:09:02+08:00,2026-08-23,2026-07-04T21:58:02+08:00
ORD00107342,M004224,P00167,電銷,paid,2,TWD,314259.0,600.0,2026-07-02T14:13:36+08:00,2026-10-12,2026-07-03T12:28:36+08:00
ORD00105224,M004308,P00131,app,paid,2,USD,13707.86,300.0,2026-07-02T03:13:07+08:00,2026-09-16,2026-07-04T14:41:07+08:00
ORD00105448,M006230,P00048,門市,created,3,USD,9608.81,100.0,2026-07-02T08:02:50+08:00,2026-08-21,2026-07-04T17:46:50+08:00
ORD00107086,M007699,P00280,門市,created,1,JPY,679463.0,350.0,2026-07-02T07:16:40+08:00,2026-08-15,2026-07-03T17:17:40+08:00
ORD00106625,M003832,P00009,電銷,paid,4,TWD,262770.0,600.0,2026-07-02T18:42:35+08:00,2026-08-07,2026-07-04T09:37:35+08:00
ORD00105876,M000164,P00296,門市,created,1,TWD,7859.0,750.0,2026-07-02T17:26:16+08:00,2026-08-20,2026-07-02T22:41:16+08:00
ORD00105144,M002714,P00214,門市,paid,1,USD,4000.77,700.0,2026-07-02T01:42:02+08:00,2026-07-10,2026-07-02T12:12:02+08:00
ORD00104962,M002569,P00238,web,paid,3,TWD,285415.0,550.0,2026-07-02T22:10:37+08:00,2026-10-26,2026-07-04T22:04:37+08:00
ORD00107260,M006213,P00203,電銷,created,2,TWD,256445.0,300.0,2026-07-02T13:49:47+08:00,2026-07-17,2026-07-04T20:44:47+08:00
ORD00107240,M003937,P00277,門市,created,2,TWD,277578.0,500.0,2026-07-02T10:48:51+08:00,2026-07-26,2026-07-05T03:21:51+08:00
ORD00106182,M007124,P00088,app,paid,4,USD,10465.3,250.0,2026-07-02T17:21:09+08:00,2026-10-14,2026-07-02T23:56:09+08:00
ORD00104860,M004205,P00026,門市,paid,2,TWD,273447.0,750.0,2026-07-02T01:37:28+08:00,2026-10-09,2026-07-02T06:46:28+08:00
ORD00107610,M006377,P00053,電銷,paid,1,USD,2172.32,600.0,2026-07-02T10:00:14+08:00,2026-09-20,2026-07-02T11:26:14+08:00
ORD00107156,M000540,P00182,門市,created,4,USD,783.96,250.0,2026-07-02T23:17:07+08:00,2026-07-09,2026-07-05T04:05:07+08:00
ORD00106746,M003607,P00254,電銷,paid,4,TWD,14031.0,350.0,2026-07-02T23:50:57+08:00,2026-09-15,2026-07-05T13:37:57+08:00
ORD00106276,M007314,P00124,app,created,1,TWD,34943.0,300.0,2026-07-02T09:33:32+08:00,2026-08-22,2026-07-04T07:05:32+08:00
ORD00097516,M004378,P00087,web,completed,1,TWD,227305.0,800.0,2026-05-02T20:12:19+08:00,2026-08-25,2026-07-02T10:09:47+08:00
ORD00105090,M000411,P00124,app,paid,4,TWD,156877.0,100.0,2026-07-02T11:36:00+08:00,2026-07-12,2026-07-03T06:27:00+08:00
ORD00105740,M003078,P00085,門市,paid,2,TWD,338146.0,900.0,2026-07-02T01:48:59+08:00,2026-08-24,2026-07-04T07:55:59+08:00
ORD00105080,M007858,P00259,web,paid,1,TWD,126107.0,300.0,2026-07-02T12:02:58+08:00,2026-08-30,2026-07-04T10:27:58+08:00
ORD00104248,M003960,P00106,app,paid,1,TWD,41107.0,600.0,2026-07-02T08:28:28+08:00,2026-08-13,2026-07-04T02:21:28+08:00
ORD00104792,M007391,P00162,web,created,4,TWD,30754.0,550.0,2026-07-02T10:03:28+08:00,2026-07-14,2026-07-03T02:24:28+08:00
ORD00105614,M003938,P00253,web,paid,3,USD,20930.22,0.0,2026-07-02T07:56:23+08:00,2026-09-07,2026-07-02T20:09:23+08:00
ORD00107874,M003465,P00075,門市,paid,1,USD,690.93,650.0,2026-07-02T04:55:29+08:00,2026-09-10,2026-07-02T15:54:29+08:00
ORD00106071,M002956,P00122,app,paid,4,TWD,758945.0,750.0,2026-07-02T10:23:01+08:00,2026-10-24,2026-07-03T01:18:01+08:00
ORD00104652,M007870,P00043,電銷,paid,2,TWD,214406.0,600.0,2026-07-02T08:49:47+08:00,2026-10-02,2026-07-02T20:35:47+08:00
ORD00106957,M004738,P00124,app,paid,2,USD,2330.23,300.0,2026-07-02T23:20:01+08:00,2026-07-18,2026-07-03T03:30:01+08:00
ORD00106422,M004149,P00256,web,paid,3,TWD,499179.0,950.0,2026-07-02T06:17:54+08:00,2026-07-27,2026-07-02T13:21:54+08:00
ORD00104482,M005013,P00042,電銷,paid,3,USD,15080.42,400.0,2026-07-02T06:42:41+08:00,2026-10-05,2026-07-04T12:57:41+08:00
ORD00106210,M006542,P00127,app,paid,2,TWD,106084.0,100.0,2026-07-02T07:02:43+08:00,2026-07-29,2026-07-02T13:37:43+08:00
ORD00105583,M002315,P00198,門市,created,4,TWD,98897.0,250.0,2026-07-02T11:53:19+08:00,2026-08-30,2026-07-04T00:15:19+08:00
ORD00104141,M003029,P00250,web,created,2,TWD,192084.0,300.0,2026-07-02T12:30:13+08:00,2026-07-17,2026-07-04T09:35:13+08:00
ORD00065835,M005440,P00018,web,cancelled,3,USD,15008.95,900.0,2026-06-20T19:04:59+08:00,2026-06-27,2026-07-02T03:35:02+08:00
ORD00107754,M007022,P00285,門市,paid,4,TWD,396052.0,350.0,2026-07-02T19:06:46+08:00,2026-08-10,2026-07-03T21:29:46+08:00
ORD00106666,M006609,P00013,門市,created,2,USD,8907.98,650.0,2026-07-02T14:53:39+08:00,2026-10-06,2026-07-02T20:11:39+08:00
ORD00018068,M002782,P00095,門市,completed,4,USD,22893.53,150.0,2026-05-08T04:37:37+08:00,2026-08-17,2026-07-02T21:09:33+08:00
ORD00105772,M003005,P00161,app,paid,2,TWD,440187.0,750.0,2026-07-02T11:30:46+08:00,2026-08-24,2026-07-03T11:33:46+08:00
ORD00105552,M003388,P00150,web,created,3,TWD,562396.0,350.0,2026-07-02T11:14:03+08:00,2026-09-12,2026-07-04T18:34:03+08:00
ORD00106516,M007384,P00147,web,created,4,USD,21796.65,250.0,2026-07-02T05:24:55+08:00,2026-08-25,2026-07-04T10:03:55+08:00
ORD00105697,M003001,P00254,web,created,3,TWD,9935.0,100.0,2026-07-02T19:41:34+08:00,2026-08-15,2026-07-04T14:27:34+08:00
ORD00106321,M006869,P00073,app,created,4,TWD,442419.0,0.0,2026-07-02T03:41:09+08:00,2026-08-10,2026-07-04T08:20:09+08:00
ORD00106392,M003158,P00224,app,created,2,TWD,208928.0,750.0,2026-07-02T22:59:58+08:00,2026-08-28,2026-07-05T00:20:58+08:00
ORD00105364,M000345,P00056,app,paid,2,TWD,175616.0,150.0,2026-07-02T20:28:20+08:00,2026-08-30,2026-07-04T17:31:20+08:00
ORD00106562,M001689,P00130,門市,paid,4,TWD,665505.0,600.0,2026-07-02T17:11:12+08:00,2026-08-17,2026-07-04T23:20:12+08:00
ORD00106039,M007929,P00268,app,paid,3,TWD,202277.0,500.0,2026-07-02T11:38:32+08:00,2026-07-17,2026-07-02T14:02:32+08:00
ORD00107739,M002350,P00063,web,paid,2,USD,10423.81,500.0,2026-07-02T10:12:22+08:00,2026-08-23,2026-07-03T23:07:22+08:00
ORD00006166,M002093,P00026,電銷,completed,1,TWD,137911.0,600.0,2026-05-30T14:07:55+08:00,2026-06-07,2026-07-02T17:51:35+08:00
ORD00107681,M005600,P00294,app,paid,1,USD,5926.91,150.0,2026-07-02T00:16:28+08:00,2026-08-25,2026-07-03T05:26:28+08:00
ORD00107586,M004109,P00081,電銷,paid,3,TWD,390662.0,800.0,2026-07-02T22:24:31+08:00,2026-08-13,2026-07-04T23:23:31+08:00
ORD00104456,M006542,P00142,web,paid,3,USD,16364.49,100.0,2026-07-02T02:11:49+08:00,2026-09-08,2026-07-03T20:49:49+08:00
ORD00107647,M000328,P00066,門市,paid,1,JPY,985039.0,250.0,2026-07-02T23:39:42+08:00,2026-08-05,2026-07-03T14:16:42+08:00
ORD00106790,M006588,P00094,web,paid,4,JPY,3230169.0,150.0,2026-07-02T19:03:05+08:00,2026-09-10,2026-07-04T08:03:05+08:00
ORD00107322,M005378,P00087,app,created,2,TWD,473732.0,850.0,2026-07-02T10:59:41+08:00,2026-07-13,2026-07-03T16:43:41+08:00
ORD00106374,M003011,P00022,app,paid,1,TWD,35144.0,500.0,2026-07-02T23:27:15+08:00,2026-10-20,2026-07-03T20:30:15+08:00
ORD00106726,M001873,P00185,app,paid,4,TWD,824216.0,100.0,2026-07-02T11:12:06+08:00,2026-08-30,2026-07-04T21:44:06+08:00
ORD00105715,M003214,P00075,門市,paid,2,USD,1083.35,700.0,2026-07-02T06:24:10+08:00,2026-10-19,2026-07-03T06:07:10+08:00
ORD00106292,M000529,P00039,門市,paid,4,JPY,2787359.0,50.0,2026-07-02T20:40:01+08:00,2026-09-10,2026-07-02T23:48:01+08:00
ORD00104096,M000409,P00091,web,created,4,TWD,408920.0,350.0,2026-07-02T16:55:41+08:00,2026-08-28,2026-07-03T07:27:09+08:00
ORD00105313,M003222,P00283,門市,created,3,USD,2487.86,0.0,2026-07-02T07:06:00+08:00,2026-08-13,2026-07-04T03:42:00+08:00
ORD00105420,M007593,P00081,電銷,created,4,TWD,509511.0,600.0,2026-07-02T20:35:42+08:00,2026-09-17,2026-07-03T04:54:42+08:00
ORD00076666,M005160,P00298,電銷,completed,2,TWD,194828.0,600.0,2026-05-08T03:39:54+08:00,2026-07-24,2026-07-02T20:19:59+08:00
ORD00107871,M006360,P00180,電銷,paid,2,TWD,200815.0,750.0,2026-07-02T15:05:17+08:00,2026-08-18,2026-07-04T18:39:17+08:00
ORD00104317,M006626,P00103,web,created,1,TWD,19775.0,100.0,2026-07-02T18:13:40+08:00,2026-08-09,2026-07-03T15:15:40+08:00
ORD00107009,M002114,P00061,app,created,2,JPY,1860572.0,650.0,2026-07-02T01:39:37+08:00,2026-09-05,2026-07-02T22:22:37+08:00
ORD00106203,M002381,P00297,電銷,paid,3,USD,13742.46,150.0,2026-07-02T17:44:22+08:00,2026-07-12,2026-07-05T04:22:22+08:00
ORD00104133,M003734,P00055,門市,paid,4,TWD,396786.0,100.0,2026-07-02T12:40:07+08:00,2026-10-29,2026-07-02T15:10:07+08:00
ORD00064979,M002457,P00207,app,cancelled,3,USD,7128.32,550.0,2026-05-22T15:33:14+08:00,2026-07-07,2026-07-02T08:38:17+08:00
ORD00105241,M007309,P00297,web,paid,2,TWD,216290.0,450.0,2026-07-02T19:03:32+08:00,2026-08-22,2026-07-03T21:43:32+08:00
ORD00107505,M002858,P00115,app,paid,2,TWD,250930.0,650.0,2026-07-02T01:15:19+08:00,2026-08-25,2026-07-04T05:23:19+08:00
ORD00105371,M001416,P00274,app,paid,3,TWD,337193.0,800.0,2026-07-02T17:24:18+08:00,2026-07-30,2026-07-04T01:30:18+08:00
ORD00107702,M007529,P00001,app,paid,4,USD,14419.38,750.0,2026-07-02T03:03:18+08:00,2026-08-06,2026-07-02T11:32:18+08:00
ORD00107800,M005406,P00261,web,created,2,TWD,12464.0,700.0,2026-07-02T01:44:12+08:00,2026-07-09,2026-07-04T01:45:12+08:00
ORD00105462,M000704,P00130,門市,paid,1,USD,6613.07,200.0,2026-07-02T20:32:52+08:00,2026-09-06,2026-07-03T01:57:52+08:00
ORD00107578,M007157,P00211,web,paid,1,TWD,107548.0,400.0,2026-07-02T15:46:29+08:00,2026-10-15,2026-07-03T04:39:29+08:00
ORD00106278,M006433,P00157,門市,created,2,TWD,146201.0,0.0,2026-07-02T06:26:23+08:00,2026-08-11,2026-07-04T19:50:23+08:00
ORD00073261,M001573,P00016,web,completed,4,TWD,366247.0,0.0,2026-05-10T11:57:43+08:00,2026-08-30,2026-07-02T02:48:15+08:00
ORD00104728,M001346,P00088,web,created,1,USD,2314.98,450.0,2026-07-02T03:10:36+08:00,2026-10-25,2026-07-03T03:41:36+08:00
ORD00104699,M004407,P00193,門市,paid,1,TWD,182997.0,850.0,2026-07-02T08:06:17+08:00,2026-07-20,2026-07-04T15:33:17+08:00
ORD00104743,M005603,P00068,電銷,created,3,TWD,238980.0,800.0,2026-07-02T03:47:11+08:00,2026-10-18,2026-07-03T18:12:11+08:00
ORD00104245,M002098,P00131,web,created,3,TWD,551962.0,700.0,2026-07-02T07:46:54+08:00,2026-10-06,2026-07-04T01:12:54+08:00
ORD00105722,M007970,P00236,web,paid,4,JPY,3508219.0,950.0,2026-07-02T11:13:04+08:00,2026-09-04,2026-07-03T20:25:04+08:00
ORD00104787,M006853,P00018,門市,paid,3,JPY,1908433.0,700.0,2026-07-02T06:36:47+08:00,2026-08-15,2026-07-02T15:59:47+08:00
ORD00106518,M006058,P00055,web,paid,4,TWD,559974.0,300.0,2026-07-02T14:47:25+08:00,2026-10-29,2026-07-04T16:16:25+08:00
ORD00106811,M002534,P00124,web,paid,3,TWD,98755.0,150.0,2026-07-02T06:59:27+08:00,2026-08-09,2026-07-04T21:52:27+08:00
ORD00107061,M000643,P00238,web,paid,3,TWD,288206.0,50.0,2026-07-02T03:49:56+08:00,2026-09-27,2026-07-02T22:02:56+08:00
ORD00105083,M003564,P00240,電銷,paid,2,USD,5509.94,250.0,2026-07-02T02:49:59+08:00,2026-09-20,2026-07-02T23:21:59+08:00
ORD00107500,M003937,P00188,門市,paid,2,USD,3895.41,900.0,2026-07-02T18:09:28+08:00,2026-08-29,2026-07-04T10:34:28+08:00
ORD00104659,M007116,P00089,門市,paid,4,TWD,405841.0,400.0,2026-07-02T01:19:50+08:00,2026-09-05,2026-07-02T03:55:50+08:00
ORD00106823,M005646,P00212,app,paid,3,USD,2910.54,800.0,2026-07-02T11:38:29+08:00,2026-10-19,2026-07-04T07:03:29+08:00
ORD00105970,M003086,P00278,app,created,2,JPY,1928677.0,100.0,2026-07-02T05:53:43+08:00,2026-09-02,2026-07-03T23:53:43+08:00
ORD00107740,M004379,P00250,app,paid,2,JPY,694302.0,800.0,2026-07-02T02:16:59+08:00,2026-10-13,2026-07-04T03:09:59+08:00
ORD00107722,M005862,P00208,電銷,paid,1,TWD,181275.0,400.0,2026-07-02T04:53:34+08:00,2026-09-25,2026-07-03T00:12:34+08:00
ORD00105840,M001961,P00198,web,created,4,TWD,92979.0,300.0,2026-07-02T19:50:11+08:00,2026-07-25,2026-07-05T04:25:11+08:00
ORD00104421,M000591,P00018,電銷,paid,3,USD,12686.2,0.0,2026-07-02T06:39:30+08:00,2026-09-14,2026-07-04T14:16:30+08:00
ORD00106499,M006713,P00042,web,paid,4,TWD,615750.0,850.0,2026-07-02T13:06:19+08:00,2026-10-06,2026-07-03T04:20:19+08:00
ORD00105974,M006909,P00201,web,created,2,TWD,285457.0,300.0,2026-07-02T05:35:45+08:00,2026-09-06,2026-07-02T07:52:45+08:00
ORD00106454,M005794,P00103,門市,created,1,USD,747.91,600.0,2026-07-02T04:27:17+08:00,2026-08-27,2026-07-03T06:30:17+08:00
ORD00107698,M002692,P00160,app,paid,2,USD,793.1,750.0,2026-07-02T11:22:32+08:00,2026-09-25,2026-07-04T00:33:32+08:00
ORD00107104,M000532,P00135,app,paid,4,TWD,36828.0,600.0,2026-07-02T22:50:41+08:00,2026-09-14,2026-07-03T10:34:41+08:00
ORD00105643,M007014,P00232,web,paid,3,TWD,554155.0,150.0,2026-07-02T10:22:08+08:00,2026-10-26,2026-07-02T19:35:08+08:00
ORD00106951,M003378,P00254,電銷,created,3,TWD,10305.0,200.0,2026-07-02T01:24:54+08:00,2026-08-09,2026-07-04T14:18:54+08:00
ORD00104358,M006173,P00186,門市,created,3,TWD,406419.0,550.0,2026-07-02T02:23:05+08:00,2026-10-23,2026-07-03T10:56:05+08:00
ORD00105459,M006826,P00116,門市,created,4,JPY,1628996.0,550.0,2026-07-02T12:29:20+08:00,2026-07-18,2026-07-03T03:15:20+08:00
ORD00105417,M000709,P00228,電銷,paid,3,JPY,1497878.0,750.0,2026-07-02T12:55:09+08:00,2026-08-22,2026-07-02T18:30:09+08:00
ORD00105602,M001304,P00176,門市,paid,2,TWD,255553.0,100.0,2026-07-02T05:38:22+08:00,2026-08-17,2026-07-02T08:00:22+08:00
ORD00105370,M004980,P00044,門市,paid,4,TWD,153183.0,250.0,2026-07-02T14:32:59+08:00,2026-08-11,2026-07-05T07:54:59+08:00
ORD00104799,M002568,P00031,電銷,created,3,USD,19003.78,0.0,2026-07-02T17:15:12+08:00,2026-10-04,2026-07-03T11:20:12+08:00
ORD00104985,M007566,P00273,app,paid,1,TWD,100253.0,850.0,2026-07-02T01:54:52+08:00,2026-09-29,2026-07-03T16:02:52+08:00
ORD00106587,M006485,P00015,電銷,created,2,TWD,147481.0,700.0,2026-07-02T13:33:14+08:00,2026-07-18,2026-07-04T11:28:14+08:00
ORD00104567,M004978,P00291,web,paid,2,TWD,71549.0,600.0,2026-07-02T19:30:28+08:00,2026-08-14,2026-07-02T22:19:28+08:00
ORD00021108,M001564,P00197,app,completed,3,TWD,252581.0,150.0,2026-06-04T14:48:00+08:00,2026-09-18,2026-07-02T17:45:36+08:00
ORD00104205,M002396,P00189,電銷,created,1,TWD,84696.0,950.0,2026-07-02T17:28:56+08:00,2026-10-05,2026-07-05T04:46:56+08:00
ORD00105864,M003214,P00071,web,paid,1,USD,1690.05,700.0,2026-07-02T19:08:34+08:00,2026-07-27,2026-07-05T13:25:34+08:00
ORD00107218,M006085,P00148,門市,created,3,TWD,88394.0,500.0,2026-07-02T11:55:56+08:00,2026-07-20,2026-07-04T16:55:56+08:00
ORD00104452,M000042,P00264,門市,paid,2,TWD,17435.0,800.0,2026-07-02T01:32:05+08:00,2026-10-22,2026-07-03T00:53:05+08:00
ORD00105675,M003923,P00292,門市,paid,4,TWD,670017.0,550.0,2026-07-02T23:18:47+08:00,2026-07-10,2026-07-05T08:55:47+08:00
ORD00037436,M003895,P00187,app,completed,4,JPY,536511.0,450.0,2026-05-02T16:56:26+08:00,2026-06-24,2026-07-02T22:15:31+08:00
ORD00107978,M004501,P00049,門市,paid,2,TWD,39552.0,100.0,2026-07-02T20:54:54+08:00,2026-08-25,2026-07-04T02:22:54+08:00
ORD00106667,M002191,P00237,門市,paid,3,TWD,499717.0,600.0,2026-07-02T07:02:43+08:00,2026-07-18,2026-07-04T01:23:43+08:00
ORD00107761,M005162,P00205,web,created,2,TWD,18587.0,300.0,2026-07-02T21:49:31+08:00,2026-09-06,2026-07-05T13:35:31+08:00
ORD00106443,M006113,P00211,app,paid,3,TWD,280516.0,900.0,2026-07-02T17:29:01+08:00,2026-07-14,2026-07-03T23:06:01+08:00
ORD00047270,M000173,P00145,電銷,completed,1,USD,2349.74,300.0,2026-06-11T15:33:00+08:00,2026-08-10,2026-07-02T18:44:01+08:00
ORD00105774,M006769,P00270,app,created,4,TWD,79232.0,400.0,2026-07-02T23:49:07+08:00,2026-08-08,2026-07-05T16:03:07+08:00
ORD00105927,M007828,P00103,電銷,paid,1,TWD,23138.0,50.0,2026-07-02T06:50:05+08:00,2026-07-17,2026-07-03T13:05:05+08:00
ORD00004260,M002185,P00148,app,completed,2,USD,1851.46,500.0,2026-06-30T08:03:20+08:00,2026-07-20,2026-07-02T00:15:56+08:00
ORD00106371,M000422,P00013,web,paid,2,TWD,323882.0,600.0,2026-07-02T20:31:31+08:00,2026-07-19,2026-07-03T15:19:31+08:00
ORD00104407,M004397,P00242,app,paid,3,TWD,75199.0,700.0,2026-07-02T19:56:49+08:00,2026-09-04,2026-07-05T07:57:49+08:00
ORD00104823,M003184,P00012,web,paid,1,USD,2594.41,150.0,2026-07-02T02:43:14+08:00,2026-09-03,2026-07-03T19:07:14+08:00
ORD00105615,M005117,P00251,電銷,paid,2,TWD,233558.0,850.0,2026-07-02T08:22:33+08:00,2026-10-25,2026-07-04T02:07:33+08:00
ORD00107254,M007854,P00059,門市,created,3,TWD,262933.0,600.0,2026-07-02T03:23:51+08:00,2026-07-17,2026-07-04T07:12:51+08:00
ORD00106525,M005852,P00203,門市,paid,4,USD,18457.0,800.0,2026-07-02T09:22:53+08:00,2026-08-04,2026-07-02T22:48:53+08:00
ORD00107728,M006937,P00084,web,paid,1,TWD,52505.0,600.0,2026-07-02T08:43:01+08:00,2026-09-08,2026-07-04T11:14:01+08:00
ORD00106733,M002182,P00181,app,created,3,USD,1841.09,100.0,2026-07-02T04:04:55+08:00,2026-08-20,2026-07-03T16:20:55+08:00
ORD00105658,M005475,P00006,web,paid,4,USD,21552.84,950.0,2026-07-02T00:58:05+08:00,2026-07-20,2026-07-04T06:42:05+08:00
ORD00107208,M003788,P00179,web,paid,2,TWD,244615.0,300.0,2026-07-02T11:16:29+08:00,2026-10-26,2026-07-03T21:41:29+08:00
ORD00104872,M001500,P00174,電銷,paid,2,TWD,44678.0,250.0,2026-07-02T03:36:16+08:00,2026-07-30,2026-07-03T14:13:16+08:00
ORD00106081,M000686,P00099,web,paid,1,TWD,167804.0,0.0,2026-07-02T01:11:27+08:00,2026-09-20,2026-07-02T03:39:27+08:00
ORD00106247,M003528,P00188,門市,paid,1,USD,1798.16,350.0,2026-07-02T18:12:49+08:00,2026-08-09,2026-07-04T16:25:49+08:00
ORD00107437,M000644,P00206,app,paid,3,TWD,536668.0,750.0,2026-07-02T10:32:36+08:00,2026-10-01,2026-07-02T19:14:36+08:00
ORD00106271,M007534,P00116,web,paid,3,USD,6888.44,750.0,2026-07-02T04:00:32+08:00,2026-09-18,2026-07-02T06:18:32+08:00
ORD00106401,M006437,P00247,app,paid,2,TWD,358443.0,650.0,2026-07-02T04:48:52+08:00,2026-08-11,2026-07-02T12:48:52+08:00
ORD00105487,M004857,P00013,app,paid,4,TWD,593640.0,450.0,2026-07-02T04:26:12+08:00,2026-09-14,2026-07-04T15:32:12+08:00
ORD00104741,M000867,P00295,電銷,created,3,TWD,133772.0,800.0,2026-07-02T15:33:40+08:00,2026-10-07,2026-07-05T03:34:40+08:00
ORD00106865,M006886,P00244,web,created,3,TWD,127357.0,850.0,2026-07-02T03:23:48+08:00,2026-10-11,2026-07-03T23:28:48+08:00
ORD00105077,M000018,P00191,app,paid,4,TWD,612387.0,50.0,2026-07-02T23:58:27+08:00,2026-08-16,2026-07-03T03:40:27+08:00
ORD00105033,M006964,P00299,app,paid,2,TWD,47391.0,400.0,2026-07-02T08:25:09+08:00,2026-10-16,2026-07-03T07:56:09+08:00
ORD00105197,M007176,P00045,web,paid,2,USD,497.02,150.0,2026-07-02T04:35:03+08:00,2026-07-19,2026-07-03T23:17:03+08:00
ORD00107940,M007274,P00182,web,created,2,TWD,16431.0,250.0,2026-07-02T23:08:55+08:00,2026-07-24,2026-07-05T12:14:55+08:00
ORD00107249,M002431,P00274,電銷,created,3,USD,9602.2,150.0,2026-07-02T06:55:58+08:00,2026-07-09,2026-07-04T09:42:58+08:00
ORD00106990,M003133,P00227,門市,paid,1,TWD,143152.0,50.0,2026-07-02T02:28:53+08:00,2026-09-18,2026-07-02T22:35:53+08:00
ORD00000960,M005709,P00247,門市,completed,1,TWD,174848.0,0.0,2026-05-18T13:32:10+08:00,2026-09-09,2026-07-02T21:00:44+08:00
ORD00105834,M002987,P00138,web,paid,1,JPY,335053.0,900.0,2026-07-02T06:53:18+08:00,2026-10-04,2026-07-03T18:17:18+08:00
ORD00049686,M005155,P00271,web,cancelled,3,TWD,76816.0,400.0,2026-05-05T07:11:17+08:00,2026-06-26,2026-07-02T21:29:40+08:00
ORD00104454,M004349,P00013,web,paid,2,USD,9072.25,0.0,2026-07-02T14:52:11+08:00,2026-08-26,2026-07-03T06:05:11+08:00
ORD00106075,M003646,P00264,web,paid,3,TWD,31152.0,850.0,2026-07-02T18:34:33+08:00,2026-09-14,2026-07-03T14:47:33+08:00
ORD00104510,M004517,P00129,web,paid,3,TWD,432069.0,450.0,2026-07-02T21:46:09+08:00,2026-10-05,2026-07-03T19:01:09+08:00
ORD00104486,M002512,P00275,電銷,paid,4,JPY,1664998.0,250.0,2026-07-02T13:10:31+08:00,2026-07-11,2026-07-03T23:40:31+08:00
ORD00105189,M001728,P00282,電銷,created,4,JPY,3995145.0,50.0,2026-07-02T17:27:23+08:00,2026-09-09,2026-07-03T05:07:23+08:00
ORD00104337,M000936,P00121,web,paid,4,JPY,537900.0,900.0,2026-07-02T06:33:49+08:00,2026-07-20,2026-07-03T16:02:49+08:00
ORD00105294,M007574,P00063,app,created,3,TWD,474915.0,400.0,2026-07-02T22:20:02+08:00,2026-07-12,2026-07-05T15:41:02+08:00
ORD00104062,M002614,P00005,門市,paid,2,TWD,168186.0,500.0,2026-07-02T02:02:03+08:00,2026-08-07,2026-07-02T23:04:03+08:00
ORD00106204,M004808,P00233,web,paid,4,TWD,444388.0,850.0,2026-07-02T16:06:13+08:00,2026-08-13,2026-07-05T02:00:13+08:00
ORD00059593,M005237,P00087,電銷,cancelled,2,TWD,392650.0,100.0,2026-06-28T16:03:03+08:00,2026-09-16,2026-07-02T20:00:55+08:00
ORD00107022,M001740,P00081,web,created,1,TWD,112298.0,650.0,2026-07-02T15:34:05+08:00,2026-08-07,2026-07-03T21:22:05+08:00
ORD00105998,M004629,P00207,電銷,created,4,JPY,1269655.0,900.0,2026-07-02T16:11:45+08:00,2026-07-22,2026-07-03T13:34:45+08:00
ORD00104015,M005600,P00201,門市,paid,3,TWD,350341.0,400.0,2026-07-02T15:42:20+08:00,2026-10-25,2026-07-05T04:27:20+08:00
ORD00112015,M003518,P00119,門市,paid,1,TWD,179012.0,150.0,2026-06-16T09:07:27+08:00,2026-08-20,2026-07-02T00:35:14+08:00
ORD00106619,M007352,P00103,電銷,created,2,TWD,40335.0,50.0,2026-07-02T12:06:01+08:00,2026-08-31,2026-07-02T22:21:01+08:00
ORD00107545,M002324,P00043,web,created,1,JPY,577236.0,750.0,2026-07-02T11:50:15+08:00,2026-09-07,2026-07-04T04:01:15+08:00
ORD00052394,M006504,P00017,app,completed,1,USD,5713.49,950.0,2026-05-03T03:09:58+08:00,2026-05-19,2026-07-02T14:43:42+08:00
ORD00112039,M006437,P00222,電銷,paid,3,TWD,135026.0,850.0,2026-06-13T19:28:17+08:00,2026-06-30,2026-07-02T06:05:42+08:00
ORD00104284,M003757,P00116,門市,paid,4,USD,9069.39,600.0,2026-07-02T07:17:20+08:00,2026-10-06,2026-07-02T07:35:20+08:00
ORD00105145,M002137,P00222,電銷,paid,3,TWD,116559.0,200.0,2026-07-02T10:48:22+08:00,2026-08-19,2026-07-04T10:10:22+08:00
ORD00104862,M004608,P00058,web,paid,3,JPY,558959.0,900.0,2026-07-02T22:52:42+08:00,2026-07-13,2026-07-05T16:19:42+08:00
ORD00104074,M005296,P00238,web,created,1,JPY,474921.0,450.0,2026-07-02T07:37:54+08:00,2026-10-02,2026-07-04T06:43:54+08:00
ORD00104298,M004908,P00087,web,created,3,TWD,588738.0,850.0,2026-07-02T02:38:07+08:00,2026-10-17,2026-07-04T08:33:07+08:00
ORD00106400,M006086,P00026,web,created,4,TWD,565670.0,850.0,2026-07-02T19:35:55+08:00,2026-08-17,2026-07-02T22:04:55+08:00
ORD00107966,M000226,P00279,web,created,2,TWD,196405.0,0.0,2026-07-02T05:11:54+08:00,2026-07-21,2026-07-03T23:48:54+08:00
ORD00106720,M007992,P00006,電銷,paid,2,TWD,348529.0,600.0,2026-07-02T03:45:59+08:00,2026-10-14,2026-07-02T09:24:59+08:00
ORD00104924,M001199,P00115,門市,paid,1,TWD,134512.0,100.0,2026-07-02T12:08:18+08:00,2026-10-09,2026-07-03T02:28:18+08:00
ORD00004361,M003410,P00117,app,completed,2,TWD,336313.0,750.0,2026-06-03T05:53:17+08:00,2026-08-14,2026-07-02T04:15:35+08:00
ORD00107899,M006032,P00057,app,created,2,USD,8723.2,150.0,2026-07-02T07:48:17+08:00,2026-09-04,2026-07-02T18:35:17+08:00
ORD00104170,M006044,P00020,電銷,created,4,TWD,223974.0,750.0,2026-07-02T03:03:57+08:00,2026-09-02,2026-07-04T07:16:57+08:00
ORD00106775,M003993,P00252,電銷,created,4,TWD,267071.0,450.0,2026-07-02T03:24:32+08:00,2026-08-07,2026-07-02T22:30:32+08:00
ORD00107461,M006229,P00089,電銷,created,1,TWD,71522.0,650.0,2026-07-02T19:31:03+08:00,2026-10-16,2026-07-03T01:52:03+08:00
ORD00066376,M005545,P00184,電銷,cancelled,4,TWD,630567.0,850.0,2026-06-12T19:05:46+08:00,2026-07-15,2026-07-02T16:11:57+08:00
ORD00106082,M005696,P00224,電銷,paid,1,JPY,562279.0,350.0,2026-07-02T17:07:19+08:00,2026-07-19,2026-07-03T01:43:19+08:00
ORD00106941,M004046,P00084,web,paid,1,TWD,48011.0,200.0,2026-07-02T02:47:28+08:00,2026-08-26,2026-07-03T01:00:28+08:00
ORD00106958,M002653,P00221,門市,paid,3,TWD,395389.0,600.0,2026-07-02T11:16:52+08:00,2026-07-09,2026-07-04T19:17:52+08:00
ORD00106009,M000542,P00128,web,created,1,TWD,183839.0,150.0,2026-07-02T09:06:48+08:00,2026-08-25,2026-07-02T10:21:48+08:00
ORD00104611,M000139,P00019,電銷,created,2,TWD,196396.0,0.0,2026-07-02T21:05:05+08:00,2026-07-20,2026-07-03T06:34:05+08:00
ORD00105562,M004035,P00090,門市,created,4,TWD,741965.0,550.0,2026-07-02T03:36:33+08:00,2026-10-16,2026-07-03T02:56:33+08:00
ORD00107916,M005939,P00260,門市,paid,2,TWD,221462.0,100.0,2026-07-02T22:14:19+08:00,2026-09-10,2026-07-03T07:26:19+08:00
ORD00104526,M005167,P00056,app,paid,2,TWD,187056.0,450.0,2026-07-02T04:13:57+08:00,2026-08-14,2026-07-04T14:14:57+08:00
ORD00105289,M002749,P00097,電銷,paid,4,TWD,600529.0,750.0,2026-07-02T03:44:41+08:00,2026-09-16,2026-07-02T19:09:41+08:00
ORD00029295,M006269,P00061,電銷,cancelled,4,USD,21010.9,150.0,2026-05-28T09:54:18+08:00,2026-07-26,2026-07-02T22:02:55+08:00
ORD00063165,M005744,P00161,電銷,cancelled,1,TWD,209263.0,200.0,2026-06-02T13:28:29+08:00,2026-09-11,2026-07-02T10:43:57+08:00
ORD00107089,M005538,P00171,電銷,paid,4,TWD,276006.0,250.0,2026-07-02T11:01:42+08:00,2026-10-15,2026-07-03T14:35:42+08:00
ORD00104656,M004311,P00221,電銷,paid,3,TWD,398463.0,950.0,2026-07-02T21:49:03+08:00,2026-08-06,2026-07-05T08:08:03+08:00
ORD00107004,M001658,P00021,app,created,2,TWD,416066.0,250.0,2026-07-02T16:05:14+08:00,2026-09-29,2026-07-05T01:22:14+08:00
ORD00104969,M003532,P00231,門市,paid,3,USD,17495.37,200.0,2026-07-02T18:22:05+08:00,2026-10-09,2026-07-03T03:38:05+08:00
ORD00105610,M001622,P00283,門市,paid,4,USD,3392.9,100.0,2026-07-02T23:17:03+08:00,2026-09-18,2026-07-05T07:13:03+08:00
ORD00093310,M003122,P00048,門市,cancelled,2,TWD,227635.0,600.0,2026-06-21T12:06:08+08:00,2026-07-07,2026-07-02T14:29:56+08:00
ORD00104509,M006135,P00108,門市,paid,1,TWD,122320.0,400.0,2026-07-02T07:30:06+08:00,2026-09-10,2026-07-02T20:44:06+08:00
ORD00104132,M002815,P00079,app,paid,3,TWD,114335.0,250.0,2026-07-02T23:44:23+08:00,2026-10-26,2026-07-03T10:36:23+08:00
ORD00001239,M003445,P00064,門市,completed,4,TWD,104801.0,400.0,2026-06-11T13:02:01+08:00,2026-07-03,2026-07-02T20:28:07+08:00
ORD00105581,M007317,P00290,app,paid,3,JPY,2145314.0,800.0,2026-07-02T23:12:59+08:00,2026-08-24,2026-07-04T19:29:59+08:00
ORD00107611,M000654,P00161,電銷,created,3,TWD,533656.0,700.0,2026-07-02T14:10:40+08:00,2026-08-01,2026-07-03T09:20:40+08:00
ORD00097735,M007853,P00252,門市,completed,3,TWD,199807.0,50.0,2026-06-21T09:44:47+08:00,2026-09-02,2026-07-02T10:10:44+08:00
ORD00104167,M001175,P00143,web,paid,3,JPY,152240.0,200.0,2026-07-02T19:01:30+08:00,2026-09-10,2026-07-03T01:50:30+08:00
ORD00104927,M003611,P00253,門市,paid,1,TWD,179643.0,400.0,2026-07-02T09:32:13+08:00,2026-07-30,2026-07-03T10:39:13+08:00
ORD00106524,M005971,P00129,web,created,2,JPY,1678217.0,500.0,2026-07-02T10:14:58+08:00,2026-09-25,2026-07-02T18:37:58+08:00
ORD00057899,M003280,P00043,app,cancelled,3,TWD,307584.0,900.0,2026-05-13T17:13:34+08:00,2026-07-20,2026-07-02T07:27:43+08:00
ORD00107241,M005164,P00176,電銷,created,2,TWD,284094.0,300.0,2026-07-02T03:30:35+08:00,2026-07-20,2026-07-03T17:36:35+08:00
ORD00091881,M005295,P00024,電銷,completed,2,TWD,166295.0,0.0,2026-05-15T14:03:48+08:00,2026-07-20,2026-07-02T08:42:15+08:00
ORD00107721,M002215,P00202,電銷,created,1,JPY,562282.0,600.0,2026-07-02T19:57:44+08:00,2026-08-29,2026-07-04T08:09:44+08:00
ORD00105324,M001013,P00187,門市,created,4,TWD,115637.0,500.0,2026-07-02T08:36:59+08:00,2026-09-27,2026-07-02T09:24:59+08:00
ORD00112047,M005198,P00128,app,paid,2,TWD,375327.0,450.0,2026-06-17T10:46:12+08:00,2026-06-30,2026-07-02T13:11:02+08:00
ORD00105179,M003138,P00061,門市,created,3,TWD,429775.0,300.0,2026-07-02T04:10:01+08:00,2026-08-13,2026-07-03T22:41:01+08:00
ORD00106067,M001533,P00187,門市,paid,4,JPY,539520.0,500.0,2026-07-02T21:16:16+08:00,2026-10-24,2026-07-05T11:34:16+08:00
ORD00105648,M000120,P00070,app,paid,4,USD,12027.69,200.0,2026-07-02T03:32:40+08:00,2026-10-29,2026-07-02T09:09:40+08:00
ORD00104146,M002746,P00087,app,paid,3,TWD,525959.0,200.0,2026-07-02T01:52:07+08:00,2026-07-27,2026-07-03T11:45:07+08:00
ORD00105922,M002287,P00054,web,created,4,TWD,590158.0,50.0,2026-07-02T19:36:08+08:00,2026-08-23,2026-07-04T22:13:08+08:00
ORD00106419,M006245,P00256,電銷,created,2,TWD,437447.0,950.0,2026-07-02T17:16:00+08:00,2026-09-13,2026-07-03T19:49:00+08:00
ORD00104762,M000028,P00173,web,paid,3,TWD,28525.0,950.0,2026-07-02T20:49:49+08:00,2026-09-26,2026-07-03T11:11:49+08:00
ORD00105854,M004046,P00245,電銷,paid,3,JPY,1854680.0,750.0,2026-07-02T20:30:36+08:00,2026-08-13,2026-07-05T08:23:36+08:00
ORD00106533,M003201,P00228,app,created,1,USD,3664.13,500.0,2026-07-02T11:27:55+08:00,2026-07-10,2026-07-02T14:59:55+08:00
ORD00106208,M005754,P00140,app,paid,1,USD,1287.37,250.0,2026-07-02T00:27:48+08:00,2026-09-29,2026-07-03T22:02:48+08:00
ORD00107130,M007156,P00083,web,paid,4,TWD,636578.0,100.0,2026-07-02T22:38:46+08:00,2026-07-09,2026-07-04T19:51:46+08:00
ORD00104134,M006476,P00265,電銷,paid,2,TWD,358501.0,350.0,2026-07-02T10:35:08+08:00,2026-08-16,2026-07-04T17:05:08+08:00
ORD00107824,M001552,P00215,app,created,3,TWD,116940.0,450.0,2026-07-02T10:07:56+08:00,2026-07-21,2026-07-05T04:37:56+08:00
ORD00106906,M006410,P00100,門市,paid,2,TWD,302231.0,750.0,2026-07-02T13:55:46+08:00,2026-09-28,2026-07-03T00:21:46+08:00
ORD00104392,M002862,P00259,app,created,2,TWD,270578.0,400.0,2026-07-02T12:03:05+08:00,2026-09-22,2026-07-04T18:41:05+08:00
ORD00104462,M002740,P00234,app,paid,1,TWD,9372.0,550.0,2026-07-02T12:24:24+08:00,2026-09-04,2026-07-04T15:16:24+08:00
ORD00076728,M000434,P00127,門市,completed,3,USD,5821.24,100.0,2026-05-18T10:15:24+08:00,2026-09-06,2026-07-02T10:46:41+08:00
ORD00104580,M002048,P00123,門市,paid,4,TWD,345440.0,700.0,2026-07-02T14:21:41+08:00,2026-07-29,2026-07-04T21:13:41+08:00
ORD00107839,M004370,P00018,web,created,4,TWD,577244.0,350.0,2026-07-02T01:14:12+08:00,2026-10-01,2026-07-04T19:14:12+08:00
ORD00104593,M001776,P00061,門市,created,4,TWD,715723.0,750.0,2026-07-02T16:50:40+08:00,2026-07-31,2026-07-03T00:13:40+08:00
ORD00104372,M005530,P00259,web,paid,3,TWD,336588.0,50.0,2026-07-02T16:02:40+08:00,2026-07-19,2026-07-04T23:10:40+08:00
ORD00106273,M000232,P00214,電銷,paid,3,USD,13166.69,300.0,2026-07-02T08:55:16+08:00,2026-09-12,2026-07-03T21:40:16+08:00
ORD00012335,M005578,P00010,門市,completed,4,TWD,561287.0,100.0,2026-06-17T03:04:02+08:00,2026-07-24,2026-07-02T17:47:09+08:00
ORD00106582,M003547,P00075,電銷,created,3,TWD,73646.0,450.0,2026-07-02T00:47:27+08:00,2026-07-18,2026-07-03T14:43:27+08:00
ORD00105060,M001520,P00050,app,paid,3,TWD,7707.0,900.0,2026-07-02T00:40:36+08:00,2026-09-16,2026-07-02T16:43:36+08:00
ORD00105411,M005343,P00044,app,paid,4,TWD,153533.0,200.0,2026-07-02T05:16:10+08:00,2026-09-24,2026-07-03T10:34:10+08:00
ORD00106806,M004018,P00084,app,paid,2,TWD,102381.0,950.0,2026-07-02T06:21:01+08:00,2026-08-28,2026-07-02T07:37:01+08:00
ORD00104130,M001797,P00290,門市,paid,4,JPY,2231781.0,700.0,2026-07-02T07:16:41+08:00,2026-08-08,2026-07-04T11:31:41+08:00
ORD00105011,M004391,P00298,電銷,paid,4,USD,16067.11,700.0,2026-07-02T17:55:56+08:00,2026-09-27,2026-07-03T18:22:56+08:00
ORD00105123,M003833,P00160,門市,paid,1,TWD,12321.0,250.0,2026-07-02T17:05:03+08:00,2026-09-07,2026-07-03T10:51:03+08:00
ORD00112014,M001365,P00181,app,paid,1,TWD,19335.0,250.0,2026-06-13T21:32:13+08:00,2026-08-26,2026-07-02T00:53:56+08:00
ORD00104199,M004043,P00046,電銷,paid,3,JPY,1111493.0,950.0,2026-07-02T13:25:25+08:00,2026-09-14,2026-07-02T21:56:25+08:00
ORD00106963,M007182,P00112,門市,created,2,JPY,66916.0,750.0,2026-07-02T14:59:09+08:00,2026-10-22,2026-07-02T22:00:09+08:00
ORD00104714,M001898,P00146,web,created,3,USD,2050.06,300.0,2026-07-02T05:43:17+08:00,2026-07-15,2026-07-04T07:20:17+08:00
ORD00104275,M006047,P00292,web,paid,2,USD,11729.99,400.0,2026-07-02T12:28:23+08:00,2026-09-26,2026-07-05T03:46:23+08:00
ORD00107351,M006730,P00268,電銷,paid,3,TWD,201587.0,250.0,2026-07-02T23:34:16+08:00,2026-10-06,2026-07-04T22:24:16+08:00
ORD00106590,M004580,P00159,門市,created,2,TWD,97838.0,400.0,2026-07-02T16:19:18+08:00,2026-10-01,2026-07-03T11:44:18+08:00
ORD00105141,M007104,P00101,app,created,1,USD,2073.72,50.0,2026-07-02T05:09:36+08:00,2026-09-28,2026-07-04T16:47:36+08:00
ORD00055125,M001433,P00007,web,completed,2,TWD,121383.0,150.0,2026-05-13T01:22:54+08:00,2026-08-26,2026-07-02T00:56:31+08:00
ORD00105811,M000429,P00266,app,paid,1,JPY,75471.0,450.0,2026-07-02T12:00:29+08:00,2026-08-21,2026-07-04T22:18:29+08:00
ORD00107028,M005577,P00021,app,created,3,TWD,573030.0,900.0,2026-07-02T18:12:41+08:00,2026-08-30,2026-07-05T06:30:41+08:00
ORD00078360,M000371,P00089,web,completed,4,USD,12726.99,250.0,2026-05-20T19:01:54+08:00,2026-09-05,2026-07-02T04:21:36+08:00
ORD00105097,M000395,P00261,電銷,paid,4,TWD,24367.0,400.0,2026-07-02T19:17:51+08:00,2026-07-22,2026-07-03T10:44:51+08:00
ORD00106141,M007041,P00176,門市,paid,2,TWD,275594.0,700.0,2026-07-02T11:55:07+08:00,2026-09-12,2026-07-04T06:25:07+08:00
ORD00107126,M005892,P00032,門市,created,4,TWD,498228.0,50.0,2026-07-02T06:38:13+08:00,2026-09-09,2026-07-03T13:49:13+08:00
ORD00104347,M002495,P00068,電銷,paid,2,TWD,160016.0,550.0,2026-07-02T05:04:50+08:00,2026-10-14,2026-07-03T11:28:50+08:00
ORD00106861,M007317,P00230,web,paid,4,TWD,726611.0,850.0,2026-07-02T01:39:15+08:00,2026-07-31,2026-07-02T15:57:15+08:00
ORD00106222,M003389,P00016,電銷,paid,4,TWD,381049.0,500.0,2026-07-02T22:16:18+08:00,2026-10-01,2026-07-04T18:20:18+08:00
ORD00105212,M007067,P00067,電銷,paid,1,USD,3131.52,850.0,2026-07-02T09:30:56+08:00,2026-08-14,2026-07-05T00:33:56+08:00
ORD00105679,M006510,P00168,門市,paid,2,TWD,302930.0,50.0,2026-07-02T18:24:54+08:00,2026-09-17,2026-07-03T23:58:54+08:00
ORD00106342,M001295,P00238,app,paid,4,USD,13745.11,150.0,2026-07-02T10:59:35+08:00,2026-10-15,2026-07-04T15:04:35+08:00
ORD00105216,M001309,P00245,電銷,created,1,TWD,121086.0,150.0,2026-07-02T13:41:11+08:00,2026-07-13,2026-07-04T14:13:11+08:00
ORD00104075,M002801,P00007,門市,paid,2,TWD,121620.0,300.0,2026-07-02T15:21:54+08:00,2026-07-20,2026-07-05T01:40:54+08:00
ORD00106710,M006435,P00298,app,paid,1,USD,3748.6,600.0,2026-07-02T07:09:10+08:00,2026-09-09,2026-07-05T01:09:10+08:00
ORD00106143,M004518,P00189,門市,paid,4,TWD,477540.0,250.0,2026-07-02T14:58:12+08:00,2026-10-15,2026-07-03T16:50:12+08:00
ORD00105714,M006975,P00024,web,created,3,TWD,278758.0,750.0,2026-07-02T19:26:09+08:00,2026-10-15,2026-07-03T23:02:09+08:00
ORD00106762,M006804,P00066,電銷,paid,2,TWD,333923.0,550.0,2026-07-02T10:40:21+08:00,2026-10-06,2026-07-04T15:34:21+08:00
ORD00106752,M004433,P00076,電銷,created,1,USD,154.41,500.0,2026-07-02T13:02:19+08:00,2026-07-09,2026-07-02T16:25:19+08:00
ORD00104973,M003162,P00192,app,paid,2,TWD,488129.0,600.0,2026-07-02T06:38:14+08:00,2026-07-20,2026-07-04T14:22:14+08:00
ORD00106307,M005928,P00081,app,paid,3,TWD,328362.0,100.0,2026-07-02T12:00:17+08:00,2026-10-28,2026-07-04T17:05:17+08:00
ORD00106913,M001250,P00264,web,created,2,TWD,17199.0,550.0,2026-07-02T13:11:00+08:00,2026-08-25,2026-07-04T23:47:00+08:00
ORD00037301,M005835,P00278,電銷,cancelled,1,JPY,913783.0,600.0,2026-05-04T03:33:42+08:00,2026-07-04,2026-07-02T11:01:20+08:00
ORD00105934,M006584,P00142,門市,paid,4,JPY,3457574.0,400.0,2026-07-02T22:37:25+08:00,2026-08-17,2026-07-05T04:46:25+08:00
ORD00106010,M007508,P00173,web,paid,4,JPY,164862.0,100.0,2026-07-02T16:31:12+08:00,2026-09-10,2026-07-03T07:14:12+08:00
ORD00106536,M007969,P00091,門市,created,1,TWD,104542.0,600.0,2026-07-02T00:55:52+08:00,2026-08-26,2026-07-04T09:17:52+08:00
ORD00068862,M002268,P00140,app,cancelled,4,TWD,192176.0,600.0,2026-06-08T04:52:45+08:00,2026-07-07,2026-07-02T22:15:49+08:00
ORD00105372,M007503,P00122,web,paid,1,TWD,196431.0,700.0,2026-07-02T04:11:55+08:00,2026-10-05,2026-07-04T14:18:18+08:00
ORD00105808,M000532,P00074,門市,paid,1,TWD,163068.0,350.0,2026-07-02T04:18:04+08:00,2026-08-15,2026-07-02T10:46:04+08:00
ORD00023347,M004926,P00234,app,completed,3,TWD,25542.0,200.0,2026-06-13T12:34:43+08:00,2026-07-27,2026-07-02T21:24:00+08:00
ORD00106755,M005478,P00293,電銷,created,1,TWD,57022.0,0.0,2026-07-02T02:53:59+08:00,2026-10-18,2026-07-02T21:50:59+08:00
ORD00106025,M002797,P00191,web,created,1,TWD,140467.0,600.0,2026-07-02T18:52:30+08:00,2026-09-04,2026-07-04T02:20:30+08:00
ORD00107642,M007480,P00109,web,created,4,JPY,973830.0,50.0,2026-07-02T02:11:30+08:00,2026-10-04,2026-07-02T19:03:30+08:00
ORD00106377,M005840,P00164,app,created,3,TWD,102986.0,550.0,2026-07-02T19:30:53+08:00,2026-08-20,2026-07-04T02:08:53+08:00
ORD00106305,M007692,P00080,web,paid,2,TWD,263816.0,200.0,2026-07-02T20:46:22+08:00,2026-07-21,2026-07-05T14:04:22+08:00
ORD00105924,M004424,P00149,電銷,created,1,USD,5772.56,150.0,2026-07-02T15:21:17+08:00,2026-10-21,2026-07-02T23:46:17+08:00
ORD00104685,M006585,P00210,門市,paid,4,USD,17279.88,50.0,2026-07-02T22:56:33+08:00,2026-10-18,2026-07-05T04:33:33+08:00
ORD00104444,M003794,P00072,電銷,paid,2,TWD,36886.0,150.0,2026-07-02T21:46:49+08:00,2026-10-23,2026-07-03T01:42:49+08:00
ORD00106912,M003703,P00265,web,paid,2,USD,10197.29,700.0,2026-07-02T11:33:32+08:00,2026-07-30,2026-07-02T22:35:32+08:00
ORD00107122,M002073,P00021,門市,paid,3,TWD,591638.0,700.0,2026-07-02T16:15:38+08:00,2026-08-06,2026-07-05T01:17:38+08:00
ORD00107876,M007856,P00057,門市,created,1,TWD,110629.0,400.0,2026-07-02T10:42:04+08:00,2026-07-17,2026-07-02T11:03:04+08:00
ORD00104606,M002190,P00150,web,paid,2,JPY,1819510.0,350.0,2026-07-02T20:57:16+08:00,2026-10-23,2026-07-03T17:42:16+08:00
ORD00104219,M007503,P00173,電銷,paid,1,JPY,34272.0,600.0,2026-07-02T02:51:43+08:00,2026-10-29,2026-07-04T15:44:43+08:00
ORD00050424,M004270,P00087,門市,completed,2,TWD,383982.0,250.0,2026-05-15T10:07:16+08:00,2026-07-09,2026-07-02T22:45:48+08:00
ORD00107364,M003099,P00281,門市,created,2,TWD,341938.0,50.0,2026-07-02T08:07:54+08:00,2026-07-22,2026-07-02T09:29:54+08:00
ORD00104373,M002176,P00285,web,created,4,TWD,494356.0,250.0,2026-07-02T02:50:52+08:00,2026-09-06,2026-07-03T23:34:52+08:00
ORD00104637,M003883,P00155,電銷,paid,2,TWD,85594.0,600.0,2026-07-02T11:45:34+08:00,2026-09-11,2026-07-04T14:09:34+08:00
ORD00107137,M006053,P00111,門市,created,3,USD,8002.01,200.0,2026-07-02T23:32:50+08:00,2026-09-08,2026-07-03T12:18:50+08:00
ORD00105132,M004384,P00172,web,paid,2,USD,8066.13,400.0,2026-07-02T01:53:37+08:00,2026-07-26,2026-07-02T14:34:37+08:00
ORD00105745,M001646,P00172,電銷,paid,2,USD,7699.68,950.0,2026-07-02T18:58:53+08:00,2026-10-05,2026-07-05T10:46:53+08:00
ORD00106226,M002333,P00242,web,paid,1,TWD,30903.0,0.0,2026-07-02T12:05:52+08:00,2026-10-09,2026-07-05T03:46:52+08:00
ORD00012638,M004022,P00212,web,cancelled,3,USD,2264.34,200.0,2026-05-09T15:42:07+08:00,2026-07-08,2026-07-02T17:37:12+08:00
ORD00106329,M004455,P00282,app,paid,3,TWD,660821.0,50.0,2026-07-02T03:19:16+08:00,2026-08-17,2026-07-04T17:44:16+08:00
ORD00106097,M004835,P00109,app,paid,1,TWD,39954.0,600.0,2026-07-02T18:39:03+08:00,2026-08-24,2026-07-04T17:20:03+08:00
ORD00106843,M006968,P00110,web,paid,1,TWD,182631.0,250.0,2026-07-02T22:05:39+08:00,2026-08-21,2026-07-03T04:57:39+08:00
ORD00105545,M001103,P00194,電銷,created,4,JPY,1434403.0,0.0,2026-07-02T18:58:19+08:00,2026-08-05,2026-07-03T13:07:19+08:00
ORD00105681,M002755,P00181,web,created,1,USD,602.92,900.0,2026-07-02T20:25:29+08:00,2026-08-06,2026-07-03T04:33:29+08:00
ORD00106604,M005448,P00120,app,paid,4,TWD,426826.0,500.0,2026-07-02T15:39:29+08:00,2026-08-31,2026-07-04T21:10:29+08:00
ORD00107315,M007507,P00188,電銷,created,3,TWD,202393.0,650.0,2026-07-02T10:39:07+08:00,2026-07-12,2026-07-04T14:00:07+08:00
ORD00106024,M001773,P00037,web,paid,1,TWD,120800.0,550.0,2026-07-02T03:43:56+08:00,2026-07-30,2026-07-04T15:06:56+08:00
ORD00107144,M006347,P00052,電銷,paid,4,TWD,333815.0,750.0,2026-07-02T17:34:45+08:00,2026-09-15,2026-07-03T13:54:45+08:00
ORD00062661,M006821,P00015,web,cancelled,1,TWD,64541.0,300.0,2026-06-24T14:50:22+08:00,2026-10-21,2026-07-02T13:55:07+08:00
ORD00013347,M007265,P00149,web,completed,4,TWD,759086.0,600.0,2026-06-19T14:05:44+08:00,2026-10-04,2026-07-02T19:46:29+08:00
ORD00106091,M000149,P00127,app,created,3,JPY,735139.0,0.0,2026-07-02T13:37:20+08:00,2026-09-08,2026-07-02T21:24:20+08:00
ORD00106812,M005770,P00117,門市,created,2,TWD,296690.0,900.0,2026-07-02T20:06:46+08:00,2026-07-24,2026-07-04T17:20:46+08:00
ORD00104111,M006319,P00042,app,paid,2,USD,7912.59,700.0,2026-07-02T10:22:06+08:00,2026-08-06,2026-07-02T20:19:06+08:00
ORD00105694,M000324,P00016,門市,paid,2,TWD,178594.0,950.0,2026-07-02T23:36:05+08:00,2026-07-31,2026-07-04T03:47:05+08:00
ORD00070669,M007856,P00116,門市,completed,3,TWD,252119.0,800.0,2026-06-29T23:22:12+08:00,2026-08-20,2026-07-02T16:51:10+08:00
ORD00106242,M000983,P00089,門市,paid,1,TWD,100766.0,600.0,2026-07-02T07:04:44+08:00,2026-09-27,2026-07-03T16:06:44+08:00
ORD00107980,M005520,P00034,web,paid,1,TWD,25032.0,900.0,2026-07-02T07:24:29+08:00,2026-09-29,2026-07-03T05:44:29+08:00
ORD00105351,M005107,P00081,app,created,2,USD,9110.58,500.0,2026-07-02T13:28:45+08:00,2026-08-30,2026-07-04T17:13:45+08:00
ORD00105846,M005642,P00150,app,created,2,TWD,293172.0,200.0,2026-07-02T16:45:34+08:00,2026-09-13,2026-07-03T13:48:34+08:00
ORD00106658,M003787,P00068,電銷,paid,3,TWD,278729.0,150.0,2026-07-02T03:09:07+08:00,2026-10-05,2026-07-03T13:10:07+08:00
ORD00005065,M007008,P00125,電銷,cancelled,1,USD,1878.7,650.0,2026-06-05T08:17:48+08:00,2026-09-30,2026-07-02T08:35:05+08:00
ORD00105734,M005756,P00025,web,created,3,USD,15591.03,300.0,2026-07-02T17:03:54+08:00,2026-09-22,2026-07-04T03:33:54+08:00
ORD00105814,M004569,P00244,web,paid,4,TWD,234223.0,50.0,2026-07-02T11:49:45+08:00,2026-10-12,2026-07-02T13:58:45+08:00
ORD00107785,M003970,P00091,電銷,paid,1,JPY,554365.0,350.0,2026-07-02T21:34:59+08:00,2026-09-29,2026-07-04T00:08:59+08:00
ORD00107875,M006975,P00155,web,created,2,TWD,84383.0,850.0,2026-07-02T15:03:19+08:00,2026-09-09,2026-07-03T01:53:19+08:00
ORD00107570,M004661,P00261,app,paid,3,TWD,12799.0,750.0,2026-07-02T10:29:04+08:00,2026-10-17,2026-07-04T07:58:04+08:00
ORD00112018,M002344,P00121,門市,paid,1,JPY,117705.0,850.0,2026-06-13T09:19:27+08:00,2026-07-22,2026-07-02T10:40:15+08:00
ORD00107812,M003516,P00020,web,paid,2,TWD,142920.0,300.0,2026-07-02T14:22:20+08:00,2026-08-12,2026-07-04T10:00:20+08:00
ORD00104082,M000015,P00037,web,paid,4,TWD,539688.0,200.0,2026-07-02T15:21:28+08:00,2026-09-21,2026-07-05T09:00:28+08:00
ORD00105639,M001186,P00202,app,paid,4,USD,14325.55,100.0,2026-07-02T02:07:58+08:00,2026-07-13,2026-07-04T15:15:58+08:00
ORD00112049,M007609,P00089,app,paid,4,TWD,394820.0,400.0,2026-06-21T12:58:24+08:00,2026-07-17,2026-07-02T02:51:40+08:00
ORD00107657,M000062,P00035,電銷,paid,3,TWD,502967.0,850.0,2026-07-02T21:30:19+08:00,2026-07-23,2026-07-03T12:24:19+08:00
ORD00105048,M002651,P00060,web,created,4,JPY,2661193.0,150.0,2026-07-02T20:11:35+08:00,2026-08-16,2026-07-03T14:21:35+08:00
ORD00107050,M003880,P00281,app,paid,4,TWD,788679.0,100.0,2026-07-02T04:47:40+08:00,2026-07-22,2026-07-03T01:56:40+08:00
ORD00106836,M006583,P00249,web,created,1,USD,2282.58,400.0,2026-07-02T07:42:03+08:00,2026-09-01,2026-07-03T17:18:03+08:00
ORD00104566,M005212,P00235,app,created,2,JPY,610227.0,0.0,2026-07-02T03:52:45+08:00,2026-07-19,2026-07-03T07:44:45+08:00
ORD00024282,M005621,P00246,app,cancelled,3,TWD,390420.0,900.0,2026-05-18T11:35:23+08:00,2026-08-03,2026-07-02T16:24:30+08:00
ORD00104464,M003571,P00026,app,paid,2,JPY,1258097.0,300.0,2026-07-02T09:13:37+08:00,2026-09-28,2026-07-05T02:47:37+08:00
ORD00104204,M006152,P00266,電銷,created,3,TWD,51114.0,800.0,2026-07-02T05:36:12+08:00,2026-08-21,2026-07-04T17:57:12+08:00
ORD00105633,M004430,P00031,電銷,paid,4,TWD,834151.0,200.0,2026-07-02T13:35:31+08:00,2026-09-16,2026-07-02T15:41:31+08:00
ORD00105910,M000067,P00185,電銷,paid,4,TWD,675111.0,600.0,2026-07-02T02:17:25+08:00,2026-10-10,2026-07-04T08:54:25+08:00
ORD00011739,M003902,P00291,電銷,cancelled,4,TWD,104706.0,700.0,2026-05-03T05:55:52+08:00,2026-05-25,2026-07-02T08:47:48+08:00
ORD00104380,M007055,P00147,門市,paid,1,TWD,155693.0,750.0,2026-07-02T10:09:08+08:00,2026-10-12,2026-07-02T12:59:08+08:00
ORD00106730,M007614,P00134,門市,created,1,TWD,130839.0,950.0,2026-07-02T19:35:56+08:00,2026-08-24,2026-07-04T08:07:56+08:00
ORD00106061,M007741,P00176,web,created,4,TWD,625319.0,700.0,2026-07-02T09:09:50+08:00,2026-09-06,2026-07-03T08:11:50+08:00
ORD00105468,M004454,P00230,電銷,paid,4,JPY,3827568.0,350.0,2026-07-02T21:18:07+08:00,2026-07-09,2026-07-04T20:25:07+08:00
ORD00106268,M002618,P00083,門市,paid,2,TWD,263871.0,550.0,2026-07-02T03:33:20+08:00,2026-09-11,2026-07-04T03:38:20+08:00
ORD00042154,M006416,P00286,電銷,cancelled,3,JPY,2891563.0,900.0,2026-05-18T16:47:56+08:00,2026-07-31,2026-07-02T20:31:44+08:00
ORD00068493,M004781,P00228,web,completed,1,USD,3391.25,100.0,2026-05-09T05:15:07+08:00,2026-08-04,2026-07-02T23:44:40+08:00
ORD00107955,M001882,P00053,電銷,created,3,USD,9088.31,750.0,2026-07-02T05:11:04+08:00,2026-08-06,2026-07-02T12:29:04+08:00
ORD00106769,M001968,P00267,電銷,paid,3,TWD,511665.0,900.0,2026-07-02T07:00:09+08:00,2026-08-27,2026-07-04T16:29:09+08:00
ORD00104195,M003056,P00283,app,paid,1,TWD,23689.0,100.0,2026-07-02T05:38:19+08:00,2026-08-08,2026-07-02T16:10:19+08:00
ORD00106529,M001312,P00184,app,paid,2,TWD,355800.0,250.0,2026-07-02T18:01:35+08:00,2026-08-06,2026-07-03T10:15:35+08:00
ORD00106506,M001539,P00210,web,paid,4,TWD,678716.0,450.0,2026-07-02T17:45:19+08:00,2026-10-27,2026-07-04T12:53:19+08:00
ORD00107555,M002445,P00012,電銷,created,4,TWD,363035.0,750.0,2026-07-02T08:00:20+08:00,2026-08-20,2026-07-03T23:47:20+08:00
ORD00104356,M000210,P00079,web,created,4,TWD,153406.0,0.0,2026-07-02T04:48:10+08:00,2026-07-28,2026-07-04T05:38:10+08:00
ORD00104250,M005686,P00016,門市,paid,4,USD,9794.61,850.0,2026-07-02T06:41:09+08:00,2026-10-04,2026-07-03T23:26:09+08:00
ORD00106778,M005730,P00205,web,paid,1,TWD,11362.0,500.0,2026-07-02T17:59:12+08:00,2026-10-14,2026-07-03T03:13:12+08:00
ORD00105046,M006670,P00109,門市,paid,2,TWD,92374.0,550.0,2026-07-02T05:27:21+08:00,2026-07-17,2026-07-02T11:11:21+08:00
ORD00107746,M003942,P00084,電銷,paid,1,TWD,51615.0,900.0,2026-07-02T22:27:20+08:00,2026-09-23,2026-07-03T11:45:20+08:00
ORD00112059,M001615,P00151,電銷,paid,1,TWD,83037.0,750.0,2026-06-10T23:20:09+08:00,2026-08-08,2026-07-02T12:45:44+08:00
ORD00106835,M006707,P00182,app,paid,2,TWD,14119.0,300.0,2026-07-02T13:56:55+08:00,2026-07-15,2026-07-02T21:52:55+08:00
ORD00107662,M007688,P00103,電銷,created,2,JPY,229453.0,550.0,2026-07-02T16:43:02+08:00,2026-07-12,2026-07-04T22:14:02+08:00
ORD00038290,M001794,P00215,門市,cancelled,2,TWD,86104.0,200.0,2026-06-28T13:10:04+08:00,2026-09-01,2026-07-02T12:13:58+08:00
ORD00104253,M005048,P00290,門市,paid,3,TWD,449352.0,250.0,2026-07-02T00:46:39+08:00,2026-07-23,2026-07-04T15:14:39+08:00
ORD00045095,M000072,P00105,web,cancelled,3,TWD,187974.0,700.0,2026-05-24T00:02:40+08:00,2026-06-09,2026-07-02T01:44:55+08:00
ORD00106289,M001007,P00155,app,paid,3,TWD,140342.0,950.0,2026-07-02T16:43:23+08:00,2026-10-07,2026-07-04T07:44:23+08:00
ORD00106068,M007695,P00280,門市,created,3,TWD,422151.0,650.0,2026-07-02T05:37:06+08:00,2026-10-21,2026-07-02T21:25:06+08:00
ORD00106309,M004373,P00026,門市,paid,1,TWD,109671.0,600.0,2026-07-02T03:43:26+08:00,2026-10-23,2026-07-02T10:45:26+08:00
ORD00100117,M001920,P00074,app,paid,1,TWD,144466.0,950.0,2026-07-01T11:06:50+08:00,2026-10-06,2026-07-04T05:19:50+08:00
ORD00112058,M001068,P00165,電銷,paid,1,JPY,348483.0,700.0,2026-06-20T16:27:03+08:00,2026-07-18,2026-07-02T00:14:26+08:00
ORD00104690,M007642,P00100,門市,paid,2,TWD,313901.0,350.0,2026-07-02T23:25:07+08:00,2026-10-25,2026-07-04T15:35:07+08:00
ORD00104210,M002856,P00224,web,created,3,USD,10052.92,800.0,2026-07-02T08:02:35+08:00,2026-08-25,2026-07-04T01:40:35+08:00
ORD00106356,M002353,P00082,app,paid,2,TWD,368500.0,800.0,2026-07-02T06:18:20+08:00,2026-08-07,2026-07-02T17:58:20+08:00
ORD00105273,M001071,P00145,web,paid,4,TWD,342849.0,400.0,2026-07-02T15:59:41+08:00,2026-08-21,2026-07-04T23:29:41+08:00
ORD00107798,M007244,P00019,電銷,created,2,TWD,223448.0,800.0,2026-07-02T01:41:47+08:00,2026-08-19,2026-07-03T07:55:47+08:00
ORD00051981,M001804,P00142,web,cancelled,4,TWD,688175.0,700.0,2026-05-29T20:55:10+08:00,2026-07-10,2026-07-02T19:07:09+08:00
ORD00105280,M000424,P00241,app,paid,2,TWD,414492.0,750.0,2026-07-02T01:22:25+08:00,2026-07-18,2026-07-02T15:32:25+08:00
ORD00042139,M004336,P00248,web,completed,2,TWD,44796.0,300.0,2026-05-22T23:07:25+08:00,2026-06-16,2026-07-02T19:23:18+08:00
ORD00030439,M007658,P00189,web,cancelled,2,TWD,171533.0,300.0,2026-06-04T20:34:16+08:00,2026-06-28,2026-07-02T00:45:43+08:00
ORD00106632,M003622,P00017,web,created,4,JPY,3345011.0,750.0,2026-07-02T15:17:20+08:00,2026-10-13,2026-07-04T11:20:20+08:00
ORD00106285,M005704,P00204,門市,created,4,TWD,728940.0,300.0,2026-07-02T15:38:16+08:00,2026-07-13,2026-07-03T21:54:16+08:00
ORD00104113,M005850,P00271,電銷,paid,4,TWD,106526.0,750.0,2026-07-02T19:23:35+08:00,2026-08-27,2026-07-02T23:55:35+08:00
ORD00021859,M001756,P00193,電銷,completed,3,JPY,2554564.0,700.0,2026-06-30T02:40:45+08:00,2026-07-24,2026-07-02T06:01:05+08:00
ORD00106887,M000258,P00192,app,paid,4,TWD,859453.0,400.0,2026-07-02T09:58:36+08:00,2026-08-29,2026-07-03T14:49:36+08:00
ORD00107129,M005713,P00213,門市,paid,4,TWD,497082.0,600.0,2026-07-02T10:10:26+08:00,2026-10-05,2026-07-03T22:17:26+08:00
ORD00106668,M002969,P00091,門市,paid,2,JPY,1219066.0,250.0,2026-07-02T21:44:39+08:00,2026-10-07,2026-07-04T10:11:39+08:00
ORD00104496,M005919,P00239,門市,paid,1,USD,3982.72,0.0,2026-07-02T02:44:58+08:00,2026-10-12,2026-07-03T22:38:58+08:00
ORD00107376,M006804,P00251,web,paid,3,USD,12662.54,150.0,2026-07-02T03:20:52+08:00,2026-08-12,2026-07-03T04:19:52+08:00
ORD00106078,M005479,P00257,web,paid,4,USD,5427.07,950.0,2026-07-02T09:56:18+08:00,2026-10-09,2026-07-02T14:56:18+08:00
ORD00107093,M006026,P00082,web,paid,1,JPY,823030.0,300.0,2026-07-02T15:02:52+08:00,2026-08-09,2026-07-04T03:00:52+08:00
ORD00105870,M007939,P00156,門市,created,2,TWD,427791.0,300.0,2026-07-02T11:53:57+08:00,2026-09-05,2026-07-03T10:57:57+08:00
ORD00011257,M000853,P00165,app,cancelled,2,TWD,169695.0,650.0,2026-06-03T05:52:16+08:00,2026-07-31,2026-07-02T00:35:46+08:00
ORD00106656,M007202,P00213,web,paid,3,USD,12356.48,0.0,2026-07-02T05:13:33+08:00,2026-10-09,2026-07-04T19:02:33+08:00
ORD00105171,M003021,P00251,門市,paid,3,TWD,286332.0,300.0,2026-07-02T10:26:24+08:00,2026-10-05,2026-07-05T02:59:24+08:00
ORD00064248,M003401,P00031,web,completed,2,USD,12933.68,550.0,2026-06-28T22:57:07+08:00,2026-07-27,2026-07-02T14:31:38+08:00
ORD00107826,M006922,P00242,web,paid,4,TWD,128789.0,150.0,2026-07-02T17:15:07+08:00,2026-10-05,2026-07-04T07:06:07+08:00
ORD00104929,M001509,P00036,app,paid,2,USD,5407.2,800.0,2026-07-02T00:25:36+08:00,2026-07-22,2026-07-04T00:28:36+08:00
ORD00106973,M001294,P00079,電銷,created,1,TWD,38243.0,200.0,2026-07-02T15:02:48+08:00,2026-09-29,2026-07-02T20:03:48+08:00
ORD00104500,M000192,P00092,門市,created,4,TWD,627280.0,450.0,2026-07-02T14:49:10+08:00,2026-08-19,2026-07-03T19:58:10+08:00
ORD00105621,M000561,P00295,電銷,created,2,TWD,128995.0,600.0,2026-07-02T22:53:56+08:00,2026-07-22,2026-07-03T06:22:56+08:00
ORD00105923,M006202,P00078,門市,paid,1,JPY,510401.0,800.0,2026-07-02T08:36:16+08:00,2026-10-22,2026-07-03T20:43:16+08:00
ORD00107747,M001511,P00066,電銷,paid,1,USD,5469.69,600.0,2026-07-02T05:52:41+08:00,2026-07-17,2026-07-04T10:45:41+08:00
ORD00106877,M006218,P00105,app,paid,4,TWD,212678.0,950.0,2026-07-02T04:30:16+08:00,2026-10-06,2026-07-04T11:21:16+08:00
ORD00107396,M002645,P00132,app,paid,2,USD,3532.52,650.0,2026-07-02T00:22:27+08:00,2026-10-14,2026-07-04T05:06:27+08:00
ORD00107717,M003800,P00094,web,created,3,TWD,506908.0,500.0,2026-07-02T22:07:19+08:00,2026-10-08,2026-07-03T20:51:19+08:00
ORD00014091,M002930,P00113,web,completed,1,TWD,178360.0,800.0,2026-05-29T13:27:25+08:00,2026-09-06,2026-07-02T22:16:29+08:00
ORD00105857,M001984,P00028,電銷,paid,2,USD,8061.16,700.0,2026-07-02T22:16:39+08:00,2026-07-16,2026-07-04T04:24:39+08:00
ORD00107444,M001053,P00052,web,paid,4,USD,12113.83,750.0,2026-07-02T10:17:46+08:00,2026-10-21,2026-07-04T20:23:46+08:00
ORD00107816,M004107,P00032,web,paid,2,TWD,222180.0,100.0,2026-07-02T06:38:21+08:00,2026-07-19,2026-07-03T22:52:21+08:00
ORD00000329,M006503,P00048,電銷,completed,4,TWD,408009.0,950.0,2026-05-20T08:01:20+08:00,2026-06-26,2026-07-02T14:40:22+08:00
ORD00093671,M000592,P00232,web,completed,3,USD,17709.6,100.0,2026-06-19T13:06:32+08:00,2026-10-12,2026-07-02T17:20:37+08:00
ORD00104138,M002749,P00300,web,paid,1,USD,3479.26,900.0,2026-07-02T15:54:32+08:00,2026-09-21,2026-07-04T05:22:32+08:00
ORD00090398,M007265,P00044,app,completed,1,TWD,32570.0,300.0,2026-06-03T14:08:28+08:00,2026-08-19,2026-07-02T23:21:14+08:00
ORD00107478,M003898,P00067,門市,paid,3,TWD,358935.0,900.0,2026-07-02T15:37:04+08:00,2026-10-09,2026-07-03T01:18:04+08:00
ORD00075799,M007223,P00051,電銷,cancelled,1,TWD,173051.0,800.0,2026-06-04T23:29:19+08:00,2026-08-19,2026-07-02T12:08:20+08:00
ORD00105908,M004016,P00286,門市,created,3,USD,17872.14,300.0,2026-07-02T02:34:20+08:00,2026-08-15,2026-07-04T13:59:20+08:00
ORD00107521,M003752,P00211,門市,paid,1,TWD,94388.0,850.0,2026-07-02T00:49:43+08:00,2026-09-02,2026-07-02T04:23:43+08:00
ORD00105810,M006378,P00213,門市,paid,1,USD,3648.51,150.0,2026-07-02T01:57:56+08:00,2026-10-16,2026-07-02T06:07:56+08:00
ORD00107460,M002052,P00131,門市,created,2,TWD,359672.0,700.0,2026-07-02T20:37:20+08:00,2026-09-08,2026-07-04T03:04:20+08:00
ORD00107330,M004053,P00258,app,paid,2,TWD,269888.0,300.0,2026-07-02T05:05:09+08:00,2026-10-06,2026-07-03T13:40:09+08:00
ORD00107644,M001416,P00002,app,paid,2,JPY,721558.0,650.0,2026-07-02T17:07:38+08:00,2026-08-14,2026-07-03T17:11:38+08:00
ORD00104936,M000834,P00059,web,paid,3,USD,10107.65,100.0,2026-07-02T08:53:02+08:00,2026-10-09,2026-07-04T09:09:02+08:00
ORD00104184,M001288,P00193,門市,paid,4,TWD,722212.0,750.0,2026-07-02T01:28:21+08:00,2026-07-10,2026-07-02T08:54:21+08:00
ORD00106731,M001260,P00015,app,created,2,TWD,149012.0,950.0,2026-07-02T07:00:24+08:00,2026-09-23,2026-07-02T15:40:24+08:00
ORD00107973,M007619,P00187,門市,paid,1,TWD,30635.0,600.0,2026-07-02T10:16:21+08:00,2026-09-24,2026-07-04T06:29:21+08:00
ORD00104867,M005340,P00274,電銷,paid,1,TWD,109422.0,500.0,2026-07-02T10:58:19+08:00,2026-09-26,2026-07-02T17:14:19+08:00
ORD00054747,M000532,P00242,app,cancelled,3,TWD,93445.0,300.0,2026-06-15T05:16:20+08:00,2026-07-20,2026-07-02T22:54:34+08:00
ORD00105969,M002362,P00197,app,created,1,TWD,65770.0,800.0,2026-07-02T17:39:49+08:00,2026-07-17,2026-07-05T03:28:49+08:00
ORD00105695,M000707,P00248,電銷,paid,3,USD,1837.25,50.0,2026-07-02T01:59:45+08:00,2026-10-26,2026-07-04T20:29:45+08:00
ORD00083907,M000773,P00284,web,cancelled,4,USD,21403.02,250.0,2026-06-01T21:17:26+08:00,2026-06-19,2026-07-02T08:33:26+08:00
ORD00105871,M003701,P00142,門市,paid,1,TWD,169258.0,250.0,2026-07-02T06:34:55+08:00,2026-10-19,2026-07-03T05:32:55+08:00
ORD00104914,M004243,P00269,app,paid,4,USD,7020.98,350.0,2026-07-02T22:19:06+08:00,2026-08-02,2026-07-03T19:30:06+08:00
ORD00104543,M006020,P00037,電銷,paid,4,TWD,509393.0,200.0,2026-07-02T23:25:02+08:00,2026-10-02,2026-07-03T20:58:02+08:00
ORD00104508,M007390,P00081,web,paid,3,USD,13327.05,50.0,2026-07-02T00:48:08+08:00,2026-09-27,2026-07-02T23:20:08+08:00
ORD00032328,M003878,P00193,app,completed,2,TWD,295596.0,450.0,2026-05-07T16:20:43+08:00,2026-08-23,2026-07-02T12:33:06+08:00
ORD00107465,M001945,P00196,電銷,created,2,JPY,466626.0,400.0,2026-07-02T23:47:43+08:00,2026-10-22,2026-07-05T09:41:43+08:00
ORD00107953,M007154,P00156,web,created,4,TWD,726617.0,750.0,2026-07-02T01:55:57+08:00,2026-10-14,2026-07-04T09:05:57+08:00
ORD00107837,M000445,P00151,電銷,paid,3,USD,6292.08,400.0,2026-07-02T19:25:15+08:00,2026-07-18,2026-07-03T09:26:15+08:00
ORD00104161,M005179,P00239,web,paid,1,TWD,179992.0,450.0,2026-07-02T10:53:46+08:00,2026-09-06,2026-07-03T13:30:46+08:00
ORD00106472,M004681,P00154,門市,paid,1,JPY,528163.0,50.0,2026-07-02T02:29:23+08:00,2026-08-04,2026-07-02T10:29:23+08:00
ORD00107893,M002207,P00229,電銷,paid,4,TWD,697257.0,350.0,2026-07-02T01:41:22+08:00,2026-10-07,2026-07-04T02:33:22+08:00
ORD00106611,M003098,P00155,電銷,created,4,TWD,197289.0,250.0,2026-07-02T04:37:32+08:00,2026-09-26,2026-07-03T08:35:32+08:00
ORD00107542,M003526,P00245,web,paid,4,TWD,500672.0,200.0,2026-07-02T09:25:32+08:00,2026-09-09,2026-07-03T19:06:32+08:00
ORD00104740,M003825,P00231,app,paid,1,TWD,140304.0,800.0,2026-07-02T02:38:25+08:00,2026-07-15,2026-07-02T18:20:25+08:00
ORD00104125,M000939,P00287,電銷,paid,1,USD,4172.07,50.0,2026-07-02T12:26:11+08:00,2026-08-16,2026-07-05T00:40:11+08:00
ORD00104688,M007297,P00115,電銷,paid,2,TWD,342472.0,700.0,2026-07-02T03:05:11+08:00,2026-08-06,2026-07-04T11:38:11+08:00
ORD00106760,M002900,P00157,電銷,created,1,TWD,74960.0,0.0,2026-07-02T15:21:13+08:00,2026-08-23,2026-07-04T02:17:13+08:00
ORD00104099,M002145,P00088,app,paid,4,USD,9374.88,350.0,2026-07-02T06:29:32+08:00,2026-08-28,2026-07-04T13:13:32+08:00
ORD00106927,M003774,P00161,app,paid,3,TWD,512400.0,100.0,2026-07-02T04:57:30+08:00,2026-08-04,2026-07-03T08:45:30+08:00
ORD00112004,M000660,P00296,電銷,paid,1,TWD,6948.0,450.0,2026-06-13T20:55:00+08:00,2026-08-29,2026-07-02T13:09:22+08:00
ORD00105766,M007554,P00118,門市,created,4,USD,16167.7,200.0,2026-07-02T22:52:27+08:00,2026-07-31,2026-07-03T13:47:27+08:00
ORD00032978,M005318,P00076,web,cancelled,1,TWD,4177.0,500.0,2026-06-10T13:57:17+08:00,2026-08-26,2026-07-02T23:31:55+08:00
ORD00097322,M007956,P00176,門市,completed,1,TWD,162333.0,500.0,2026-05-30T18:32:43+08:00,2026-09-10,2026-07-02T04:12:34+08:00
ORD00105944,M006109,P00190,web,created,4,TWD,621323.0,650.0,2026-07-02T16:30:08+08:00,2026-09-11,2026-07-04T13:42:08+08:00
ORD00096589,M002066,P00069,電銷,cancelled,1,JPY,832069.0,550.0,2026-06-01T02:58:57+08:00,2026-07-16,2026-07-02T04:11:02+08:00
ORD00105116,M003534,P00013,web,paid,4,TWD,578490.0,250.0,2026-07-02T03:21:33+08:00,2026-10-15,2026-07-02T19:04:33+08:00
ORD00107522,M002033,P00244,電銷,paid,3,TWD,159549.0,100.0,2026-07-02T05:50:02+08:00,2026-08-23,2026-07-02T13:56:02+08:00
ORD00105601,M005780,P00263,app,created,2,JPY,1060572.0,400.0,2026-07-02T20:06:40+08:00,2026-10-14,2026-07-04T16:19:40+08:00
ORD00104607,M001908,P00101,app,paid,4,TWD,248109.0,150.0,2026-07-02T15:53:32+08:00,2026-10-02,2026-07-03T05:03:32+08:00
ORD00106365,M004775,P00040,門市,paid,2,JPY,716332.0,0.0,2026-07-02T14:43:45+08:00,2026-07-26,2026-07-04T08:46:45+08:00
ORD00106125,M005841,P00008,門市,created,3,TWD,301342.0,50.0,2026-07-02T09:36:42+08:00,2026-09-15,2026-07-05T02:09:42+08:00
ORD00104680,M007131,P00022,web,paid,1,USD,1490.96,650.0,2026-07-02T11:27:57+08:00,2026-09-10,2026-07-04T02:30:57+08:00
ORD00105980,M001361,P00106,app,paid,2,TWD,98553.0,550.0,2026-07-02T19:23:24+08:00,2026-08-31,2026-07-04T16:02:24+08:00
ORD00106794,M005914,P00264,電銷,paid,2,TWD,21024.0,650.0,2026-07-02T18:00:20+08:00,2026-08-23,2026-07-03T16:11:20+08:00
ORD00107043,M002224,P00265,門市,created,2,TWD,392511.0,50.0,2026-07-02T06:03:12+08:00,2026-07-27,2026-07-04T06:57:12+08:00
ORD00104242,M006988,P00292,app,paid,2,TWD,296618.0,850.0,2026-07-02T06:13:43+08:00,2026-10-23,2026-07-02T15:00:43+08:00
ORD00107025,M004850,P00182,web,paid,1,JPY,42424.0,600.0,2026-07-02T21:24:47+08:00,2026-09-20,2026-07-03T13:00:47+08:00
ORD00107237,M004993,P00069,門市,created,4,TWD,840972.0,0.0,2026-07-02T21:32:01+08:00,2026-08-19,2026-07-03T16:16:01+08:00
ORD00107941,M000990,P00242,門市,created,2,TWD,61218.0,0.0,2026-07-02T14:20:38+08:00,2026-07-17,2026-07-02T16:57:38+08:00
ORD00008704,M001232,P00173,app,completed,1,TWD,7294.0,450.0,2026-05-04T14:05:53+08:00,2026-08-22,2026-07-02T16:37:23+08:00
ORD00058333,M006037,P00003,web,completed,4,TWD,524446.0,450.0,2026-06-13T04:33:58+08:00,2026-07-22,2026-07-02T13:21:52+08:00
ORD00104234,M003957,P00043,電銷,paid,1,TWD,121033.0,550.0,2026-07-02T09:47:19+08:00,2026-07-25,2026-07-04T19:39:19+08:00
ORD00105848,M001210,P00010,app,created,3,TWD,350339.0,400.0,2026-07-02T20:55:43+08:00,2026-07-29,2026-07-03T13:28:43+08:00
ORD00112017,M003478,P00157,web,paid,1,USD,2584.58,450.0,2026-06-17T11:30:21+08:00,2026-07-27,2026-07-02T16:36:15+08:00
ORD00104946,M001012,P00131,電銷,created,4,TWD,776197.0,900.0,2026-07-02T22:55:05+08:00,2026-08-07,2026-07-03T14:34:05+08:00
ORD00105211,M006092,P00163,電銷,created,3,TWD,291500.0,950.0,2026-07-02T04:32:15+08:00,2026-09-26,2026-07-02T18:59:15+08:00
ORD00104619,M003297,P00119,web,paid,3,USD,16710.82,200.0,2026-07-02T20:53:02+08:00,2026-10-24,2026-07-03T19:50:02+08:00
ORD00105173,M003641,P00025,web,paid,3,TWD,586720.0,300.0,2026-07-02T04:17:02+08:00,2026-08-18,2026-07-02T09:21:02+08:00
ORD00107221,M004924,P00282,app,paid,3,USD,18142.91,600.0,2026-07-02T20:46:46+08:00,2026-10-03,2026-07-04T20:41:46+08:00
ORD00106007,M002030,P00221,app,paid,1,TWD,117437.0,450.0,2026-07-02T03:55:00+08:00,2026-09-13,2026-07-02T11:07:00+08:00
ORD00105872,M000922,P00184,門市,paid,1,JPY,921662.0,500.0,2026-07-02T12:56:54+08:00,2026-07-28,2026-07-04T06:24:54+08:00
ORD00107080,M005380,P00111,門市,paid,4,TWD,299369.0,350.0,2026-07-02T13:52:24+08:00,2026-08-24,2026-07-03T17:13:24+08:00
ORD00083296,M004233,P00026,門市,cancelled,2,USD,8224.26,500.0,2026-06-03T08:35:14+08:00,2026-09-28,2026-07-02T23:55:31+08:00
ORD00105867,M005357,P00158,app,paid,3,TWD,139694.0,350.0,2026-07-02T22:31:24+08:00,2026-08-04,2026-07-04T20:29:24+08:00
ORD00107192,M004196,P00268,web,created,1,TWD,60474.0,550.0,2026-07-02T08:28:40+08:00,2026-09-09,2026-07-03T00:54:40+08:00
ORD00106432,M003371,P00120,app,paid,3,TWD,385302.0,500.0,2026-07-02T20:52:00+08:00,2026-09-02,2026-07-04T08:25:00+08:00
ORD00092808,M004508,P00224,app,cancelled,2,USD,7298.49,700.0,2026-05-22T17:36:26+08:00,2026-09-06,2026-07-02T10:06:15+08:00
ORD00032282,M000241,P00243,web,cancelled,3,TWD,542952.0,650.0,2026-06-03T21:32:31+08:00,2026-07-28,2026-07-02T07:15:01+08:00
ORD00071995,M000328,P00171,app,cancelled,2,USD,5802.4,900.0,2026-05-28T01:23:36+08:00,2026-08-20,2026-07-02T22:56:02+08:00
ORD00106867,M000673,P00128,web,created,3,TWD,415394.0,150.0,2026-07-02T12:34:33+08:00,2026-07-18,2026-07-05T02:42:33+08:00
ORD00105982,M001226,P00003,電銷,created,3,TWD,334799.0,900.0,2026-07-02T23:08:22+08:00,2026-09-29,2026-07-03T20:09:22+08:00
ORD00112003,M001659,P00246,電銷,paid,4,TWD,665440.0,150.0,2026-06-11T12:30:34+08:00,2026-08-02,2026-07-02T13:43:16+08:00
ORD00057405,M005822,P00258,門市,completed,2,TWD,248063.0,450.0,2026-06-01T21:13:50+08:00,2026-08-29,2026-07-02T09:21:39+08:00
ORD00107204,M001075,P00260,門市,paid,1,TWD,128494.0,450.0,2026-07-02T13:28:11+08:00,2026-10-10,2026-07-05T07:43:11+08:00
ORD00104506,M000596,P00158,app,created,1,TWD,44523.0,650.0,2026-07-02T07:24:39+08:00,2026-07-31,2026-07-03T12:03:39+08:00
ORD00104888,M005185,P00243,web,paid,2,TWD,318793.0,0.0,2026-07-02T12:59:56+08:00,2026-07-19,2026-07-03T20:03:56+08:00
ORD00105414,M005692,P00021,app,created,4,JPY,3324864.0,600.0,2026-07-02T20:48:24+08:00,2026-07-20,2026-07-03T13:57:24+08:00
ORD00104816,M000887,P00063,門市,paid,2,USD,11954.87,600.0,2026-07-02T18:14:14+08:00,2026-08-19,2026-07-03T19:15:14+08:00
ORD00107538,M007990,P00186,app,created,4,TWD,475931.0,600.0,2026-07-02T17:58:43+08:00,2026-10-09,2026-07-04T13:48:43+08:00
ORD00104371,M007652,P00147,web,paid,1,TWD,161836.0,850.0,2026-07-02T15:06:26+08:00,2026-08-10,2026-07-04T03:24:26+08:00
ORD00106591,M006353,P00076,web,created,2,TWD,8784.0,350.0,2026-07-02T02:13:29+08:00,2026-08-25,2026-07-02T12:09:29+08:00
ORD00061249,M002986,P00229,門市,completed,2,TWD,333100.0,750.0,2026-06-30T09:55:12+08:00,2026-07-10,2026-07-02T05:55:10+08:00
ORD00071198,M000636,P00025,門市,cancelled,4,TWD,556286.0,800.0,2026-06-18T08:30:55+08:00,2026-09-11,2026-07-02T18:54:13+08:00
ORD00007491,M002991,P00220,app,cancelled,4,TWD,147171.0,950.0,2026-06-08T08:20:03+08:00,2026-07-19,2026-07-02T02:20:46+08:00
ORD00105309,M000646,P00300,電銷,paid,4,TWD,330276.0,50.0,2026-07-02T04:15:24+08:00,2026-09-23,2026-07-04T00:24:24+08:00
ORD00106044,M003719,P00254,電銷,created,3,TWD,8095.0,50.0,2026-07-02T20:10:00+08:00,2026-09-07,2026-07-04T12:28:00+08:00
ORD00104088,M006757,P00259,web,created,3,JPY,1877655.0,600.0,2026-07-02T09:44:59+08:00,2026-09-23,2026-07-02T20:00:59+08:00
ORD00033037,M002428,P00049,web,completed,3,TWD,56047.0,550.0,2026-06-30T03:10:20+08:00,2026-07-17,2026-07-02T19:46:32+08:00
ORD00107032,M005666,P00165,電銷,paid,1,USD,2334.13,400.0,2026-07-02T07:42:28+08:00,2026-09-11,2026-07-04T02:06:28+08:00
ORD00107957,M004146,P00165,web,created,3,TWD,234859.0,600.0,2026-07-02T04:11:58+08:00,2026-08-05,2026-07-02T04:41:58+08:00
ORD00085876,M006781,P00268,app,completed,1,TWD,52171.0,850.0,2026-05-08T16:42:36+08:00,2026-07-18,2026-07-02T15:27:29+08:00
ORD00104366,M004010,P00245,app,paid,1,USD,4034.87,350.0,2026-07-02T09:04:43+08:00,2026-09-27,2026-07-04T03:31:43+08:00
ORD00106856,M005487,P00181,門市,created,4,TWD,60901.0,600.0,2026-07-02T19:08:02+08:00,2026-10-29,2026-07-04T18:57:02+08:00
ORD00104196,M007006,P00061,web,created,4,TWD,701402.0,50.0,2026-07-02T14:41:17+08:00,2026-08-03,2026-07-04T14:14:17+08:00
ORD00107543,M007025,P00060,app,paid,4,TWD,612352.0,200.0,2026-07-02T05:56:44+08:00,2026-10-21,2026-07-03T23:56:44+08:00
ORD00104228,M007396,P00254,web,paid,1,TWD,2966.0,350.0,2026-07-02T23:34:27+08:00,2026-08-25,2026-07-05T11:52:27+08:00
ORD00105515,M003423,P00187,web,created,1,USD,976.74,350.0,2026-07-02T06:25:32+08:00,2026-10-25,2026-07-04T00:14:32+08:00
ORD00107690,M000951,P00018,web,paid,4,TWD,539588.0,950.0,2026-07-02T06:11:11+08:00,2026-08-10,2026-07-04T14:44:11+08:00
ORD00025529,M005215,P00083,app,completed,2,USD,10347.92,750.0,2026-06-12T19:16:55+08:00,2026-08-29,2026-07-02T05:42:13+08:00
ORD00105201,M001186,P00023,web,paid,2,TWD,436399.0,850.0,2026-07-02T02:36:15+08:00,2026-08-25,2026-07-02T15:33:15+08:00
ORD00107589,M004315,P00104,app,paid,2,TWD,7187.0,400.0,2026-07-02T07:10:34+08:00,2026-10-05,2026-07-02T23:15:34+08:00
ORD00107453,M002804,P00212,app,paid,2,JPY,310513.0,800.0,2026-07-02T23:40:33+08:00,2026-10-28,2026-07-03T06:56:33+08:00
ORD00047286,M004342,P00224,web,cancelled,4,TWD,391881.0,950.0,2026-06-15T22:54:47+08:00,2026-07-23,2026-07-02T02:59:02+08:00
ORD00105640,M007974,P00259,web,paid,4,TWD,606479.0,800.0,2026-07-02T10:02:03+08:00,2026-07-21,2026-07-03T23:29:03+08:00
ORD00106767,M003719,P00254,電銷,created,1,TWD,3691.0,0.0,2026-07-02T04:45:22+08:00,2026-07-22,2026-07-04T20:51:22+08:00
ORD00107464,M004633,P00179,app,paid,3,JPY,2366280.0,400.0,2026-07-02T13:26:07+08:00,2026-10-05,2026-07-03T01:23:07+08:00
ORD00105523,M000257,P00283,門市,paid,3,TWD,74529.0,50.0,2026-07-02T18:41:01+08:00,2026-10-14,2026-07-05T11:01:01+08:00
ORD00105284,M002108,P00280,電銷,paid,2,TWD,321176.0,700.0,2026-07-02T14:51:34+08:00,2026-08-27,2026-07-04T02:06:34+08:00
ORD00106244,M007345,P00262,門市,created,1,TWD,238148.0,200.0,2026-07-02T21:42:41+08:00,2026-09-05,2026-07-05T13:18:41+08:00
ORD00104285,M000593,P00120,app,paid,2,TWD,228993.0,300.0,2026-07-02T17:20:04+08:00,2026-10-25,2026-07-05T05:06:04+08:00
ORD00106830,M003522,P00023,電銷,paid,3,JPY,3231970.0,950.0,2026-07-02T15:17:35+08:00,2026-08-13,2026-07-04T22:15:35+08:00
ORD00102817,M004693,P00008,app,paid,1,TWD,88842.0,450.0,2026-07-01T09:01:38+08:00,2026-08-28,2026-07-01T21:04:38+08:00
ORD00107607,M000821,P00094,app,paid,1,TWD,182146.0,150.0,2026-07-02T02:18:33+08:00,2026-08-17,2026-07-02T14:27:33+08:00
ORD00105242,M006330,P00258,web,paid,1,TWD,120761.0,400.0,2026-07-02T12:55:54+08:00,2026-09-09,2026-07-03T18:46:54+08:00
ORD00105078,M003920,P00057,門市,paid,3,TWD,351754.0,400.0,2026-07-02T01:12:03+08:00,2026-09-01,2026-07-03T04:10:03+08:00
ORD00107354,M006451,P00049,app,created,2,USD,1259.87,550.0,2026-07-02T20:40:35+08:00,2026-10-28,2026-07-04T19:36:35+08:00
ORD00105427,M006664,P00029,電銷,paid,1,JPY,587988.0,450.0,2026-07-02T22:56:38+08:00,2026-08-27,2026-07-04T01:59:38+08:00
ORD00105272,M000215,P00267,門市,created,2,TWD,406029.0,100.0,2026-07-02T18:33:02+08:00,2026-08-25,2026-07-05T07:19:02+08:00
ORD00105191,M005039,P00021,門市,paid,4,TWD,641854.0,600.0,2026-07-02T14:31:00+08:00,2026-09-17,2026-07-02T18:54:00+08:00
ORD00107718,M000498,P00260,web,created,1,USD,4857.3,850.0,2026-07-02T05:43:01+08:00,2026-07-16,2026-07-04T19:38:01+08:00
ORD00084139,M007157,P00223,門市,completed,1,TWD,210998.0,850.0,2026-05-29T14:03:15+08:00,2026-09-07,2026-07-02T21:58:19+08:00
ORD00104438,M003859,P00212,web,paid,3,USD,2378.25,100.0,2026-07-02T09:00:26+08:00,2026-09-16,2026-07-04T21:49:26+08:00
ORD00106855,M006538,P00065,電銷,paid,4,JPY,3157165.0,500.0,2026-07-02T05:44:16+08:00,2026-08-13,2026-07-02T09:21:16+08:00
ORD00107688,M007608,P00224,web,created,4,TWD,411599.0,650.0,2026-07-02T02:59:23+08:00,2026-08-13,2026-07-03T16:28:23+08:00
ORD00020631,M001855,P00154,門市,cancelled,3,TWD,336465.0,400.0,2026-05-09T05:18:42+08:00,2026-07-31,2026-07-02T21:16:48+08:00
ORD00104835,M004772,P00178,web,paid,4,TWD,135402.0,350.0,2026-07-02T11:41:45+08:00,2026-10-21,2026-07-04T03:26:45+08:00
ORD00104849,M001538,P00281,門市,paid,2,JPY,2186258.0,0.0,2026-07-02T08:42:35+08:00,2026-07-12,2026-07-03T02:03:35+08:00
ORD00075642,M006804,P00093,web,cancelled,1,TWD,111895.0,150.0,2026-06-28T17:31:54+08:00,2026-10-07,2026-07-02T06:55:52+08:00
ORD00107565,M006776,P00091,電銷,paid,1,TWD,128136.0,300.0,2026-07-02T01:13:09+08:00,2026-10-12,2026-07-03T00:27:09+08:00
ORD00105300,M000324,P00192,電銷,created,3,TWD,686437.0,200.0,2026-07-02T12:34:34+08:00,2026-08-01,2026-07-04T16:10:34+08:00
ORD00107993,M005479,P00230,門市,paid,3,TWD,625471.0,350.0,2026-07-02T02:37:54+08:00,2026-10-09,2026-07-03T23:53:54+08:00
ORD00019710,M005984,P00002,app,completed,1,TWD,68633.0,550.0,2026-05-14T18:12:15+08:00,2026-08-27,2026-07-02T05:53:35+08:00
ORD00104968,M006137,P00295,門市,paid,1,USD,1814.66,300.0,2026-07-02T11:38:48+08:00,2026-07-16,2026-07-03T10:27:48+08:00
ORD00107347,M004521,P00027,電銷,paid,2,USD,9939.31,0.0,2026-07-02T15:56:37+08:00,2026-08-18,2026-07-04T07:05:37+08:00
ORD00105553,M001763,P00014,門市,created,2,TWD,213967.0,350.0,2026-07-02T14:45:59+08:00,2026-10-02,2026-07-03T18:22:59+08:00
ORD00104388,M003150,P00087,web,created,4,TWD,798953.0,50.0,2026-07-02T23:03:44+08:00,2026-08-24,2026-07-04T00:02:44+08:00
ORD00107355,M007283,P00050,app,paid,3,TWD,10014.0,650.0,2026-07-02T21:11:12+08:00,2026-08-15,2026-07-04T11:38:12+08:00
ORD00073291,M002332,P00007,電銷,completed,4,USD,5720.03,250.0,2026-05-16T14:00:30+08:00,2026-08-20,2026-07-02T19:37:18+08:00
ORD00104758,M007328,P00085,app,paid,3,TWD,557703.0,50.0,2026-07-02T03:18:49+08:00,2026-08-29,2026-07-02T19:20:49+08:00
ORD00077513,M000721,P00212,門市,completed,4,TWD,120599.0,850.0,2026-06-11T11:27:03+08:00,2026-07-06,2026-07-02T00:57:15+08:00
ORD00104538,M003285,P00203,電銷,paid,3,TWD,369667.0,700.0,2026-07-02T20:17:16+08:00,2026-08-01,2026-07-05T01:18:16+08:00
ORD00106572,M000390,P00084,app,paid,1,TWD,46422.0,850.0,2026-07-02T07:28:09+08:00,2026-10-03,2026-07-03T09:09:09+08:00
ORD00007215,M003830,P00140,app,cancelled,3,TWD,115624.0,300.0,2026-06-01T19:35:36+08:00,2026-07-04,2026-07-02T08:04:53+08:00
ORD00107549,M004348,P00293,電銷,paid,4,JPY,1217774.0,150.0,2026-07-02T06:25:39+08:00,2026-10-01,2026-07-04T18:36:39+08:00
ORD00104301,M004864,P00003,web,paid,3,TWD,287965.0,400.0,2026-07-02T10:40:03+08:00,2026-08-07,2026-07-04T16:48:03+08:00
ORD00104261,M004031,P00034,門市,paid,1,TWD,20203.0,100.0,2026-07-02T17:12:15+08:00,2026-07-17,2026-07-05T09:46:15+08:00
ORD00106510,M007565,P00050,電銷,paid,4,TWD,14183.0,750.0,2026-07-02T14:27:20+08:00,2026-07-20,2026-07-03T14:59:20+08:00
ORD00104504,M003094,P00254,門市,created,3,TWD,10555.0,450.0,2026-07-02T15:16:51+08:00,2026-09-11,2026-07-03T22:17:51+08:00
ORD00104294,M007808,P00198,web,paid,4,USD,3066.38,150.0,2026-07-02T23:01:21+08:00,2026-10-17,2026-07-05T12:22:21+08:00
ORD00107896,M003662,P00125,web,created,4,TWD,236611.0,650.0,2026-07-02T05:50:40+08:00,2026-10-12,2026-07-02T13:23:40+08:00
ORD00106409,M004808,P00166,電銷,paid,1,TWD,218815.0,550.0,2026-07-02T21:09:22+08:00,2026-10-29,2026-07-04T21:21:22+08:00
ORD00104597,M000139,P00083,app,paid,2,TWD,304963.0,650.0,2026-07-02T13:49:22+08:00,2026-10-10,2026-07-03T22:41:22+08:00
ORD00106427,M003394,P00199,門市,created,3,TWD,17466.0,150.0,2026-07-02T07:15:10+08:00,2026-07-29,2026-07-02T14:08:10+08:00
ORD00104302,M000519,P00238,web,paid,1,USD,3109.5,750.0,2026-07-02T03:36:22+08:00,2026-08-13,2026-07-02T18:10:22+08:00
ORD00105147,M002281,P00198,門市,paid,1,TWD,26558.0,750.0,2026-07-02T02:33:37+08:00,2026-09-28,2026-07-02T20:17:37+08:00
ORD00105737,M006572,P00274,電銷,paid,3,TWD,259504.0,350.0,2026-07-02T12:20:36+08:00,2026-10-08,2026-07-02T14:44:36+08:00
ORD00104286,M004412,P00038,app,paid,4,TWD,80651.0,100.0,2026-07-02T12:25:08+08:00,2026-07-24,2026-07-03T23:36:08+08:00
ORD00104083,M000915,P00139,門市,created,3,TWD,335545.0,300.0,2026-07-02T16:33:53+08:00,2026-08-24,2026-07-04T00:41:53+08:00
ORD00105022,M003287,P00112,電銷,paid,2,TWD,16890.0,800.0,2026-07-02T19:19:52+08:00,2026-07-30,2026-07-03T05:55:52+08:00
ORD00107119,M003563,P00203,app,created,1,TWD,140341.0,150.0,2026-07-02T00:38:27+08:00,2026-10-29,2026-07-03T02:21:27+08:00
ORD00106161,M001819,P00218,web,paid,1,TWD,31730.0,750.0,2026-07-02T13:04:19+08:00,2026-07-22,2026-07-03T14:19:19+08:00
ORD00112025,M007562,P00107,app,paid,2,TWD,445786.0,0.0,2026-06-12T00:05:01+08:00,2026-09-02,2026-07-02T08:56:44+08:00
ORD00105798,M004475,P00048,web,paid,4,USD,13740.5,700.0,2026-07-02T04:40:44+08:00,2026-09-26,2026-07-03T03:24:44+08:00
ORD00106158,M007967,P00092,web,created,4,TWD,736855.0,150.0,2026-07-02T21:27:27+08:00,2026-07-22,2026-07-04T14:40:27+08:00
ORD00105588,M001593,P00272,電銷,paid,2,TWD,252103.0,850.0,2026-07-02T09:47:34+08:00,2026-09-26,2026-07-04T15:42:34+08:00
ORD00107630,M005837,P00162,web,paid,3,TWD,24511.0,450.0,2026-07-02T20:15:41+08:00,2026-10-20,2026-07-02T23:21:41+08:00
ORD00105742,M007335,P00078,門市,paid,3,USD,9860.93,100.0,2026-07-02T03:32:47+08:00,2026-07-16,2026-07-03T20:13:47+08:00
ORD00015106,M001269,P00160,門市,completed,4,USD,1609.78,150.0,2026-05-03T04:18:51+08:00,2026-08-06,2026-07-02T15:36:59+08:00
ORD00107694,M001955,P00289,app,paid,4,JPY,2348758.0,750.0,2026-07-02T11:45:36+08:00,2026-08-18,2026-07-03T15:02:36+08:00
ORD00078914,M007241,P00269,app,cancelled,2,TWD,145020.0,700.0,2026-06-15T04:11:46+08:00,2026-08-11,2026-07-02T09:53:03+08:00
ORD00107696,M005294,P00016,門市,created,4,USD,8718.48,50.0,2026-07-02T13:07:02+08:00,2026-08-11,2026-07-02T19:12:02+08:00
ORD00105319,M003722,P00198,電銷,paid,4,USD,3124.4,900.0,2026-07-02T01:59:05+08:00,2026-09-08,2026-07-03T22:53:05+08:00
ORD00105367,M001415,P00196,app,created,4,TWD,195746.0,500.0,2026-07-02T04:37:15+08:00,2026-09-30,2026-07-03T02:35:15+08:00
ORD00106234,M003436,P00177,門市,paid,3,TWD,55410.0,700.0,2026-07-02T12:35:10+08:00,2026-10-17,2026-07-02T20:56:10+08:00
ORD00104334,M007942,P00214,門市,paid,4,JPY,2492664.0,0.0,2026-07-02T07:42:30+08:00,2026-08-30,2026-07-02T10:00:30+08:00
ORD00106683,M004669,P00096,門市,created,4,TWD,30300.0,350.0,2026-07-02T08:13:02+08:00,2026-07-31,2026-07-04T05:36:02+08:00
ORD00106764,M004635,P00006,app,paid,1,TWD,159056.0,750.0,2026-07-02T11:25:47+08:00,2026-07-11,2026-07-03T00:05:47+08:00
ORD00104101,M000824,P00142,門市,paid,4,TWD,855896.0,350.0,2026-07-02T17:56:53+08:00,2026-08-21,2026-07-03T05:39:53+08:00
ORD00106379,M007803,P00295,web,created,3,TWD,134999.0,50.0,2026-07-02T15:42:03+08:00,2026-09-18,2026-07-02T17:41:03+08:00
ORD00104854,M005094,P00179,門市,created,2,USD,9782.97,350.0,2026-07-02T19:59:17+08:00,2026-09-11,2026-07-03T00:22:17+08:00
ORD00106142,M003628,P00109,門市,paid,1,TWD,50337.0,50.0,2026-07-02T02:39:34+08:00,2026-10-03,2026-07-04T12:38:34+08:00
ORD00106606,M001398,P00208,門市,created,4,TWD,595231.0,650.0,2026-07-02T12:33:54+08:00,2026-10-23,2026-07-03T23:23:54+08:00
ORD00105392,M000976,P00206,門市,created,3,JPY,2829658.0,550.0,2026-07-02T20:38:47+08:00,2026-09-22,2026-07-05T04:11:47+08:00
ORD00104531,M005438,P00258,web,created,2,TWD,248583.0,900.0,2026-07-02T18:59:58+08:00,2026-09-04,2026-07-05T06:30:58+08:00
ORD00104719,M005231,P00184,web,paid,2,TWD,370966.0,300.0,2026-07-02T20:23:52+08:00,2026-07-26,2026-07-04T01:03:52+08:00
ORD00104327,M005469,P00159,web,paid,3,USD,4108.85,550.0,2026-07-02T17:27:55+08:00,2026-08-18,2026-07-05T03:41:55+08:00
ORD00012158,M000728,P00254,web,cancelled,3,TWD,10866.0,800.0,2026-06-08T23:11:58+08:00,2026-06-17,2026-07-02T06:36:40+08:00
ORD00107233,M003516,P00021,web,paid,1,TWD,178858.0,850.0,2026-07-02T13:27:07+08:00,2026-10-05,2026-07-04T21:30:07+08:00
ORD00103317,M002735,P00236,web,paid,2,TWD,338440.0,300.0,2026-07-01T14:08:33+08:00,2026-10-12,2026-07-01T18:08:33+08:00
ORD00107984,M002461,P00128,web,paid,3,USD,14961.54,800.0,2026-07-02T18:30:26+08:00,2026-08-18,2026-07-04T03:18:26+08:00
ORD00105692,M005228,P00004,門市,paid,4,TWD,664735.0,350.0,2026-07-02T11:25:08+08:00,2026-09-04,2026-07-04T05:13:08+08:00
ORD00105310,M005127,P00057,門市,created,3,TWD,372395.0,950.0,2026-07-02T07:13:33+08:00,2026-09-26,2026-07-04T07:55:33+08:00
ORD00105492,M003273,P00191,電銷,paid,1,TWD,127971.0,100.0,2026-07-02T13:16:03+08:00,2026-08-19,2026-07-04T15:26:03+08:00
ORD00107203,M000515,P00161,app,created,3,TWD,620491.0,500.0,2026-07-02T13:41:44+08:00,2026-09-02,2026-07-04T14:45:59+08:00
ORD00106072,M002990,P00137,電銷,paid,3,USD,13239.43,650.0,2026-07-02T11:48:40+08:00,2026-10-19,2026-07-03T14:58:40+08:00
ORD00055761,M002058,P00036,門市,completed,4,TWD,303412.0,750.0,2026-06-11T15:59:10+08:00,2026-08-23,2026-07-02T23:26:13+08:00
ORD00104084,M006759,P00196,電銷,paid,2,TWD,102551.0,300.0,2026-07-02T08:17:49+08:00,2026-08-29,2026-07-04T05:49:49+08:00
ORD00106328,M006837,P00218,web,paid,4,TWD,144747.0,0.0,2026-07-02T21:19:34+08:00,2026-10-20,2026-07-03T05:46:34+08:00
ORD00104820,M003862,P00149,web,paid,2,TWD,374142.0,800.0,2026-07-02T20:50:12+08:00,2026-10-15,2026-07-05T06:30:12+08:00
ORD00107048,M005024,P00135,web,created,3,JPY,119274.0,400.0,2026-07-02T03:10:38+08:00,2026-07-31,2026-07-02T06:04:38+08:00
ORD00104991,M005226,P00274,門市,paid,4,TWD,371383.0,100.0,2026-07-02T04:07:30+08:00,2026-08-02,2026-07-02T11:51:30+08:00
ORD00106032,M000245,P00020,web,paid,3,TWD,201073.0,850.0,2026-07-02T16:20:59+08:00,2026-10-16,2026-07-03T01:30:59+08:00
ORD00105452,M005711,P00265,web,created,2,TWD,347138.0,650.0,2026-07-02T13:50:07+08:00,2026-10-24,2026-07-03T09:15:07+08:00
ORD00107634,M000171,P00198,web,paid,2,TWD,55726.0,750.0,2026-07-02T20:40:49+08:00,2026-09-14,2026-07-03T08:04:49+08:00
ORD00105738,M007872,P00125,app,created,3,TWD,159633.0,0.0,2026-07-02T12:03:15+08:00,2026-10-01,2026-07-02T13:52:15+08:00
ORD00107621,M005017,P00209,web,paid,2,JPY,1002389.0,600.0,2026-07-02T13:25:07+08:00,2026-10-03,2026-07-03T08:51:07+08:00
ORD00104517,M002609,P00068,app,created,3,USD,6601.13,550.0,2026-07-02T02:23:59+08:00,2026-08-28,2026-07-04T13:02:59+08:00
ORD00106449,M004251,P00177,web,created,1,TWD,19465.0,50.0,2026-07-02T16:16:31+08:00,2026-10-22,2026-07-04T04:24:31+08:00
ORD00107768,M007392,P00253,門市,created,1,TWD,220140.0,650.0,2026-07-02T20:30:07+08:00,2026-10-03,2026-07-05T12:45:07+08:00
ORD00107252,M005223,P00197,電銷,paid,1,TWD,62159.0,450.0,2026-07-02T00:43:31+08:00,2026-10-07,2026-07-04T04:01:31+08:00
ORD00106795,M003209,P00161,電銷,paid,4,USD,21106.82,800.0,2026-07-02T01:12:01+08:00,2026-10-28,2026-07-02T15:10:01+08:00
ORD00106469,M004449,P00189,web,paid,1,TWD,106398.0,50.0,2026-07-02T05:32:19+08:00,2026-09-01,2026-07-04T09:11:19+08:00
ORD00014900,M002088,P00251,app,cancelled,1,TWD,104765.0,0.0,2026-06-21T11:25:32+08:00,2026-08-22,2026-07-02T08:54:42+08:00
ORD00002932,M000131,P00097,門市,cancelled,3,TWD,379455.0,0.0,2026-05-10T09:17:16+08:00,2026-06-13,2026-07-02T20:00:00+08:00
ORD00106107,M003527,P00022,門市,paid,3,TWD,116941.0,600.0,2026-07-02T16:43:26+08:00,2026-10-10,2026-07-03T09:33:26+08:00
ORD00104256,M001874,P00153,門市,created,4,TWD,335061.0,750.0,2026-07-02T08:48:49+08:00,2026-10-19,2026-07-04T08:04:49+08:00
ORD00104300,M000117,P00042,電銷,created,1,TWD,125116.0,100.0,2026-07-02T19:43:31+08:00,2026-07-12,2026-07-04T20:13:31+08:00
ORD00104612,M004532,P00244,app,paid,1,TWD,52695.0,550.0,2026-07-02T04:52:56+08:00,2026-08-06,2026-07-02T18:53:56+08:00
ORD00106192,M005655,P00252,web,paid,2,TWD,126298.0,300.0,2026-07-02T22:35:46+08:00,2026-09-29,2026-07-03T19:34:46+08:00
ORD00105778,M007836,P00234,web,paid,2,TWD,19453.0,300.0,2026-07-02T19:36:25+08:00,2026-08-04,2026-07-03T03:12:25+08:00
ORD00104959,M000020,P00098,電銷,created,1,TWD,174351.0,850.0,2026-07-02T04:05:17+08:00,2026-08-01,2026-07-02T05:01:17+08:00
ORD00107918,M002650,P00151,門市,paid,3,TWD,265477.0,0.0,2026-07-02T23:42:28+08:00,2026-07-15,2026-07-05T02:34:28+08:00
ORD00105700,M005972,P00052,app,created,1,TWD,96897.0,0.0,2026-07-02T14:59:22+08:00,2026-08-30,2026-07-04T03:41:22+08:00
ORD00016528,M006143,P00176,web,completed,2,USD,11030.99,0.0,2026-05-09T00:54:58+08:00,2026-07-20,2026-07-02T13:37:02+08:00
ORD00105260,M001713,P00237,電銷,paid,3,TWD,522872.0,450.0,2026-07-02T06:49:34+08:00,2026-09-18,2026-07-03T06:41:34+08:00
ORD00104911,M007057,P00007,門市,created,2,TWD,106430.0,0.0,2026-07-02T08:41:22+08:00,2026-10-03,2026-07-04T05:58:22+08:00
ORD00042607,M006142,P00123,app,completed,4,USD,8402.68,900.0,2026-05-11T07:44:36+08:00,2026-06-02,2026-07-02T13:51:54+08:00
ORD00105391,M000301,P00205,web,paid,1,JPY,56153.0,450.0,2026-07-02T09:10:22+08:00,2026-10-13,2026-07-03T02:01:22+08:00
ORD00083569,M007362,P00193,門市,completed,2,TWD,277732.0,650.0,2026-06-28T13:43:03+08:00,2026-08-06,2026-07-02T02:31:56+08:00
ORD00104221,M005381,P00232,web,created,4,JPY,3383454.0,400.0,2026-07-02T19:30:25+08:00,2026-08-08,2026-07-05T03:00:25+08:00
ORD00104760,M003793,P00184,app,paid,3,TWD,436914.0,500.0,2026-07-02T00:22:18+08:00,2026-08-10,2026-07-02T21:20:18+08:00
ORD00104844,M001287,P00158,電銷,paid,2,TWD,87799.0,50.0,2026-07-02T14:01:37+08:00,2026-09-07,2026-07-04T08:41:37+08:00
ORD00107924,M003984,P00045,web,paid,4,TWD,36485.0,800.0,2026-07-02T23:19:28+08:00,2026-10-23,2026-07-03T19:01:28+08:00
ORD00104824,M002967,P00251,門市,created,3,TWD,376667.0,350.0,2026-07-02T15:17:43+08:00,2026-08-02,2026-07-02T23:43:43+08:00
ORD00106652,M002365,P00091,門市,paid,3,USD,10340.1,400.0,2026-07-02T00:42:30+08:00,2026-07-24,2026-07-02T09:01:30+08:00
ORD00104401,M005377,P00114,app,created,4,USD,11061.45,550.0,2026-07-02T21:50:19+08:00,2026-08-02,2026-07-05T11:50:19+08:00
ORD00106886,M005978,P00024,web,paid,4,TWD,392210.0,500.0,2026-07-02T00:31:33+08:00,2026-09-05,2026-07-04T13:52:33+08:00
ORD00062249,M002767,P00127,電銷,completed,3,TWD,148591.0,250.0,2026-05-01T08:39:15+08:00,2026-08-07,2026-07-02T00:04:43+08:00
ORD00105181,M007355,P00055,門市,paid,1,TWD,115191.0,250.0,2026-07-02T22:05:07+08:00,2026-09-01,2026-07-04T03:07:07+08:00
ORD00104095,M007159,P00151,web,created,2,USD,3976.78,300.0,2026-07-02T13:59:31+08:00,2026-09-04,2026-07-04T10:19:31+08:00
ORD00081345,M000619,P00030,app,cancelled,1,USD,5229.67,650.0,2026-06-26T11:32:54+08:00,2026-10-21,2026-07-02T03:36:59+08:00
ORD00107158,M005897,P00088,門市,paid,1,TWD,67875.0,650.0,2026-07-02T09:28:44+08:00,2026-10-15,2026-07-02T12:42:44+08:00
ORD00104283,M000858,P00091,電銷,paid,3,USD,11410.93,800.0,2026-07-02T08:23:38+08:00,2026-09-07,2026-07-03T18:39:38+08:00
ORD00107484,M000458,P00081,門市,created,1,TWD,124677.0,450.0,2026-07-02T14:59:15+08:00,2026-09-21,2026-07-03T11:34:15+08:00
ORD00104185,M006284,P00225,門市,created,1,TWD,49302.0,650.0,2026-07-02T04:19:29+08:00,2026-10-21,2026-07-02T12:23:29+08:00
ORD00107321,M007509,P00152,app,paid,4,TWD,203308.0,950.0,2026-07-02T06:38:17+08:00,2026-07-25,2026-07-02T14:27:17+08:00
ORD00106460,M001008,P00165,app,created,1,TWD,74937.0,250.0,2026-07-02T00:30:52+08:00,2026-10-25,2026-07-04T14:23:52+08:00
ORD00099846,M002390,P00219,電銷,completed,4,TWD,340115.0,250.0,2026-06-13T10:28:50+08:00,2026-09-25,2026-07-02T10:13:58+08:00
ORD00034999,M006444,P00115,web,completed,1,USD,4611.96,300.0,2026-06-28T19:01:25+08:00,2026-08-29,2026-07-02T09:39:09+08:00
ORD00069204,M001924,P00145,app,completed,3,JPY,1030518.0,450.0,2026-06-21T05:55:06+08:00,2026-09-21,2026-07-02T08:01:43+08:00
ORD00106789,M005397,P00047,電銷,created,1,USD,625.88,300.0,2026-07-02T11:08:35+08:00,2026-10-19,2026-07-02T18:33:35+08:00
ORD00106191,M002655,P00240,app,created,1,TWD,74894.0,900.0,2026-07-02T14:04:11+08:00,2026-10-10,2026-07-04T19:46:11+08:00
ORD00104451,M005462,P00055,門市,paid,3,TWD,364953.0,950.0,2026-07-02T00:55:58+08:00,2026-09-17,2026-07-04T04:16:58+08:00
ORD00106546,M007318,P00039,web,paid,1,TWD,189673.0,700.0,2026-07-02T12:14:20+08:00,2026-07-23,2026-07-02T19:35:20+08:00
ORD00105557,M005242,P00037,門市,created,1,TWD,134706.0,850.0,2026-07-02T06:36:59+08:00,2026-10-28,2026-07-03T09:20:59+08:00
ORD00104717,M006925,P00254,web,paid,2,USD,230.76,150.0,2026-07-02T11:33:18+08:00,2026-08-25,2026-07-04T09:48:18+08:00
ORD00021475,M006318,P00151,門市,completed,3,TWD,253044.0,50.0,2026-06-06T19:43:47+08:00,2026-08-24,2026-07-02T04:03:02+08:00
ORD00105075,M002764,P00082,電銷,created,1,USD,6915.06,150.0,2026-07-02T05:11:29+08:00,2026-07-12,2026-07-03T02:20:29+08:00
ORD00107365,M002588,P00272,電銷,created,4,TWD,413002.0,450.0,2026-07-02T11:11:40+08:00,2026-09-03,2026-07-03T09:44:40+08:00
ORD00106074,M005478,P00186,電銷,paid,1,TWD,161179.0,450.0,2026-07-02T12:18:52+08:00,2026-08-02,2026-07-04T21:36:52+08:00
ORD00107020,M005442,P00107,電銷,created,2,USD,12626.25,50.0,2026-07-02T09:40:41+08:00,2026-08-13,2026-07-03T15:12:41+08:00
ORD00107967,M004264,P00185,電銷,paid,2,TWD,432330.0,800.0,2026-07-02T17:52:08+08:00,2026-07-13,2026-07-03T04:35:08+08:00
ORD00105249,M003983,P00140,門市,paid,4,TWD,174539.0,150.0,2026-07-02T15:02:26+08:00,2026-10-09,2026-07-05T05:00:26+08:00
ORD00105656,M002938,P00109,電銷,paid,4,TWD,204456.0,250.0,2026-07-02T09:16:56+08:00,2026-09-18,2026-07-03T16:33:56+08:00
ORD00077186,M006632,P00015,門市,completed,4,TWD,296418.0,350.0,2026-06-14T00:06:01+08:00,2026-08-12,2026-07-02T01:38:27+08:00
ORD00107306,M006522,P00060,電銷,created,4,TWD,631219.0,450.0,2026-07-02T10:17:38+08:00,2026-07-29,2026-07-03T17:43:38+08:00
ORD00107463,M007017,P00231,電銷,paid,2,USD,9657.65,200.0,2026-07-02T21:07:36+08:00,2026-09-06,2026-07-02T21:11:36+08:00
ORD00107587,M001094,P00006,app,created,3,TWD,544566.0,150.0,2026-07-02T06:10:07+08:00,2026-10-13,2026-07-03T07:36:07+08:00
ORD00104845,M005302,P00151,app,paid,1,USD,1935.81,250.0,2026-07-02T12:02:53+08:00,2026-07-22,2026-07-05T05:57:53+08:00
ORD00106695,M005748,P00059,電銷,paid,2,TWD,195296.0,100.0,2026-07-02T23:39:52+08:00,2026-08-14,2026-07-03T17:46:52+08:00
ORD00106083,M002248,P00272,app,paid,2,JPY,1220135.0,450.0,2026-07-02T05:19:25+08:00,2026-10-01,2026-07-04T00:48:25+08:00
ORD00105303,M000372,P00022,門市,created,3,JPY,625361.0,400.0,2026-07-02T06:19:36+08:00,2026-07-21,2026-07-04T16:05:36+08:00
ORD00107723,M006140,P00192,門市,created,1,TWD,230233.0,50.0,2026-07-02T12:52:22+08:00,2026-10-22,2026-07-04T23:13:22+08:00
ORD00106975,M007258,P00075,app,paid,1,TWD,18765.0,50.0,2026-07-02T17:34:15+08:00,2026-07-28,2026-07-03T00:07:15+08:00
ORD00107072,M002033,P00119,電銷,created,1,TWD,159183.0,200.0,2026-07-02T07:28:16+08:00,2026-09-14,2026-07-02T14:00:16+08:00
ORD00105561,M006433,P00210,電銷,paid,2,TWD,324893.0,200.0,2026-07-02T07:54:32+08:00,2026-10-15,2026-07-03T18:57:32+08:00
ORD00001558,M005307,P00051,web,completed,2,TWD,277490.0,100.0,2026-06-08T19:10:05+08:00,2026-06-26,2026-07-02T19:10:00+08:00
ORD00106616,M007822,P00041,web,paid,4,TWD,38116.0,950.0,2026-07-02T11:22:49+08:00,2026-10-06,2026-07-02T18:58:49+08:00
ORD00106897,M006193,P00255,電銷,paid,4,TWD,764110.0,650.0,2026-07-02T13:59:37+08:00,2026-07-17,2026-07-03T21:50:37+08:00
ORD00104408,M004206,P00059,門市,created,1,TWD,79813.0,650.0,2026-07-02T05:19:14+08:00,2026-08-22,2026-07-03T23:25:14+08:00
ORD00106534,M005514,P00213,門市,paid,2,TWD,232557.0,950.0,2026-07-02T15:47:24+08:00,2026-08-05,2026-07-05T09:26:24+08:00
ORD00106314,M004848,P00124,電銷,created,3,TWD,134617.0,300.0,2026-07-02T08:38:15+08:00,2026-07-13,2026-07-04T16:08:15+08:00
ORD00105276,M004589,P00265,app,created,2,TWD,284512.0,850.0,2026-07-02T16:08:29+08:00,2026-08-24,2026-07-04T06:10:29+08:00
ORD00104246,M002335,P00275,電銷,paid,4,JPY,1622610.0,950.0,2026-07-02T17:41:47+08:00,2026-10-25,2026-07-04T03:16:47+08:00
ORD00105232,M007422,P00086,web,paid,3,TWD,62093.0,200.0,2026-07-02T07:16:16+08:00,2026-08-02,2026-07-02T22:49:16+08:00
ORD00105900,M003319,P00042,電銷,paid,1,TWD,173466.0,550.0,2026-07-02T04:23:00+08:00,2026-10-06,2026-07-02T20:16:00+08:00
ORD00107675,M002253,P00140,電銷,paid,1,USD,1236.73,550.0,2026-07-02T12:30:15+08:00,2026-10-17,2026-07-05T06:21:15+08:00
ORD00107117,M002063,P00029,電銷,created,1,JPY,585287.0,400.0,2026-07-02T13:52:49+08:00,2026-07-11,2026-07-05T01:51:49+08:00
ORD00106826,M000815,P00024,app,paid,3,USD,7194.56,300.0,2026-07-02T01:41:49+08:00,2026-08-03,2026-07-02T07:07:49+08:00
ORD00104102,M000178,P00063,門市,paid,4,TWD,797481.0,300.0,2026-07-02T15:05:05+08:00,2026-10-04,2026-07-02T21:12:05+08:00
ORD00103606,M001302,P00265,電銷,paid,2,TWD,318942.0,850.0,2026-07-01T18:51:50+08:00,2026-08-16,2026-07-03T09:38:50+08:00
ORD00106885,M005989,P00091,app,paid,3,JPY,1851433.0,200.0,2026-07-02T12:08:06+08:00,2026-08-13,2026-07-03T23:20:06+08:00
ORD00106461,M001675,P00226,app,paid,2,JPY,887638.0,150.0,2026-07-02T16:13:27+08:00,2026-09-13,2026-07-04T05:25:27+08:00
ORD00107474,M001122,P00138,門市,paid,3,TWD,202419.0,100.0,2026-07-02T12:40:52+08:00,2026-07-18,2026-07-03T23:35:52+08:00
ORD00105544,M004433,P00188,app,created,4,USD,7623.37,400.0,2026-07-02T17:57:44+08:00,2026-08-22,2026-07-04T00:23:44+08:00
ORD00105865,M004317,P00160,門市,paid,2,TWD,24612.0,150.0,2026-07-02T04:50:18+08:00,2026-10-21,2026-07-04T03:23:18+08:00
ORD00112055,M005516,P00109,門市,paid,3,TWD,127115.0,400.0,2026-06-20T03:28:50+08:00,2026-07-17,2026-07-02T13:55:31+08:00
ORD00104395,M004904,P00111,web,paid,3,TWD,283250.0,550.0,2026-07-02T16:28:55+08:00,2026-09-08,2026-07-04T19:02:55+08:00
ORD00104931,M005114,P00144,門市,created,2,TWD,225483.0,850.0,2026-07-02T05:34:54+08:00,2026-10-28,2026-07-04T12:19:54+08:00
ORD00105979,M005354,P00129,門市,paid,4,TWD,688325.0,400.0,2026-07-02T23:43:11+08:00,2026-07-29,2026-07-05T03:24:11+08:00
ORD00071968,M002973,P00068,app,completed,3,TWD,274502.0,350.0,2026-05-31T16:01:23+08:00,2026-08-08,2026-07-02T07:19:05+08:00
ORD00105016,M002170,P00208,web,created,4,USD,18886.33,150.0,2026-07-02T16:41:45+08:00,2026-08-11,2026-07-03T06:35:45+08:00
ORD00071346,M001021,P00230,電銷,cancelled,3,TWD,455581.0,600.0,2026-05-02T04:54:09+08:00,2026-06-12,2026-07-02T10:37:56+08:00
ORD00105574,M001836,P00229,app,paid,4,USD,25044.88,900.0,2026-07-02T16:33:53+08:00,2026-10-27,2026-07-03T14:44:53+08:00
ORD00106727,M002475,P00102,門市,created,2,TWD,65089.0,850.0,2026-07-02T05:53:46+08:00,2026-10-23,2026-07-04T14:06:46+08:00
ORD00105822,M005244,P00005,門市,paid,1,TWD,104032.0,350.0,2026-07-02T08:37:44+08:00,2026-10-13,2026-07-02T14:42:44+08:00
ORD00105770,M007935,P00092,門市,paid,2,TWD,348512.0,600.0,2026-07-02T03:50:30+08:00,2026-10-21,2026-07-03T00:25:30+08:00
ORD00107802,M001760,P00255,web,paid,3,USD,19143.8,800.0,2026-07-02T23:14:45+08:00,2026-08-29,2026-07-03T04:38:45+08:00
ORD00107971,M004583,P00124,門市,paid,1,TWD,44293.0,400.0,2026-07-02T03:44:54+08:00,2026-09-29,2026-07-04T12:06:54+08:00
ORD00096146,M003550,P00090,電銷,cancelled,3,TWD,397115.0,450.0,2026-06-16T14:33:45+08:00,2026-10-12,2026-07-02T11:17:35+08:00
ORD00104211,M006634,P00257,web,paid,3,JPY,592612.0,150.0,2026-07-02T09:51:53+08:00,2026-09-19,2026-07-03T02:45:53+08:00
ORD00107608,M003173,P00131,電銷,created,3,TWD,530840.0,150.0,2026-07-02T10:37:29+08:00,2026-07-24,2026-07-02T20:17:29+08:00
ORD00107923,M002781,P00098,web,created,4,TWD,586760.0,200.0,2026-07-02T21:14:46+08:00,2026-08-29,2026-07-05T02:18:46+08:00
ORD00107991,M006988,P00083,web,created,1,TWD,167396.0,100.0,2026-07-02T23:52:27+08:00,2026-07-20,2026-07-03T13:51:27+08:00
ORD00107863,M007620,P00101,電銷,paid,1,JPY,270311.0,450.0,2026-07-02T10:23:59+08:00,2026-09-05,2026-07-02T18:35:59+08:00
ORD00104620,M007913,P00100,門市,paid,3,USD,15530.98,450.0,2026-07-02T20:23:34+08:00,2026-08-18,2026-07-03T04:58:34+08:00
ORD00087163,M007506,P00121,web,completed,1,TWD,26765.0,650.0,2026-05-13T01:53:20+08:00,2026-08-25,2026-07-02T23:43:18+08:00
ORD00105775,M007861,P00083,門市,created,1,TWD,157481.0,50.0,2026-07-02T19:08:33+08:00,2026-07-31,2026-07-05T01:34:33+08:00
ORD00107167,M002095,P00152,web,paid,3,TWD,110451.0,950.0,2026-07-02T16:00:10+08:00,2026-10-04,2026-07-04T13:10:10+08:00
ORD00104425,M005678,P00018,電銷,paid,1,TWD,136273.0,200.0,2026-07-02T23:03:01+08:00,2026-07-15,2026-07-03T13:05:01+08:00
ORD00104037,M006940,P00129,電銷,paid,4,TWD,576720.0,900.0,2026-07-02T13:28:15+08:00,2026-07-18,2026-07-04T20:07:15+08:00
ORD00000423,M005110,P00112,門市,cancelled,4,TWD,29418.0,650.0,2026-05-03T22:39:03+08:00,2026-06-01,2026-07-02T21:34:56+08:00
ORD00105327,M004089,P00022,web,created,1,USD,1216.1,700.0,2026-07-02T07:55:07+08:00,2026-08-29,2026-07-03T08:23:07+08:00
ORD00104269,M001408,P00265,門市,paid,2,JPY,1544146.0,350.0,2026-07-02T00:27:52+08:00,2026-10-14,2026-07-02T12:39:52+08:00
ORD00107948,M004723,P00085,門市,paid,3,TWD,523315.0,850.0,2026-07-02T14:18:34+08:00,2026-09-08,2026-07-03T10:18:34+08:00
ORD00104177,M006955,P00116,web,created,1,JPY,419391.0,550.0,2026-07-02T09:40:37+08:00,2026-08-27,2026-07-04T23:42:37+08:00
ORD00107888,M001816,P00203,app,created,2,JPY,1348953.0,700.0,2026-07-02T17:14:37+08:00,2026-09-14,2026-07-02T21:44:37+08:00
ORD00104990,M005897,P00153,電銷,paid,4,USD,13109.17,550.0,2026-07-02T16:35:15+08:00,2026-09-26,2026-07-04T11:24:15+08:00
ORD00104296,M003552,P00116,門市,created,4,TWD,370763.0,500.0,2026-07-02T09:27:03+08:00,2026-09-10,2026-07-04T15:08:03+08:00
ORD00107960,M002889,P00252,電銷,paid,3,TWD,191463.0,350.0,2026-07-02T19:07:42+08:00,2026-07-25,2026-07-02T20:59:42+08:00
ORD00106502,M007210,P00190,web,paid,3,TWD,565406.0,100.0,2026-07-02T01:21:05+08:00,2026-07-27,2026-07-02T16:07:05+08:00
ORD00104056,M002910,P00149,電銷,paid,3,TWD,596891.0,600.0,2026-07-02T19:40:25+08:00,2026-09-30,2026-07-05T11:16:25+08:00
ORD00107470,M001380,P00242,app,paid,1,TWD,23856.0,100.0,2026-07-02T15:06:43+08:00,2026-10-18,2026-07-03T21:34:43+08:00
ORD00074236,M006988,P00193,app,completed,1,TWD,178423.0,750.0,2026-06-10T00:05:30+08:00,2026-08-13,2026-07-02T00:43:24+08:00
ORD00107939,M006384,P00065,web,created,1,TWD,226601.0,750.0,2026-07-02T18:35:53+08:00,2026-07-12,2026-07-03T20:15:53+08:00
ORD00104596,M001504,P00184,電銷,created,1,JPY,919727.0,150.0,2026-07-02T23:58:14+08:00,2026-09-16,2026-07-03T08:48:14+08:00
ORD00104165,M007196,P00071,電銷,paid,3,TWD,156311.0,500.0,2026-07-02T14:51:59+08:00,2026-10-21,2026-07-04T16:07:59+08:00
ORD00105002,M004448,P00264,門市,paid,3,USD,1045.76,500.0,2026-07-02T06:02:44+08:00,2026-07-12,2026-07-03T20:57:44+08:00
ORD00104328,M004596,P00258,app,paid,4,TWD,643333.0,150.0,2026-07-02T22:46:11+08:00,2026-07-30,2026-07-03T11:31:11+08:00
ORD00104545,M001052,P00094,app,paid,2,TWD,281250.0,600.0,2026-07-02T09:22:48+08:00,2026-08-15,2026-07-05T01:34:48+08:00
ORD00081040,M006376,P00044,電銷,completed,2,USD,2713.66,50.0,2026-05-29T15:21:14+08:00,2026-07-28,2026-07-02T23:09:17+08:00
ORD00105989,M005628,P00225,門市,paid,2,TWD,106832.0,400.0,2026-07-02T16:46:58+08:00,2026-08-20,2026-07-03T11:17:58+08:00
ORD00104880,M003993,P00179,電銷,paid,1,TWD,134069.0,500.0,2026-07-02T22:58:55+08:00,2026-08-15,2026-07-04T03:55:55+08:00
ORD00106473,M007808,P00068,app,created,3,TWD,212943.0,900.0,2026-07-02T09:14:49+08:00,2026-07-17,2026-07-03T04:57:49+08:00
ORD00104103,M001000,P00194,門市,created,1,USD,2669.31,300.0,2026-07-02T10:27:30+08:00,2026-08-16,2026-07-02T20:02:30+08:00
ORD00104206,M002097,P00151,app,paid,4,TWD,276901.0,500.0,2026-07-02T08:05:28+08:00,2026-07-14,2026-07-03T12:57:28+08:00
ORD00107064,M000101,P00183,門市,created,1,TWD,128586.0,650.0,2026-07-02T13:57:51+08:00,2026-10-27,2026-07-03T23:33:51+08:00
ORD00005304,M007273,P00115,web,cancelled,2,USD,10673.63,50.0,2026-06-14T19:22:15+08:00,2026-08-20,2026-07-02T22:48:37+08:00
ORD00107934,M002050,P00249,電銷,created,2,USD,4969.21,800.0,2026-07-02T07:37:17+08:00,2026-09-09,2026-07-04T18:52:17+08:00
ORD00104427,M004443,P00268,app,created,4,TWD,199935.0,50.0,2026-07-02T03:28:08+08:00,2026-07-26,2026-07-02T18:51:08+08:00
ORD00105087,M004074,P00049,app,paid,2,USD,1270.67,650.0,2026-07-02T13:18:01+08:00,2026-08-21,2026-07-03T15:49:01+08:00
ORD00104953,M006668,P00294,門市,paid,1,TWD,154745.0,900.0,2026-07-02T07:24:22+08:00,2026-09-17,2026-07-04T17:10:22+08:00
ORD00107068,M006689,P00014,電銷,created,1,TWD,116936.0,700.0,2026-07-02T21:07:49+08:00,2026-07-12,2026-07-03T13:53:49+08:00
ORD00106796,M004027,P00264,web,paid,4,USD,1493.24,650.0,2026-07-02T06:10:42+08:00,2026-09-05,2026-07-02T21:28:42+08:00
ORD00105830,M006920,P00268,web,created,2,TWD,141268.0,900.0,2026-07-02T20:01:41+08:00,2026-08-18,2026-07-03T07:08:41+08:00
ORD00104626,M000817,P00212,web,paid,3,USD,3082.99,900.0,2026-07-02T18:42:56+08:00,2026-10-02,2026-07-04T18:30:56+08:00
ORD00105759,M001730,P00166,門市,created,4,TWD,727153.0,350.0,2026-07-02T18:54:34+08:00,2026-08-21,2026-07-04T06:04:34+08:00
ORD00105616,M001945,P00090,app,created,4,TWD,654412.0,800.0,2026-07-02T03:01:52+08:00,2026-07-23,2026-07-04T05:56:52+08:00
ORD00106944,M000033,P00122,門市,paid,1,TWD,197282.0,700.0,2026-07-02T22:29:21+08:00,2026-08-15,2026-07-02T23:20:21+08:00
ORD00006506,M005533,P00122,app,cancelled,3,TWD,579421.0,500.0,2026-06-15T08:35:56+08:00,2026-09-26,2026-07-02T14:04:21+08:00
ORD00106154,M004300,P00222,web,created,2,TWD,92688.0,0.0,2026-07-02T04:11:41+08:00,2026-09-21,2026-07-03T10:03:41+08:00
ORD00073187,M000884,P00247,門市,cancelled,3,TWD,405670.0,50.0,2026-05-09T18:44:39+08:00,2026-06-03,2026-07-02T21:50:50+08:00
ORD00104123,M002849,P00068,電銷,paid,1,TWD,82818.0,850.0,2026-07-02T03:54:32+08:00,2026-08-20,2026-07-03T07:39:32+08:00
ORD00104235,M006193,P00255,電銷,created,3,TWD,576438.0,350.0,2026-07-02T09:29:28+08:00,2026-07-16,2026-07-03T20:28:28+08:00
ORD00035399,M006307,P00150,門市,cancelled,1,JPY,854658.0,150.0,2026-05-24T20:32:24+08:00,2026-09-13,2026-07-02T01:08:32+08:00
ORD00081837,M007502,P00266,app,cancelled,2,TWD,35483.0,0.0,2026-05-09T14:59:23+08:00,2026-07-22,2026-07-02T04:55:35+08:00
ORD00105298,M002410,P00246,web,paid,2,TWD,306562.0,800.0,2026-07-02T03:00:28+08:00,2026-10-11,2026-07-04T08:37:28+08:00
ORD00105172,M001184,P00104,web,created,2,TWD,5599.0,200.0,2026-07-02T17:38:09+08:00,2026-07-15,2026-07-04T00:11:09+08:00
ORD00106468,M006865,P00105,app,paid,4,TWD,264275.0,550.0,2026-07-02T14:53:32+08:00,2026-07-18,2026-07-03T11:35:32+08:00
ORD00105618,M001537,P00275,web,paid,3,USD,9751.76,650.0,2026-07-02T17:45:33+08:00,2026-10-02,2026-07-05T09:09:33+08:00
ORD00105291,M000157,P00111,門市,created,2,USD,5369.01,150.0,2026-07-02T23:11:12+08:00,2026-10-03,2026-07-05T01:16:12+08:00
ORD00104561,M006294,P00121,app,created,4,USD,3557.97,150.0,2026-07-02T02:29:48+08:00,2026-07-17,2026-07-02T22:31:48+08:00
ORD00105160,M005887,P00115,電銷,paid,2,JPY,1310517.0,200.0,2026-07-02T12:28:04+08:00,2026-08-24,2026-07-05T03:11:04+08:00
ORD00106607,M004271,P00054,電銷,paid,4,USD,20003.8,400.0,2026-07-02T05:55:55+08:00,2026-09-09,2026-07-02T23:07:55+08:00
ORD00104108,M007511,P00087,app,created,3,TWD,532926.0,700.0,2026-07-02T06:47:59+08:00,2026-08-30,2026-07-04T08:46:59+08:00
ORD00105718,M001281,P00088,電銷,paid,2,JPY,818414.0,450.0,2026-07-02T03:22:00+08:00,2026-07-10,2026-07-03T15:46:00+08:00
ORD00106288,M000229,P00294,app,created,3,TWD,423175.0,600.0,2026-07-02T12:43:27+08:00,2026-09-27,2026-07-04T15:18:27+08:00
ORD00014668,M004929,P00164,web,cancelled,2,TWD,79240.0,150.0,2026-06-26T06:16:52+08:00,2026-10-18,2026-07-02T22:18:43+08:00
ORD00106709,M007577,P00032,app,created,3,USD,11742.88,250.0,2026-07-02T03:21:16+08:00,2026-10-08,2026-07-04T12:28:16+08:00
ORD00107369,M001106,P00178,web,paid,4,USD,4779.37,200.0,2026-07-02T00:24:15+08:00,2026-09-24,2026-07-04T07:57:15+08:00
ORD00104684,M001113,P00041,電銷,created,2,JPY,77651.0,100.0,2026-07-02T10:27:45+08:00,2026-08-15,2026-07-02T13:34:45+08:00
ORD00106585,M003085,P00289,app,paid,4,TWD,390092.0,900.0,2026-07-02T13:18:11+08:00,2026-09-14,2026-07-04T14:55:11+08:00
ORD00059660,M004028,P00280,app,completed,1,TWD,161417.0,400.0,2026-06-22T06:57:40+08:00,2026-08-16,2026-07-02T18:29:13+08:00
ORD00104364,M000764,P00122,門市,paid,1,USD,5827.23,300.0,2026-07-02T21:11:42+08:00,2026-10-18,2026-07-03T03:48:42+08:00
ORD00106108,M000193,P00269,電銷,paid,4,USD,6968.26,600.0,2026-07-02T03:38:33+08:00,2026-10-17,2026-07-04T14:58:33+08:00
ORD00105729,M004915,P00033,電銷,paid,3,USD,10648.5,400.0,2026-07-02T12:34:44+08:00,2026-08-01,2026-07-03T18:32:44+08:00
ORD00105397,M007446,P00294,電銷,paid,3,JPY,2124698.0,150.0,2026-07-02T08:35:50+08:00,2026-10-12,2026-07-04T08:37:50+08:00
ORD00104842,M001395,P00241,電銷,paid,4,TWD,643869.0,950.0,2026-07-02T00:32:41+08:00,2026-08-16,2026-07-03T03:09:41+08:00
ORD00104422,M000506,P00122,app,created,1,USD,6704.87,350.0,2026-07-02T05:51:47+08:00,2026-09-14,2026-07-03T06:09:47+08:00
ORD00104117,M006685,P00047,app,created,4,TWD,101438.0,350.0,2026-07-02T18:11:56+08:00,2026-07-25,2026-07-04T15:03:56+08:00
ORD00002553,M007345,P00013,門市,completed,1,TWD,115436.0,550.0,2026-06-06T11:54:21+08:00,2026-06-17,2026-07-02T01:36:07+08:00
ORD00104571,M004796,P00289,web,paid,2,TWD,229563.0,450.0,2026-07-02T19:48:24+08:00,2026-08-06,2026-07-02T23:29:24+08:00
ORD00106482,M005178,P00259,電銷,paid,3,JPY,2280971.0,0.0,2026-07-02T13:45:47+08:00,2026-07-18,2026-07-03T21:23:47+08:00
ORD00104765,M006342,P00281,門市,paid,1,TWD,206261.0,800.0,2026-07-02T17:52:43+08:00,2026-08-30,2026-07-04T03:44:43+08:00
ORD00105823,M002927,P00240,web,paid,1,TWD,83186.0,550.0,2026-07-02T10:30:34+08:00,2026-08-08,2026-07-04T05:05:34+08:00
ORD00105177,M005778,P00226,web,paid,1,TWD,104516.0,900.0,2026-07-02T10:23:27+08:00,2026-09-21,2026-07-04T14:51:27+08:00
ORD00106148,M007693,P00212,app,paid,4,TWD,121519.0,650.0,2026-07-02T14:39:08+08:00,2026-10-22,2026-07-04T15:52:08+08:00
ORD00105659,M003769,P00175,電銷,created,2,TWD,32228.0,250.0,2026-07-02T06:40:30+08:00,2026-08-07,2026-07-03T18:54:30+08:00
ORD00106754,M007472,P00039,app,paid,3,TWD,475754.0,450.0,2026-07-02T05:38:23+08:00,2026-09-23,2026-07-03T15:32:23+08:00
ORD00107628,M003806,P00197,web,paid,1,TWD,85483.0,550.0,2026-07-02T02:41:21+08:00,2026-10-27,2026-07-04T01:02:21+08:00
ORD00105916,M003393,P00276,app,paid,1,TWD,165595.0,550.0,2026-07-02T06:09:14+08:00,2026-07-10,2026-07-03T06:19:14+08:00
ORD00106179,M005764,P00226,門市,paid,3,TWD,318469.0,900.0,2026-07-02T05:56:06+08:00,2026-09-11,2026-07-04T13:47:06+08:00
ORD00107311,M007530,P00230,app,paid,3,TWD,648174.0,700.0,2026-07-02T12:06:24+08:00,2026-09-16,2026-07-02T16:20:24+08:00
ORD00106840,M006809,P00270,web,paid,1,TWD,24174.0,650.0,2026-07-02T09:56:09+08:00,2026-09-10,2026-07-04T17:14:09+08:00
ORD00107325,M005891,P00067,門市,paid,1,TWD,119189.0,550.0,2026-07-02T20:06:11+08:00,2026-09-12,2026-07-03T16:01:11+08:00
ORD00106405,M003415,P00198,門市,created,3,TWD,76388.0,0.0,2026-07-02T08:05:14+08:00,2026-10-02,2026-07-02T13:19:14+08:00
ORD00053031,M000640,P00169,app,completed,1,TWD,45656.0,350.0,2026-05-05T17:03:01+08:00,2026-06-09,2026-07-02T01:09:07+08:00
ORD00107262,M002180,P00009,門市,created,4,USD,9078.88,50.0,2026-07-02T20:08:03+08:00,2026-07-27,2026-07-05T12:18:03+08:00
ORD00106425,M000298,P00226,電銷,paid,4,JPY,2214633.0,400.0,2026-07-02T03:34:40+08:00,2026-08-19,2026-07-02T05:27:40+08:00
ORD00104081,M006553,P00195,app,paid,3,TWD,210343.0,600.0,2026-07-02T16:49:27+08:00,2026-09-23,2026-07-04T22:05:27+08:00
ORD00105326,M001063,P00243,web,paid,3,TWD,470199.0,100.0,2026-07-02T22:43:31+08:00,2026-09-24,2026-07-04T00:55:31+08:00
ORD00105229,M006032,P00259,門市,created,4,TWD,604336.0,700.0,2026-07-02T18:33:07+08:00,2026-08-04,2026-07-05T05:48:07+08:00
ORD00107247,M002715,P00126,app,paid,3,TWD,78780.0,750.0,2026-07-02T00:48:39+08:00,2026-07-23,2026-07-04T09:09:39+08:00
ORD00070014,M005917,P00253,電銷,cancelled,4,TWD,801783.0,200.0,2026-05-14T05:34:49+08:00,2026-07-30,2026-07-02T20:49:18+08:00
ORD00107125,M001544,P00057,門市,created,4,USD,16929.1,250.0,2026-07-02T03:12:24+08:00,2026-08-15,2026-07-02T10:22:24+08:00
ORD00104595,M007966,P00154,電銷,created,4,USD,12935.91,450.0,2026-07-02T09:54:13+08:00,2026-09-21,2026-07-03T13:25:13+08:00
ORD00106689,M001420,P00204,電銷,created,1,TWD,169536.0,850.0,2026-07-02T09:42:30+08:00,2026-09-08,2026-07-04T12:00:30+08:00
ORD00104831,M005949,P00188,門市,paid,3,TWD,155941.0,500.0,2026-07-02T22:19:15+08:00,2026-10-27,2026-07-04T21:25:15+08:00
ORD00107513,M005403,P00061,門市,created,4,USD,24979.2,150.0,2026-07-02T13:08:06+08:00,2026-07-12,2026-07-03T09:56:06+08:00
ORD00106458,M007791,P00197,門市,created,1,TWD,80918.0,500.0,2026-07-02T21:38:41+08:00,2026-08-31,2026-07-03T16:43:41+08:00
ORD00104311,M001486,P00132,app,paid,2,TWD,126366.0,50.0,2026-07-02T19:23:22+08:00,2026-08-20,2026-07-04T02:06:22+08:00
ORD00106240,M005947,P00284,門市,created,4,USD,18275.47,350.0,2026-07-02T05:04:49+08:00,2026-07-16,2026-07-02T21:48:49+08:00
ORD00105320,M006629,P00079,web,paid,3,USD,4285.2,700.0,2026-07-02T18:38:13+08:00,2026-08-14,2026-07-04T18:44:13+08:00
ORD00104630,M002523,P00165,web,paid,4,TWD,232243.0,350.0,2026-07-02T22:06:20+08:00,2026-07-31,2026-07-03T09:28:20+08:00
ORD00107335,M001018,P00057,web,created,4,USD,12964.68,500.0,2026-07-02T04:22:30+08:00,2026-10-17,2026-07-03T20:59:30+08:00
ORD00107397,M001207,P00169,門市,paid,1,TWD,47764.0,400.0,2026-07-02T08:25:06+08:00,2026-08-05,2026-07-05T00:52:06+08:00
ORD00092556,M006231,P00032,app,cancelled,1,TWD,107509.0,300.0,2026-05-28T04:53:39+08:00,2026-08-03,2026-07-02T23:01:52+08:00
ORD00107956,M007309,P00273,門市,created,4,TWD,379672.0,250.0,2026-07-02T22:56:54+08:00,2026-08-14,2026-07-04T08:07:54+08:00
ORD00106462,M003931,P00260,web,paid,4,TWD,629962.0,200.0,2026-07-02T00:53:04+08:00,2026-07-13,2026-07-02T09:58:04+08:00
ORD00104540,M004478,P00131,web,paid,1,JPY,838529.0,850.0,2026-07-02T23:12:18+08:00,2026-10-15,2026-07-04T20:06:18+08:00
ORD00112053,M004884,P00225,web,paid,2,TWD,94619.0,150.0,2026-06-11T12:55:53+08:00,2026-06-29,2026-07-02T07:41:21+08:00
ORD00088413,M005505,P00134,app,cancelled,4,TWD,500855.0,150.0,2026-06-30T04:11:59+08:00,2026-10-15,2026-07-02T08:19:25+08:00
ORD00105092,M006055,P00092,門市,paid,4,JPY,3222653.0,450.0,2026-07-02T22:53:10+08:00,2026-08-15,2026-07-03T12:05:10+08:00
ORD00106722,M000966,P00215,web,paid,4,TWD,163528.0,850.0,2026-07-02T06:54:47+08:00,2026-09-10,2026-07-02T19:16:47+08:00
ORD00112051,M007022,P00293,門市,paid,3,TWD,235265.0,400.0,2026-06-10T15:40:08+08:00,2026-08-13,2026-07-02T02:33:31+08:00
ORD00083635,M001262,P00233,電銷,completed,3,TWD,245560.0,700.0,2026-06-07T18:51:58+08:00,2026-08-31,2026-07-02T11:36:10+08:00
ORD00105342,M007638,P00164,web,created,4,TWD,143196.0,850.0,2026-07-02T20:48:01+08:00,2026-10-13,2026-07-03T16:57:19+08:00
ORD00112010,M002803,P00277,門市,paid,2,USD,8519.01,850.0,2026-06-22T16:09:15+08:00,2026-09-07,2026-07-02T05:01:24+08:00
ORD00105107,M000673,P00133,門市,paid,1,TWD,5141.0,600.0,2026-07-02T06:20:57+08:00,2026-09-07,2026-07-04T06:02:57+08:00
ORD00104505,M005961,P00262,web,created,2,TWD,437406.0,750.0,2026-07-02T15:45:32+08:00,2026-10-01,2026-07-04T21:34:32+08:00
ORD00106914,M007339,P00235,web,paid,1,TWD,73061.0,300.0,2026-07-02T08:40:57+08:00,2026-08-16,2026-07-04T17:37:57+08:00
ORD00106339,M001759,P00009,app,paid,3,TWD,210689.0,650.0,2026-07-02T20:58:24+08:00,2026-09-09,2026-07-03T04:10:24+08:00
ORD00106635,M007918,P00032,web,paid,3,TWD,398415.0,900.0,2026-07-02T10:24:39+08:00,2026-08-30,2026-07-02T16:32:39+08:00
ORD00032222,M005541,P00147,電銷,cancelled,1,TWD,199541.0,850.0,2026-05-28T08:25:46+08:00,2026-06-13,2026-07-02T16:14:12+08:00
ORD00105190,M004119,P00163,電銷,created,4,TWD,450888.0,850.0,2026-07-02T10:25:10+08:00,2026-08-19,2026-07-04T13:09:10+08:00
ORD00072557,M000995,P00211,web,completed,4,USD,11708.75,950.0,2026-05-24T11:39:48+08:00,2026-06-28,2026-07-02T07:09:40+08:00
ORD00107752,M003841,P00204,門市,paid,3,TWD,543270.0,450.0,2026-07-02T23:13:45+08:00,2026-09-20,2026-07-05T10:20:45+08:00
ORD00105907,M002586,P00279,電銷,paid,1,TWD,82008.0,750.0,2026-07-02T04:05:21+08:00,2026-07-17,2026-07-03T23:41:21+08:00
ORD00107975,M007767,P00188,app,created,3,TWD,159444.0,600.0,2026-07-02T00:05:58+08:00,2026-10-02,2026-07-02T05:57:58+08:00
ORD00105049,M000986,P00255,門市,created,4,TWD,883930.0,100.0,2026-07-02T23:49:23+08:00,2026-08-06,2026-07-05T03:08:23+08:00
ORD00112041,M005356,P00028,app,paid,3,TWD,384928.0,450.0,2026-06-21T12:01:35+08:00,2026-08-13,2026-07-02T08:32:06+08:00
ORD00106627,M001982,P00288,web,paid,4,TWD,56505.0,650.0,2026-07-02T10:37:55+08:00,2026-09-18,2026-07-02T15:42:55+08:00
ORD00107757,M000490,P00131,電銷,paid,3,TWD,647419.0,550.0,2026-07-02T19:35:47+08:00,2026-08-04,2026-07-04T18:48:47+08:00
ORD00106980,M001073,P00187,門市,created,4,USD,3841.72,250.0,2026-07-02T12:06:25+08:00,2026-08-14,2026-07-04T08:30:25+08:00
ORD00107411,M006166,P00286,app,created,4,TWD,714087.0,650.0,2026-07-02T23:30:47+08:00,2026-09-23,2026-07-03T03:46:47+08:00
ORD00105990,M007982,P00132,app,paid,4,USD,7706.1,100.0,2026-07-02T00:35:54+08:00,2026-08-08,2026-07-04T11:18:54+08:00
ORD00104796,M006591,P00210,門市,paid,2,TWD,324784.0,50.0,2026-07-02T14:00:07+08:00,2026-10-14,2026-07-03T14:05:07+08:00
ORD00105376,M001657,P00234,app,created,2,TWD,20950.0,550.0,2026-07-02T01:53:35+08:00,2026-08-24,2026-07-03T06:20:35+08:00
ORD00107088,M004690,P00265,門市,paid,4,USD,18205.67,900.0,2026-07-02T18:25:49+08:00,2026-08-16,2026-07-02T21:42:49+08:00
ORD00105217,M003297,P00159,電銷,paid,3,USD,3875.83,400.0,2026-07-02T19:25:57+08:00,2026-09-27,2026-07-03T05:36:57+08:00
ORD00106621,M007039,P00180,電銷,paid,1,TWD,99593.0,350.0,2026-07-02T22:12:48+08:00,2026-08-25,2026-07-03T11:19:48+08:00
ORD00104333,M006207,P00037,web,created,4,TWD,505346.0,400.0,2026-07-02T08:19:13+08:00,2026-08-14,2026-07-04T07:31:13+08:00
ORD00107897,M007808,P00255,門市,paid,4,USD,21943.87,950.0,2026-07-02T15:42:52+08:00,2026-09-28,2026-07-04T07:57:52+08:00
ORD00105680,M006570,P00292,電銷,paid,2,USD,11175.37,50.0,2026-07-02T17:28:04+08:00,2026-09-08,2026-07-03T08:57:04+08:00
ORD00106048,M005408,P00261,web,created,3,TWD,17354.0,650.0,2026-07-02T09:39:30+08:00,2026-07-22,2026-07-04T17:52:30+08:00
ORD00104922,M001236,P00210,web,paid,1,USD,5537.44,900.0,2026-07-02T00:50:20+08:00,2026-09-26,2026-07-03T11:32:20+08:00
ORD00104502,M002687,P00014,web,created,1,TWD,129266.0,500.0,2026-07-02T21:33:32+08:00,2026-10-14,2026-07-04T23:55:32+08:00
ORD00104312,M006797,P00201,電銷,paid,2,TWD,280370.0,450.0,2026-07-02T15:09:22+08:00,2026-08-04,2026-07-03T09:37:22+08:00
ORD00104121,M002465,P00126,電銷,paid,2,TWD,50757.0,200.0,2026-07-02T02:04:12+08:00,2026-09-15,2026-07-03T13:30:12+08:00
ORD00107313,M006179,P00057,app,paid,2,TWD,252660.0,0.0,2026-07-02T03:48:55+08:00,2026-09-01,2026-07-03T23:58:55+08:00
ORD00105020,M000627,P00080,web,paid,3,JPY,2074277.0,450.0,2026-07-02T07:03:17+08:00,2026-10-16,2026-07-04T02:16:17+08:00
ORD00106751,M006731,P00246,門市,created,1,TWD,161338.0,600.0,2026-07-02T04:11:31+08:00,2026-08-24,2026-07-03T01:33:31+08:00
ORD00107748,M003408,P00048,app,paid,4,USD,11892.24,50.0,2026-07-02T04:08:29+08:00,2026-07-28,2026-07-02T15:01:29+08:00
ORD00106531,M000075,P00121,web,created,2,USD,1640.39,150.0,2026-07-02T05:57:57+08:00,2026-09-23,2026-07-03T04:09:57+08:00
ORD00107109,M001573,P00073,電銷,paid,2,USD,8216.08,0.0,2026-07-02T03:19:29+08:00,2026-09-14,2026-07-04T04:25:29+08:00
ORD00107331,M000888,P00094,電銷,paid,3,TWD,528015.0,150.0,2026-07-02T17:17:44+08:00,2026-10-27,2026-07-04T05:28:44+08:00
ORD00106258,M000704,P00292,電銷,paid,1,TWD,146665.0,300.0,2026-07-02T02:05:16+08:00,2026-10-04,2026-07-02T04:51:16+08:00
ORD00104516,M005761,P00216,app,created,4,JPY,264531.0,750.0,2026-07-02T04:13:52+08:00,2026-10-19,2026-07-03T13:50:52+08:00
ORD00082459,M007301,P00022,門市,completed,1,TWD,38931.0,850.0,2026-06-18T05:21:14+08:00,2026-08-12,2026-07-02T15:54:53+08:00
ORD00107774,M001757,P00021,web,paid,4,JPY,3424142.0,850.0,2026-07-02T00:06:29+08:00,2026-07-24,2026-07-03T09:20:29+08:00
ORD00107047,M004499,P00175,電銷,paid,3,TWD,48722.0,550.0,2026-07-02T17:27:51+08:00,2026-10-21,2026-07-05T04:46:51+08:00
ORD00105350,M007134,P00137,app,paid,2,TWD,297445.0,50.0,2026-07-02T05:10:17+08:00,2026-09-28,2026-07-03T17:43:17+08:00
ORD00104173,M000460,P00203,門市,paid,3,TWD,357315.0,900.0,2026-07-02T16:14:35+08:00,2026-08-21,2026-07-03T15:38:35+08:00
ORD00094681,M007455,P00016,app,completed,3,TWD,203488.0,150.0,2026-05-06T08:58:33+08:00,2026-08-14,2026-07-02T00:33:28+08:00
ORD00106831,M005798,P00298,電銷,paid,3,JPY,1545249.0,200.0,2026-07-02T17:49:39+08:00,2026-07-30,2026-07-05T10:17:39+08:00
ORD00105481,M006227,P00089,門市,paid,1,USD,3131.58,800.0,2026-07-02T17:23:14+08:00,2026-08-06,2026-07-02T20:44:14+08:00
ORD00104547,M000436,P00207,電銷,paid,1,TWD,64509.0,350.0,2026-07-02T16:55:55+08:00,2026-08-20,2026-07-03T02:33:55+08:00
ORD00056335,M005226,P00297,app,cancelled,2,USD,9220.35,950.0,2026-06-08T15:03:51+08:00,2026-07-16,2026-07-02T02:44:39+08:00
ORD00104244,M005542,P00164,web,created,3,USD,3210.94,650.0,2026-07-02T09:54:27+08:00,2026-10-24,2026-07-03T10:04:27+08:00
ORD00106251,M003224,P00238,門市,paid,1,JPY,512646.0,150.0,2026-07-02T03:20:36+08:00,2026-07-17,2026-07-03T02:47:36+08:00
ORD00104415,M007395,P00072,app,paid,4,USD,2465.14,0.0,2026-07-02T23:29:20+08:00,2026-10-23,2026-07-04T11:38:20+08:00
ORD00107865,M005059,P00172,門市,paid,1,JPY,603592.0,750.0,2026-07-02T11:03:51+08:00,2026-08-09,2026-07-02T16:57:51+08:00
ORD00104874,M002870,P00197,web,paid,2,TWD,131845.0,900.0,2026-07-02T11:37:44+08:00,2026-07-16,2026-07-04T14:37:44+08:00
ORD00106202,M004145,P00175,門市,paid,2,TWD,37459.0,0.0,2026-07-02T13:55:08+08:00,2026-07-18,2026-07-03T18:05:08+08:00
ORD00107576,M000759,P00202,門市,paid,4,TWD,409820.0,550.0,2026-07-02T01:46:57+08:00,2026-09-22,2026-07-03T07:37:57+08:00
ORD00008179,M000084,P00237,web,cancelled,1,TWD,173589.0,200.0,2026-05-30T12:27:54+08:00,2026-06-10,2026-07-02T23:40:15+08:00
ORD00105479,M007804,P00097,電銷,created,3,USD,10737.82,650.0,2026-07-02T17:47:18+08:00,2026-09-21,2026-07-04T05:34:18+08:00
ORD00007046,M002424,P00067,門市,cancelled,2,TWD,271995.0,0.0,2026-05-26T13:47:55+08:00,2026-06-09,2026-07-02T12:47:20+08:00
ORD00107990,M001189,P00145,門市,paid,2,JPY,862922.0,550.0,2026-07-02T22:35:40+08:00,2026-08-29,2026-07-03T20:55:40+08:00
ORD00104019,M001339,P00097,電銷,created,1,TWD,139250.0,600.0,2026-07-02T22:04:27+08:00,2026-09-20,2026-07-04T10:57:27+08:00
ORD00105946,M007897,P00218,web,paid,2,TWD,78903.0,500.0,2026-07-02T18:18:40+08:00,2026-07-28,2026-07-02T19:54:40+08:00
ORD00104238,M004665,P00282,門市,paid,1,TWD,198132.0,950.0,2026-07-02T10:38:51+08:00,2026-10-02,2026-07-04T09:36:51+08:00
ORD00046924,M006354,P00047,電銷,cancelled,2,TWD,46796.0,800.0,2026-06-29T03:11:13+08:00,2026-09-09,2026-07-02T22:01:21+08:00
ORD00104681,M004545,P00205,web,paid,2,JPY,108286.0,150.0,2026-07-02T02:03:52+08:00,2026-07-24,2026-07-03T05:21:52+08:00
ORD00107107,M000186,P00209,門市,paid,1,TWD,85512.0,700.0,2026-07-02T13:44:11+08:00,2026-08-14,2026-07-02T16:02:11+08:00
ORD00096871,M006017,P00223,電銷,cancelled,1,TWD,178729.0,0.0,2026-05-06T15:08:53+08:00,2026-08-19,2026-07-02T06:14:38+08:00
ORD00086991,M002200,P00266,電銷,completed,3,TWD,50057.0,0.0,2026-05-04T06:16:53+08:00,2026-06-01,2026-07-02T04:20:40+08:00
ORD00104142,M007974,P00255,門市,created,3,TWD,568111.0,700.0,2026-07-02T00:22:14+08:00,2026-07-27,2026-07-02T15:14:14+08:00
ORD00104553,M001298,P00073,門市,paid,2,TWD,212856.0,700.0,2026-07-02T01:14:51+08:00,2026-10-19,2026-07-04T16:55:51+08:00
ORD00058531,M000429,P00276,門市,completed,1,TWD,169278.0,400.0,2026-05-02T08:32:51+08:00,2026-08-08,2026-07-02T17:33:27+08:00
ORD00074685,M005314,P00099,電銷,cancelled,1,TWD,158601.0,850.0,2026-05-15T07:31:31+08:00,2026-07-24,2026-07-02T11:21:27+08:00
ORD00090676,M001821,P00060,電銷,cancelled,4,USD,15818.47,750.0,2026-06-12T12:16:13+08:00,2026-08-14,2026-07-02T00:38:46+08:00
ORD00104189,M006855,P00106,app,paid,2,TWD,101375.0,850.0,2026-07-02T12:21:35+08:00,2026-09-26,2026-07-03T01:40:35+08:00
ORD00106306,M000219,P00192,電銷,created,2,TWD,427542.0,300.0,2026-07-02T04:12:43+08:00,2026-08-13,2026-07-03T00:00:43+08:00
ORD00107751,M001237,P00098,電銷,paid,3,TWD,383845.0,100.0,2026-07-02T16:08:39+08:00,2026-08-28,2026-07-04T07:07:39+08:00
ORD00106311,M006408,P00216,app,paid,1,USD,319.68,200.0,2026-07-02T14:05:48+08:00,2026-10-28,2026-07-02T19:27:48+08:00
ORD00085069,M004305,P00006,app,completed,4,JPY,3577102.0,400.0,2026-05-16T01:55:39+08:00,2026-06-03,2026-07-02T01:01:40+08:00
ORD00104369,M005147,P00268,web,paid,3,USD,6180.87,850.0,2026-07-02T15:25:33+08:00,2026-09-12,2026-07-05T02:03:33+08:00
ORD00104993,M004450,P00073,電銷,paid,4,TWD,468166.0,50.0,2026-07-02T19:50:12+08:00,2026-07-11,2026-07-05T11:39:12+08:00
ORD00106027,M001426,P00260,app,paid,2,USD,9761.97,300.0,2026-07-02T20:25:36+08:00,2026-10-12,2026-07-04T09:11:36+08:00
ORD00106508,M003577,P00092,電銷,created,2,TWD,418298.0,900.0,2026-07-02T20:26:49+08:00,2026-07-17,2026-07-03T12:15:49+08:00
ORD00107493,M003643,P00273,web,paid,1,TWD,90090.0,450.0,2026-07-02T22:52:36+08:00,2026-09-27,2026-07-05T16:00:36+08:00
ORD00104478,M005569,P00197,門市,created,3,TWD,236626.0,250.0,2026-07-02T17:35:09+08:00,2026-07-25,2026-07-04T16:34:09+08:00
ORD00021648,M004039,P00294,電銷,completed,1,TWD,156519.0,900.0,2026-05-24T16:33:04+08:00,2026-06-19,2026-07-02T07:40:31+08:00
ORD00104304,M002136,P00298,電銷,paid,4,USD,12430.51,300.0,2026-07-02T14:55:14+08:00,2026-10-13,2026-07-04T05:30:14+08:00
ORD00107671,M002163,P00176,電銷,created,3,TWD,481484.0,850.0,2026-07-02T02:19:46+08:00,2026-07-14,2026-07-02T07:31:46+08:00
ORD00106378,M001226,P00222,web,paid,1,TWD,35862.0,650.0,2026-07-02T12:08:38+08:00,2026-10-09,2026-07-03T02:11:38+08:00
ORD00106451,M002913,P00177,電銷,created,1,TWD,19662.0,450.0,2026-07-02T16:00:40+08:00,2026-07-25,2026-07-04T11:51:40+08:00
ORD00105660,M000242,P00270,app,paid,2,TWD,47274.0,550.0,2026-07-02T20:04:41+08:00,2026-09-10,2026-07-05T06:09:41+08:00
ORD00040266,M006843,P00035,app,completed,1,TWD,182753.0,150.0,2026-06-04T19:32:31+08:00,2026-07-02,2026-07-02T03:54:22+08:00
ORD00107749,M002494,P00197,web,created,1,JPY,406279.0,300.0,2026-07-02T09:29:40+08:00,2026-07-28,2026-07-03T19:27:40+08:00
ORD00104295,M001121,P00266,電銷,paid,1,TWD,19307.0,300.0,2026-07-02T10:12:44+08:00,2026-08-12,2026-07-03T14:49:44+08:00
ORD00106613,M003879,P00233,app,created,3,USD,7320.07,750.0,2026-07-02T18:41:02+08:00,2026-08-13,2026-07-03T18:27:02+08:00
ORD00105244,M006898,P00005,web,paid,2,TWD,179981.0,850.0,2026-07-02T07:53:37+08:00,2026-10-28,2026-07-02T13:43:37+08:00
ORD00104866,M003403,P00298,電銷,created,4,TWD,493970.0,900.0,2026-07-02T06:10:29+08:00,2026-08-21,2026-07-03T06:50:29+08:00
ORD00104557,M006205,P00265,電銷,paid,3,USD,13328.64,600.0,2026-07-02T20:34:24+08:00,2026-10-13,2026-07-05T11:21:24+08:00
ORD00106140,M007807,P00106,電銷,paid,1,USD,1283.31,750.0,2026-07-02T09:33:27+08:00,2026-09-18,2026-07-04T08:16:27+08:00
ORD00107177,M004742,P00121,web,paid,1,TWD,29509.0,0.0,2026-07-02T23:42:43+08:00,2026-07-22,2026-07-05T15:25:43+08:00
ORD00105115,M006292,P00105,電銷,paid,3,TWD,224151.0,50.0,2026-07-02T19:30:13+08:00,2026-08-18,2026-07-04T14:15:13+08:00
ORD00107866,M006925,P00019,web,paid,4,TWD,387596.0,400.0,2026-07-02T15:15:21+08:00,2026-10-28,2026-07-03T00:59:21+08:00
ORD00105081,M007952,P00058,電銷,created,3,TWD,135190.0,350.0,2026-07-02T09:14:41+08:00,2026-10-27,2026-07-02T13:10:41+08:00
ORD00082990,M002466,P00152,web,cancelled,4,USD,5409.02,400.0,2026-06-17T08:06:41+08:00,2026-07-27,2026-07-02T05:34:14+08:00
ORD00106294,M001062,P00288,app,paid,4,TWD,48934.0,350.0,2026-07-02T21:28:33+08:00,2026-08-18,2026-07-03T03:22:33+08:00
ORD00107389,M001561,P00072,門市,paid,4,TWD,85588.0,400.0,2026-07-02T23:25:25+08:00,2026-08-22,2026-07-04T04:26:25+08:00
ORD00105972,M000340,P00137,web,paid,3,TWD,336380.0,750.0,2026-07-02T19:57:28+08:00,2026-07-17,2026-07-03T16:04:28+08:00
ORD00104093,M004430,P00200,門市,paid,1,USD,4193.54,700.0,2026-07-02T10:44:48+08:00,2026-07-16,2026-07-05T02:51:48+08:00
ORD00105566,M003404,P00261,電銷,created,2,TWD,9033.0,0.0,2026-07-02T00:26:33+08:00,2026-10-06,2026-07-03T19:47:33+08:00
ORD00104352,M000093,P00110,web,paid,3,TWD,529910.0,200.0,2026-07-02T20:50:01+08:00,2026-09-30,2026-07-03T01:36:01+08:00
ORD00104484,M004453,P00199,app,paid,1,TWD,6969.0,200.0,2026-07-02T16:06:42+08:00,2026-10-09,2026-07-04T16:56:42+08:00
ORD00104904,M000702,P00178,電銷,paid,1,TWD,35946.0,700.0,2026-07-02T21:04:03+08:00,2026-07-10,2026-07-05T12:22:03+08:00
ORD00104785,M005396,P00259,電銷,paid,2,TWD,246978.0,0.0,2026-07-02T01:01:20+08:00,2026-10-02,2026-07-03T15:43:20+08:00
ORD00107936,M001673,P00096,app,paid,3,TWD,18455.0,600.0,2026-07-02T18:09:38+08:00,2026-09-10,2026-07-03T05:49:38+08:00
ORD00105236,M002459,P00041,web,created,4,JPY,162848.0,200.0,2026-07-02T07:13:10+08:00,2026-09-17,2026-07-02T17:09:10+08:00
ORD00000390,M007030,P00297,電銷,cancelled,2,TWD,220034.0,400.0,2026-05-31T23:46:51+08:00,2026-08-29,2026-07-02T02:42:41+08:00
ORD00104077,M003471,P00038,電銷,paid,4,USD,2030.38,600.0,2026-07-02T13:59:38+08:00,2026-09-15,2026-07-04T11:56:38+08:00
ORD00103740,M006090,P00040,app,paid,1,TWD,86100.0,700.0,2026-07-01T20:50:01+08:00,2026-10-25,2026-07-03T16:48:01+08:00
ORD00104679,M006982,P00271,web,paid,3,TWD,68712.0,950.0,2026-07-02T17:48:29+08:00,2026-10-02,2026-07-03T23:21:29+08:00
ORD00105437,M005616,P00192,電銷,created,4,TWD,974801.0,950.0,2026-07-02T10:01:35+08:00,2026-08-15,2026-07-04T21:17:35+08:00
ORD00107452,M007104,P00166,web,paid,4,USD,26015.33,650.0,2026-07-02T07:27:00+08:00,2026-08-18,2026-07-02T17:07:00+08:00
ORD00106110,M004705,P00177,app,created,1,USD,682.91,200.0,2026-07-02T07:38:17+08:00,2026-08-21,2026-07-03T05:37:17+08:00
ORD00105438,M004316,P00212,門市,created,1,TWD,23110.0,100.0,2026-07-02T09:48:20+08:00,2026-09-22,2026-07-04T09:09:20+08:00
ORD00060557,M003686,P00173,web,cancelled,3,JPY,136176.0,950.0,2026-06-11T13:44:47+08:00,2026-06-24,2026-07-02T14:52:10+08:00
ORD00106480,M002116,P00147,app,paid,2,USD,13113.08,550.0,2026-07-02T02:15:59+08:00,2026-10-14,2026-07-03T15:05:59+08:00
ORD00067978,M004713,P00012,門市,cancelled,3,TWD,281358.0,450.0,2026-06-03T06:59:07+08:00,2026-07-28,2026-07-02T02:07:50+08:00
ORD00106911,M002998,P00200,web,paid,2,JPY,1418317.0,800.0,2026-07-02T09:41:18+08:00,2026-08-04,2026-07-04T22:04:18+08:00
ORD00021154,M006232,P00232,web,completed,2,USD,12440.82,350.0,2026-05-20T05:43:01+08:00,2026-08-27,2026-07-02T10:11:16+08:00
ORD00104884,M005924,P00297,web,created,2,TWD,206393.0,50.0,2026-07-02T08:03:32+08:00,2026-07-16,2026-07-03T19:52:32+08:00
ORD00104912,M003357,P00006,app,paid,3,TWD,473677.0,950.0,2026-07-02T16:25:37+08:00,2026-08-19,2026-07-04T08:14:37+08:00
ORD00104863,M003118,P00194,門市,paid,1,USD,2415.4,200.0,2026-07-02T00:18:42+08:00,2026-07-15,2026-07-03T00:00:42+08:00
ORD00106968,M001224,P00129,電銷,created,3,TWD,446059.0,0.0,2026-07-02T01:05:39+08:00,2026-10-16,2026-07-03T08:03:39+08:00
ORD00105082,M004155,P00299,web,paid,2,TWD,51353.0,300.0,2026-07-02T20:49:42+08:00,2026-07-31,2026-07-04T10:40:42+08:00
ORD00105897,M004238,P00148,電銷,paid,1,TWD,34821.0,900.0,2026-07-02T05:47:48+08:00,2026-08-14,2026-07-03T15:46:48+08:00
ORD00104391,M005426,P00079,app,paid,2,USD,2496.35,100.0,2026-07-02T21:29:42+08:00,2026-07-13,2026-07-05T03:18:42+08:00
ORD00106291,M004172,P00032,app,paid,2,TWD,251339.0,500.0,2026-07-02T05:39:27+08:00,2026-07-28,2026-07-03T00:36:27+08:00
ORD00107391,M002082,P00027,電銷,paid,1,USD,4111.36,400.0,2026-07-02T21:57:54+08:00,2026-09-24,2026-07-03T16:04:54+08:00
ORD00106741,M004096,P00185,門市,created,1,TWD,206824.0,600.0,2026-07-02T23:24:51+08:00,2026-08-05,2026-07-04T23:07:51+08:00
ORD00093742,M002039,P00160,門市,cancelled,4,TWD,48762.0,550.0,2026-06-26T12:03:07+08:00,2026-09-17,2026-07-02T06:47:53+08:00
ORD00020447,M003412,P00250,電銷,completed,2,TWD,157531.0,500.0,2026-05-10T06:18:04+08:00,2026-06-12,2026-07-02T21:24:09+08:00
ORD00083696,M004518,P00008,電銷,completed,2,USD,5874.16,650.0,2026-06-18T16:10:22+08:00,2026-10-10,2026-07-02T05:35:31+08:00
ORD00106839,M004691,P00086,門市,paid,4,TWD,87300.0,700.0,2026-07-02T02:45:22+08:00,2026-09-10,2026-07-03T19:49:22+08:00
ORD00106999,M000810,P00188,web,created,3,USD,6232.95,550.0,2026-07-02T02:04:02+08:00,2026-10-12,2026-07-04T12:19:02+08:00
ORD00105760,M001005,P00144,web,created,2,USD,7326.86,300.0,2026-07-02T14:10:08+08:00,2026-07-17,2026-07-02T19:29:08+08:00
ORD00105954,M003425,P00058,app,created,3,TWD,119493.0,650.0,2026-07-02T09:31:53+08:00,2026-09-19,2026-07-04T08:21:53+08:00
ORD00105484,M007118,P00143,web,paid,2,JPY,88638.0,750.0,2026-07-02T12:13:30+08:00,2026-08-13,2026-07-03T05:42:30+08:00
ORD00106207,M002739,P00300,門市,paid,2,TWD,204398.0,150.0,2026-07-02T23:41:00+08:00,2026-10-27,2026-07-03T03:58:00+08:00
ORD00106084,M002624,P00117,門市,paid,3,TWD,394690.0,0.0,2026-07-02T12:32:12+08:00,2026-08-19,2026-07-04T12:13:12+08:00
ORD00104349,M004282,P00293,app,paid,1,USD,2272.63,750.0,2026-07-02T01:10:48+08:00,2026-10-20,2026-07-03T02:48:48+08:00
ORD00104781,M001975,P00045,電銷,created,3,JPY,109752.0,900.0,2026-07-02T01:15:31+08:00,2026-07-23,2026-07-02T02:22:31+08:00
ORD00107284,M005819,P00047,門市,paid,1,TWD,20021.0,0.0,2026-07-02T03:49:44+08:00,2026-10-16,2026-07-02T14:09:44+08:00
ORD00105135,M000484,P00079,門市,created,2,TWD,94776.0,850.0,2026-07-02T14:05:35+08:00,2026-08-16,2026-07-03T21:30:35+08:00
ORD00107394,M005202,P00288,app,paid,4,TWD,54092.0,300.0,2026-07-02T07:58:16+08:00,2026-09-23,2026-07-03T23:59:16+08:00
ORD00105598,M007101,P00029,電銷,paid,3,TWD,306878.0,750.0,2026-07-02T22:56:38+08:00,2026-08-04,2026-07-04T11:21:38+08:00
ORD00104974,M004893,P00026,電銷,created,2,USD,8188.32,750.0,2026-07-02T10:12:14+08:00,2026-08-29,2026-07-03T09:15:14+08:00
ORD00090529,M001022,P00281,門市,completed,2,TWD,433223.0,450.0,2026-06-16T07:34:05+08:00,2026-08-11,2026-07-02T04:43:44+08:00
ORD00106654,M007292,P00157,app,paid,1,USD,2291.54,700.0,2026-07-02T10:00:53+08:00,2026-08-19,2026-07-03T07:04:53+08:00
ORD00107847,M003441,P00294,app,created,2,TWD,345710.0,750.0,2026-07-02T07:35:24+08:00,2026-09-11,2026-07-04T01:18:24+08:00
ORD00104419,M000323,P00157,web,created,3,JPY,941190.0,900.0,2026-07-02T15:12:33+08:00,2026-10-06,2026-07-03T07:25:33+08:00
ORD00106060,M000482,P00089,門市,paid,1,TWD,93898.0,600.0,2026-07-02T14:11:11+08:00,2026-10-12,2026-07-04T07:26:11+08:00
ORD00105693,M007083,P00154,web,paid,1,TWD,115473.0,250.0,2026-07-02T02:56:52+08:00,2026-08-18,2026-07-04T07:25:52+08:00
ORD00107961,M003652,P00092,app,created,4,USD,23914.89,300.0,2026-07-02T21:08:08+08:00,2026-09-13,2026-07-04T19:34:08+08:00
ORD00107894,M006887,P00255,web,paid,2,TWD,393044.0,100.0,2026-07-02T15:52:27+08:00,2026-07-24,2026-07-03T22:08:27+08:00
ORD00104224,M005161,P00235,app,created,4,TWD,221032.0,550.0,2026-07-02T22:30:52+08:00,2026-09-25,2026-07-02T22:48:52+08:00
ORD00104558,M007235,P00288,電銷,paid,4,TWD,51323.0,700.0,2026-07-02T11:29:51+08:00,2026-08-29,2026-07-02T16:53:51+08:00
ORD00106784,M006100,P00237,門市,paid,3,TWD,437066.0,50.0,2026-07-02T08:27:23+08:00,2026-09-16,2026-07-03T05:06:23+08:00
ORD00105133,M002362,P00228,web,paid,4,TWD,430935.0,500.0,2026-07-02T02:27:29+08:00,2026-10-17,2026-07-04T16:18:29+08:00
ORD00105818,M006988,P00161,app,paid,4,TWD,675072.0,950.0,2026-07-02T23:51:53+08:00,2026-07-16,2026-07-04T15:48:53+08:00
ORD00106568,M005931,P00061,電銷,created,1,TWD,156653.0,450.0,2026-07-02T05:37:46+08:00,2026-07-17,2026-07-02T20:16:46+08:00
ORD00009973,M002825,P00253,web,completed,3,TWD,604884.0,300.0,2026-05-02T16:44:24+08:00,2026-07-31,2026-07-02T01:04:34+08:00
ORD00107302,M005144,P00223,門市,paid,3,USD,16758.54,50.0,2026-07-02T21:07:53+08:00,2026-10-29,2026-07-04T23:18:53+08:00
ORD00112022,M000925,P00015,門市,paid,1,TWD,65243.0,50.0,2026-06-17T11:28:51+08:00,2026-09-24,2026-07-02T09:19:17+08:00
ORD00104072,M007551,P00001,app,paid,2,TWD,223499.0,50.0,2026-07-02T04:41:44+08:00,2026-10-16,2026-07-04T22:16:44+08:00
ORD00106426,M001872,P00029,電銷,paid,2,TWD,232121.0,600.0,2026-07-02T17:13:33+08:00,2026-08-28,2026-07-04T23:23:33+08:00
ORD00104618,M006415,P00162,web,paid,4,TWD,32409.0,750.0,2026-07-02T00:33:59+08:00,2026-07-15,2026-07-03T05:08:59+08:00
ORD00105457,M002912,P00055,電銷,paid,3,TWD,301340.0,50.0,2026-07-02T23:36:20+08:00,2026-07-26,2026-07-03T05:10:20+08:00
ORD00106448,M003912,P00138,web,paid,2,USD,4277.24,450.0,2026-07-02T08:51:59+08:00,2026-08-29,2026-07-02T16:12:59+08:00
ORD00083283,M003565,P00241,app,completed,3,TWD,440929.0,500.0,2026-05-19T18:48:03+08:00,2026-06-22,2026-07-02T14:56:37+08:00
ORD00105268,M007727,P00006,門市,paid,3,USD,16102.6,250.0,2026-07-02T15:13:25+08:00,2026-09-04,2026-07-04T18:11:25+08:00
ORD00106157,M000801,P00192,app,paid,4,TWD,717421.0,300.0,2026-07-02T13:56:37+08:00,2026-10-09,2026-07-04T10:54:37+08:00
ORD00104027,M001391,P00025,電銷,paid,3,TWD,408266.0,550.0,2026-07-02T12:06:44+08:00,2026-08-09,2026-07-04T19:58:44+08:00
ORD00079033,M001405,P00174,門市,completed,2,TWD,46038.0,400.0,2026-05-14T16:23:54+08:00,2026-08-05,2026-07-02T02:49:50+08:00
ORD00112012,M003897,P00294,web,paid,3,USD,13489.8,850.0,2026-06-11T17:06:08+08:00,2026-09-19,2026-07-02T18:13:10+08:00
ORD00106532,M001584,P00068,門市,paid,4,TWD,304725.0,800.0,2026-07-02T12:21:42+08:00,2026-08-14,2026-07-03T01:13:42+08:00
ORD00001782,M007748,P00014,門市,completed,1,TWD,111109.0,100.0,2026-06-01T18:22:18+08:00,2026-07-30,2026-07-02T10:58:56+08:00
ORD00088993,M005456,P00003,門市,completed,1,TWD,103011.0,450.0,2026-05-17T02:34:17+08:00,2026-07-09,2026-07-02T05:31:41+08:00
ORD00112032,M003431,P00086,app,paid,3,TWD,48508.0,800.0,2026-06-15T12:08:11+08:00,2026-08-30,2026-07-02T14:14:23+08:00
ORD00105274,M006943,P00073,app,created,4,TWD,433698.0,450.0,2026-07-02T17:55:58+08:00,2026-08-18,2026-07-04T09:51:58+08:00
ORD00104382,M000216,P00074,web,created,1,TWD,150740.0,150.0,2026-07-02T21:28:39+08:00,2026-08-01,2026-07-04T12:53:39+08:00
ORD00107421,M006538,P00233,電銷,paid,4,TWD,332017.0,0.0,2026-07-02T18:32:01+08:00,2026-10-15,2026-07-04T06:29:01+08:00
ORD00106132,M003255,P00029,web,paid,1,TWD,116040.0,650.0,2026-07-02T07:14:41+08:00,2026-08-29,2026-07-02T21:52:41+08:00
ORD00104051,M004630,P00171,電銷,paid,3,USD,7454.66,300.0,2026-07-02T14:19:25+08:00,2026-10-18,2026-07-03T16:19:25+08:00
ORD00105346,M007013,P00106,web,paid,3,USD,4984.87,300.0,2026-07-02T14:27:46+08:00,2026-09-30,2026-07-03T16:50:46+08:00
ORD00105359,M000027,P00051,web,created,1,USD,4991.28,900.0,2026-07-02T15:25:26+08:00,2026-10-10,2026-07-03T22:19:26+08:00
ORD00105407,M001774,P00164,web,paid,2,TWD,78937.0,700.0,2026-07-02T01:52:14+08:00,2026-07-22,2026-07-04T07:05:14+08:00
ORD00033678,M003132,P00109,app,cancelled,4,USD,5031.37,50.0,2026-05-13T01:26:02+08:00,2026-08-27,2026-07-02T21:31:24+08:00
ORD00106889,M005881,P00288,門市,created,2,JPY,106393.0,750.0,2026-07-02T16:47:10+08:00,2026-07-11,2026-07-05T01:07:10+08:00
ORD00104128,M002693,P00222,app,paid,1,TWD,36357.0,250.0,2026-07-02T22:04:00+08:00,2026-08-23,2026-07-05T01:53:00+08:00
ORD00104054,M004419,P00192,門市,paid,3,TWD,522976.0,450.0,2026-07-02T20:48:47+08:00,2026-10-24,2026-07-05T11:55:47+08:00
ORD00107186,M003163,P00168,門市,paid,4,TWD,637061.0,300.0,2026-07-02T10:17:55+08:00,2026-10-08,2026-07-03T08:52:55+08:00
ORD00105308,M001258,P00255,電銷,created,2,USD,12584.15,500.0,2026-07-02T07:34:20+08:00,2026-07-20,2026-07-02T07:36:20+08:00
ORD00107209,M003603,P00181,app,created,4,JPY,334482.0,700.0,2026-07-02T15:42:34+08:00,2026-09-13,2026-07-03T14:32:34+08:00
ORD00104584,M007883,P00213,門市,created,4,TWD,396809.0,50.0,2026-07-02T19:41:13+08:00,2026-09-10,2026-07-05T13:48:13+08:00
ORD00104676,M005822,P00022,web,created,1,TWD,47301.0,150.0,2026-07-02T17:32:46+08:00,2026-08-27,2026-07-05T06:09:46+08:00
ORD00105430,M001584,P00057,web,paid,2,TWD,220445.0,300.0,2026-07-02T12:46:25+08:00,2026-10-06,2026-07-05T01:47:25+08:00
ORD00058645,M001139,P00075,電銷,cancelled,3,TWD,63076.0,900.0,2026-05-10T12:24:50+08:00,2026-06-15,2026-07-02T07:23:40+08:00
ORD00104667,M006252,P00221,電銷,paid,1,TWD,115516.0,0.0,2026-07-02T08:20:40+08:00,2026-09-15,2026-07-03T00:23:40+08:00
ORD00107743,M005737,P00176,web,paid,1,USD,4666.13,150.0,2026-07-02T04:40:32+08:00,2026-09-18,2026-07-03T20:15:32+08:00
ORD00104570,M000024,P00159,web,created,1,TWD,51102.0,100.0,2026-07-02T10:49:49+08:00,2026-09-15,2026-07-04T06:14:49+08:00
ORD00104492,M005418,P00200,app,paid,2,TWD,301778.0,200.0,2026-07-02T12:31:12+08:00,2026-10-08,2026-07-05T03:03:12+08:00
ORD00104044,M002987,P00048,電銷,paid,2,USD,5605.88,200.0,2026-07-02T18:57:23+08:00,2026-07-29,2026-07-04T23:06:23+08:00
ORD00104309,M003680,P00088,app,paid,4,TWD,349111.0,900.0,2026-07-02T19:18:58+08:00,2026-10-20,2026-07-04T00:20:58+08:00
ORD00107649,M001888,P00137,web,created,3,TWD,431671.0,800.0,2026-07-02T05:42:29+08:00,2026-09-24,2026-07-03T14:10:29+08:00
ORD00104265,M006376,P00254,web,paid,1,USD,86.4,550.0,2026-07-02T06:57:15+08:00,2026-10-16,2026-07-05T00:38:15+08:00
ORD00042381,M000355,P00129,web,completed,4,JPY,2914753.0,300.0,2026-06-06T19:41:39+08:00,2026-08-07,2026-07-02T09:35:50+08:00
ORD00106686,M002589,P00073,門市,paid,4,TWD,408548.0,550.0,2026-07-02T04:10:39+08:00,2026-08-11,2026-07-02T09:27:39+08:00
ORD00106239,M000297,P00206,app,paid,1,TWD,201701.0,250.0,2026-07-02T11:46:59+08:00,2026-08-24,2026-07-02T19:43:59+08:00
ORD00105963,M005195,P00128,web,created,4,JPY,3024532.0,150.0,2026-07-02T03:37:44+08:00,2026-08-03,2026-07-03T16:19:44+08:00
ORD00104331,M002235,P00009,電銷,paid,1,JPY,400113.0,550.0,2026-07-02T22:13:50+08:00,2026-08-27,2026-07-03T15:07:50+08:00
ORD00052642,M004267,P00161,web,completed,1,USD,6570.13,100.0,2026-06-08T15:18:04+08:00,2026-06-23,2026-07-02T14:07:37+08:00
ORD00104479,M002681,P00101,app,paid,1,TWD,71534.0,100.0,2026-07-02T19:10:59+08:00,2026-07-31,2026-07-02T22:54:59+08:00
ORD00104530,M000180,P00043,app,paid,3,TWD,393889.0,300.0,2026-07-02T01:31:37+08:00,2026-08-26,2026-07-04T09:24:37+08:00
ORD00107155,M004865,P00262,門市,paid,3,TWD,600262.0,300.0,2026-07-02T05:10:26+08:00,2026-09-16,2026-07-03T11:33:26+08:00
ORD00105879,M007190,P00191,web,paid,1,TWD,121702.0,900.0,2026-07-02T03:32:35+08:00,2026-08-24,2026-07-03T16:14:35+08:00
ORD00106633,M000898,P00127,app,paid,3,TWD,170459.0,800.0,2026-07-02T10:52:02+08:00,2026-08-17,2026-07-04T21:15:02+08:00
ORD00104954,M005798,P00079,電銷,paid,4,TWD,209881.0,50.0,2026-07-02T07:40:24+08:00,2026-10-08,2026-07-03T02:36:24+08:00
ORD00104150,M004107,P00087,電銷,paid,2,USD,14673.98,350.0,2026-07-02T11:12:34+08:00,2026-09-09,2026-07-03T01:15:34+08:00
ORD00105514,M004896,P00066,電銷,paid,1,TWD,187951.0,50.0,2026-07-02T18:21:53+08:00,2026-09-05,2026-07-05T01:52:53+08:00
ORD00104534,M003195,P00088,web,created,1,TWD,69989.0,300.0,2026-07-02T07:05:11+08:00,2026-09-01,2026-07-02T13:10:11+08:00
ORD00022951,M002116,P00038,門市,cancelled,3,TWD,62139.0,0.0,2026-06-21T16:55:22+08:00,2026-08-03,2026-07-02T00:21:38+08:00
ORD00105356,M000113,P00128,電銷,paid,2,TWD,266253.0,50.0,2026-07-02T09:55:38+08:00,2026-07-27,2026-07-04T01:27:38+08:00
ORD00013858,M005510,P00219,web,completed,1,USD,3868.69,800.0,2026-06-11T13:53:32+08:00,2026-09-08,2026-07-02T01:17:11+08:00
ORD00105361,M000306,P00074,web,created,2,TWD,334169.0,400.0,2026-07-02T07:11:33+08:00,2026-08-26,2026-07-04T17:07:33+08:00
ORD00092315,M004410,P00218,門市,cancelled,1,TWD,33300.0,850.0,2026-06-08T17:44:56+08:00,2026-07-27,2026-07-02T06:39:28+08:00
ORD00106540,M007255,P00064,web,paid,2,USD,1900.31,550.0,2026-07-02T03:05:44+08:00,2026-08-09,2026-07-02T21:49:44+08:00
ORD00107685,M005113,P00232,電銷,paid,2,TWD,398314.0,600.0,2026-07-02T02:35:04+08:00,2026-10-17,2026-07-02T11:05:04+08:00
ORD00104886,M000745,P00256,門市,paid,1,TWD,215181.0,350.0,2026-07-02T10:18:28+08:00,2026-08-24,2026-07-03T20:03:28+08:00
ORD00106312,M005652,P00125,電銷,created,4,TWD,225217.0,750.0,2026-07-02T17:13:54+08:00,2026-10-07,2026-07-04T18:02:54+08:00
ORD00106832,M002506,P00163,電銷,paid,2,JPY,1088926.0,350.0,2026-07-02T04:35:38+08:00,2026-07-19,2026-07-02T16:37:38+08:00
ORD00107085,M002909,P00090,web,created,1,TWD,165885.0,700.0,2026-07-02T22:22:15+08:00,2026-10-11,2026-07-04T21:25:15+08:00
ORD00104445,M006603,P00009,門市,paid,1,USD,2245.66,550.0,2026-07-02T13:49:29+08:00,2026-07-18,2026-07-04T10:00:29+08:00
ORD00105749,M006303,P00132,web,created,4,TWD,214485.0,0.0,2026-07-02T08:05:12+08:00,2026-09-09,2026-07-03T14:35:12+08:00
ORD00105657,M003447,P00157,電銷,paid,3,TWD,253314.0,850.0,2026-07-02T04:26:51+08:00,2026-10-18,2026-07-04T06:18:51+08:00
ORD00104794,M005847,P00009,web,created,3,USD,7975.88,950.0,2026-07-02T17:35:22+08:00,2026-09-17,2026-07-04T10:24:22+08:00
ORD00105743,M000913,P00195,web,created,2,TWD,108204.0,50.0,2026-07-02T11:04:50+08:00,2026-07-17,2026-07-02T16:58:50+08:00
ORD00104778,M000072,P00296,門市,paid,1,USD,264.09,700.0,2026-07-02T09:45:01+08:00,2026-10-07,2026-07-04T21:17:01+08:00
ORD00104898,M003293,P00247,門市,paid,1,TWD,164324.0,200.0,2026-07-02T19:02:18+08:00,2026-07-15,2026-07-05T13:30:18+08:00
ORD00106573,M003310,P00086,門市,paid,2,TWD,43254.0,100.0,2026-07-02T18:18:52+08:00,2026-10-21,2026-07-02T18:49:52+08:00
ORD00104363,M000714,P00072,門市,created,2,TWD,42262.0,900.0,2026-07-02T04:45:03+08:00,2026-09-21,2026-07-02T07:11:03+08:00
ORD00105504,M000810,P00228,門市,created,3,TWD,428867.0,200.0,2026-07-02T20:36:51+08:00,2026-08-17,2026-07-04T21:00:51+08:00
ORD00106645,M005434,P00143,app,paid,2,USD,671.29,850.0,2026-07-02T05:14:26+08:00,2026-09-10,2026-07-03T19:54:26+08:00
ORD00104201,M001590,P00218,web,paid,3,JPY,549578.0,850.0,2026-07-02T17:03:14+08:00,2026-09-19,2026-07-03T14:26:14+08:00
ORD00105372,M007503,P00122,web,paid,1,TWD,196431.0,700.0,2026-07-02T04:11:55+08:00,2026-10-05,2026-07-04T14:17:55+08:00
ORD00104057,M000043,P00115,電銷,paid,1,TWD,152247.0,950.0,2026-07-02T21:59:01+08:00,2026-08-29,2026-07-03T04:15:01+08:00
ORD00104098,M006702,P00100,電銷,created,4,TWD,746575.0,850.0,2026-07-02T20:17:10+08:00,2026-07-20,2026-07-04T06:24:10+08:00
ORD00104469,M007855,P00120,app,paid,3,TWD,335988.0,350.0,2026-07-02T14:10:25+08:00,2026-08-07,2026-07-04T05:50:25+08:00
ORD00104948,M005198,P00278,門市,paid,2,USD,11814.26,900.0,2026-07-02T19:52:07+08:00,2026-10-26,2026-07-04T06:50:07+08:00
ORD00106651,M003008,P00234,app,created,2,USD,513.1,700.0,2026-07-02T07:37:15+08:00,2026-09-29,2026-07-02T14:50:15+08:00
ORD00106286,M004142,P00259,web,paid,2,USD,8705.98,350.0,2026-07-02T04:45:47+08:00,2026-09-23,2026-07-04T07:41:47+08:00
ORD00104319,M002527,P00022,web,created,4,TWD,180838.0,300.0,2026-07-02T10:44:46+08:00,2026-08-24,2026-07-04T20:07:46+08:00
ORD00107982,M004054,P00043,web,paid,2,TWD,281307.0,950.0,2026-07-02T14:11:00+08:00,2026-10-16,2026-07-02T21:01:00+08:00
ORD00104697,M002883,P00197,門市,paid,1,JPY,324838.0,200.0,2026-07-02T05:34:57+08:00,2026-09-28,2026-07-02T07:35:57+08:00
ORD00107937,M000441,P00254,web,paid,1,JPY,12479.0,650.0,2026-07-02T23:33:14+08:00,2026-10-09,2026-07-05T08:01:14+08:00
ORD00106319,M001172,P00177,app,paid,1,TWD,23480.0,100.0,2026-07-02T07:26:13+08:00,2026-07-22,2026-07-03T08:41:13+08:00
ORD00104090,M007928,P00255,門市,paid,1,TWD,183158.0,900.0,2026-07-02T23:39:53+08:00,2026-10-08,2026-07-05T14:35:53+08:00
ORD00105117,M005330,P00053,web,paid,2,TWD,171187.0,400.0,2026-07-02T01:54:10+08:00,2026-10-02,2026-07-03T03:44:10+08:00
ORD00106881,M000841,P00120,app,paid,2,USD,8593.39,850.0,2026-07-02T23:55:18+08:00,2026-07-19,2026-07-04T20:32:18+08:00
ORD00104025,M005131,P00253,門市,paid,2,TWD,366846.0,600.0,2026-07-02T01:38:13+08:00,2026-09-03,2026-07-04T00:58:13+08:00
ORD00106704,M001881,P00278,門市,paid,3,TWD,460680.0,800.0,2026-07-02T02:53:41+08:00,2026-09-07,2026-07-02T07:32:41+08:00
ORD00107600,M000289,P00197,web,paid,2,TWD,132407.0,0.0,2026-07-02T21:56:46+08:00,2026-09-15,2026-07-04T12:41:46+08:00
ORD00106181,M007876,P00102,電銷,created,1,USD,1241.14,450.0,2026-07-02T06:23:38+08:00,2026-08-16,2026-07-02T09:16:38+08:00
ORD00104934,M005921,P00160,電銷,paid,3,USD,1258.87,50.0,2026-07-02T18:48:07+08:00,2026-07-30,2026-07-04T22:24:07+08:00
ORD00104723,M004857,P00095,app,paid,1,TWD,210968.0,900.0,2026-07-02T03:16:39+08:00,2026-10-22,2026-07-04T16:46:39+08:00
ORD00106058,M004057,P00032,web,created,2,TWD,309269.0,700.0,2026-07-02T03:03:59+08:00,2026-09-26,2026-07-04T18:36:59+08:00
ORD00105684,M000901,P00063,門市,paid,4,JPY,3666176.0,800.0,2026-07-02T14:39:34+08:00,2026-08-02,2026-07-03T19:59:34+08:00
ORD00105875,M002974,P00126,門市,paid,1,TWD,26319.0,900.0,2026-07-02T08:17:37+08:00,2026-07-25,2026-07-04T19:59:37+08:00
ORD00104923,M003816,P00052,web,paid,2,USD,5875.11,950.0,2026-07-02T20:53:17+08:00,2026-09-01,2026-07-03T01:14:17+08:00
ORD00105318,M001953,P00222,web,created,3,TWD,108788.0,950.0,2026-07-02T03:43:17+08:00,2026-09-12,2026-07-02T16:11:17+08:00
ORD00105592,M007068,P00186,app,paid,1,TWD,143177.0,750.0,2026-07-02T20:31:25+08:00,2026-10-25,2026-07-05T08:12:25+08:00
ORD00106004,M004606,P00251,app,paid,1,TWD,125852.0,800.0,2026-07-02T16:28:33+08:00,2026-09-15,2026-07-03T14:13:33+08:00
ORD00105165,M001902,P00138,門市,paid,2,TWD,123890.0,850.0,2026-07-02T07:45:23+08:00,2026-08-02,2026-07-04T03:44:23+08:00
ORD00105091,M005442,P00204,web,created,3,USD,15415.7,900.0,2026-07-02T22:47:31+08:00,2026-09-07,2026-07-03T07:39:31+08:00
ORD00106077,M005598,P00075,門市,paid,4,JPY,415204.0,50.0,2026-07-02T01:28:28+08:00,2026-07-21,2026-07-02T09:26:28+08:00
ORD00106996,M000815,P00024,門市,paid,3,TWD,271611.0,400.0,2026-07-02T04:10:10+08:00,2026-09-03,2026-07-03T12:27:10+08:00
ORD00105953,M007969,P00069,門市,paid,1,USD,6296.84,450.0,2026-07-02T08:46:25+08:00,2026-10-06,2026-07-04T11:32:25+08:00
ORD00106847,M000708,P00195,app,paid,1,TWD,62162.0,0.0,2026-07-02T17:53:05+08:00,2026-10-04,2026-07-05T11:35:05+08:00
ORD00104916,M007811,P00257,app,created,1,TWD,33425.0,800.0,2026-07-02T18:23:16+08:00,2026-08-17,2026-07-03T00:48:16+08:00
ORD00106252,M002074,P00120,app,paid,1,TWD,105774.0,800.0,2026-07-02T12:21:00+08:00,2026-08-11,2026-07-05T00:38:00+08:00
ORD00105803,M006976,P00045,門市,created,2,JPY,77163.0,450.0,2026-07-02T21:35:05+08:00,2026-10-04,2026-07-04T22:46:05+08:00
ORD00107147,M007525,P00294,門市,created,3,USD,12872.33,100.0,2026-07-02T21:41:43+08:00,2026-09-04,2026-07-04T06:39:43+08:00
ORD00039094,M004049,P00203,門市,completed,4,TWD,487105.0,900.0,2026-05-13T19:37:29+08:00,2026-07-11,2026-07-02T06:41:52+08:00
ORD00107332,M001741,P00278,門市,paid,4,TWD,779573.0,150.0,2026-07-02T15:50:47+08:00,2026-09-11,2026-07-04T05:47:47+08:00
ORD00105686,M005598,P00160,app,paid,3,TWD,48508.0,100.0,2026-07-02T04:58:33+08:00,2026-08-18,2026-07-04T16:32:33+08:00
ORD00105603,M007496,P00136,web,paid,3,TWD,58963.0,0.0,2026-07-02T20:03:36+08:00,2026-08-09,2026-07-04T23:11:36+08:00
ORD00107402,M002829,P00066,web,paid,2,TWD,415590.0,100.0,2026-07-02T14:35:08+08:00,2026-10-23,2026-07-05T01:31:08+08:00
ORD00106603,M005296,P00277,web,created,2,TWD,250196.0,200.0,2026-07-02T02:41:35+08:00,2026-08-20,2026-07-04T06:22:35+08:00
ORD00106692,M001418,P00012,電銷,created,4,TWD,393128.0,450.0,2026-07-02T11:27:33+08:00,2026-07-13,2026-07-03T00:10:33+08:00
ORD00106250,M005293,P00237,app,created,1,USD,4698.64,150.0,2026-07-02T00:21:33+08:00,2026-09-04,2026-07-04T18:48:33+08:00
ORD00105475,M007365,P00096,app,paid,2,TWD,12384.0,450.0,2026-07-02T04:26:15+08:00,2026-10-02,2026-07-04T03:23:15+08:00
ORD00076673,M007501,P00207,app,cancelled,4,USD,8628.89,300.0,2026-06-03T04:31:08+08:00,2026-08-08,2026-07-02T05:41:48+08:00
ORD00107164,M000937,P00091,電銷,created,1,TWD,127076.0,900.0,2026-07-02T13:02:23+08:00,2026-08-09,2026-07-03T02:15:23+08:00
ORD00104289,M005286,P00226,電銷,paid,1,TWD,103064.0,150.0,2026-07-02T14:19:00+08:00,2026-09-22,2026-07-03T21:53:00+08:00
ORD00105887,M003281,P00087,電銷,paid,4,TWD,896395.0,350.0,2026-07-02T19:55:32+08:00,2026-10-23,2026-07-04T02:45:32+08:00
ORD00104711,M000542,P00170,web,paid,2,TWD,137260.0,800.0,2026-07-02T07:09:02+08:00,2026-09-17,2026-07-03T17:40:02+08:00
ORD00107307,M006231,P00040,門市,paid,4,USD,11218.95,550.0,2026-07-02T12:30:14+08:00,2026-07-14,2026-07-03T14:55:14+08:00
ORD00107378,M003197,P00046,web,paid,3,TWD,215116.0,500.0,2026-07-02T21:51:11+08:00,2026-10-03,2026-07-04T21:26:11+08:00
ORD00107040,M001589,P00207,app,paid,4,TWD,309615.0,200.0,2026-07-02T18:35:23+08:00,2026-07-31,2026-07-03T08:31:23+08:00
ORD00108000,M007458,P00078,app,paid,2,JPY,1244687.0,950.0,2026-07-02T09:48:55+08:00,2026-08-21,2026-07-05T02:13:55+08:00
ORD00105360,M005958,P00249,web,paid,3,JPY,1083497.0,650.0,2026-07-02T23:15:32+08:00,2026-07-10,2026-07-04T23:03:32+08:00
ORD00105813,M004050,P00249,電銷,paid,3,USD,6224.73,100.0,2026-07-02T14:44:31+08:00,2026-09-03,2026-07-04T01:40:31+08:00
ORD00106066,M000046,P00084,app,created,4,TWD,203023.0,800.0,2026-07-02T12:30:01+08:00,2026-10-15,2026-07-03T01:05:01+08:00
ORD00106791,M002335,P00260,門市,paid,1,TWD,156633.0,950.0,2026-07-02T10:42:11+08:00,2026-09-22,2026-07-04T02:59:11+08:00
ORD00106527,M000356,P00257,app,created,2,TWD,75833.0,150.0,2026-07-02T14:13:59+08:00,2026-09-26,2026-07-04T17:12:59+08:00
ORD00104972,M007721,P00143,電銷,paid,3,USD,1059.84,650.0,2026-07-02T20:18:02+08:00,2026-09-30,2026-07-05T10:56:02+08:00
ORD00107750,M007126,P00170,web,created,2,TWD,145405.0,150.0,2026-07-02T14:13:08+08:00,2026-08-06,2026-07-04T00:55:08+08:00
ORD00106297,M002783,P00241,app,paid,1,TWD,208074.0,850.0,2026-07-02T23:34:57+08:00,2026-10-24,2026-07-04T01:50:57+08:00
ORD00107182,M007267,P00013,app,paid,3,TWD,425689.0,0.0,2026-07-02T08:30:22+08:00,2026-07-23,2026-07-03T19:40:22+08:00
ORD00104662,M007349,P00258,電銷,paid,4,TWD,557540.0,350.0,2026-07-02T09:10:54+08:00,2026-08-05,2026-07-04T22:10:54+08:00
ORD00104379,M003564,P00204,門市,paid,1,JPY,914819.0,300.0,2026-07-02T20:24:28+08:00,2026-08-29,2026-07-04T12:29:28+08:00
ORD00104559,M004877,P00031,web,paid,2,USD,11985.74,250.0,2026-07-02T12:54:39+08:00,2026-07-26,2026-07-04T18:34:39+08:00
ORD00107200,M007585,P00247,電銷,paid,3,TWD,530532.0,100.0,2026-07-02T08:36:11+08:00,2026-07-22,2026-07-02T11:45:11+08:00
ORD00107338,M006390,P00076,web,created,3,USD,325.3,0.0,2026-07-02T16:30:28+08:00,2026-08-31,2026-07-02T19:41:28+08:00
ORD00105185,M003322,P00040,門市,created,3,TWD,232367.0,100.0,2026-07-02T06:38:53+08:00,2026-08-08,2026-07-03T19:15:53+08:00
ORD00107416,M001547,P00206,web,paid,1,TWD,155654.0,600.0,2026-07-02T08:05:45+08:00,2026-08-05,2026-07-03T03:34:45+08:00
ORD00107062,M001300,P00046,app,paid,3,TWD,222636.0,800.0,2026-07-02T16:59:53+08:00,2026-07-24,2026-07-04T14:59:53+08:00
ORD00106605,M007611,P00135,app,created,3,TWD,22652.0,900.0,2026-07-02T09:57:05+08:00,2026-08-26,2026-07-04T07:48:05+08:00
ORD00104625,M004879,P00081,web,paid,1,TWD,118090.0,450.0,2026-07-02T03:53:13+08:00,2026-07-15,2026-07-04T07:57:13+08:00
ORD00104693,M002432,P00116,電銷,paid,3,USD,8001.97,350.0,2026-07-02T11:18:13+08:00,2026-07-31,2026-07-03T19:05:13+08:00
ORD00105423,M006903,P00159,web,paid,1,TWD,43243.0,450.0,2026-07-02T08:16:10+08:00,2026-10-16,2026-07-03T15:17:10+08:00
ORD00107392,M006389,P00268,web,created,2,TWD,137903.0,800.0,2026-07-02T11:00:59+08:00,2026-10-02,2026-07-05T01:49:59+08:00
ORD00107418,M002023,P00078,電銷,paid,2,TWD,234062.0,50.0,2026-07-02T14:11:07+08:00,2026-08-18,2026-07-05T05:11:07+08:00
ORD00022035,M003279,P00254,web,completed,1,TWD,3415.0,0.0,2026-05-27T13:03:48+08:00,2026-09-04,2026-07-02T06:35:00+08:00
ORD00107719,M006401,P00289,web,created,2,JPY,943649.0,600.0,2026-07-02T18:42:28+08:00,2026-07-12,2026-07-04T17:46:28+08:00
ORD00107938,M007128,P00160,電銷,created,1,JPY,61291.0,50.0,2026-07-02T06:20:41+08:00,2026-07-09,2026-07-03T20:20:41+08:00
ORD00105443,M006415,P00152,web,paid,1,TWD,47707.0,550.0,2026-07-02T03:21:55+08:00,2026-07-15,2026-07-04T12:48:55+08:00
ORD00011681,M003463,P00184,電銷,completed,1,TWD,149574.0,750.0,2026-05-24T13:39:53+08:00,2026-08-15,2026-07-02T09:31:23+08:00
ORD00107931,M002766,P00011,電銷,paid,2,JPY,1408527.0,0.0,2026-07-02T08:53:54+08:00,2026-10-23,2026-07-02T16:35:54+08:00
ORD00105564,M000056,P00011,web,paid,3,TWD,545564.0,250.0,2026-07-02T22:33:49+08:00,2026-10-23,2026-07-04T15:38:49+08:00
ORD00098982,M000692,P00300,門市,cancelled,3,USD,10974.01,100.0,2026-05-06T17:21:17+08:00,2026-05-28,2026-07-02T09:19:32+08:00
ORD00107734,M002137,P00266,web,created,1,TWD,19437.0,450.0,2026-07-02T09:48:01+08:00,2026-10-22,2026-07-03T22:47:01+08:00
ORD00104494,M002054,P00032,電銷,paid,1,JPY,603411.0,150.0,2026-07-02T23:23:42+08:00,2026-07-30,2026-07-05T05:05:42+08:00
ORD00107027,M000963,P00196,app,paid,2,TWD,116515.0,0.0,2026-07-02T13:10:52+08:00,2026-07-25,2026-07-03T23:56:52+08:00
ORD00112009,M002201,P00222,app,paid,2,TWD,69873.0,100.0,2026-06-23T00:37:39+08:00,2026-09-29,2026-07-02T17:55:30+08:00
ORD00104002,M003472,P00035,web,paid,2,TWD,411116.0,500.0,2026-07-02T15:00:45+08:00,2026-07-21,2026-07-03T10:19:45+08:00
ORD00023641,M004266,P00045,app,cancelled,3,TWD,21300.0,150.0,2026-06-27T12:45:33+08:00,2026-07-06,2026-07-02T08:54:30+08:00
ORD00104572,M004606,P00031,門市,paid,2,TWD,425868.0,0.0,2026-07-02T19:45:42+08:00,2026-10-24,2026-07-05T08:32:42+08:00
ORD00106162,M006069,P00106,電銷,paid,2,JPY,504506.0,650.0,2026-07-02T02:58:22+08:00,2026-08-14,2026-07-04T19:06:22+08:00
ORD00104671,M004120,P00252,app,paid,2,TWD,99946.0,200.0,2026-07-02T00:04:32+08:00,2026-10-04,2026-07-04T08:56:32+08:00
ORD00106373,M005404,P00239,門市,paid,1,JPY,803190.0,500.0,2026-07-02T04:00:50+08:00,2026-08-18,2026-07-03T22:34:50+08:00
ORD00104266,M001418,P00134,web,paid,2,TWD,186230.0,450.0,2026-07-02T08:58:58+08:00,2026-10-10,2026-07-05T01:31:58+08:00
ORD00011226,M003226,P00069,門市,cancelled,4,TWD,815065.0,200.0,2026-05-14T01:14:03+08:00,2026-07-16,2026-07-02T23:11:30+08:00
ORD00105776,M001386,P00259,app,created,2,TWD,270163.0,350.0,2026-07-02T06:21:33+08:00,2026-07-25,2026-07-03T05:41:33+08:00
ORD00104746,M000690,P00216,門市,paid,4,TWD,39406.0,900.0,2026-07-02T05:07:29+08:00,2026-08-24,2026-07-04T11:04:29+08:00
ORD00066184,M006010,P00267,web,completed,3,TWD,686895.0,800.0,2026-06-16T09:30:10+08:00,2026-08-16,2026-07-02T07:45:45+08:00
ORD00106522,M005747,P00048,電銷,paid,2,USD,6789.79,350.0,2026-07-02T00:09:44+08:00,2026-08-14,2026-07-04T10:15:44+08:00
ORD00105992,M004494,P00157,app,created,2,JPY,776515.0,550.0,2026-07-02T03:19:12+08:00,2026-07-26,2026-07-03T02:35:12+08:00
ORD00106642,M004802,P00082,電銷,created,1,TWD,227290.0,300.0,2026-07-02T03:05:52+08:00,2026-09-28,2026-07-02T16:40:52+08:00
ORD00104793,M002940,P00231,門市,created,1,TWD,148209.0,900.0,2026-07-02T09:23:20+08:00,2026-10-10,2026-07-02T13:21:20+08:00
ORD00106421,M006027,P00210,app,created,2,USD,11405.04,550.0,2026-07-02T23:34:12+08:00,2026-08-05,2026-07-04T11:23:12+08:00
ORD00050007,M001530,P00230,app,completed,2,TWD,313177.0,400.0,2026-06-09T00:39:37+08:00,2026-06-24,2026-07-02T07:02:25+08:00
ORD00106001,M005455,P00012,電銷,paid,4,TWD,402913.0,150.0,2026-07-02T06:46:54+08:00,2026-10-05,2026-07-02T09:06:54+08:00
ORD00106431,M002583,P00136,app,paid,1,USD,628.53,750.0,2026-07-02T02:28:14+08:00,2026-08-22,2026-07-02T21:29:14+08:00
ORD00107842,M003331,P00155,門市,created,2,USD,3687.14,450.0,2026-07-02T02:16:58+08:00,2026-09-12,2026-07-02T16:52:58+08:00
ORD00104837,M001721,P00251,電銷,created,4,TWD,427908.0,250.0,2026-07-02T09:40:29+08:00,2026-08-14,2026-07-04T21:24:29+08:00
ORD00106393,M003057,P00269,電銷,paid,1,TWD,61929.0,850.0,2026-07-02T23:51:22+08:00,2026-10-03,2026-07-03T04:15:22+08:00
ORD00105382,M001855,P00210,web,paid,4,TWD,706204.0,300.0,2026-07-02T08:59:33+08:00,2026-07-13,2026-07-04T04:18:33+08:00
ORD00105112,M001395,P00288,app,created,4,TWD,48766.0,550.0,2026-07-02T12:18:03+08:00,2026-08-13,2026-07-04T11:21:03+08:00
ORD00050484,M001338,P00017,web,cancelled,1,JPY,981604.0,850.0,2026-05-21T08:50:28+08:00,2026-06-12,2026-07-02T03:02:36+08:00
ORD00023152,M000423,P00284,門市,completed,4,USD,21478.32,150.0,2026-06-04T09:01:56+08:00,2026-09-06,2026-07-02T17:08:26+08:00
ORD00107134,M000908,P00111,web,paid,4,TWD,401257.0,150.0,2026-07-02T18:56:22+08:00,2026-09-04,2026-07-03T03:10:22+08:00
ORD00106736,M002587,P00148,門市,paid,1,TWD,34334.0,850.0,2026-07-02T02:07:02+08:00,2026-08-14,2026-07-02T11:16:02+08:00
ORD00105863,M007461,P00149,app,paid,3,TWD,654216.0,200.0,2026-07-02T14:49:06+08:00,2026-07-28,2026-07-02T20:36:06+08:00
ORD00006749,M002824,P00024,電銷,completed,2,USD,4822.96,950.0,2026-06-07T01:34:46+08:00,2026-07-01,2026-07-02T00:43:54+08:00
ORD00106173,M007467,P00151,web,paid,1,TWD,88688.0,750.0,2026-07-02T07:11:09+08:00,2026-08-12,2026-07-05T01:27:09+08:00
ORD00105131,M006874,P00211,電銷,created,2,TWD,167875.0,50.0,2026-07-02T17:23:28+08:00,2026-09-03,2026-07-02T17:26:28+08:00
ORD00107820,M005402,P00131,app,paid,4,USD,21770.34,800.0,2026-07-02T22:47:23+08:00,2026-08-31,2026-07-03T04:12:23+08:00
ORD00096087,M005810,P00122,app,cancelled,4,TWD,736272.0,100.0,2026-05-07T22:50:14+08:00,2026-05-15,2026-07-02T03:35:14+08:00
ORD00104147,M006090,P00132,app,created,4,TWD,202042.0,400.0,2026-07-02T00:58:22+08:00,2026-10-10,2026-07-03T16:29:22+08:00
ORD00106303,M004948,P00006,電銷,created,1,TWD,146116.0,300.0,2026-07-02T14:26:15+08:00,2026-10-28,2026-07-04T23:08:15+08:00
ORD00106146,M002737,P00049,電銷,created,2,TWD,39379.0,550.0,2026-07-02T19:02:50+08:00,2026-07-19,2026-07-03T23:03:50+08:00
ORD00106544,M004682,P00129,門市,paid,2,USD,10533.36,350.0,2026-07-02T19:41:13+08:00,2026-09-12,2026-07-04T05:16:13+08:00
ORD00104442,M002766,P00235,門市,created,1,TWD,70967.0,200.0,2026-07-02T08:47:47+08:00,2026-08-12,2026-07-04T11:43:47+08:00
ORD00107577,M002236,P00195,web,paid,1,JPY,314036.0,950.0,2026-07-02T11:43:51+08:00,2026-08-30,2026-07-03T09:51:51+08:00
ORD00106628,M000184,P00252,web,paid,2,USD,3215.93,800.0,2026-07-02T22:56:34+08:00,2026-09-30,2026-07-03T04:13:34+08:00
ORD00104320,M002360,P00222,web,created,2,TWD,71314.0,650.0,2026-07-02T21:16:34+08:00,2026-10-01,2026-07-04T19:59:34+08:00
ORD00105214,M003864,P00162,電銷,created,1,USD,256.77,450.0,2026-07-02T16:38:12+08:00,2026-08-02,2026-07-03T05:38:12+08:00
ORD00105732,M005095,P00162,電銷,created,1,TWD,8573.0,300.0,2026-07-02T22:47:55+08:00,2026-09-13,2026-07-03T19:52:55+08:00
ORD00104621,M003502,P00037,電銷,created,3,TWD,319965.0,850.0,2026-07-02T14:07:03+08:00,2026-09-27,2026-07-02T16:11:03+08:00
ORD00079855,M007158,P00073,電銷,cancelled,1,TWD,129151.0,50.0,2026-05-19T12:04:05+08:00,2026-05-30,2026-07-02T12:02:54+08:00
ORD00107057,M003678,P00110,app,paid,3,JPY,2344583.0,700.0,2026-07-02T22:06:11+08:00,2026-08-10,2026-07-04T05:36:11+08:00
ORD00104768,M003180,P00083,app,paid,3,USD,13918.21,150.0,2026-07-02T06:15:27+08:00,2026-09-08,2026-07-02T06:24:27+08:00
ORD00104661,M006115,P00231,app,paid,2,TWD,376189.0,400.0,2026-07-02T07:41:54+08:00,2026-08-12,2026-07-04T21:48:54+08:00
ORD00013155,M002037,P00203,門市,completed,2,USD,7521.53,400.0,2026-06-18T00:06:29+08:00,2026-07-22,2026-07-02T05:26:03+08:00
ORD00105074,M000532,P00104,app,paid,4,TWD,10707.0,150.0,2026-07-02T17:16:39+08:00,2026-07-24,2026-07-04T05:32:39+08:00
ORD00067914,M001581,P00044,app,cancelled,2,TWD,82083.0,50.0,2026-06-08T23:53:43+08:00,2026-09-25,2026-07-02T05:46:15+08:00
ORD00105928,M007594,P00146,web,paid,4,TWD,105455.0,700.0,2026-07-02T01:14:21+08:00,2026-10-06,2026-07-03T02:50:21+08:00
ORD00104926,M004334,P00277,門市,paid,4,JPY,2901539.0,350.0,2026-07-02T13:20:44+08:00,2026-09-09,2026-07-04T18:33:44+08:00
ORD00106705,M001422,P00259,門市,created,1,TWD,145441.0,200.0,2026-07-02T06:51:12+08:00,2026-09-02,2026-07-02T15:26:12+08:00
ORD00104503,M004847,P00178,門市,paid,2,TWD,70675.0,50.0,2026-07-02T12:10:40+08:00,2026-10-22,2026-07-04T08:03:40+08:00
ORD00104722,M004030,P00213,電銷,created,1,TWD,90896.0,700.0,2026-07-02T23:01:23+08:00,2026-07-17,2026-07-04T17:22:23+08:00
ORD00064472,M007435,P00071,app,completed,4,USD,5867.22,250.0,2026-06-28T04:16:59+08:00,2026-10-22,2026-07-02T04:51:37+08:00
ORD00107501,M002355,P00070,web,paid,4,JPY,2411124.0,250.0,2026-07-02T02:22:13+08:00,2026-08-13,2026-07-03T15:37:13+08:00
ORD00107687,M007257,P00235,web,created,1,USD,1931.82,950.0,2026-07-02T23:47:05+08:00,2026-08-30,2026-07-05T08:03:05+08:00
ORD00107557,M002532,P00233,web,created,4,TWD,318458.0,100.0,2026-07-02T14:19:53+08:00,2026-09-27,2026-07-04T23:26:53+08:00
ORD00105858,M007905,P00135,門市,created,1,USD,308.49,900.0,2026-07-02T09:22:44+08:00,2026-09-13,2026-07-04T01:50:44+08:00
ORD00107491,M007489,P00027,app,created,3,USD,12315.86,350.0,2026-07-02T02:08:06+08:00,2026-09-22,2026-07-02T11:39:06+08:00
ORD00107616,M007668,P00157,app,created,3,TWD,223992.0,900.0,2026-07-02T04:50:15+08:00,2026-09-07,2026-07-03T02:34:15+08:00
ORD00104198,M002500,P00018,app,paid,4,TWD,574260.0,950.0,2026-07-02T15:35:28+08:00,2026-09-26,2026-07-02T22:05:28+08:00
ORD00094501,M007926,P00243,電銷,cancelled,4,USD,23974.9,50.0,2026-06-05T17:27:47+08:00,2026-08-19,2026-07-02T00:25:21+08:00
ORD00107106,M005304,P00172,電銷,created,2,JPY,1474209.0,950.0,2026-07-02T17:50:22+08:00,2026-10-27,2026-07-04T22:42:22+08:00
ORD00106797,M002484,P00106,app,paid,4,TWD,158947.0,600.0,2026-07-02T11:57:20+08:00,2026-09-30,2026-07-02T18:22:20+08:00
ORD00107684,M002570,P00079,app,paid,1,TWD,46775.0,700.0,2026-07-02T02:40:33+08:00,2026-10-03,2026-07-03T21:25:33+08:00
ORD00107951,M002777,P00139,電銷,paid,3,TWD,327793.0,800.0,2026-07-02T23:34:19+08:00,2026-08-09,2026-07-04T09:49:19+08:00
ORD00099939,M006570,P00226,門市,completed,1,USD,3117.75,650.0,2026-06-15T02:52:55+08:00,2026-09-06,2026-07-02T02:03:11+08:00
ORD00045880,M002279,P00074,門市,completed,4,TWD,509328.0,250.0,2026-06-05T20:59:26+08:00,2026-09-26,2026-07-02T07:39:08+08:00
ORD00079632,M003243,P00195,web,cancelled,4,JPY,1083479.0,50.0,2026-06-03T20:02:57+08:00,2026-09-13,2026-07-02T10:28:10+08:00
ORD00083414,M001511,P00080,門市,cancelled,3,USD,14131.21,250.0,2026-06-20T06:07:54+08:00,2026-08-19,2026-07-02T21:19:27+08:00
ORD00104937,M003450,P00124,app,paid,3,TWD,115187.0,0.0,2026-07-02T16:45:11+08:00,2026-10-24,2026-07-05T05:15:11+08:00
ORD00106034,M006085,P00235,web,paid,1,USD,1878.75,950.0,2026-07-02T21:46:36+08:00,2026-09-14,2026-07-04T23:39:36+08:00
ORD00104650,M002957,P00277,門市,paid,2,USD,9161.97,150.0,2026-07-02T16:49:03+08:00,2026-09-12,2026-07-03T02:50:03+08:00
ORD00104653,M007138,P00213,門市,paid,1,TWD,107442.0,600.0,2026-07-02T06:07:58+08:00,2026-08-17,2026-07-03T20:47:58+08:00
ORD00105415,M002856,P00166,電銷,paid,2,JPY,2042135.0,400.0,2026-07-02T23:00:47+08:00,2026-09-24,2026-07-03T13:24:47+08:00
ORD00107362,M004486,P00120,app,paid,2,TWD,200391.0,350.0,2026-07-02T16:21:25+08:00,2026-09-20,2026-07-05T06:45:25+08:00
ORD00107779,M003837,P00185,web,paid,1,TWD,167084.0,650.0,2026-07-02T17:19:30+08:00,2026-09-23,2026-07-03T23:11:30+08:00
ORD00107725,M001296,P00063,app,paid,3,TWD,596696.0,200.0,2026-07-02T20:14:43+08:00,2026-07-16,2026-07-03T03:44:43+08:00
ORD00106120,M001056,P00045,app,paid,2,TWD,19963.0,450.0,2026-07-02T11:28:13+08:00,2026-07-09,2026-07-04T13:32:13+08:00
ORD00105017,M002291,P00266,web,paid,2,TWD,33839.0,500.0,2026-07-02T05:46:57+08:00,2026-07-26,2026-07-03T14:55:57+08:00
ORD00105782,M001910,P00133,app,created,4,TWD,21646.0,950.0,2026-07-02T05:17:55+08:00,2026-08-30,2026-07-03T17:28:55+08:00
ORD00106742,M006982,P00067,門市,paid,3,TWD,306833.0,0.0,2026-07-02T11:37:08+08:00,2026-07-12,2026-07-02T23:59:08+08:00
ORD00106164,M000120,P00004,電銷,paid,1,USD,6248.92,150.0,2026-07-02T22:44:55+08:00,2026-10-12,2026-07-03T20:03:55+08:00
ORD00104470,M004046,P00099,web,created,2,TWD,336940.0,100.0,2026-07-02T01:13:58+08:00,2026-07-16,2026-07-03T12:08:58+08:00
ORD00106057,M003204,P00156,app,paid,3,TWD,544025.0,450.0,2026-07-02T19:58:12+08:00,2026-08-12,2026-07-05T11:01:12+08:00
ORD00104507,M004379,P00022,app,paid,4,TWD,169289.0,900.0,2026-07-02T13:24:08+08:00,2026-07-14,2026-07-04T01:52:08+08:00
ORD00106370,M001595,P00063,電銷,paid,1,USD,6057.9,400.0,2026-07-02T05:25:11+08:00,2026-07-22,2026-07-02T17:59:11+08:00
ORD00106526,M003410,P00121,門市,created,3,TWD,65086.0,500.0,2026-07-02T23:01:22+08:00,2026-08-11,2026-07-04T18:16:22+08:00
ORD00105883,M005131,P00190,app,created,3,JPY,3064651.0,300.0,2026-07-02T07:42:04+08:00,2026-09-12,2026-07-04T22:05:04+08:00
ORD00107368,M003364,P00152,電銷,paid,1,TWD,46313.0,150.0,2026-07-02T21:24:42+08:00,2026-09-28,2026-07-04T04:57:42+08:00
ORD00105563,M002240,P00128,門市,paid,4,TWD,699461.0,400.0,2026-07-02T20:56:06+08:00,2026-10-25,2026-07-03T09:53:06+08:00
ORD00107014,M000870,P00289,電銷,paid,1,TWD,108476.0,900.0,2026-07-02T19:53:48+08:00,2026-08-07,2026-07-03T21:06:48+08:00
ORD00106977,M004747,P00033,web,paid,4,TWD,478485.0,950.0,2026-07-02T09:32:05+08:00,2026-09-15,2026-07-04T13:15:05+08:00
ORD00106014,M007012,P00011,app,created,2,TWD,327679.0,50.0,2026-07-02T19:53:59+08:00,2026-10-24,2026-07-04T09:20:59+08:00
ORD00105874,M004161,P00098,web,created,2,TWD,309573.0,150.0,2026-07-02T18:31:23+08:00,2026-10-11,2026-07-04T13:43:23+08:00
ORD00105512,M003296,P00131,web,paid,1,TWD,225018.0,450.0,2026-07-02T13:54:19+08:00,2026-07-12,2026-07-04T12:39:19+08:00
ORD00107031,M000826,P00231,app,paid,4,USD,19837.29,450.0,2026-07-02T16:16:03+08:00,2026-10-29,2026-07-04T15:49:03+08:00
ORD00056275,M002066,P00142,電銷,completed,3,TWD,572126.0,800.0,2026-05-04T10:59:22+08:00,2026-06-05,2026-07-02T16:55:18+08:00
ORD00104232,M004357,P00127,門市,paid,1,TWD,49823.0,300.0,2026-07-02T00:43:39+08:00,2026-09-08,2026-07-02T15:14:39+08:00
ORD00105138,M005639,P00214,web,paid,2,JPY,1464061.0,900.0,2026-07-02T18:16:51+08:00,2026-08-13,2026-07-03T00:17:51+08:00
ORD00107279,M003736,P00104,app,created,1,TWD,3087.0,900.0,2026-07-02T17:24:57+08:00,2026-09-19,2026-07-03T03:15:57+08:00
ORD00107224,M002266,P00159,web,paid,4,TWD,190981.0,200.0,2026-07-02T18:19:46+08:00,2026-08-11,2026-07-04T11:55:46+08:00
ORD00104663,M002608,P00217,web,created,2,TWD,343844.0,50.0,2026-07-02T20:54:32+08:00,2026-10-17,2026-07-04T16:08:32+08:00
ORD00106153,M001117,P00228,電銷,created,4,TWD,498542.0,650.0,2026-07-02T07:59:39+08:00,2026-10-15,2026-07-04T19:50:39+08:00
ORD00104255,M007002,P00104,app,paid,3,TWD,8136.0,200.0,2026-07-02T19:31:02+08:00,2026-10-24,2026-07-05T07:28:02+08:00
ORD00105290,M002908,P00053,電銷,paid,3,TWD,268602.0,600.0,2026-07-02T18:24:51+08:00,2026-08-04,2026-07-05T05:27:51+08:00
ORD00102113,M006112,P00181,web,paid,4,JPY,381629.0,950.0,2026-07-01T08:30:00+08:00,2026-10-18,2026-07-02T21:09:00+08:00
ORD00107925,M000729,P00047,app,created,4,USD,3087.82,650.0,2026-07-02T06:30:00+08:00,2026-09-25,2026-07-04T13:43:00+08:00
ORD00105105,M002566,P00221,web,created,1,USD,4420.0,500.0,2026-07-02T07:49:23+08:00,2026-08-07,2026-07-05T02:06:23+08:00
ORD00106497,M001370,P00001,web,created,2,TWD,201983.0,900.0,2026-07-02T14:22:20+08:00,2026-10-29,2026-07-03T16:49:20+08:00
ORD00107172,M007524,P00019,電銷,created,4,TWD,408747.0,950.0,2026-07-02T13:59:19+08:00,2026-09-29,2026-07-03T00:34:19+08:00
ORD00107303,M000792,P00274,web,paid,3,USD,10373.16,900.0,2026-07-02T01:26:32+08:00,2026-10-13,2026-07-04T16:11:32+08:00
ORD00105912,M000236,P00205,電銷,paid,2,TWD,19566.0,800.0,2026-07-02T21:58:00+08:00,2026-09-27,2026-07-04T00:35:00+08:00
ORD00105509,M003781,P00228,web,paid,4,TWD,488206.0,950.0,2026-07-02T10:35:39+08:00,2026-08-16,2026-07-03T15:08:39+08:00
ORD00107213,M004244,P00237,web,paid,2,TWD,320335.0,150.0,2026-07-02T13:46:26+08:00,2026-07-12,2026-07-03T06:45:26+08:00
ORD00106592,M001324,P00230,web,paid,4,TWD,801968.0,950.0,2026-07-02T07:33:49+08:00,2026-08-02,2026-07-02T22:30:49+08:00
ORD00104757,M004527,P00207,電銷,created,4,TWD,287030.0,550.0,2026-07-02T01:19:07+08:00,2026-10-17,2026-07-02T01:46:07+08:00
ORD00104784,M001736,P00020,web,paid,1,JPY,278311.0,500.0,2026-07-02T10:43:50+08:00,2026-07-23,2026-07-04T14:13:50+08:00
ORD00010686,M003126,P00126,電銷,cancelled,1,TWD,29442.0,850.0,2026-06-29T06:45:00+08:00,2026-07-14,2026-07-02T12:43:13+08:00
ORD00107640,M005793,P00221,電銷,paid,4,JPY,2639632.0,200.0,2026-07-02T08:15:25+08:00,2026-08-21,2026-07-03T14:21:25+08:00
ORD00107529,M006179,P00053,web,created,2,JPY,658986.0,950.0,2026-07-02T03:05:09+08:00,2026-09-02,2026-07-02T13:30:09+08:00
ORD00107968,M005954,P00034,web,paid,3,USD,2051.53,750.0,2026-07-02T07:17:39+08:00,2026-08-13,2026-07-03T15:23:39+08:00
ORD00104964,M005179,P00177,電銷,created,3,JPY,353647.0,550.0,2026-07-02T06:12:39+08:00,2026-07-30,2026-07-03T19:56:39+08:00
ORD00105851,M001726,P00092,門市,paid,3,TWD,454953.0,900.0,2026-07-02T15:57:46+08:00,2026-09-23,2026-07-04T20:33:46+08:00
ORD00106643,M001565,P00194,門市,created,2,TWD,156326.0,200.0,2026-07-02T00:44:31+08:00,2026-08-26,2026-07-02T19:33:31+08:00
ORD00107567,M005013,P00069,web,created,1,JPY,920649.0,600.0,2026-07-02T17:41:31+08:00,2026-10-17,2026-07-05T07:52:31+08:00
ORD00106127,M006702,P00080,電銷,paid,1,JPY,600426.0,50.0,2026-07-02T15:38:08+08:00,2026-08-25,2026-07-04T02:27:08+08:00
ORD00106688,M001447,P00089,門市,created,4,TWD,397723.0,750.0,2026-07-02T21:43:14+08:00,2026-08-13,2026-07-03T10:38:14+08:00
ORD00106598,M007027,P00167,app,created,4,USD,21462.4,400.0,2026-07-02T14:59:01+08:00,2026-10-07,2026-07-03T22:57:01+08:00
ORD00106753,M002165,P00210,web,created,2,TWD,300947.0,750.0,2026-07-02T03:00:15+08:00,2026-08-23,2026-07-04T05:25:15+08:00
ORD00106838,M007500,P00252,app,created,2,TWD,98514.0,650.0,2026-07-02T14:30:28+08:00,2026-08-05,2026-07-05T08:20:28+08:00
ORD00105262,M006825,P00261,web,paid,1,TWD,4550.0,500.0,2026-07-02T01:22:33+08:00,2026-10-14,2026-07-02T14:05:33+08:00
ORD00106171,M007129,P00141,web,paid,1,JPY,337437.0,650.0,2026-07-02T22:58:56+08:00,2026-07-31,2026-07-03T09:25:56+08:00
ORD00021911,M002805,P00298,app,cancelled,1,TWD,95959.0,150.0,2026-05-31T12:49:49+08:00,2026-08-07,2026-07-02T01:28:55+08:00
ORD00104870,M002298,P00214,電銷,created,4,TWD,461059.0,250.0,2026-07-02T02:23:36+08:00,2026-10-10,2026-07-03T09:19:36+08:00
ORD00107100,M002245,P00131,web,created,1,JPY,819911.0,750.0,2026-07-02T01:17:17+08:00,2026-08-20,2026-07-02T13:36:17+08:00
ORD00106699,M006744,P00051,app,paid,4,TWD,605104.0,950.0,2026-07-02T11:26:40+08:00,2026-09-10,2026-07-03T18:27:40+08:00
ORD00107299,M006591,P00239,門市,paid,3,TWD,531515.0,500.0,2026-07-02T18:23:33+08:00,2026-09-13,2026-07-03T05:18:33+08:00
ORD00105270,M000232,P00089,門市,paid,4,TWD,285493.0,750.0,2026-07-02T22:30:19+08:00,2026-08-04,2026-07-05T15:18:19+08:00
ORD00105964,M002353,P00178,電銷,paid,1,USD,1121.23,650.0,2026-07-02T11:10:36+08:00,2026-08-30,2026-07-05T02:01:36+08:00
ORD00025529,M005215,P00083,app,completed,2,USD,10347.92,750.0,2026-06-12T19:16:55+08:00,2026-08-29,2026-07-02T05:41:55+08:00
ORD00004563,M004361,P00206,app,completed,4,USD,21239.54,900.0,2026-06-27T08:12:18+08:00,2026-10-08,2026-07-02T20:33:19+08:00
ORD00107546,M002306,P00194,電銷,paid,1,USD,2748.43,450.0,2026-07-02T03:27:54+08:00,2026-10-27,2026-07-04T15:03:54+08:00
ORD00106873,M002079,P00065,web,paid,1,TWD,207571.0,450.0,2026-07-02T00:14:30+08:00,2026-09-17,2026-07-04T06:26:30+08:00
ORD00104460,M000688,P00036,web,paid,1,USD,2652.53,650.0,2026-07-02T13:46:14+08:00,2026-08-19,2026-07-03T11:52:14+08:00
ORD00105527,M004502,P00247,門市,paid,3,TWD,498082.0,450.0,2026-07-02T21:37:00+08:00,2026-10-07,2026-07-05T10:19:00+08:00
ORD00104046,M001358,P00042,web,paid,3,USD,13959.52,550.0,2026-07-02T00:55:51+08:00,2026-07-17,2026-07-04T09:39:51+08:00
ORD00107572,M007277,P00245,web,created,2,TWD,226051.0,950.0,2026-07-02T19:10:19+08:00,2026-07-11,2026-07-02T19:11:19+08:00
ORD00104715,M004676,P00033,電銷,paid,3,TWD,431344.0,0.0,2026-07-02T15:57:31+08:00,2026-08-29,2026-07-03T13:00:31+08:00
ORD00104804,M000222,P00090,門市,created,3,TWD,426818.0,800.0,2026-07-02T05:46:20+08:00,2026-10-11,2026-07-03T02:44:20+08:00
ORD00107629,M006780,P00124,電銷,paid,1,JPY,191593.0,50.0,2026-07-02T02:55:45+08:00,2026-10-25,2026-07-03T18:49:45+08:00
ORD00104532,M007366,P00131,web,created,1,TWD,187152.0,0.0,2026-07-02T18:01:55+08:00,2026-10-05,2026-07-03T03:40:55+08:00
ORD00106090,M001477,P00037,電銷,created,2,TWD,237307.0,150.0,2026-07-02T00:36:11+08:00,2026-10-18,2026-07-02T19:50:11+08:00
ORD00105202,M002265,P00014,app,paid,3,JPY,1676328.0,600.0,2026-07-02T06:46:44+08:00,2026-07-16,2026-07-02T13:02:44+08:00
ORD00107000,M005656,P00209,電銷,paid,2,TWD,160095.0,450.0,2026-07-02T09:41:12+08:00,2026-08-10,2026-07-02T10:44:12+08:00
ORD00105624,M000389,P00100,門市,created,1,TWD,183464.0,250.0,2026-07-02T12:02:02+08:00,2026-09-10,2026-07-03T03:41:02+08:00
ORD00106707,M001873,P00148,門市,paid,2,TWD,55853.0,850.0,2026-07-02T08:03:05+08:00,2026-10-23,2026-07-02T23:20:05+08:00
ORD00107425,M002025,P00139,電銷,paid,3,TWD,344456.0,200.0,2026-07-02T08:38:51+08:00,2026-08-02,2026-07-02T16:33:51+08:00
ORD00104155,M003620,P00058,app,paid,4,TWD,158994.0,900.0,2026-07-02T08:41:10+08:00,2026-07-14,2026-07-04T01:24:10+08:00
ORD00105336,M007623,P00185,電銷,paid,1,TWD,213854.0,250.0,2026-07-02T10:24:38+08:00,2026-09-11,2026-07-03T17:04:38+08:00
ORD00106503,M006209,P00084,web,created,2,TWD,118555.0,50.0,2026-07-02T02:47:31+08:00,2026-08-23,2026-07-02T13:44:31+08:00
ORD00104944,M007656,P00200,電銷,created,2,USD,10633.06,200.0,2026-07-02T10:44:58+08:00,2026-10-24,2026-07-04T19:26:58+08:00
ORD00107472,M004596,P00143,電銷,paid,1,TWD,7859.0,550.0,2026-07-02T12:37:18+08:00,2026-07-11,2026-07-04T00:46:18+08:00
ORD00091956,M001472,P00041,電銷,cancelled,1,TWD,9407.0,450.0,2026-06-18T02:44:02+08:00,2026-06-25,2026-07-02T13:48:47+08:00
ORD00105200,M001012,P00278,門市,paid,2,USD,13082.13,250.0,2026-07-02T00:47:05+08:00,2026-07-29,2026-07-03T05:17:05+08:00
ORD00107770,M007738,P00049,電銷,paid,4,TWD,76454.0,450.0,2026-07-02T12:00:05+08:00,2026-09-10,2026-07-04T06:10:05+08:00
ORD00107849,M007355,P00007,web,created,4,JPY,1062865.0,50.0,2026-07-02T14:36:34+08:00,2026-08-22,2026-07-02T20:10:34+08:00
ORD00104983,M006099,P00121,web,paid,1,TWD,25664.0,100.0,2026-07-02T17:52:59+08:00,2026-08-27,2026-07-04T15:47:59+08:00
ORD00106206,M001591,P00106,門市,paid,3,TWD,120539.0,650.0,2026-07-02T06:59:16+08:00,2026-08-06,2026-07-04T15:18:16+08:00
ORD00112031,M007966,P00045,電銷,paid,4,TWD,28492.0,800.0,2026-06-17T12:24:35+08:00,2026-10-07,2026-07-02T11:24:30+08:00
ORD00106200,M000709,P00049,web,paid,2,TWD,40469.0,450.0,2026-07-02T16:08:00+08:00,2026-08-04,2026-07-04T13:42:00+08:00
ORD00106989,M004485,P00211,web,paid,4,JPY,1844235.0,150.0,2026-07-02T10:48:03+08:00,2026-10-09,2026-07-04T15:28:03+08:00
ORD00107329,M000729,P00033,門市,paid,1,USD,4891.85,450.0,2026-07-02T19:10:50+08:00,2026-07-12,2026-07-04T13:38:50+08:00
ORD00107377,M000152,P00175,門市,created,3,TWD,51812.0,650.0,2026-07-02T08:30:42+08:00,2026-07-23,2026-07-03T21:19:42+08:00
ORD00107917,M000306,P00234,web,created,3,TWD,25088.0,750.0,2026-07-02T11:28:56+08:00,2026-08-07,2026-07-02T15:50:56+08:00
ORD00105065,M001251,P00057,web,paid,3,TWD,394145.0,0.0,2026-07-02T14:34:53+08:00,2026-08-29,2026-07-03T13:53:53+08:00
ORD00107449,M000991,P00136,門市,paid,3,TWD,57744.0,700.0,2026-07-02T02:40:25+08:00,2026-08-18,2026-07-02T21:47:25+08:00
ORD00106406,M006065,P00148,app,paid,3,TWD,103262.0,600.0,2026-07-02T16:57:37+08:00,2026-08-25,2026-07-03T13:14:37+08:00
ORD00107890,M000499,P00098,app,paid,1,TWD,144051.0,500.0,2026-07-02T21:23:21+08:00,2026-09-09,2026-07-03T22:24:21+08:00
ORD00106772,M003117,P00300,app,paid,3,TWD,320287.0,300.0,2026-07-02T12:49:59+08:00,2026-09-17,2026-07-04T11:21:59+08:00
ORD00106745,M007505,P00235,門市,paid,2,TWD,110732.0,100.0,2026-07-02T01:14:14+08:00,2026-09-26,2026-07-04T03:03:14+08:00
ORD00105716,M001066,P00016,電銷,paid,4,TWD,327968.0,900.0,2026-07-02T22:37:57+08:00,2026-09-08,2026-07-04T06:16:57+08:00
ORD00106589,M005925,P00051,web,paid,2,TWD,269493.0,200.0,2026-07-02T19:15:52+08:00,2026-09-15,2026-07-04T01:42:52+08:00
ORD00105825,M000739,P00201,app,created,1,USD,4595.26,150.0,2026-07-02T10:23:20+08:00,2026-07-09,2026-07-03T07:04:20+08:00
ORD00104563,M000913,P00147,門市,paid,3,TWD,536484.0,450.0,2026-07-02T05:04:11+08:00,2026-09-22,2026-07-02T22:41:11+08:00
ORD00105531,M003422,P00047,電銷,created,1,USD,848.4,250.0,2026-07-02T03:05:36+08:00,2026-07-27,2026-07-04T08:32:36+08:00
ORD00107639,M006495,P00283,web,paid,4,TWD,118183.0,50.0,2026-07-02T02:43:50+08:00,2026-08-16,2026-07-03T00:20:50+08:00
ORD00106687,M000016,P00142,電銷,paid,1,TWD,185932.0,350.0,2026-07-02T02:27:46+08:00,2026-07-30,2026-07-04T04:43:46+08:00
ORD00105631,M006049,P00235,app,created,1,USD,2243.8,650.0,2026-07-02T06:08:07+08:00,2026-08-30,2026-07-03T07:02:07+08:00
ORD00107238,M004432,P00251,電銷,paid,2,TWD,206593.0,550.0,2026-07-02T02:03:25+08:00,2026-10-18,2026-07-03T00:28:25+08:00
ORD00106340,M003678,P00178,app,paid,3,TWD,118990.0,750.0,2026-07-02T06:00:51+08:00,2026-09-04,2026-07-02T19:26:51+08:00
ORD00105904,M002962,P00200,門市,paid,1,TWD,157265.0,550.0,2026-07-02T20:00:18+08:00,2026-10-12,2026-07-05T09:14:18+08:00
ORD00106543,M007260,P00041,web,paid,4,TWD,27394.0,50.0,2026-07-02T05:24:28+08:00,2026-10-29,2026-07-04T00:17:28+08:00
ORD00104669,M000203,P00236,門市,created,4,USD,16934.4,0.0,2026-07-02T15:15:20+08:00,2026-07-21,2026-07-04T02:44:20+08:00
ORD00106459,M000443,P00091,電銷,created,1,TWD,112337.0,100.0,2026-07-02T01:35:56+08:00,2026-07-23,2026-07-03T15:38:56+08:00
ORD00105579,M002158,P00297,app,paid,4,TWD,593148.0,600.0,2026-07-02T02:32:44+08:00,2026-08-05,2026-07-02T11:08:44+08:00
ORD00106650,M007325,P00119,電銷,created,2,USD,12586.54,900.0,2026-07-02T21:48:33+08:00,2026-10-18,2026-07-05T13:54:33+08:00
ORD00104321,M004411,P00098,app,created,3,TWD,536567.0,50.0,2026-07-02T16:46:44+08:00,2026-10-25,2026-07-03T11:50:44+08:00
ORD00023649,M006589,P00015,電銷,completed,1,TWD,68128.0,600.0,2026-06-10T17:23:24+08:00,2026-08-17,2026-07-02T18:15:13+08:00
ORD00104120,M003990,P00100,電銷,paid,3,TWD,562737.0,550.0,2026-07-02T17:04:23+08:00,2026-10-03,2026-07-03T04:25:23+08:00
ORD00107261,M003651,P00007,電銷,created,2,TWD,102799.0,700.0,2026-07-02T01:55:58+08:00,2026-07-22,2026-07-03T04:31:58+08:00
ORD00107191,M003245,P00267,web,paid,4,USD,22156.28,100.0,2026-07-02T08:13:45+08:00,2026-10-09,2026-07-02T21:35:45+08:00
ORD00105014,M002214,P00241,電銷,paid,2,TWD,369142.0,750.0,2026-07-02T16:59:33+08:00,2026-10-03,2026-07-04T20:10:33+08:00
ORD00030441,M005100,P00047,app,completed,3,USD,2490.79,800.0,2026-06-16T02:05:35+08:00,2026-07-30,2026-07-02T04:06:44+08:00
ORD00104260,M006463,P00116,門市,paid,1,USD,2973.08,0.0,2026-07-02T22:59:50+08:00,2026-08-01,2026-07-03T14:51:50+08:00
ORD00104377,M005503,P00072,門市,paid,1,USD,598.01,600.0,2026-07-02T02:17:21+08:00,2026-07-25,2026-07-04T12:00:21+08:00
ORD00106475,M004490,P00058,app,paid,4,USD,4520.16,450.0,2026-07-02T07:12:09+08:00,2026-07-13,2026-07-02T10:55:09+08:00
ORD00106660,M005275,P00090,web,created,1,TWD,135487.0,50.0,2026-07-02T15:18:07+08:00,2026-10-19,2026-07-03T13:42:07+08:00
ORD00105410,M004307,P00279,app,paid,3,JPY,1358063.0,550.0,2026-07-02T02:11:42+08:00,2026-08-18,2026-07-04T11:23:42+08:00
ORD00083715,M003857,P00052,電銷,completed,3,USD,7020.28,500.0,2026-06-28T06:27:40+08:00,2026-10-23,2026-07-02T12:12:08+08:00
ORD00107388,M006857,P00037,web,created,1,JPY,562969.0,0.0,2026-07-02T15:17:57+08:00,2026-09-11,2026-07-02T21:33:57+08:00
ORD00107933,M003991,P00067,門市,paid,4,JPY,2584196.0,800.0,2026-07-02T02:25:39+08:00,2026-08-18,2026-07-03T01:52:39+08:00
ORD00105627,M003223,P00101,門市,paid,4,TWD,209344.0,400.0,2026-07-02T22:45:56+08:00,2026-09-30,2026-07-05T05:07:56+08:00
ORD00105322,M007324,P00297,電銷,paid,1,TWD,107303.0,700.0,2026-07-02T18:52:49+08:00,2026-10-25,2026-07-02T19:04:49+08:00
ORD00104704,M002066,P00268,電銷,paid,3,USD,4915.48,850.0,2026-07-02T22:13:36+08:00,2026-09-29,2026-07-03T06:27:36+08:00
ORD00106833,M006325,P00011,門市,paid,3,TWD,438450.0,400.0,2026-07-02T16:11:23+08:00,2026-08-26,2026-07-04T18:12:23+08:00
ORD00106230,M002442,P00122,web,paid,4,USD,25554.09,50.0,2026-07-02T14:59:58+08:00,2026-09-23,2026-07-03T10:04:58+08:00
ORD00107668,M004387,P00266,app,paid,1,TWD,14864.0,50.0,2026-07-02T13:23:29+08:00,2026-07-24,2026-07-02T13:26:29+08:00
ORD00112002,M000039,P00164,電銷,paid,3,TWD,112245.0,700.0,2026-06-17T13:26:27+08:00,2026-09-28,2026-07-02T03:33:19+08:00
ORD00107976,M002000,P00161,app,paid,1,USD,6452.66,0.0,2026-07-02T17:06:19+08:00,2026-07-28,2026-07-04T00:44:19+08:00
ORD00104657,M000286,P00155,app,created,4,TWD,203198.0,200.0,2026-07-02T04:30:21+08:00,2026-07-13,2026-07-04T05:54:21+08:00
ORD00104158,M002729,P00015,門市,paid,4,TWD,245503.0,700.0,2026-07-02T13:56:39+08:00,2026-10-18,2026-07-03T03:32:39+08:00
ORD00104223,M006864,P00262,門市,paid,2,TWD,491497.0,450.0,2026-07-02T19:51:24+08:00,2026-10-03,2026-07-03T05:26:24+08:00
ORD00104417,M005613,P00226,app,created,2,TWD,225742.0,900.0,2026-07-02T04:34:21+08:00,2026-07-15,2026-07-04T03:00:21+08:00
ORD00107872,M001374,P00060,web,paid,1,TWD,156520.0,300.0,2026-07-02T13:33:57+08:00,2026-10-15,2026-07-02T13:55:57+08:00
ORD00107372,M004162,P00266,門市,created,1,JPY,69733.0,350.0,2026-07-02T06:03:20+08:00,2026-09-04,2026-07-02T14:08:20+08:00
ORD00105983,M003254,P00151,電銷,created,3,TWD,254129.0,300.0,2026-07-02T23:20:04+08:00,2026-09-11,2026-07-03T14:16:04+08:00
ORD00047409,M000024,P00119,app,completed,2,TWD,397857.0,550.0,2026-06-05T19:54:58+08:00,2026-09-04,2026-07-02T00:10:29+08:00
ORD00106355,M006050,P00060,web,paid,4,USD,15378.51,600.0,2026-07-02T13:44:55+08:00,2026-09-06,2026-07-03T20:37:55+08:00
ORD00104718,M005141,P00264,門市,paid,1,TWD,11519.0,750.0,2026-07-02T15:41:42+08:00,2026-07-18,2026-07-04T09:11:42+08:00
ORD00104385,M004909,P00182,web,paid,2,USD,543.44,0.0,2026-07-02T11:03:06+08:00,2026-10-03,2026-07-04T02:34:06+08:00
ORD00106128,M001606,P00080,web,paid,3,TWD,414336.0,550.0,2026-07-02T15:41:04+08:00,2026-07-09,2026-07-04T05:19:04+08:00
ORD00104343,M002866,P00085,app,paid,3,USD,19663.67,350.0,2026-07-02T19:09:38+08:00,2026-10-17,2026-07-02T23:01:38+08:00
ORD00006166,M002093,P00026,電銷,completed,1,TWD,137911.0,600.0,2026-05-30T14:07:55+08:00,2026-06-07,2026-07-02T17:51:21+08:00
ORD00105913,M007939,P00266,門市,created,3,TWD,52746.0,500.0,2026-07-02T13:01:12+08:00,2026-10-22,2026-07-05T07:23:12+08:00
ORD00107317,M000935,P00146,app,paid,1,TWD,19498.0,550.0,2026-07-02T13:30:28+08:00,2026-07-27,2026-07-03T00:21:28+08:00
ORD00105373,M002631,P00190,電銷,paid,3,JPY,2777624.0,0.0,2026-07-02T01:15:02+08:00,2026-09-26,2026-07-03T17:00:02+08:00
ORD00105542,M002097,P00186,app,created,1,TWD,135142.0,250.0,2026-07-02T21:44:23+08:00,2026-09-09,2026-07-04T10:20:23+08:00
ORD00107552,M005907,P00034,web,created,3,TWD,64753.0,650.0,2026-07-02T07:33:49+08:00,2026-09-02,2026-07-02T09:17:49+08:00
ORD00104450,M001419,P00097,app,paid,4,JPY,2299030.0,850.0,2026-07-02T07:03:36+08:00,2026-08-11,2026-07-02T08:31:36+08:00
ORD00107786,M005062,P00083,web,paid,2,TWD,267270.0,400.0,2026-07-02T13:32:10+08:00,2026-10-08,2026-07-03T16:27:10+08:00
ORD00106609,M003717,P00192,門市,created,1,USD,6058.27,50.0,2026-07-02T16:40:52+08:00,2026-10-20,2026-07-03T08:23:52+08:00
ORD00104412,M003443,P00071,app,created,3,TWD,167221.0,850.0,2026-07-02T02:26:35+08:00,2026-09-22,2026-07-03T15:02:35+08:00
ORD00104390,M002959,P00232,app,created,4,TWD,662508.0,250.0,2026-07-02T00:53:46+08:00,2026-10-21,2026-07-02T09:44:46+08:00
ORD00107697,M006282,P00170,門市,paid,4,TWD,239586.0,750.0,2026-07-02T08:11:40+08:00,2026-08-04,2026-07-02T16:07:40+08:00
ORD00105029,M003821,P00208,web,paid,2,TWD,362964.0,850.0,2026-07-02T23:01:34+08:00,2026-10-09,2026-07-05T13:47:34+08:00
ORD00104640,M003398,P00255,門市,created,4,TWD,651441.0,700.0,2026-07-02T17:29:56+08:00,2026-10-29,2026-07-05T09:39:56+08:00
ORD00107652,M000338,P00153,web,paid,4,USD,13077.73,150.0,2026-07-02T20:14:15+08:00,2026-09-29,2026-07-03T09:24:15+08:00
ORD00106399,M001039,P00272,app,paid,4,TWD,440155.0,600.0,2026-07-02T05:24:33+08:00,2026-09-26,2026-07-02T22:17:33+08:00
ORD00018300,M004678,P00243,電銷,cancelled,3,TWD,422126.0,250.0,2026-05-11T22:22:09+08:00,2026-07-08,2026-07-02T13:13:16+08:00
ORD00104359,M000325,P00263,電銷,paid,1,USD,3339.79,900.0,2026-07-02T06:07:23+08:00,2026-07-23,2026-07-04T16:19:23+08:00
ORD00104903,M006678,P00049,app,created,2,TWD,41708.0,0.0,2026-07-02T03:03:29+08:00,2026-08-29,2026-07-04T02:28:29+08:00
ORD00105490,M000672,P00281,電銷,paid,1,TWD,158940.0,400.0,2026-07-02T12:31:52+08:00,2026-10-12,2026-07-03T12:52:52+08:00
ORD00105672,M005761,P00086,web,paid,2,JPY,165261.0,250.0,2026-07-02T13:19:21+08:00,2026-09-22,2026-07-03T03:59:21+08:00
ORD00104967,M001241,P00022,web,paid,3,TWD,117943.0,750.0,2026-07-02T13:53:27+08:00,2026-09-26,2026-07-03T01:44:27+08:00
ORD00107819,M002693,P00069,app,paid,2,USD,11165.81,100.0,2026-07-02T18:18:10+08:00,2026-07-13,2026-07-04T20:03:10+08:00
ORD00105137,M005474,P00068,web,paid,2,TWD,153564.0,450.0,2026-07-02T06:27:24+08:00,2026-08-17,2026-07-02T09:34:24+08:00
ORD00106430,M005714,P00090,電銷,created,2,USD,8401.49,500.0,2026-07-02T06:07:28+08:00,2026-07-23,2026-07-03T04:51:28+08:00
ORD00106331,M007471,P00139,app,created,1,TWD,110675.0,300.0,2026-07-02T03:13:36+08:00,2026-07-12,2026-07-02T22:20:36+08:00
ORD00105580,M007529,P00181,電銷,paid,3,USD,1506.84,900.0,2026-07-02T12:59:32+08:00,2026-08-16,2026-07-04T19:51:32+08:00
ORD00106821,M002800,P00059,app,paid,4,TWD,353516.0,450.0,2026-07-02T01:52:53+08:00,2026-08-20,2026-07-04T14:08:53+08:00
ORD00084180,M004860,P00066,app,completed,4,USD,19177.35,650.0,2026-05-16T21:54:07+08:00,2026-06-15,2026-07-02T06:02:07+08:00
ORD00107737,M002215,P00021,app,paid,4,TWD,774870.0,800.0,2026-07-02T15:06:34+08:00,2026-10-06,2026-07-02T19:14:34+08:00
ORD00106799,M005102,P00283,web,paid,1,TWD,26326.0,400.0,2026-07-02T16:20:54+08:00,2026-10-26,2026-07-03T13:16:54+08:00
ORD00106293,M005257,P00187,電銷,paid,1,TWD,22390.0,300.0,2026-07-02T09:45:37+08:00,2026-08-03,2026-07-03T12:28:37+08:00
ORD00105063,M000353,P00240,app,paid,1,TWD,95583.0,900.0,2026-07-02T09:36:31+08:00,2026-07-20,2026-07-03T13:28:31+08:00
ORD00105331,M004120,P00267,app,created,2,TWD,431083.0,450.0,2026-07-02T15:17:09+08:00,2026-09-28,2026-07-03T22:52:09+08:00
ORD00106614,M001681,P00205,app,paid,4,TWD,39041.0,500.0,2026-07-02T08:12:28+08:00,2026-08-22,2026-07-04T16:18:28+08:00
ORD00107479,M006227,P00198,app,created,4,USD,2764.45,550.0,2026-07-02T17:14:13+08:00,2026-10-28,2026-07-02T18:01:13+08:00
ORD00105767,M000281,P00162,電銷,created,4,TWD,30375.0,900.0,2026-07-02T00:02:23+08:00,2026-08-28,2026-07-03T17:45:23+08:00
ORD00106050,M007974,P00121,app,created,2,USD,1430.62,750.0,2026-07-02T09:49:30+08:00,2026-09-02,2026-07-04T09:53:30+08:00
ORD00104748,M000410,P00229,web,created,3,TWD,586029.0,650.0,2026-07-02T01:30:54+08:00,2026-08-12,2026-07-03T16:43:54+08:00
ORD00018738,M001228,P00279,web,completed,3,TWD,242792.0,750.0,2026-06-10T14:05:29+08:00,2026-07-21,2026-07-02T22:47:27+08:00
ORD00104585,M007368,P00124,web,paid,4,JPY,778646.0,950.0,2026-07-02T02:33:53+08:00,2026-09-27,2026-07-03T12:56:53+08:00
ORD00105261,M000538,P00138,門市,paid,1,USD,1862.87,700.0,2026-07-02T17:57:43+08:00,2026-08-20,2026-07-05T06:42:43+08:00
ORD00106834,M002701,P00045,門市,created,4,TWD,34443.0,450.0,2026-07-02T10:11:02+08:00,2026-09-13,2026-07-04T22:29:02+08:00
ORD00104281,M002160,P00033,門市,paid,3,TWD,366722.0,600.0,2026-07-02T06:00:37+08:00,2026-08-09,2026-07-03T06:39:37+08:00
ORD00100596,M002855,P00295,電銷,paid,3,JPY,929454.0,600.0,2026-07-01T06:28:48+08:00,2026-10-09,2026-07-01T06:45:48+08:00
ORD00107179,M000600,P00129,web,paid,4,TWD,747840.0,750.0,2026-07-02T08:50:33+08:00,2026-08-06,2026-07-04T23:02:33+08:00
ORD00106287,M002240,P00215,web,paid,1,TWD,44455.0,650.0,2026-07-02T22:34:47+08:00,2026-08-09,2026-07-05T08:03:47+08:00
ORD00106612,M001387,P00005,電銷,created,4,TWD,330996.0,800.0,2026-07-02T23:43:08+08:00,2026-10-11,2026-07-05T17:13:08+08:00
ORD00106892,M005732,P00236,電銷,paid,2,TWD,331468.0,600.0,2026-07-02T04:43:30+08:00,2026-08-29,2026-07-04T15:03:30+08:00
ORD00107381,M006095,P00142,app,paid,3,TWD,622270.0,900.0,2026-07-02T07:53:35+08:00,2026-10-22,2026-07-03T07:23:35+08:00
ORD00107840,M006771,P00236,門市,paid,3,USD,14709.28,300.0,2026-07-02T17:13:37+08:00,2026-10-04,2026-07-03T09:39:37+08:00
ORD00104773,M001248,P00298,web,created,3,TWD,375152.0,600.0,2026-07-02T14:22:05+08:00,2026-10-09,2026-07-02T17:46:05+08:00
ORD00106624,M005421,P00068,電銷,created,2,JPY,861503.0,150.0,2026-07-02T23:06:10+08:00,2026-09-24,2026-07-04T21:41:10+08:00
ORD00037172,M001285,P00105,web,cancelled,3,TWD,164351.0,650.0,2026-06-23T11:51:49+08:00,2026-07-29,2026-07-02T16:24:40+08:00
ORD00106103,M001544,P00058,web,created,4,TWD,137994.0,150.0,2026-07-02T00:21:06+08:00,2026-07-27,2026-07-04T10:23:06+08:00
ORD00105395,M007222,P00146,門市,created,4,TWD,79313.0,600.0,2026-07-02T10:52:19+08:00,2026-07-28,2026-07-03T10:05:19+08:00
ORD00105669,M004002,P00023,門市,paid,1,USD,5729.56,350.0,2026-07-02T08:30:30+08:00,2026-09-02,2026-07-03T18:11:30+08:00
ORD00106183,M006829,P00039,門市,paid,3,TWD,471795.0,700.0,2026-07-02T11:07:15+08:00,2026-08-02,2026-07-02T12:05:15+08:00
ORD00105316,M005800,P00032,web,paid,3,TWD,325749.0,300.0,2026-07-02T08:52:28+08:00,2026-10-07,2026-07-03T15:04:28+08:00
ORD00105377,M000665,P00114,app,paid,3,TWD,240950.0,600.0,2026-07-02T07:27:28+08:00,2026-09-08,2026-07-04T14:31:28+08:00
ORD00106435,M006525,P00269,web,paid,2,TWD,141288.0,600.0,2026-07-02T18:45:20+08:00,2026-09-20,2026-07-05T02:34:20+08:00
ORD00107349,M003888,P00132,門市,created,1,JPY,318419.0,50.0,2026-07-02T15:13:45+08:00,2026-07-28,2026-07-04T07:47:45+08:00
ORD00104215,M002554,P00176,app,created,2,TWD,287717.0,850.0,2026-07-02T17:47:35+08:00,2026-08-06,2026-07-03T02:55:35+08:00
ORD00106639,M005585,P00106,app,paid,4,USD,4783.98,950.0,2026-07-02T07:08:51+08:00,2026-10-03,2026-07-02T11:54:51+08:00
ORD00107154,M007111,P00155,門市,created,2,TWD,110504.0,800.0,2026-07-02T06:36:11+08:00,2026-07-19,2026-07-04T12:14:11+08:00
ORD00106434,M001030,P00033,電銷,created,1,USD,4353.37,0.0,2026-07-02T08:22:17+08:00,2026-10-06,2026-07-04T22:13:17+08:00
ORD00017054,M005318,P00165,web,completed,1,TWD,72380.0,200.0,2026-05-20T10:27:10+08:00,2026-06-26,2026-07-02T08:32:00+08:00
ORD00106732,M005211,P00017,門市,paid,3,USD,15850.9,650.0,2026-07-02T11:02:05+08:00,2026-10-02,2026-07-02T15:54:05+08:00
ORD00104894,M004923,P00188,web,created,4,USD,6775.6,750.0,2026-07-02T16:59:01+08:00,2026-10-01,2026-07-03T21:50:01+08:00
ORD00106245,M006008,P00187,門市,paid,2,TWD,45304.0,450.0,2026-07-02T22:32:07+08:00,2026-10-28,2026-07-03T10:01:07+08:00
ORD00106965,M005429,P00223,電銷,paid,2,TWD,462405.0,900.0,2026-07-02T18:00:43+08:00,2026-07-12,2026-07-03T21:40:43+08:00
ORD00035951,M002527,P00241,電銷,cancelled,2,TWD,318758.0,100.0,2026-05-25T05:03:12+08:00,2026-08-04,2026-07-02T01:44:55+08:00
ORD00105050,M003765,P00181,電銷,created,2,USD,1161.55,850.0,2026-07-02T17:10:58+08:00,2026-09-18,2026-07-04T00:43:58+08:00
ORD00104554,M000375,P00223,電銷,created,2,USD,10706.71,200.0,2026-07-02T16:11:14+08:00,2026-10-20,2026-07-04T03:43:14+08:00
ORD00105788,M004749,P00049,電銷,created,3,TWD,49179.0,50.0,2026-07-02T11:45:39+08:00,2026-08-21,2026-07-03T14:47:39+08:00
ORD00106256,M006851,P00181,門市,paid,4,TWD,72440.0,750.0,2026-07-02T07:03:52+08:00,2026-07-19,2026-07-04T06:40:52+08:00
ORD00106681,M006728,P00166,app,created,2,TWD,416254.0,50.0,2026-07-02T01:37:35+08:00,2026-09-14,2026-07-04T00:13:35+08:00
ORD00105034,M005276,P00008,門市,created,2,JPY,929647.0,400.0,2026-07-02T23:30:52+08:00,2026-08-16,2026-07-03T01:55:52+08:00
ORD00106511,M000301,P00259,app,created,2,TWD,305969.0,650.0,2026-07-02T08:09:51+08:00,2026-08-07,2026-07-04T22:42:51+08:00
ORD00104632,M006201,P00096,電銷,created,4,USD,810.67,550.0,2026-07-02T01:46:58+08:00,2026-08-30,2026-07-04T19:22:58+08:00
ORD00089742,M007651,P00015,電銷,completed,3,USD,5128.44,350.0,2026-05-29T10:10:18+08:00,2026-07-11,2026-07-02T01:07:22+08:00
ORD00098363,M007333,P00270,電銷,cancelled,2,TWD,44370.0,650.0,2026-05-13T08:18:46+08:00,2026-08-10,2026-07-02T15:56:44+08:00
ORD00009514,M006521,P00252,電銷,completed,1,TWD,56315.0,800.0,2026-05-09T12:18:17+08:00,2026-06-18,2026-07-02T22:08:01+08:00
ORD00003054,M001669,P00052,web,cancelled,3,JPY,1224096.0,250.0,2026-06-30T17:08:19+08:00,2026-10-13,2026-07-02T13:42:56+08:00
ORD00007249,M001598,P00045,app,cancelled,3,JPY,139623.0,300.0,2026-06-26T23:26:51+08:00,2026-07-28,2026-07-02T18:50:09+08:00
ORD00070247,M000660,P00023,電銷,cancelled,3,TWD,508660.0,700.0,2026-05-19T20:22:35+08:00,2026-07-13,2026-07-02T13:32:11+08:00
ORD00105942,M002970,P00148,web,paid,4,TWD,101073.0,200.0,2026-07-02T08:07:26+08:00,2026-10-22,2026-07-02T11:35:26+08:00
ORD00107447,M006031,P00247,電銷,paid,1,TWD,186365.0,950.0,2026-07-02T03:10:51+08:00,2026-09-21,2026-07-02T08:20:51+08:00
ORD00104282,M004024,P00038,app,paid,2,TWD,33339.0,500.0,2026-07-02T07:06:38+08:00,2026-07-14,2026-07-02T23:27:38+08:00
ORD00107626,M007559,P00193,web,paid,4,TWD,661471.0,800.0,2026-07-02T23:31:51+08:00,2026-09-21,2026-07-03T02:43:51+08:00
ORD00106386,M006855,P00280,電銷,created,3,JPY,1699375.0,50.0,2026-07-02T10:50:56+08:00,2026-09-08,2026-07-03T19:29:56+08:00
ORD00106761,M004124,P00139,電銷,created,1,USD,4919.21,600.0,2026-07-02T06:10:20+08:00,2026-08-01,2026-07-03T15:44:20+08:00
ORD00104058,M003953,P00126,電銷,created,4,USD,2706.71,400.0,2026-07-02T09:47:14+08:00,2026-10-17,2026-07-02T14:21:14+08:00
ORD00105853,M002514,P00272,電銷,paid,3,TWD,307471.0,200.0,2026-07-02T23:53:23+08:00,2026-08-15,2026-07-05T16:05:23+08:00
ORD00107520,M002734,P00193,門市,created,1,USD,4255.97,150.0,2026-07-02T09:34:47+08:00,2026-09-30,2026-07-02T19:03:47+08:00
ORD00034621,M003440,P00219,web,completed,4,USD,13382.4,350.0,2026-05-08T07:37:28+08:00,2026-08-09,2026-07-02T01:31:59+08:00
ORD00106420,M004788,P00055,電銷,created,4,TWD,528256.0,250.0,2026-07-02T03:46:41+08:00,2026-09-27,2026-07-03T01:47:41+08:00
ORD00104174,M007369,P00225,門市,created,3,USD,4970.09,100.0,2026-07-02T22:00:17+08:00,2026-09-25,2026-07-03T22:56:17+08:00
ORD00106893,M003221,P00282,web,paid,4,TWD,897963.0,0.0,2026-07-02T14:01:51+08:00,2026-08-08,2026-07-04T06:43:51+08:00
ORD00107008,M005401,P00052,app,paid,2,TWD,174601.0,450.0,2026-07-02T02:45:40+08:00,2026-10-17,2026-07-02T22:41:40+08:00
ORD00100619,M004792,P00060,web,paid,3,TWD,415120.0,750.0,2026-07-01T17:29:35+08:00,2026-08-21,2026-07-02T21:07:35+08:00
ORD00096101,M000094,P00115,門市,completed,4,USD,18601.61,300.0,2026-06-11T03:38:28+08:00,2026-08-24,2026-07-02T15:21:41+08:00
ORD00105873,M005776,P00010,門市,created,3,TWD,411176.0,700.0,2026-07-02T23:58:04+08:00,2026-07-24,2026-07-03T04:52:04+08:00
ORD00104042,M003891,P00072,web,paid,3,TWD,51818.0,450.0,2026-07-02T13:47:56+08:00,2026-08-19,2026-07-03T05:09:56+08:00
ORD00107950,M003641,P00231,門市,paid,2,USD,9824.17,650.0,2026-07-02T17:39:47+08:00,2026-07-21,2026-07-04T04:50:47+08:00
ORD00107294,M002116,P00083,web,paid,2,TWD,287662.0,850.0,2026-07-02T11:45:51+08:00,2026-09-30,2026-07-05T02:25:51+08:00
ORD00105637,M006124,P00197,web,paid,3,JPY,1148818.0,650.0,2026-07-02T12:27:00+08:00,2026-09-22,2026-07-02T13:51:00+08:00
ORD00105709,M004713,P00120,門市,created,3,TWD,355139.0,100.0,2026-07-02T04:51:14+08:00,2026-10-18,2026-07-03T05:57:14+08:00
ORD00104958,M005860,P00069,web,created,1,USD,6047.67,700.0,2026-07-02T11:30:01+08:00,2026-09-21,2026-07-02T19:49:01+08:00
ORD00104368,M003598,P00205,web,paid,2,USD,738.73,0.0,2026-07-02T04:17:47+08:00,2026-07-23,2026-07-02T12:33:47+08:00
ORD00106283,M001339,P00012,web,paid,3,USD,6709.86,500.0,2026-07-02T04:08:33+08:00,2026-09-20,2026-07-04T05:24:33+08:00
ORD00106634,M002033,P00192,電銷,paid,2,JPY,1955558.0,750.0,2026-07-02T03:00:10+08:00,2026-08-01,2026-07-04T00:09:10+08:00
ORD00107539,M006598,P00115,門市,created,4,TWD,628940.0,650.0,2026-07-02T07:50:48+08:00,2026-10-16,2026-07-02T08:06:48+08:00
ORD00106936,M006878,P00239,web,paid,4,TWD,677032.0,550.0,2026-07-02T05:28:04+08:00,2026-07-24,2026-07-04T15:45:04+08:00
ORD00106211,M001678,P00108,app,paid,2,TWD,192996.0,650.0,2026-07-02T11:49:55+08:00,2026-07-21,2026-07-03T19:48:55+08:00
ORD00107550,M004257,P00193,門市,paid,3,TWD,525793.0,0.0,2026-07-02T04:11:52+08:00,2026-10-12,2026-07-02T17:04:52+08:00
ORD00104649,M007015,P00271,門市,paid,2,TWD,50976.0,900.0,2026-07-02T13:09:48+08:00,2026-07-15,2026-07-02T15:27:48+08:00
ORD00106750,M000068,P00056,門市,created,1,TWD,91151.0,350.0,2026-07-02T07:11:06+08:00,2026-10-29,2026-07-04T22:42:06+08:00
ORD00107280,M003405,P00166,web,created,4,TWD,743447.0,550.0,2026-07-02T17:53:21+08:00,2026-09-21,2026-07-03T18:23:21+08:00
ORD00106474,M001804,P00108,門市,paid,1,TWD,123323.0,950.0,2026-07-02T07:30:30+08:00,2026-10-24,2026-07-02T19:52:30+08:00
ORD00105526,M004577,P00217,app,paid,2,TWD,365791.0,500.0,2026-07-02T09:42:06+08:00,2026-09-15,2026-07-02T10:08:06+08:00
ORD00069990,M004828,P00181,電銷,completed,2,TWD,37994.0,100.0,2026-05-10T02:59:35+08:00,2026-07-25,2026-07-02T04:23:52+08:00
ORD00107590,M003733,P00220,門市,paid,2,TWD,72136.0,0.0,2026-07-02T00:22:10+08:00,2026-10-15,2026-07-02T21:13:10+08:00
ORD00106878,M000900,P00289,電銷,paid,3,USD,12208.93,250.0,2026-07-02T05:57:28+08:00,2026-08-21,2026-07-03T10:30:28+08:00
ORD00104970,M001789,P00269,app,paid,3,TWD,209552.0,250.0,2026-07-02T19:04:40+08:00,2026-07-17,2026-07-05T11:47:40+08:00
ORD00104193,M007596,P00230,電銷,created,3,USD,20477.96,400.0,2026-07-02T20:52:52+08:00,2026-09-19,2026-07-05T05:07:52+08:00
ORD00105471,M000854,P00256,web,created,4,USD,28394.21,200.0,2026-07-02T21:55:59+08:00,2026-10-28,2026-07-03T20:26:59+08:00
ORD00104315,M004724,P00029,門市,created,1,TWD,120464.0,700.0,2026-07-02T13:58:48+08:00,2026-08-24,2026-07-03T13:33:48+08:00
ORD00047189,M003593,P00068,web,completed,1,TWD,92493.0,700.0,2026-05-29T02:44:35+08:00,2026-09-04,2026-07-02T05:27:17+08:00
ORD00106774,M007481,P00074,門市,paid,1,USD,4283.49,50.0,2026-07-02T14:47:25+08:00,2026-08-23,2026-07-04T23:50:25+08:00
ORD00106674,M000964,P00136,web,paid,1,USD,569.41,600.0,2026-07-02T22:36:43+08:00,2026-10-06,2026-07-03T06:51:43+08:00
ORD00107121,M007598,P00088,web,paid,4,TWD,314113.0,150.0,2026-07-02T16:41:39+08:00,2026-09-06,2026-07-04T11:11:39+08:00
ORD00107879,M003450,P00080,web,created,3,USD,16269.27,700.0,2026-07-02T11:25:49+08:00,2026-09-04,2026-07-03T15:41:49+08:00
ORD00104212,M006571,P00224,門市,paid,4,TWD,474570.0,500.0,2026-07-02T09:15:54+08:00,2026-09-11,2026-07-02T17:52:54+08:00
ORD00106964,M004916,P00105,門市,created,4,TWD,252257.0,900.0,2026-07-02T00:54:47+08:00,2026-08-19,2026-07-03T13:50:47+08:00
ORD00037018,M005855,P00030,門市,completed,1,JPY,820623.0,550.0,2026-05-26T20:34:36+08:00,2026-08-05,2026-07-02T02:22:47+08:00
ORD00106188,M000542,P00167,web,paid,4,TWD,599187.0,800.0,2026-07-02T10:37:05+08:00,2026-08-25,2026-07-02T16:34:05+08:00
ORD00104434,M007143,P00286,門市,paid,1,TWD,147113.0,350.0,2026-07-02T22:49:27+08:00,2026-07-27,2026-07-03T05:43:27+08:00
ORD00104744,M005755,P00016,app,created,4,TWD,340533.0,400.0,2026-07-02T16:22:54+08:00,2026-07-22,2026-07-04T09:56:54+08:00
ORD00104254,M004731,P00193,app,paid,1,USD,5899.68,850.0,2026-07-02T11:42:10+08:00,2026-09-17,2026-07-04T23:12:10+08:00
ORD00106170,M001392,P00111,電銷,paid,3,TWD,245805.0,900.0,2026-07-02T08:39:49+08:00,2026-09-17,2026-07-02T17:44:49+08:00
ORD00107435,M005048,P00254,web,created,1,USD,98.32,850.0,2026-07-02T05:52:33+08:00,2026-10-06,2026-07-04T09:53:33+08:00
ORD00104533,M007229,P00095,web,paid,3,TWD,569065.0,250.0,2026-07-02T05:38:04+08:00,2026-10-28,2026-07-04T20:49:04+08:00
ORD00107788,M000017,P00252,電銷,paid,3,TWD,186088.0,850.0,2026-07-02T04:55:21+08:00,2026-08-30,2026-07-02T09:10:21+08:00
ORD00104086,M004554,P00145,電銷,paid,2,USD,6219.91,0.0,2026-07-02T06:03:46+08:00,2026-10-17,2026-07-04T23:32:46+08:00
ORD00104511,M002821,P00201,電銷,created,4,USD,16147.67,200.0,2026-07-02T03:37:12+08:00,2026-09-08,2026-07-04T10:47:12+08:00
ORD00105096,M007090,P00023,app,paid,3,TWD,591555.0,650.0,2026-07-02T00:54:10+08:00,2026-07-24,2026-07-02T17:06:10+08:00
ORD00104378,M002888,P00280,門市,paid,1,TWD,167755.0,0.0,2026-07-02T17:19:10+08:00,2026-10-24,2026-07-03T15:06:10+08:00
ORD00106259,M001227,P00135,web,created,3,TWD,25929.0,450.0,2026-07-02T17:54:19+08:00,2026-07-17,2026-07-02T18:13:19+08:00
ORD00104030,M006801,P00130,門市,paid,2,TWD,330752.0,250.0,2026-07-02T20:57:45+08:00,2026-09-11,2026-07-04T15:22:45+08:00
ORD00104399,M002066,P00016,電銷,paid,1,TWD,81069.0,250.0,2026-07-02T14:38:18+08:00,2026-09-22,2026-07-05T08:04:18+08:00
ORD00105210,M000939,P00048,web,created,1,USD,2881.72,600.0,2026-07-02T02:08:32+08:00,2026-08-19,2026-07-03T13:15:32+08:00
ORD00081212,M002663,P00242,門市,completed,3,TWD,77935.0,950.0,2026-06-24T02:34:50+08:00,2026-09-08,2026-07-02T18:41:08+08:00
ORD00104512,M001880,P00228,門市,paid,2,JPY,1141186.0,550.0,2026-07-02T21:13:39+08:00,2026-10-18,2026-07-04T01:22:39+08:00
ORD00013405,M006132,P00174,電銷,completed,3,TWD,72585.0,450.0,2026-06-28T20:20:53+08:00,2026-07-27,2026-07-02T20:39:30+08:00
ORD00001882,M000898,P00017,app,completed,2,TWD,358061.0,150.0,2026-06-11T07:40:05+08:00,2026-07-23,2026-07-02T19:37:15+08:00
ORD00105604,M001587,P00097,門市,paid,1,TWD,111197.0,0.0,2026-07-02T06:28:33+08:00,2026-09-30,2026-07-02T20:21:33+08:00
ORD00104225,M007181,P00131,web,paid,3,TWD,532967.0,550.0,2026-07-02T14:42:21+08:00,2026-08-20,2026-07-05T06:52:21+08:00
ORD00107374,M003998,P00237,web,paid,3,USD,18063.14,550.0,2026-07-02T02:38:20+08:00,2026-10-05,2026-07-03T19:17:20+08:00
ORD00106715,M007724,P00213,門市,paid,2,TWD,179101.0,800.0,2026-07-02T11:45:41+08:00,2026-09-23,2026-07-02T20:54:41+08:00
ORD00106214,M002883,P00156,門市,created,4,JPY,2986689.0,300.0,2026-07-02T13:20:01+08:00,2026-10-22,2026-07-04T21:30:01+08:00
ORD00107730,M002860,P00105,app,created,3,TWD,182701.0,850.0,2026-07-02T05:57:15+08:00,2026-10-09,2026-07-02T06:33:15+08:00
ORD00106021,M001524,P00219,門市,created,1,TWD,85090.0,850.0,2026-07-02T05:19:34+08:00,2026-07-13,2026-07-04T14:00:34+08:00
ORD00107287,M005615,P00151,app,paid,1,JPY,313489.0,800.0,2026-07-02T20:15:10+08:00,2026-08-13,2026-07-04T00:30:10+08:00
ORD00090713,M000621,P00159,電銷,cancelled,3,TWD,138631.0,750.0,2026-05-17T14:26:55+08:00,2026-07-02,2026-07-02T02:44:17+08:00
ORD00107135,M007269,P00175,web,created,3,USD,1854.95,450.0,2026-07-02T08:56:01+08:00,2026-08-01,2026-07-03T05:36:01+08:00
ORD00107591,M002866,P00277,電銷,created,1,TWD,138990.0,750.0,2026-07-02T15:25:35+08:00,2026-08-03,2026-07-05T03:03:35+08:00
ORD00058468,M005740,P00012,app,completed,1,TWD,100918.0,400.0,2026-06-22T15:01:30+08:00,2026-09-05,2026-07-02T12:49:57+08:00
ORD00064921,M001183,P00275,門市,completed,1,USD,2618.76,650.0,2026-05-08T06:51:14+08:00,2026-06-11,2026-07-02T22:38:40+08:00
ORD00107390,M002634,P00050,app,paid,4,TWD,10579.0,200.0,2026-07-02T02:17:06+08:00,2026-10-26,2026-07-04T06:54:06+08:00
ORD00105445,M001698,P00158,app,paid,4,TWD,183506.0,250.0,2026-07-02T03:10:49+08:00,2026-09-17,2026-07-04T12:38:49+08:00
ORD00104067,M001016,P00240,電銷,paid,1,TWD,94775.0,950.0,2026-07-02T03:10:00+08:00,2026-07-27,2026-07-02T21:13:00+08:00
ORD00107099,M001681,P00265,門市,paid,1,TWD,145279.0,100.0,2026-07-02T11:15:38+08:00,2026-10-09,2026-07-04T23:32:38+08:00
ORD00107613,M001540,P00219,web,created,3,USD,8811.01,200.0,2026-07-02T01:21:51+08:00,2026-09-01,2026-07-04T11:01:51+08:00
ORD00001349,M003269,P00250,app,cancelled,1,TWD,84962.0,50.0,2026-05-18T05:33:45+08:00,2026-06-25,2026-07-02T21:33:08+08:00
ORD00105638,M003615,P00243,門市,paid,4,JPY,3404669.0,250.0,2026-07-02T02:49:19+08:00,2026-09-04,2026-07-04T04:53:19+08:00
ORD00105213,M005362,P00263,app,paid,2,TWD,194319.0,0.0,2026-07-02T06:08:01+08:00,2026-08-28,2026-07-04T17:47:01+08:00
ORD00105035,M007506,P00192,門市,paid,3,TWD,595565.0,250.0,2026-07-02T06:06:54+08:00,2026-08-26,2026-07-02T16:07:54+08:00
ORD00107103,M004123,P00148,門市,created,1,TWD,32472.0,200.0,2026-07-02T01:58:57+08:00,2026-08-13,2026-07-03T16:18:57+08:00
ORD00107116,M007381,P00230,app,paid,3,TWD,555655.0,600.0,2026-07-02T12:44:50+08:00,2026-09-24,2026-07-04T06:43:50+08:00
ORD00095513,M007859,P00265,電銷,completed,1,TWD,174870.0,350.0,2026-06-28T04:38:14+08:00,2026-07-23,2026-07-02T11:55:24+08:00
ORD00079567,M002761,P00259,app,cancelled,4,TWD,559627.0,450.0,2026-05-25T22:40:53+08:00,2026-09-08,2026-07-02T22:20:57+08:00
ORD00106040,M003746,P00192,web,paid,1,TWD,185626.0,150.0,2026-07-02T07:15:02+08:00,2026-10-11,2026-07-02T13:52:02+08:00
ORD00107157,M002425,P00077,web,paid,2,USD,11337.49,200.0,2026-07-02T14:16:02+08:00,2026-09-15,2026-07-05T08:34:02+08:00
ORD00107185,M007253,P00263,web,paid,1,TWD,101096.0,450.0,2026-07-02T15:26:35+08:00,2026-09-20,2026-07-04T15:05:35+08:00
ORD00106955,M005329,P00218,web,paid,2,TWD,77328.0,850.0,2026-07-02T13:03:18+08:00,2026-08-23,2026-07-04T16:31:18+08:00
ORD00105806,M005263,P00160,電銷,paid,1,TWD,12120.0,100.0,2026-07-02T20:04:07+08:00,2026-09-22,2026-07-04T09:44:07+08:00
ORD00105502,M003400,P00212,web,paid,4,TWD,132960.0,400.0,2026-07-02T01:03:38+08:00,2026-09-09,2026-07-02T03:40:38+08:00
ORD00106395,M003844,P00061,app,paid,1,JPY,736427.0,850.0,2026-07-02T14:01:17+08:00,2026-09-13,2026-07-04T12:11:17+08:00
ORD00107510,M000100,P00123,app,paid,2,TWD,170379.0,450.0,2026-07-02T10:53:11+08:00,2026-08-12,2026-07-02T15:36:11+08:00
ORD00105847,M006378,P00013,web,paid,3,TWD,422767.0,200.0,2026-07-02T13:59:54+08:00,2026-08-15,2026-07-03T08:48:54+08:00
ORD00105435,M006716,P00107,app,paid,2,USD,9956.58,700.0,2026-07-02T19:19:05+08:00,2026-07-27,2026-07-03T10:16:05+08:00
ORD00003379,M005840,P00249,門市,cancelled,4,JPY,1631243.0,900.0,2026-06-01T05:54:30+08:00,2026-07-14,2026-07-02T03:31:05+08:00
ORD00107598,M007342,P00105,web,paid,2,USD,3271.0,800.0,2026-07-02T15:21:49+08:00,2026-08-10,2026-07-03T15:56:49+08:00
ORD00107503,M001244,P00133,電銷,paid,1,TWD,4610.0,600.0,2026-07-02T16:30:28+08:00,2026-10-05,2026-07-04T22:57:28+08:00
ORD00107203,M000515,P00161,app,created,3,TWD,620491.0,500.0,2026-07-02T13:41:44+08:00,2026-09-02,2026-07-04T14:45:44+08:00
ORD00010999,M007760,P00253,web,completed,3,TWD,551570.0,300.0,2026-06-18T06:22:01+08:00,2026-10-14,2026-07-02T08:45:56+08:00
ORD00104998,M005243,P00171,app,created,3,TWD,243400.0,250.0,2026-07-02T10:00:47+08:00,2026-10-16,2026-07-02T15:14:47+08:00
ORD00106870,M006802,P00251,app,created,3,TWD,330510.0,150.0,2026-07-02T19:50:35+08:00,2026-09-18,2026-07-04T17:09:35+08:00
ORD00107857,M000346,P00044,門市,paid,2,TWD,85524.0,650.0,2026-07-02T12:54:55+08:00,2026-08-23,2026-07-04T18:46:55+08:00
ORD00107074,M004203,P00139,電銷,created,1,TWD,112133.0,550.0,2026-07-02T20:29:27+08:00,2026-10-08,2026-07-03T13:01:27+08:00
ORD00105747,M007093,P00150,電銷,paid,4,TWD,600164.0,150.0,2026-07-02T03:15:31+08:00,2026-09-08,2026-07-02T09:48:31+08:00
ORD00107852,M003838,P00096,門市,paid,2,TWD,15432.0,100.0,2026-07-02T06:06:22+08:00,2026-07-23,2026-07-03T19:19:22+08:00
ORD00104033,M004986,P00229,app,paid,1,USD,5487.97,350.0,2026-07-02T12:25:43+08:00,2026-08-21,2026-07-03T09:23:43+08:00
ORD00070110,M001318,P00142,電銷,cancelled,1,TWD,229973.0,650.0,2026-05-17T02:52:47+08:00,2026-07-18,2026-07-02T20:50:22+08:00
ORD00105951,M001433,P00111,門市,paid,2,TWD,181870.0,650.0,2026-07-02T16:13:19+08:00,2026-08-24,2026-07-03T19:02:19+08:00
ORD00104871,M003910,P00090,門市,created,3,TWD,475875.0,950.0,2026-07-02T09:02:57+08:00,2026-07-15,2026-07-04T00:04:57+08:00
ORD00104472,M006652,P00275,電銷,created,2,TWD,160362.0,150.0,2026-07-02T23:53:00+08:00,2026-09-27,2026-07-05T09:50:00+08:00
ORD00104629,M006533,P00174,門市,created,3,TWD,53336.0,500.0,2026-07-02T16:42:47+08:00,2026-10-14,2026-07-05T02:15:47+08:00
ORD00107778,M005006,P00219,門市,paid,2,TWD,203414.0,200.0,2026-07-02T14:26:16+08:00,2026-10-01,2026-07-02T22:21:16+08:00
ORD00104016,M000893,P00174,門市,paid,4,TWD,85911.0,250.0,2026-07-02T05:53:32+08:00,2026-07-30,2026-07-03T07:49:32+08:00
ORD00107514,M001022,P00162,app,paid,3,TWD,21451.0,600.0,2026-07-02T11:12:41+08:00,2026-07-28,2026-07-03T09:57:41+08:00
ORD00106175,M000793,P00238,web,paid,2,TWD,230966.0,550.0,2026-07-02T04:43:25+08:00,2026-07-16,2026-07-04T05:06:25+08:00
ORD00105405,M004501,P00214,門市,created,1,TWD,145203.0,500.0,2026-07-02T07:38:48+08:00,2026-08-04,2026-07-04T04:12:48+08:00
ORD00106216,M003643,P00189,電銷,created,3,USD,8240.78,650.0,2026-07-02T14:22:56+08:00,2026-07-19,2026-07-04T09:31:56+08:00
ORD00104712,M003176,P00088,電銷,created,1,TWD,62911.0,200.0,2026-07-02T01:59:18+08:00,2026-07-15,2026-07-03T07:50:18+08:00
ORD00047042,M006513,P00101,web,cancelled,1,JPY,343885.0,750.0,2026-05-04T14:12:28+08:00,2026-08-31,2026-07-02T06:27:07+08:00
ORD00105844,M000039,P00117,門市,paid,3,JPY,2302083.0,650.0,2026-07-02T13:08:46+08:00,2026-09-25,2026-07-02T21:23:46+08:00
ORD00038483,M007835,P00099,門市,completed,3,JPY,2538479.0,150.0,2026-05-11T10:14:58+08:00,2026-08-07,2026-07-02T00:07:37+08:00
ORD00105892,M007032,P00247,門市,paid,1,USD,5398.56,600.0,2026-07-02T09:11:07+08:00,2026-07-12,2026-07-05T00:13:07+08:00
ORD00104085,M004291,P00143,web,paid,2,TWD,19975.0,950.0,2026-07-02T20:05:11+08:00,2026-10-29,2026-07-05T07:49:11+08:00
ORD00107544,M002739,P00194,web,created,3,USD,8335.54,400.0,2026-07-02T01:21:14+08:00,2026-08-12,2026-07-04T14:40:14+08:00
ORD00106302,M004315,P00126,web,created,2,TWD,45417.0,400.0,2026-07-02T08:15:51+08:00,2026-10-14,2026-07-02T16:13:51+08:00
ORD00107815,M005820,P00186,app,paid,1,USD,4234.45,900.0,2026-07-02T04:27:49+08:00,2026-10-25,2026-07-04T16:30:49+08:00
ORD00107367,M007355,P00040,web,paid,2,TWD,148138.0,700.0,2026-07-02T18:41:34+08:00,2026-10-01,2026-07-03T22:51:34+08:00
ORD00092267,M006965,P00247,web,cancelled,2,TWD,368875.0,0.0,2026-05-20T00:52:31+08:00,2026-07-11,2026-07-02T01:12:43+08:00
ORD00106316,M001370,P00215,電銷,paid,1,TWD,49980.0,900.0,2026-07-02T05:45:02+08:00,2026-08-23,2026-07-03T15:49:02+08:00
ORD00105157,M003026,P00084,app,created,1,TWD,60580.0,950.0,2026-07-02T09:03:36+08:00,2026-08-31,2026-07-04T18:10:36+08:00
ORD00107870,M004618,P00183,app,paid,3,USD,13193.06,150.0,2026-07-02T05:57:34+08:00,2026-07-19,2026-07-04T07:40:34+08:00
ORD00105589,M006681,P00184,門市,created,1,TWD,150686.0,750.0,2026-07-02T17:50:22+08:00,2026-09-03,2026-07-05T03:05:22+08:00
ORD00105720,M001769,P00274,web,paid,3,TWD,247494.0,50.0,2026-07-02T18:35:03+08:00,2026-08-19,2026-07-04T10:16:03+08:00
ORD00106383,M001947,P00180,app,paid,1,TWD,102255.0,700.0,2026-07-02T04:47:34+08:00,2026-07-13,2026-07-04T20:59:34+08:00
ORD00107556,M000949,P00213,web,created,1,TWD,106426.0,250.0,2026-07-02T16:58:16+08:00,2026-08-26,2026-07-03T20:28:16+08:00
ORD00106577,M001530,P00186,電銷,paid,1,TWD,135778.0,700.0,2026-07-02T07:46:18+08:00,2026-09-11,2026-07-04T06:56:18+08:00
ORD00105267,M006178,P00089,門市,created,4,JPY,1407451.0,100.0,2026-07-02T11:46:42+08:00,2026-09-28,2026-07-03T11:35:42+08:00
ORD00106890,M000907,P00202,web,paid,1,TWD,115994.0,150.0,2026-07-02T13:47:36+08:00,2026-08-14,2026-07-03T06:34:36+08:00
ORD00104440,M003936,P00037,web,paid,1,USD,4331.42,0.0,2026-07-02T14:19:56+08:00,2026-08-13,2026-07-04T00:42:56+08:00
ORD00105711,M007727,P00108,web,paid,3,JPY,1782841.0,250.0,2026-07-02T14:52:30+08:00,2026-10-11,2026-07-02T18:12:30+08:00
ORD00107071,M007267,P00257,app,created,4,TWD,157634.0,550.0,2026-07-02T09:26:04+08:00,2026-08-04,2026-07-02T14:37:04+08:00
ORD00105470,M004276,P00254,門市,paid,3,TWD,8213.0,700.0,2026-07-02T17:26:52+08:00,2026-07-18,2026-07-03T20:25:52+08:00
ORD00104726,M006811,P00165,app,paid,4,TWD,247612.0,200.0,2026-07-02T03:45:33+08:00,2026-07-12,2026-07-04T17:31:33+08:00
ORD00107742,M006234,P00125,web,paid,1,USD,1773.2,0.0,2026-07-02T17:05:38+08:00,2026-08-14,2026-07-04T07:35:38+08:00
ORD00105472,M000241,P00055,門市,paid,1,TWD,98252.0,200.0,2026-07-02T22:13:09+08:00,2026-10-18,2026-07-05T15:56:09+08:00
ORD00104782,M004928,P00297,電銷,paid,2,TWD,243314.0,700.0,2026-07-02T21:54:21+08:00,2026-10-08,2026-07-05T14:12:21+08:00
ORD00095463,M007864,P00088,app,cancelled,3,TWD,265499.0,150.0,2026-06-08T16:59:21+08:00,2026-09-09,2026-07-02T00:17:28+08:00
ORD00106363,M001915,P00200,web,paid,3,TWD,348859.0,350.0,2026-07-02T01:48:10+08:00,2026-10-21,2026-07-02T19:43:10+08:00
ORD00105469,M007294,P00297,門市,paid,4,JPY,2030547.0,900.0,2026-07-02T18:46:36+08:00,2026-10-04,2026-07-05T12:08:36+08:00
ORD00035538,M000703,P00128,電銷,cancelled,1,TWD,163870.0,650.0,2026-06-28T06:35:57+08:00,2026-07-07,2026-07-02T07:38:29+08:00
ORD00104586,M002026,P00179,app,created,4,USD,20292.24,200.0,2026-07-02T11:51:54+08:00,2026-09-16,2026-07-03T13:42:54+08:00
ORD00105609,M000620,P00135,web,paid,3,TWD,24558.0,650.0,2026-07-02T14:49:03+08:00,2026-09-10,2026-07-03T19:21:03+08:00
ORD00104499,M005255,P00206,門市,paid,4,TWD,741411.0,800.0,2026-07-02T12:09:33+08:00,2026-07-19,2026-07-03T18:25:33+08:00
ORD00106267,M001823,P00298,門市,paid,4,TWD,511621.0,750.0,2026-07-02T10:26:52+08:00,2026-08-02,2026-07-04T21:42:52+08:00
ORD00105223,M001742,P00041,app,created,1,USD,270.61,250.0,2026-07-02T01:03:28+08:00,2026-07-25,2026-07-03T13:33:28+08:00
ORD00106296,M003688,P00276,門市,created,2,USD,11375.8,850.0,2026-07-02T20:55:16+08:00,2026-09-13,2026-07-04T11:03:16+08:00
ORD00105795,M004330,P00004,app,created,1,TWD,236142.0,0.0,2026-07-02T19:46:51+08:00,2026-08-07,2026-07-03T00:11:51+08:00
ORD00092091,M002915,P00248,app,cancelled,4,TWD,91331.0,200.0,2026-06-07T10:57:24+08:00,2026-09-03,2026-07-02T11:18:48+08:00
ORD00104055,M000136,P00233,電銷,paid,1,TWD,95940.0,900.0,2026-07-02T08:52:58+08:00,2026-08-01,2026-07-04T21:08:58+08:00
ORD00107073,M003936,P00249,web,created,1,USD,2209.8,950.0,2026-07-02T20:05:38+08:00,2026-08-12,2026-07-03T17:44:38+08:00
ORD00107037,M004920,P00197,app,paid,4,TWD,287947.0,700.0,2026-07-02T02:22:32+08:00,2026-09-05,2026-07-03T09:09:32+08:00
ORD00104414,M003650,P00080,app,created,2,TWD,285669.0,200.0,2026-07-02T09:16:18+08:00,2026-09-08,2026-07-02T22:35:18+08:00
ORD00104213,M001535,P00048,門市,paid,4,TWD,439351.0,800.0,2026-07-02T08:21:47+08:00,2026-08-12,2026-07-02T21:30:47+08:00
ORD00107350,M004950,P00189,app,paid,4,JPY,2323303.0,50.0,2026-07-02T16:32:40+08:00,2026-08-10,2026-07-03T11:17:40+08:00
ORD00105406,M002141,P00131,app,created,2,TWD,410170.0,450.0,2026-07-02T06:43:20+08:00,2026-08-25,2026-07-02T10:21:20+08:00
ORD00106116,M006704,P00117,門市,paid,4,TWD,673455.0,850.0,2026-07-02T06:46:22+08:00,2026-09-12,2026-07-04T10:08:22+08:00
ORD00106197,M002683,P00289,電銷,created,4,TWD,355261.0,750.0,2026-07-02T00:25:43+08:00,2026-07-25,2026-07-03T21:37:43+08:00
ORD00104314,M002170,P00273,電銷,created,4,TWD,382169.0,550.0,2026-07-02T04:58:59+08:00,2026-09-08,2026-07-04T18:41:59+08:00
ORD00104463,M005121,P00175,app,created,3,TWD,55062.0,450.0,2026-07-02T23:24:46+08:00,2026-09-13,2026-07-04T17:24:46+08:00
ORD00112033,M001976,P00266,app,paid,1,USD,476.04,400.0,2026-06-10T12:11:39+08:00,2026-07-18,2026-07-02T15:18:58+08:00
ORD00032256,M005627,P00273,門市,cancelled,2,TWD,188591.0,600.0,2026-05-15T21:43:03+08:00,2026-08-12,2026-07-02T11:27:16+08:00
ORD00105804,M006927,P00095,web,paid,1,TWD,166206.0,350.0,2026-07-02T11:55:07+08:00,2026-08-16,2026-07-04T00:30:07+08:00
ORD00104672,M005926,P00143,app,created,2,USD,632.05,450.0,2026-07-02T11:06:03+08:00,2026-09-19,2026-07-04T09:05:03+08:00
ORD00106581,M001918,P00023,app,paid,4,TWD,886344.0,400.0,2026-07-02T07:59:49+08:00,2026-07-13,2026-07-02T18:10:49+08:00
ORD00031231,M002455,P00074,門市,cancelled,1,TWD,142504.0,850.0,2026-06-15T14:13:53+08:00,2026-08-17,2026-07-02T02:44:22+08:00
ORD00107987,M004708,P00200,門市,created,3,TWD,375512.0,100.0,2026-07-02T23:46:48+08:00,2026-07-28,2026-07-03T19:12:48+08:00
ORD00105110,M004573,P00218,電銷,created,2,TWD,70976.0,300.0,2026-07-02T08:50:00+08:00,2026-08-07,2026-07-04T08:17:00+08:00
ORD00107568,M004288,P00130,門市,paid,2,JPY,1998909.0,600.0,2026-07-02T09:46:10+08:00,2026-09-01,2026-07-02T20:00:10+08:00
ORD00106453,M004330,P00042,app,created,4,USD,20899.22,500.0,2026-07-02T18:45:41+08:00,2026-08-14,2026-07-03T23:31:41+08:00
ORD00104277,M002713,P00102,web,paid,2,JPY,330747.0,100.0,2026-07-02T14:01:18+08:00,2026-09-23,2026-07-03T11:40:18+08:00
ORD00106918,M003642,P00261,web,created,4,TWD,23306.0,900.0,2026-07-02T23:38:07+08:00,2026-07-31,2026-07-05T04:22:07+08:00
ORD00036476,M006408,P00112,電銷,cancelled,2,JPY,95204.0,750.0,2026-06-23T09:38:03+08:00,2026-09-05,2026-07-02T19:19:40+08:00
ORD00107603,M002193,P00290,web,paid,4,JPY,2101920.0,350.0,2026-07-02T11:56:54+08:00,2026-09-27,2026-07-03T08:29:54+08:00
ORD00107858,M002193,P00043,門市,paid,3,USD,13544.5,400.0,2026-07-02T21:21:45+08:00,2026-08-10,2026-07-03T17:25:45+08:00
ORD00105507,M000809,P00081,app,paid,2,USD,7920.43,400.0,2026-07-02T11:57:36+08:00,2026-08-18,2026-07-03T18:56:36+08:00
ORD00105412,M000720,P00249,web,paid,1,TWD,89992.0,100.0,2026-07-02T17:43:52+08:00,2026-09-18,2026-07-05T08:08:52+08:00
ORD00106047,M004698,P00234,門市,paid,2,TWD,21210.0,50.0,2026-07-02T13:54:53+08:00,2026-08-01,2026-07-02T14:00:53+08:00
ORD00104750,M006196,P00127,門市,created,2,TWD,112295.0,500.0,2026-07-02T16:25:50+08:00,2026-07-12,2026-07-04T03:27:50+08:00
ORD00104162,M002334,P00024,web,paid,3,JPY,1248345.0,650.0,2026-07-02T17:49:28+08:00,2026-08-10,2026-07-02T18:51:28+08:00
ORD00105106,M007016,P00252,電銷,paid,2,TWD,99260.0,650.0,2026-07-02T01:53:45+08:00,2026-10-19,2026-07-03T01:45:45+08:00
ORD00105174,M006435,P00064,門市,paid,1,TWD,29909.0,750.0,2026-07-02T19:42:31+08:00,2026-09-02,2026-07-05T09:05:31+08:00
ORD00106829,M000209,P00296,門市,created,1,TWD,8372.0,450.0,2026-07-02T21:34:51+08:00,2026-08-28,2026-07-04T20:23:51+08:00
ORD00107943,M003781,P00240,門市,created,3,TWD,275670.0,800.0,2026-07-02T19:42:59+08:00,2026-10-23,2026-07-04T01:56:59+08:00
ORD00104045,M001229,P00043,門市,paid,4,TWD,551642.0,150.0,2026-07-02T02:47:18+08:00,2026-07-16,2026-07-03T19:17:18+08:00
ORD00107517,M001699,P00073,門市,paid,3,TWD,320316.0,850.0,2026-07-02T12:11:37+08:00,2026-10-12,2026-07-04T16:36:37+08:00
ORD00105439,M004204,P00264,app,paid,2,USD,701.74,800.0,2026-07-02T03:38:24+08:00,2026-09-22,2026-07-04T14:06:24+08:00
ORD00029991,M000646,P00224,門市,completed,3,TWD,274136.0,800.0,2026-06-25T22:39:01+08:00,2026-09-02,2026-07-02T11:09:31+08:00
ORD00092565,M006871,P00215,app,cancelled,1,TWD,46081.0,350.0,2026-06-17T16:21:36+08:00,2026-09-01,2026-07-02T08:55:34+08:00
ORD00105072,M003273,P00245,門市,created,3,USD,9860.92,150.0,2026-07-02T21:35:32+08:00,2026-08-15,2026-07-03T15:04:32+08:00
ORD00106407,M006393,P00117,app,paid,1,TWD,140347.0,150.0,2026-07-02T14:16:29+08:00,2026-09-02,2026-07-04T13:45:29+08:00
ORD00106763,M004694,P00269,app,paid,2,TWD,127033.0,950.0,2026-07-02T08:06:15+08:00,2026-08-24,2026-07-02T11:18:15+08:00
ORD00104779,M001847,P00033,電銷,paid,3,TWD,389178.0,650.0,2026-07-02T08:21:12+08:00,2026-09-04,2026-07-03T03:47:12+08:00
ORD00106630,M005131,P00248,門市,paid,3,TWD,70855.0,750.0,2026-07-02T12:35:58+08:00,2026-09-29,2026-07-05T06:33:58+08:00
ORD00106174,M006027,P00025,門市,paid,1,USD,4794.78,250.0,2026-07-02T10:25:54+08:00,2026-10-12,2026-07-04T04:27:54+08:00
ORD00104268,M001011,P00180,app,created,4,TWD,498453.0,900.0,2026-07-02T11:24:13+08:00,2026-10-23,2026-07-03T13:43:13+08:00
ORD00104152,M004240,P00119,門市,paid,3,USD,17907.57,700.0,2026-07-02T18:49:14+08:00,2026-09-25,2026-07-04T02:01:14+08:00
ORD00105755,M007985,P00050,web,paid,3,TWD,8951.0,200.0,2026-07-02T20:19:01+08:00,2026-07-30,2026-07-03T11:35:01+08:00
ORD00107477,M003519,P00121,app,paid,4,TWD,86188.0,600.0,2026-07-02T17:08:23+08:00,2026-10-12,2026-07-05T03:45:23+08:00
ORD00011612,M001286,P00294,門市,completed,2,TWD,290187.0,700.0,2026-05-04T13:32:57+08:00,2026-07-14,2026-07-02T17:20:03+08:00
ORD00106925,M006681,P00098,電銷,paid,3,TWD,416593.0,0.0,2026-07-02T19:04:07+08:00,2026-08-29,2026-07-03T13:53:07+08:00
ORD00091438,M002671,P00025,電銷,cancelled,3,TWD,429032.0,100.0,2026-05-26T03:25:41+08:00,2026-09-18,2026-07-02T09:25:13+08:00
ORD00104979,M007769,P00204,門市,paid,2,TWD,303951.0,550.0,2026-07-02T05:50:05+08:00,2026-08-31,2026-07-04T05:15:05+08:00
ORD00106602,M003514,P00239,門市,paid,4,USD,21245.22,400.0,2026-07-02T18:31:40+08:00,2026-10-11,2026-07-03T06:12:40+08:00
ORD00107015,M001126,P00193,門市,created,4,TWD,737095.0,0.0,2026-07-02T00:31:47+08:00,2026-10-12,2026-07-04T01:37:47+08:00
ORD00107399,M000474,P00233,app,created,4,TWD,399700.0,650.0,2026-07-02T05:57:58+08:00,2026-07-11,2026-07-02T23:32:58+08:00
ORD00104024,M007173,P00101,app,created,4,TWD,237415.0,400.0,2026-07-02T07:47:07+08:00,2026-08-02,2026-07-04T02:18:07+08:00
ORD00104387,M007789,P00072,電銷,paid,2,USD,1136.94,150.0,2026-07-02T02:15:09+08:00,2026-07-21,2026-07-03T18:51:09+08:00
ORD00107964,M000249,P00061,電銷,paid,1,TWD,180310.0,250.0,2026-07-02T18:14:06+08:00,2026-10-27,2026-07-04T23:15:06+08:00
ORD00104889,M004889,P00150,web,created,4,USD,22698.22,200.0,2026-07-02T13:27:48+08:00,2026-10-29,2026-07-04T09:23:48+08:00
ORD00105952,M006475,P00286,電銷,paid,4,TWD,645722.0,700.0,2026-07-02T01:01:14+08:00,2026-09-08,2026-07-03T12:52:14+08:00
ORD00104608,M004852,P00278,電銷,paid,2,TWD,310711.0,850.0,2026-07-02T10:43:28+08:00,2026-10-28,2026-07-02T23:26:28+08:00
ORD00104287,M002866,P00095,web,created,1,TWD,191962.0,200.0,2026-07-02T10:22:22+08:00,2026-08-11,2026-07-03T03:26:22+08:00
ORD00106920,M002190,P00272,門市,created,2,TWD,293119.0,100.0,2026-07-02T15:34:32+08:00,2026-09-12,2026-07-03T09:12:32+08:00
ORD00023519,M004105,P00001,app,completed,3,TWD,396311.0,100.0,2026-06-12T19:46:36+08:00,2026-09-12,2026-07-02T16:31:35+08:00
ORD00107253,M000172,P00285,電銷,paid,4,TWD,389706.0,200.0,2026-07-02T17:16:33+08:00,2026-09-29,2026-07-05T05:04:33+08:00
ORD00105555,M007276,P00008,電銷,paid,3,TWD,278398.0,800.0,2026-07-02T06:53:22+08:00,2026-09-19,2026-07-02T13:07:22+08:00
ORD00044115,M005725,P00221,app,cancelled,4,TWD,489143.0,450.0,2026-06-02T03:40:15+08:00,2026-07-25,2026-07-02T12:39:22+08:00
ORD00112027,M002328,P00227,web,paid,1,JPY,740839.0,0.0,2026-06-11T00:48:31+08:00,2026-09-18,2026-07-02T05:06:28+08:00
ORD00106063,M002349,P00285,web,created,2,USD,7002.52,850.0,2026-07-02T19:51:53+08:00,2026-08-25,2026-07-05T12:25:53+08:00
ORD00105203,M007480,P00274,web,created,1,TWD,84980.0,900.0,2026-07-02T04:27:44+08:00,2026-08-13,2026-07-02T19:09:44+08:00
ORD00077876,M005599,P00196,app,completed,2,TWD,88810.0,500.0,2026-05-04T08:47:04+08:00,2026-08-03,2026-07-02T23:44:18+08:00
ORD00105343,M006158,P00261,app,created,3,USD,423.45,650.0,2026-07-02T18:13:49+08:00,2026-08-25,2026-07-03T23:16:49+08:00
ORD00080171,M005507,P00113,門市,cancelled,2,USD,11582.73,500.0,2026-06-22T17:05:30+08:00,2026-10-03,2026-07-02T02:01:44+08:00
ORD00107124,M002273,P00209,app,paid,4,TWD,410654.0,550.0,2026-07-02T23:16:00+08:00,2026-08-10,2026-07-05T11:07:00+08:00
ORD00104791,M004269,P00188,app,paid,1,TWD,58923.0,450.0,2026-07-02T19:19:00+08:00,2026-07-25,2026-07-03T21:57:00+08:00
ORD00104386,M001130,P00237,web,paid,3,JPY,3072630.0,700.0,2026-07-02T01:37:10+08:00,2026-09-30,2026-07-03T13:41:10+08:00
ORD00105719,M005117,P00099,電銷,paid,1,TWD,146438.0,700.0,2026-07-02T06:11:32+08:00,2026-10-09,2026-07-04T23:29:32+08:00
ORD00107822,M001136,P00184,web,paid,2,TWD,290437.0,950.0,2026-07-02T07:57:32+08:00,2026-10-06,2026-07-02T20:24:32+08:00
ORD00104925,M001573,P00174,web,paid,3,TWD,66112.0,100.0,2026-07-02T10:00:03+08:00,2026-08-12,2026-07-04T22:46:03+08:00
ORD00060076,M007490,P00198,app,cancelled,4,USD,3789.97,450.0,2026-05-14T19:18:55+08:00,2026-07-10,2026-07-02T11:35:27+08:00
ORD00002666,M003931,P00220,web,cancelled,4,USD,4867.5,150.0,2026-06-10T06:33:45+08:00,2026-07-16,2026-07-02T20:45:10+08:00
ORD00107207,M005240,P00018,門市,paid,1,TWD,138716.0,100.0,2026-07-02T23:01:38+08:00,2026-07-15,2026-07-05T05:36:38+08:00
ORD00106882,M003432,P00163,web,paid,2,TWD,178794.0,50.0,2026-07-02T18:24:49+08:00,2026-07-28,2026-07-05T12:45:49+08:00
ORD00107862,M007482,P00191,門市,created,2,USD,7901.07,50.0,2026-07-02T02:44:16+08:00,2026-08-18,2026-07-03T11:43:16+08:00
ORD00025079,M005074,P00219,電銷,cancelled,1,TWD,117960.0,850.0,2026-05-11T12:12:31+08:00,2026-08-15,2026-07-02T03:41:18+08:00
ORD00107913,M006118,P00274,app,created,2,USD,5886.01,400.0,2026-07-02T21:26:22+08:00,2026-09-18,2026-07-05T03:20:22+08:00
ORD00107537,M004349,P00080,app,created,1,TWD,125639.0,750.0,2026-07-02T13:22:16+08:00,2026-07-12,2026-07-04T02:12:16+08:00
ORD00106117,M005883,P00280,web,paid,1,TWD,123355.0,350.0,2026-07-02T00:06:49+08:00,2026-09-19,2026-07-02T20:53:49+08:00
ORD00107601,M000567,P00100,電銷,paid,1,USD,5935.67,700.0,2026-07-02T01:09:04+08:00,2026-07-21,2026-07-04T15:58:04+08:00
ORD00104535,M002589,P00052,電銷,created,3,TWD,209200.0,400.0,2026-07-02T07:50:34+08:00,2026-10-09,2026-07-03T13:32:34+08:00
ORD00104458,M003549,P00263,門市,paid,4,TWD,408137.0,900.0,2026-07-02T12:48:09+08:00,2026-09-17,2026-07-03T08:14:09+08:00
ORD00105856,M001275,P00217,門市,paid,2,TWD,401404.0,150.0,2026-07-02T17:38:36+08:00,2026-07-29,2026-07-04T14:34:36+08:00
ORD00106521,M005892,P00250,門市,created,2,USD,4564.08,100.0,2026-07-02T00:01:01+08:00,2026-10-27,2026-07-04T05:23:01+08:00
ORD00058572,M004983,P00129,電銷,cancelled,1,JPY,713220.0,350.0,2026-05-25T23:19:28+08:00,2026-06-27,2026-07-02T10:12:11+08:00
ORD00105763,M000314,P00123,app,paid,3,TWD,191272.0,100.0,2026-07-02T23:43:13+08:00,2026-09-12,2026-07-03T14:49:13+08:00
ORD00104966,M002935,P00019,電銷,paid,4,TWD,451026.0,700.0,2026-07-02T21:13:15+08:00,2026-09-26,2026-07-04T13:51:15+08:00
ORD00107270,M005930,P00219,app,paid,1,USD,3759.82,250.0,2026-07-02T09:38:47+08:00,2026-08-20,2026-07-02T10:53:47+08:00
ORD00112016,M004921,P00159,web,paid,2,TWD,77162.0,450.0,2026-06-10T03:19:39+08:00,2026-09-08,2026-07-02T19:05:53+08:00
ORD00105773,M005813,P00284,門市,created,3,TWD,469719.0,250.0,2026-07-02T06:33:05+08:00,2026-10-08,2026-07-03T20:29:05+08:00
ORD00107928,M004526,P00148,web,paid,3,TWD,93579.0,500.0,2026-07-02T13:03:57+08:00,2026-10-15,2026-07-02T17:13:57+08:00
ORD00107686,M005593,P00228,web,paid,2,JPY,1182967.0,800.0,2026-07-02T13:55:10+08:00,2026-09-30,2026-07-03T07:11:10+08:00
ORD00107922,M006037,P00060,電銷,created,4,TWD,482316.0,500.0,2026-07-02T00:29:22+08:00,2026-07-13,2026-07-02T14:07:22+08:00
ORD00107163,M000500,P00264,web,created,3,TWD,33548.0,950.0,2026-07-02T07:52:21+08:00,2026-10-11,2026-07-02T20:38:21+08:00
ORD00015614,M003603,P00123,電銷,completed,1,TWD,72819.0,750.0,2026-06-13T22:43:02+08:00,2026-09-20,2026-07-02T11:35:55+08:00
ORD00021023,M004616,P00141,app,completed,3,USD,7573.31,750.0,2026-06-17T17:41:10+08:00,2026-10-10,2026-07-02T19:52:05+08:00
ORD00106133,M006323,P00139,web,created,2,TWD,299463.0,800.0,2026-07-02T03:44:27+08:00,2026-09-15,2026-07-02T08:01:27+08:00
ORD00106345,M004679,P00289,app,paid,4,TWD,453917.0,450.0,2026-07-02T18:07:52+08:00,2026-10-24,2026-07-05T00:48:52+08:00
ORD00107906,M000091,P00157,門市,created,2,TWD,168954.0,200.0,2026-07-02T11:07:02+08:00,2026-07-10,2026-07-04T09:50:02+08:00
ORD00104550,M007028,P00226,web,paid,4,USD,16035.15,700.0,2026-07-02T05:19:30+08:00,2026-08-27,2026-07-03T17:07:30+08:00
ORD00107486,M002440,P00196,門市,paid,1,TWD,59469.0,900.0,2026-07-02T07:46:26+08:00,2026-10-05,2026-07-04T16:09:26+08:00
ORD00106118,M003992,P00074,web,paid,4,TWD,559394.0,50.0,2026-07-02T11:15:18+08:00,2026-07-15,2026-07-03T00:43:18+08:00
ORD00105278,M006835,P00041,電銷,paid,1,TWD,8909.0,50.0,2026-07-02T00:26:46+08:00,2026-09-27,2026-07-04T12:37:46+08:00
ORD00107558,M001006,P00179,電銷,paid,4,JPY,2412406.0,150.0,2026-07-02T02:33:21+08:00,2026-07-13,2026-07-02T15:01:21+08:00
ORD00104272,M000823,P00145,電銷,created,4,TWD,361795.0,900.0,2026-07-02T12:59:01+08:00,2026-07-15,2026-07-03T08:36:01+08:00
ORD00106369,M007963,P00201,web,created,2,TWD,205684.0,800.0,2026-07-02T04:33:29+08:00,2026-10-12,2026-07-02T11:17:29+08:00
ORD00105295,M006293,P00203,電銷,created,1,JPY,698540.0,850.0,2026-07-02T20:49:57+08:00,2026-07-09,2026-07-04T13:21:57+08:00
ORD00106085,M004149,P00123,門市,created,2,JPY,722928.0,350.0,2026-07-02T10:34:39+08:00,2026-10-18,2026-07-03T16:15:39+08:00
ORD00105832,M004644,P00155,web,paid,3,TWD,153591.0,300.0,2026-07-02T17:24:16+08:00,2026-09-09,2026-07-03T23:40:16+08:00
ORD00104752,M005016,P00253,web,paid,4,TWD,710965.0,800.0,2026-07-02T06:39:03+08:00,2026-10-29,2026-07-03T03:48:03+08:00
ORD00070726,M006733,P00153,電銷,completed,3,JPY,1145487.0,50.0,2026-05-27T12:22:27+08:00,2026-08-01,2026-07-02T07:17:22+08:00
ORD00107665,M001433,P00207,app,paid,2,TWD,147883.0,800.0,2026-07-02T08:07:02+08:00,2026-09-22,2026-07-03T02:11:02+08:00
ORD00106738,M005621,P00151,電銷,paid,2,TWD,147156.0,900.0,2026-07-02T03:22:31+08:00,2026-08-19,2026-07-04T00:04:31+08:00
ORD00104107,M006998,P00274,web,created,1,JPY,561899.0,400.0,2026-07-02T17:09:58+08:00,2026-08-23,2026-07-03T14:22:58+08:00
ORD00104642,M004445,P00055,app,paid,1,USD,3087.24,450.0,2026-07-02T17:31:50+08:00,2026-08-09,2026-07-02T20:24:50+08:00
ORD00104439,M000389,P00189,門市,paid,4,TWD,472618.0,0.0,2026-07-02T13:35:12+08:00,2026-09-11,2026-07-03T01:49:12+08:00
ORD00105600,M001313,P00158,web,paid,3,USD,4500.33,500.0,2026-07-02T23:25:31+08:00,2026-09-10,2026-07-04T17:01:31+08:00
ORD00105428,M003670,P00062,電銷,paid,2,JPY,907014.0,350.0,2026-07-02T10:24:57+08:00,2026-10-17,2026-07-04T06:51:57+08:00
ORD00104249,M003154,P00247,web,paid,3,TWD,412038.0,200.0,2026-07-02T10:02:14+08:00,2026-10-05,2026-07-03T09:30:14+08:00
ORD00107045,M007027,P00005,web,paid,1,TWD,86135.0,600.0,2026-07-02T11:48:24+08:00,2026-09-08,2026-07-04T15:20:24+08:00
ORD00105456,M006502,P00269,app,created,1,USD,2265.04,750.0,2026-07-02T18:41:22+08:00,2026-07-20,2026-07-03T04:51:22+08:00
ORD00105140,M002063,P00067,app,created,4,JPY,2155838.0,400.0,2026-07-02T02:52:16+08:00,2026-08-19,2026-07-03T07:18:16+08:00
ORD00105341,M006097,P00230,電銷,created,3,TWD,501789.0,450.0,2026-07-02T21:30:07+08:00,2026-10-29,2026-07-03T20:56:07+08:00
ORD00106279,M007692,P00105,app,paid,2,TWD,117119.0,100.0,2026-07-02T17:47:16+08:00,2026-07-26,2026-07-03T11:11:16+08:00
ORD00105930,M007160,P00127,app,paid,2,USD,3506.84,100.0,2026-07-02T17:34:35+08:00,2026-10-06,2026-07-03T15:08:35+08:00
ORD00107942,M000560,P00058,門市,paid,2,TWD,92468.0,550.0,2026-07-02T16:49:31+08:00,2026-09-27,2026-07-03T11:46:31+08:00
ORD00105622,M006387,P00068,app,paid,2,TWD,163445.0,850.0,2026-07-02T06:24:14+08:00,2026-08-30,2026-07-02T13:26:14+08:00
ORD00104188,M006158,P00105,web,created,4,USD,8398.51,600.0,2026-07-02T09:26:23+08:00,2026-08-01,2026-07-02T14:11:23+08:00
ORD00105122,M004613,P00088,web,paid,2,TWD,136777.0,650.0,2026-07-02T04:47:07+08:00,2026-07-21,2026-07-04T03:47:07+08:00
ORD00105453,M002014,P00140,web,created,2,TWD,74102.0,950.0,2026-07-02T04:47:14+08:00,2026-07-26,2026-07-02T22:40:14+08:00
ORD00106677,M006852,P00192,web,created,1,TWD,177980.0,600.0,2026-07-02T07:54:08+08:00,2026-09-11,2026-07-04T22:57:22+08:00
ORD00107792,M003382,P00288,app,paid,2,TWD,29312.0,650.0,2026-07-02T16:15:13+08:00,2026-10-17,2026-07-03T00:43:13+08:00
ORD00105626,M007835,P00256,門市,paid,3,TWD,599416.0,300.0,2026-07-02T10:19:28+08:00,2026-09-02,2026-07-04T12:49:28+08:00
ORD00059998,M003595,P00016,電銷,cancelled,2,TWD,189280.0,950.0,2026-06-13T14:30:56+08:00,2026-10-05,2026-07-02T03:52:21+08:00
ORD00018211,M000063,P00204,電銷,cancelled,3,TWD,406285.0,300.0,2026-05-16T07:51:46+08:00,2026-06-19,2026-07-02T21:14:24+08:00
ORD00105758,M007950,P00218,app,paid,3,TWD,98744.0,500.0,2026-07-02T04:57:12+08:00,2026-08-12,2026-07-04T22:23:12+08:00
ORD00106550,M006459,P00220,app,paid,1,TWD,36516.0,250.0,2026-07-02T17:14:46+08:00,2026-08-04,2026-07-02T20:18:46+08:00
ORD00092564,M001725,P00181,電銷,completed,1,TWD,17279.0,100.0,2026-06-20T05:27:38+08:00,2026-06-30,2026-07-02T06:32:12+08:00
ORD00106199,M007419,P00227,web,paid,2,TWD,330556.0,450.0,2026-07-02T04:14:15+08:00,2026-09-22,2026-07-02T22:41:15+08:00
ORD00104050,M003173,P00094,門市,paid,4,TWD,749596.0,850.0,2026-07-02T14:17:24+08:00,2026-09-20,2026-07-05T08:47:24+08:00
ORD00105337,M005262,P00114,app,created,4,TWD,292740.0,500.0,2026-07-02T00:08:16+08:00,2026-08-16,2026-07-04T10:59:16+08:00
ORD00104536,M002442,P00050,app,paid,3,TWD,10700.0,950.0,2026-07-02T00:23:56+08:00,2026-08-20,2026-07-04T12:42:56+08:00
ORD00107711,M006518,P00217,門市,paid,2,TWD,367324.0,550.0,2026-07-02T19:19:29+08:00,2026-08-29,2026-07-04T20:13:29+08:00
ORD00107450,M007876,P00203,app,paid,1,JPY,582662.0,800.0,2026-07-02T14:24:42+08:00,2026-08-11,2026-07-02T18:20:42+08:00
ORD00107206,M006900,P00204,web,created,3,TWD,457175.0,300.0,2026-07-02T01:14:10+08:00,2026-10-21,2026-07-04T03:19:10+08:00
ORD00104330,M001045,P00077,電銷,paid,2,TWD,380267.0,0.0,2026-07-02T12:37:40+08:00,2026-07-19,2026-07-03T11:53:40+08:00
ORD00107564,M006129,P00125,電銷,paid,3,TWD,145679.0,150.0,2026-07-02T09:53:35+08:00,2026-09-08,2026-07-03T14:30:35+08:00
ORD00105530,M006434,P00139,web,created,3,TWD,369447.0,750.0,2026-07-02T21:06:57+08:00,2026-10-22,2026-07-04T08:37:57+08:00
ORD00105971,M007009,P00149,web,paid,1,TWD,188533.0,900.0,2026-07-02T09:50:34+08:00,2026-07-13,2026-07-02T15:32:34+08:00
ORD00104921,M003586,P00048,web,paid,4,JPY,1953857.0,600.0,2026-07-02T20:30:52+08:00,2026-08-30,2026-07-04T14:33:52+08:00
ORD00105404,M002094,P00011,電銷,created,1,JPY,624472.0,400.0,2026-07-02T08:17:35+08:00,2026-10-09,2026-07-03T07:06:35+08:00
ORD00105517,M003883,P00061,web,created,2,JPY,1796336.0,800.0,2026-07-02T06:40:34+08:00,2026-08-16,2026-07-03T06:12:34+08:00
ORD00104429,M003288,P00028,web,paid,3,TWD,353070.0,950.0,2026-07-02T00:16:32+08:00,2026-09-09,2026-07-03T18:16:32+08:00
ORD00107433,M005579,P00135,電銷,created,3,TWD,29575.0,550.0,2026-07-02T09:10:10+08:00,2026-07-10,2026-07-03T05:42:10+08:00
ORD00106739,M007826,P00139,電銷,paid,1,TWD,153921.0,350.0,2026-07-02T16:44:07+08:00,2026-10-17,2026-07-04T19:27:07+08:00
ORD00107571,M006495,P00235,web,paid,2,TWD,148301.0,600.0,2026-07-02T15:44:25+08:00,2026-10-06,2026-07-03T22:34:25+08:00
ORD00104527,M005976,P00020,電銷,created,4,TWD,289957.0,100.0,2026-07-02T08:20:55+08:00,2026-10-07,2026-07-04T22:37:55+08:00
ORD00104942,M004692,P00121,app,paid,4,TWD,103868.0,350.0,2026-07-02T08:41:54+08:00,2026-10-20,2026-07-03T19:07:54+08:00
ORD00106810,M004452,P00177,門市,paid,3,USD,1929.45,950.0,2026-07-02T19:16:21+08:00,2026-10-18,2026-07-02T22:26:21+08:00
ORD00105896,M000803,P00194,app,created,4,JPY,1320654.0,950.0,2026-07-02T12:19:50+08:00,2026-09-21,2026-07-04T15:44:50+08:00
ORD00106046,M002618,P00114,app,paid,4,TWD,306711.0,900.0,2026-07-02T21:04:21+08:00,2026-08-11,2026-07-03T08:30:21+08:00
ORD00104181,M006507,P00184,門市,paid,3,TWD,557841.0,150.0,2026-07-02T07:33:16+08:00,2026-07-18,2026-07-04T15:10:16+08:00
ORD00105533,M002101,P00296,電銷,created,4,TWD,25257.0,550.0,2026-07-02T12:54:46+08:00,2026-09-11,2026-07-02T15:50:46+08:00
ORD00105233,M001300,P00018,門市,paid,2,TWD,331820.0,450.0,2026-07-02T04:53:27+08:00,2026-08-25,2026-07-04T07:26:27+08:00
ORD00106177,M000290,P00075,電銷,created,2,TWD,34915.0,950.0,2026-07-02T09:15:19+08:00,2026-08-11,2026-07-03T11:03:19+08:00
ORD00105508,M003696,P00295,門市,paid,1,TWD,61401.0,550.0,2026-07-02T23:39:21+08:00,2026-08-09,2026-07-03T22:32:21+08:00
ORD00008884,M000579,P00194,電銷,cancelled,2,USD,5551.71,300.0,2026-05-30T05:40:27+08:00,2026-09-20,2026-07-02T14:58:00+08:00
ORD00076816,M000719,P00116,web,cancelled,2,TWD,177808.0,600.0,2026-05-24T11:55:25+08:00,2026-06-25,2026-07-02T10:16:48+08:00
ORD00106496,M006111,P00256,web,paid,4,JPY,4489437.0,400.0,2026-07-02T16:07:37+08:00,2026-08-23,2026-07-03T23:27:37+08:00
ORD00107823,M000192,P00299,門市,paid,4,TWD,89888.0,900.0,2026-07-02T13:50:01+08:00,2026-09-09,2026-07-03T11:48:01+08:00
ORD00106056,M000251,P00276,app,created,4,TWD,599306.0,500.0,2026-07-02T22:14:13+08:00,2026-10-07,2026-07-05T01:09:13+08:00
ORD00104231,M002335,P00045,門市,created,4,USD,973.61,400.0,2026-07-02T12:13:57+08:00,2026-08-12,2026-07-03T21:29:57+08:00
ORD00105761,M007933,P00234,電銷,paid,3,USD,982.05,700.0,2026-07-02T06:29:51+08:00,2026-10-11,2026-07-04T09:16:51+08:00
ORD00107810,M001352,P00275,app,created,4,TWD,367125.0,100.0,2026-07-02T08:57:55+08:00,2026-09-30,2026-07-03T16:59:55+08:00
ORD00104938,M005628,P00166,電銷,paid,3,TWD,552078.0,100.0,2026-07-02T03:23:04+08:00,2026-09-18,2026-07-03T11:57:04+08:00
ORD00091846,M000595,P00244,web,cancelled,2,TWD,93744.0,0.0,2026-05-12T14:50:30+08:00,2026-07-11,2026-07-02T07:03:33+08:00
ORD00107145,M006832,P00122,app,created,4,USD,23945.66,500.0,2026-07-02T03:47:03+08:00,2026-08-10,2026-07-04T00:41:03+08:00
ORD00106950,M001587,P00079,電銷,created,2,TWD,80339.0,700.0,2026-07-02T01:56:00+08:00,2026-07-10,2026-07-04T08:12:00+08:00
ORD00107328,M004127,P00134,門市,paid,3,TWD,299227.0,900.0,2026-07-02T12:37:47+08:00,2026-07-16,2026-07-05T03:11:47+08:00
ORD00105576,M007462,P00020,門市,paid,2,TWD,124858.0,500.0,2026-07-02T16:55:25+08:00,2026-07-25,2026-07-03T01:38:25+08:00
ORD00104065,M006789,P00272,app,created,2,TWD,213774.0,100.0,2026-07-02T19:09:22+08:00,2026-07-10,2026-07-05T13:08:22+08:00
ORD00107595,M007552,P00281,電銷,paid,2,TWD,459830.0,750.0,2026-07-02T02:17:33+08:00,2026-10-26,2026-07-03T04:00:33+08:00
ORD00106347,M002816,P00062,web,paid,2,JPY,920323.0,350.0,2026-07-02T21:22:09+08:00,2026-10-16,2026-07-04T14:25:09+08:00
ORD00104698,M005617,P00223,web,paid,4,TWD,918378.0,0.0,2026-07-02T05:10:10+08:00,2026-08-04,2026-07-02T10:50:10+08:00
ORD00049232,M001915,P00199,app,cancelled,1,USD,230.29,700.0,2026-06-16T08:01:41+08:00,2026-07-31,2026-07-02T11:33:49+08:00
ORD00105269,M001150,P00066,web,created,4,TWD,867981.0,200.0,2026-07-02T04:10:24+08:00,2026-07-24,2026-07-04T17:25:24+08:00
ORD00104986,M007898,P00239,門市,created,4,TWD,688434.0,950.0,2026-07-02T06:43:40+08:00,2026-07-16,2026-07-04T05:59:40+08:00
ORD00106844,M001315,P00040,web,paid,3,TWD,238490.0,450.0,2026-07-02T14:08:00+08:00,2026-10-10,2026-07-05T07:32:00+08:00
ORD00106728,M005788,P00112,門市,paid,2,TWD,18785.0,50.0,2026-07-02T17:43:48+08:00,2026-07-23,2026-07-02T18:56:48+08:00
ORD00105605,M001928,P00115,web,paid,4,TWD,671715.0,200.0,2026-07-02T09:37:16+08:00,2026-10-28,2026-07-04T19:39:16+08:00
ORD00107274,M006002,P00176,app,paid,3,TWD,408910.0,200.0,2026-07-02T04:12:17+08:00,2026-09-01,2026-07-03T05:43:17+08:00
ORD00105086,M006493,P00190,電銷,paid,4,JPY,3218731.0,100.0,2026-07-02T01:31:42+08:00,2026-09-27,2026-07-02T03:42:42+08:00
ORD00106979,M004975,P00070,web,created,2,TWD,208313.0,350.0,2026-07-02T09:54:55+08:00,2026-10-11,2026-07-02T18:12:55+08:00
ORD00107356,M005128,P00207,門市,created,4,TWD,291568.0,950.0,2026-07-02T08:59:37+08:00,2026-09-11,2026-07-04T17:46:37+08:00
ORD00107336,M004195,P00124,app,created,1,TWD,33994.0,100.0,2026-07-02T21:32:50+08:00,2026-10-28,2026-07-02T22:18:50+08:00
ORD00106277,M001216,P00279,門市,created,1,TWD,101405.0,850.0,2026-07-02T18:14:22+08:00,2026-09-06,2026-07-03T15:16:22+08:00
ORD00106282,M004004,P00295,電銷,paid,3,USD,4571.76,300.0,2026-07-02T01:55:05+08:00,2026-07-21,2026-07-02T17:28:05+08:00
ORD00106929,M007383,P00206,電銷,paid,4,TWD,764208.0,100.0,2026-07-02T15:21:53+08:00,2026-08-20,2026-07-03T18:02:53+08:00
ORD00080573,M004474,P00073,web,cancelled,3,TWD,294998.0,800.0,2026-06-22T21:38:03+08:00,2026-09-17,2026-07-02T00:30:13+08:00
ORD00104839,M001049,P00200,web,paid,1,TWD,138204.0,50.0,2026-07-02T00:56:40+08:00,2026-09-12,2026-07-04T15:44:40+08:00
ORD00105008,M007527,P00286,門市,paid,3,TWD,447204.0,100.0,2026-07-02T06:14:29+08:00,2026-09-28,2026-07-03T19:55:29+08:00
ORD00035973,M002827,P00285,電銷,completed,2,TWD,198991.0,550.0,2026-06-13T14:45:08+08:00,2026-08-27,2026-07-02T05:46:08+08:00
ORD00105222,M001724,P00134,web,paid,3,USD,11055.11,500.0,2026-07-02T12:55:13+08:00,2026-09-17,2026-07-04T18:56:13+08:00
ORD00107482,M002113,P00155,app,created,1,USD,1482.85,750.0,2026-07-02T11:33:01+08:00,2026-08-20,2026-07-03T07:03:01+08:00
ORD00106012,M001513,P00048,電銷,paid,4,JPY,1727118.0,300.0,2026-07-02T04:09:31+08:00,2026-09-08,2026-07-02T07:23:31+08:00
ORD00094974,M006290,P00255,web,completed,1,TWD,219159.0,600.0,2026-06-18T17:30:33+08:00,2026-08-26,2026-07-02T15:12:40+08:00
ORD00009030,M007251,P00058,門市,completed,2,TWD,69852.0,500.0,2026-05-01T12:18:42+08:00,2026-08-14,2026-07-02T22:29:23+08:00
ORD00107202,M006587,P00169,電銷,paid,4,USD,4360.28,850.0,2026-07-02T00:28:33+08:00,2026-09-13,2026-07-03T22:02:33+08:00
ORD00104783,M004200,P00171,app,paid,4,TWD,330023.0,200.0,2026-07-02T00:11:17+08:00,2026-10-07,2026-07-02T18:25:17+08:00
ORD00105966,M005481,P00296,app,paid,4,JPY,146000.0,550.0,2026-07-02T02:47:31+08:00,2026-09-27,2026-07-03T09:02:31+08:00
ORD00106711,M002405,P00121,app,paid,4,TWD,103443.0,450.0,2026-07-02T11:29:28+08:00,2026-09-24,2026-07-03T08:24:28+08:00
ORD00105263,M007165,P00109,門市,created,3,TWD,155297.0,850.0,2026-07-02T20:10:01+08:00,2026-07-09,2026-07-04T07:19:01+08:00
ORD00105353,M001834,P00114,web,paid,1,USD,2217.28,800.0,2026-07-02T01:45:50+08:00,2026-08-14,2026-07-02T22:00:50+08:00
ORD00038991,M003998,P00011,web,cancelled,4,TWD,612500.0,150.0,2026-05-19T23:13:32+08:00,2026-06-05,2026-07-02T02:55:40+08:00
ORD00104955,M003051,P00107,web,created,4,TWD,712018.0,550.0,2026-07-02T08:46:07+08:00,2026-08-01,2026-07-04T22:50:07+08:00
ORD00104080,M006793,P00244,電銷,paid,4,TWD,196752.0,0.0,2026-07-02T02:44:20+08:00,2026-09-17,2026-07-03T22:31:20+08:00
ORD00104483,M007749,P00103,app,paid,3,USD,2255.91,800.0,2026-07-02T06:19:15+08:00,2026-08-15,2026-07-03T10:23:15+08:00
ORD00106394,M004152,P00273,電銷,paid,1,USD,2851.13,800.0,2026-07-02T22:11:58+08:00,2026-07-17,2026-07-05T01:51:58+08:00
ORD00104008,M005376,P00086,web,paid,1,TWD,17064.0,500.0,2026-07-02T07:44:54+08:00,2026-08-22,2026-07-03T06:07:54+08:00
ORD00095455,M006912,P00156,門市,cancelled,2,TWD,398045.0,0.0,2026-06-12T10:43:57+08:00,2026-09-30,2026-07-02T08:21:25+08:00
ORD00105335,M006242,P00267,app,paid,1,USD,5426.77,100.0,2026-07-02T12:22:54+08:00,2026-08-01,2026-07-04T05:37:54+08:00
ORD00105902,M000115,P00097,門市,paid,1,TWD,148393.0,100.0,2026-07-02T09:16:45+08:00,2026-08-15,2026-07-02T22:08:45+08:00
ORD00107243,M005624,P00147,app,paid,2,JPY,1912007.0,900.0,2026-07-02T06:48:47+08:00,2026-09-03,2026-07-03T21:21:47+08:00
ORD00104655,M000359,P00044,web,created,1,TWD,32187.0,750.0,2026-07-02T10:15:02+08:00,2026-07-15,2026-07-02T19:02:02+08:00
ORD00105768,M002492,P00174,web,paid,1,TWD,24684.0,300.0,2026-07-02T07:30:48+08:00,2026-07-10,2026-07-04T15:19:48+08:00
ORD00105707,M005078,P00052,app,created,1,USD,2278.98,500.0,2026-07-02T16:44:22+08:00,2026-10-06,2026-07-04T13:49:22+08:00
ORD00107283,M002369,P00230,電銷,paid,2,TWD,390955.0,0.0,2026-07-02T11:10:10+08:00,2026-09-23,2026-07-03T16:03:10+08:00
ORD00107003,M007882,P00089,app,created,3,USD,7735.54,850.0,2026-07-02T04:03:24+08:00,2026-08-23,2026-07-02T06:24:24+08:00
ORD00106330,M007176,P00252,web,created,4,JPY,1387333.0,50.0,2026-07-02T11:55:55+08:00,2026-08-08,2026-07-02T17:14:55+08:00
ORD00107041,M007312,P00274,app,created,1,TWD,86678.0,0.0,2026-07-02T08:21:23+08:00,2026-09-22,2026-07-03T22:50:23+08:00
ORD00105991,M004326,P00113,web,paid,1,TWD,154962.0,900.0,2026-07-02T17:07:10+08:00,2026-10-17,2026-07-03T14:23:10+08:00
ORD00107884,M003517,P00094,web,paid,2,TWD,389113.0,500.0,2026-07-02T00:24:31+08:00,2026-09-28,2026-07-02T23:49:31+08:00
ORD00105701,M005602,P00219,門市,paid,4,TWD,420129.0,350.0,2026-07-02T19:06:36+08:00,2026-09-10,2026-07-05T05:44:36+08:00
ORD00107296,M002857,P00288,web,paid,4,TWD,44134.0,850.0,2026-07-02T02:39:23+08:00,2026-09-23,2026-07-03T07:22:23+08:00
ORD00105687,M007914,P00248,電銷,paid,1,JPY,91874.0,50.0,2026-07-02T04:02:35+08:00,2026-10-08,2026-07-03T07:47:35+08:00
ORD00107946,M002471,P00255,門市,paid,1,TWD,211237.0,100.0,2026-07-02T07:20:37+08:00,2026-07-24,2026-07-04T01:37:37+08:00
ORD00107308,M000914,P00008,web,paid,1,USD,2763.08,600.0,2026-07-02T19:38:41+08:00,2026-09-02,2026-07-04T15:47:41+08:00
ORD00107058,M001236,P00211,app,paid,2,TWD,224627.0,300.0,2026-07-02T14:44:12+08:00,2026-08-11,2026-07-02T14:53:12+08:00
ORD00106759,M000135,P00031,電銷,paid,3,TWD,495846.0,250.0,2026-07-02T13:57:38+08:00,2026-09-17,2026-07-02T14:52:38+08:00
ORD00107094,M001531,P00127,電銷,created,1,USD,1727.23,200.0,2026-07-02T02:41:12+08:00,2026-07-23,2026-07-02T04:37:12+08:00
ORD00060904,M001369,P00299,app,cancelled,1,TWD,22744.0,700.0,2026-06-26T04:42:33+08:00,2026-07-29,2026-07-02T21:00:44+08:00
ORD00104375,M002909,P00231,電銷,created,3,TWD,572131.0,300.0,2026-07-02T10:06:12+08:00,2026-07-26,2026-07-03T14:01:12+08:00
ORD00107641,M003912,P00264,門市,paid,3,JPY,147086.0,400.0,2026-07-02T23:56:20+08:00,2026-09-06,2026-07-04T19:59:20+08:00
ORD00105352,M003350,P00243,app,paid,1,USD,4997.62,750.0,2026-07-02T04:33:07+08:00,2026-07-14,2026-07-02T11:37:07+08:00
ORD00063464,M005136,P00027,電銷,completed,1,TWD,135316.0,0.0,2026-05-27T01:03:55+08:00,2026-07-17,2026-07-02T02:58:50+08:00
ORD00105706,M001597,P00248,app,paid,3,JPY,358970.0,150.0,2026-07-02T22:39:04+08:00,2026-10-20,2026-07-04T20:33:04+08:00
ORD00107225,M001621,P00112,app,created,2,JPY,74761.0,750.0,2026-07-02T06:13:43+08:00,2026-09-05,2026-07-04T22:11:43+08:00
ORD00112019,M007894,P00254,電銷,paid,3,TWD,9836.0,100.0,2026-06-22T08:12:24+08:00,2026-07-20,2026-07-02T05:58:57+08:00
ORD00105162,M006150,P00286,門市,created,2,TWD,404402.0,550.0,2026-07-02T07:51:09+08:00,2026-10-25,2026-07-02T23:05:09+08:00
ORD00107316,M002658,P00187,電銷,paid,2,JPY,234010.0,150.0,2026-07-02T17:57:27+08:00,2026-10-08,2026-07-05T06:27:27+08:00
ORD00106315,M007462,P00161,電銷,created,1,TWD,182459.0,150.0,2026-07-02T19:49:23+08:00,2026-07-13,2026-07-02T20:27:23+08:00
ORD00105013,M006711,P00143,app,paid,2,USD,570.68,150.0,2026-07-02T07:04:06+08:00,2026-07-11,2026-07-03T22:09:06+08:00
ORD00107487,M005931,P00001,web,paid,1,TWD,127397.0,100.0,2026-07-02T11:16:19+08:00,2026-09-19,2026-07-04T20:26:19+08:00
ORD00107706,M006508,P00131,web,paid,3,USD,17595.72,50.0,2026-07-02T09:12:33+08:00,2026-08-15,2026-07-04T14:55:33+08:00
ORD00107166,M006045,P00022,電銷,paid,3,USD,3329.87,750.0,2026-07-02T05:33:31+08:00,2026-10-02,2026-07-04T12:13:31+08:00
ORD00001662,M003994,P00246,門市,cancelled,2,TWD,290353.0,500.0,2026-06-16T02:58:51+08:00,2026-06-30,2026-07-02T22:21:07+08:00
ORD00106700,M006588,P00019,web,paid,1,TWD,99965.0,600.0,2026-07-02T09:14:08+08:00,2026-09-18,2026-07-03T12:12:08+08:00
ORD00106317,M003823,P00145,app,paid,3,USD,8895.86,850.0,2026-07-02T05:04:53+08:00,2026-10-19,2026-07-02T09:03:53+08:00
ORD00106714,M005153,P00293,app,created,2,TWD,121782.0,450.0,2026-07-02T12:41:48+08:00,2026-09-12,2026-07-04T08:23:48+08:00
ORD00107794,M004792,P00071,web,paid,1,TWD,42293.0,700.0,2026-07-02T11:26:08+08:00,2026-07-24,2026-07-03T19:01:08+08:00
ORD00104420,M006689,P00195,app,paid,4,TWD,301639.0,400.0,2026-07-02T14:05:21+08:00,2026-10-26,2026-07-03T08:19:21+08:00
ORD00101579,M002155,P00078,web,paid,4,TWD,426073.0,850.0,2026-07-01T23:58:30+08:00,2026-09-02,2026-07-04T01:43:30+08:00
ORD00052739,M004443,P00134,門市,completed,3,TWD,347552.0,750.0,2026-05-07T01:36:56+08:00,2026-07-09,2026-07-02T22:34:27+08:00
ORD00105661,M007647,P00238,電銷,created,1,TWD,99926.0,850.0,2026-07-02T07:44:26+08:00,2026-08-26,2026-07-02T09:57:26+08:00
ORD00107440,M005936,P00134,門市,paid,1,JPY,538655.0,200.0,2026-07-02T15:05:19+08:00,2026-08-07,2026-07-05T06:23:19+08:00
ORD00105109,M004552,P00126,web,created,2,TWD,56582.0,750.0,2026-07-02T16:41:59+08:00,2026-07-28,2026-07-04T04:03:59+08:00
ORD00107431,M003888,P00185,電銷,created,2,TWD,393313.0,500.0,2026-07-02T22:20:23+08:00,2026-09-16,2026-07-03T12:32:23+08:00
ORD00107677,M002230,P00263,電銷,paid,1,JPY,445941.0,550.0,2026-07-02T21:45:00+08:00,2026-09-04,2026-07-03T12:20:00+08:00
ORD00106095,M006632,P00245,app,paid,4,JPY,2058182.0,300.0,2026-07-02T10:25:39+08:00,2026-09-12,2026-07-03T13:48:39+08:00
ORD00105413,M002157,P00255,web,created,2,TWD,350160.0,800.0,2026-07-02T14:18:00+08:00,2026-08-18,2026-07-03T18:30:00+08:00
ORD00018544,M007603,P00294,app,completed,2,TWD,327011.0,400.0,2026-06-23T14:25:52+08:00,2026-10-09,2026-07-02T05:18:37+08:00
ORD00105712,M004031,P00110,電銷,paid,1,TWD,169910.0,250.0,2026-07-02T09:21:34+08:00,2026-10-02,2026-07-04T16:43:34+08:00
ORD00105837,M006188,P00160,門市,paid,3,TWD,42014.0,50.0,2026-07-02T18:06:09+08:00,2026-08-05,2026-07-02T20:13:09+08:00
ORD00106380,M007858,P00191,app,created,1,USD,3475.31,900.0,2026-07-02T07:23:08+08:00,2026-10-08,2026-07-03T09:41:08+08:00
ORD00106776,M007104,P00185,電銷,paid,3,TWD,490581.0,550.0,2026-07-02T08:45:48+08:00,2026-07-18,2026-07-03T01:11:48+08:00
ORD00104001,M005922,P00156,app,paid,4,USD,23844.76,850.0,2026-07-02T20:44:09+08:00,2026-10-29,2026-07-03T18:35:09+08:00
ORD00105292,M003869,P00198,app,paid,2,TWD,47512.0,350.0,2026-07-02T17:17:11+08:00,2026-07-30,2026-07-02T18:47:11+08:00
ORD00107667,M001611,P00238,web,paid,4,USD,11264.95,550.0,2026-07-02T22:31:42+08:00,2026-09-15,2026-07-03T20:04:42+08:00
ORD00104664,M007386,P00002,web,paid,4,TWD,283199.0,600.0,2026-07-02T11:46:56+08:00,2026-08-16,2026-07-04T06:52:56+08:00
ORD00104087,M007679,P00165,web,paid,2,JPY,784097.0,150.0,2026-07-02T00:30:14+08:00,2026-08-14,2026-07-03T09:02:14+08:00
ORD00034434,M002468,P00288,電銷,cancelled,4,USD,1636.84,100.0,2026-05-24T22:42:46+08:00,2026-08-20,2026-07-02T16:21:55+08:00
ORD00104802,M007761,P00084,門市,paid,3,JPY,662383.0,200.0,2026-07-02T06:38:35+08:00,2026-07-25,2026-07-03T13:01:35+08:00
ORD00014755,M004363,P00047,web,completed,1,TWD,24365.0,50.0,2026-05-21T05:44:57+08:00,2026-07-09,2026-07-02T01:06:17+08:00
ORD00030096,M006236,P00226,web,cancelled,1,JPY,538383.0,150.0,2026-05-14T06:55:17+08:00,2026-06-30,2026-07-02T05:34:21+08:00
ORD00104106,M001584,P00162,電銷,created,2,TWD,14589.0,950.0,2026-07-02T08:42:56+08:00,2026-08-29,2026-07-02T20:23:56+08:00
ORD00107738,M007623,P00180,門市,created,3,USD,11121.8,850.0,2026-07-02T01:35:24+08:00,2026-09-08,2026-07-03T21:06:24+08:00
ORD00106105,M002364,P00237,門市,created,4,TWD,675209.0,650.0,2026-07-02T19:42:13+08:00,2026-09-15,2026-07-04T05:34:13+08:00
ORD00106596,M000655,P00173,web,paid,3,USD,812.99,600.0,2026-07-02T13:08:33+08:00,2026-09-28,2026-07-02T13:43:33+08:00
ORD00106952,M007740,P00155,門市,paid,2,TWD,114096.0,700.0,2026-07-02T12:21:16+08:00,2026-08-02,2026-07-03T00:09:16+08:00
ORD00104222,M001669,P00073,電銷,paid,3,JPY,1817918.0,400.0,2026-07-02T14:44:10+08:00,2026-08-24,2026-07-05T06:25:10+08:00
ORD00107152,M004787,P00161,電銷,paid,4,TWD,825957.0,800.0,2026-07-02T09:42:25+08:00,2026-08-19,2026-07-03T20:44:25+08:00
ORD00106601,M000574,P00206,app,paid,1,TWD,146990.0,600.0,2026-07-02T19:50:02+08:00,2026-10-25,2026-07-03T01:41:02+08:00
ORD00021768,M006331,P00188,web,cancelled,2,TWD,101300.0,0.0,2026-05-02T18:59:09+08:00,2026-08-21,2026-07-02T20:13:21+08:00
ORD00107791,M003593,P00039,web,created,1,TWD,153084.0,350.0,2026-07-02T08:37:04+08:00,2026-09-04,2026-07-03T04:02:04+08:00
ORD00106571,M005054,P00047,web,paid,3,JPY,288068.0,300.0,2026-07-02T03:32:53+08:00,2026-07-24,2026-07-04T16:41:53+08:00
ORD00104131,M002929,P00154,電銷,paid,2,TWD,247084.0,750.0,2026-07-02T19:45:58+08:00,2026-07-12,2026-07-03T23:03:58+08:00
ORD00105254,M000880,P00241,app,created,4,USD,24102.67,200.0,2026-07-02T16:12:48+08:00,2026-10-04,2026-07-03T22:24:48+08:00
ORD00107471,M004810,P00101,電銷,paid,1,USD,1671.87,500.0,2026-07-02T12:46:54+08:00,2026-08-24,2026-07-02T14:00:54+08:00
ORD00107234,M003549,P00023,web,paid,2,TWD,368260.0,400.0,2026-07-02T10:31:22+08:00,2026-09-03,2026-07-02T20:04:22+08:00
ORD00105699,M004600,P00228,app,paid,1,TWD,119119.0,350.0,2026-07-02T03:22:59+08:00,2026-09-25,2026-07-03T11:13:59+08:00
ORD00106891,M000960,P00207,web,paid,3,USD,8193.75,100.0,2026-07-02T18:13:49+08:00,2026-10-10,2026-07-04T07:53:49+08:00
ORD00107811,M004801,P00114,電銷,created,3,TWD,209701.0,150.0,2026-07-02T22:33:25+08:00,2026-08-25,2026-07-05T04:47:25+08:00
ORD00106798,M004832,P00268,門市,created,3,TWD,191788.0,900.0,2026-07-02T11:20:53+08:00,2026-08-03,2026-07-04T05:12:53+08:00
ORD00107456,M004506,P00280,門市,paid,1,TWD,152048.0,350.0,2026-07-02T22:10:49+08:00,2026-09-26,2026-07-05T05:30:49+08:00
ORD00106956,M005858,P00023,電銷,created,2,TWD,349315.0,850.0,2026-07-02T16:05:22+08:00,2026-09-30,2026-07-05T07:30:22+08:00
ORD00106983,M006924,P00080,電銷,paid,4,JPY,3344208.0,550.0,2026-07-02T09:38:02+08:00,2026-09-14,2026-07-04T00:08:02+08:00
ORD00104766,M002592,P00257,電銷,created,3,JPY,559148.0,550.0,2026-07-02T08:59:40+08:00,2026-08-22,2026-07-03T03:50:40+08:00
ORD00105129,M005293,P00166,web,paid,3,TWD,489792.0,500.0,2026-07-02T17:46:50+08:00,2026-09-26,2026-07-02T19:47:50+08:00
ORD00106740,M005268,P00166,app,paid,4,TWD,691825.0,250.0,2026-07-02T09:29:29+08:00,2026-08-13,2026-07-03T12:51:29+08:00
ORD00105754,M002798,P00230,電銷,created,2,TWD,320354.0,300.0,2026-07-02T00:35:02+08:00,2026-09-03,2026-07-04T07:30:02+08:00
ORD00107277,M000295,P00038,電銷,paid,3,TWD,54234.0,50.0,2026-07-02T01:36:36+08:00,2026-08-28,2026-07-04T03:22:36+08:00
ORD00107989,M001920,P00289,門市,paid,2,JPY,1081753.0,200.0,2026-07-02T12:09:05+08:00,2026-09-06,2026-07-04T20:10:05+08:00
ORD00107194,M001278,P00099,門市,paid,2,TWD,297882.0,250.0,2026-07-02T11:22:26+08:00,2026-10-23,2026-07-03T06:16:26+08:00
ORD00107401,M007159,P00227,電銷,paid,2,TWD,324362.0,600.0,2026-07-02T12:33:39+08:00,2026-09-24,2026-07-02T12:44:39+08:00
ORD00107821,M005884,P00241,app,paid,2,TWD,376643.0,500.0,2026-07-02T11:51:46+08:00,2026-07-12,2026-07-03T04:40:46+08:00
ORD00105880,M002761,P00245,app,paid,4,TWD,568829.0,300.0,2026-07-02T09:40:24+08:00,2026-08-24,2026-07-02T19:55:24+08:00
ORD00105932,M006989,P00069,門市,paid,2,TWD,325382.0,600.0,2026-07-02T07:36:53+08:00,2026-10-15,2026-07-02T17:08:53+08:00
ORD00107189,M005537,P00056,門市,created,1,TWD,73555.0,800.0,2026-07-02T11:20:37+08:00,2026-07-19,2026-07-03T21:34:37+08:00
ORD00051678,M001961,P00034,電銷,cancelled,4,TWD,81757.0,350.0,2026-05-10T06:33:01+08:00,2026-06-03,2026-07-02T18:48:23+08:00
ORD00104009,M002973,P00133,web,created,1,TWD,4400.0,350.0,2026-07-02T18:26:09+08:00,2026-10-26,2026-07-04T11:30:09+08:00
ORD00105192,M007533,P00037,app,paid,1,JPY,569824.0,800.0,2026-07-02T21:52:21+08:00,2026-08-11,2026-07-04T17:39:21+08:00
ORD00106008,M004804,P00285,app,paid,2,TWD,174304.0,350.0,2026-07-02T02:55:14+08:00,2026-07-23,2026-07-04T14:29:14+08:00
ORD00104575,M005417,P00041,app,created,4,TWD,29987.0,400.0,2026-07-02T20:42:26+08:00,2026-08-29,2026-07-05T00:56:26+08:00
ORD00105498,M000723,P00104,電銷,paid,1,TWD,3132.0,550.0,2026-07-02T01:15:47+08:00,2026-08-27,2026-07-03T08:48:47+08:00
ORD00107063,M001836,P00054,門市,created,1,TWD,118328.0,750.0,2026-07-02T18:38:51+08:00,2026-07-16,2026-07-03T14:31:51+08:00
ORD00107038,M004880,P00146,app,paid,3,USD,2207.82,550.0,2026-07-02T16:41:00+08:00,2026-09-18,2026-07-03T05:52:00+08:00
ORD00079384,M000658,P00056,門市,cancelled,2,TWD,146119.0,900.0,2026-05-02T20:21:37+08:00,2026-08-15,2026-07-02T00:55:46+08:00
ORD00104038,M006709,P00251,web,created,2,USD,7595.15,550.0,2026-07-02T07:48:46+08:00,2026-09-20,2026-07-02T21:14:46+08:00
ORD00105501,M006938,P00093,門市,paid,4,TWD,471224.0,250.0,2026-07-02T13:52:36+08:00,2026-10-03,2026-07-05T03:12:36+08:00
ORD00104683,M005021,P00172,app,created,4,TWD,506434.0,500.0,2026-07-02T10:14:29+08:00,2026-09-21,2026-07-03T04:48:29+08:00
ORD00107680,M005561,P00037,電銷,paid,4,JPY,1991665.0,450.0,2026-07-02T04:04:19+08:00,2026-10-19,2026-07-03T18:56:19+08:00
ORD00104180,M007920,P00200,app,created,1,USD,5190.04,250.0,2026-07-02T20:42:56+08:00,2026-07-14,2026-07-03T00:40:56+08:00
ORD00107424,M000283,P00036,門市,paid,4,TWD,262986.0,50.0,2026-07-02T22:19:49+08:00,2026-09-13,2026-07-04T17:20:49+08:00
ORD00104645,M001632,P00243,門市,created,3,USD,13793.45,700.0,2026-07-02T22:09:45+08:00,2026-07-31,2026-07-04T18:01:45+08:00
ORD00080015,M006879,P00044,app,completed,2,USD,2280.64,600.0,2026-06-14T17:35:44+08:00,2026-10-02,2026-07-02T09:39:10+08:00
ORD00043775,M006590,P00168,web,cancelled,1,TWD,166380.0,250.0,2026-05-03T22:28:22+08:00,2026-05-27,2026-07-02T02:58:30+08:00
ORD00107428,M006018,P00203,門市,paid,4,TWD,540210.0,600.0,2026-07-02T05:35:08+08:00,2026-07-26,2026-07-02T17:48:08+08:00
ORD00107220,M006020,P00058,web,paid,4,USD,4646.78,450.0,2026-07-02T08:00:57+08:00,2026-09-22,2026-07-03T04:53:57+08:00
ORD00107360,M004523,P00143,電銷,paid,4,TWD,38418.0,650.0,2026-07-02T20:05:00+08:00,2026-07-13,2026-07-05T03:45:00+08:00
ORD00107357,M007134,P00002,app,paid,4,USD,9673.75,400.0,2026-07-02T09:49:16+08:00,2026-07-16,2026-07-04T08:39:16+08:00
ORD00105426,M005326,P00105,門市,paid,2,USD,4615.45,50.0,2026-07-02T09:43:52+08:00,2026-09-13,2026-07-04T06:16:52+08:00
ORD00107011,M007202,P00206,電銷,paid,4,TWD,776410.0,350.0,2026-07-02T10:54:34+08:00,2026-08-09,2026-07-04T00:45:34+08:00
ORD00107120,M007602,P00163,電銷,paid,2,TWD,177488.0,800.0,2026-07-02T20:04:00+08:00,2026-08-11,2026-07-04T08:50:00+08:00
ORD00105513,M001828,P00244,電銷,created,4,USD,5916.97,100.0,2026-07-02T13:13:00+08:00,2026-09-16,2026-07-03T04:10:00+08:00
ORD00104807,M006733,P00013,web,created,3,TWD,496342.0,500.0,2026-07-02T03:09:38+08:00,2026-08-25,2026-07-02T16:58:38+08:00
ORD00106193,M001132,P00215,電銷,created,4,TWD,203955.0,850.0,2026-07-02T05:54:18+08:00,2026-08-22,2026-07-03T17:02:18+08:00
ORD00107592,M001674,P00078,電銷,paid,1,USD,4303.05,350.0,2026-07-02T15:55:19+08:00,2026-08-23,2026-07-03T17:52:19+08:00
ORD00106933,M000228,P00020,app,paid,3,TWD,150743.0,300.0,2026-07-02T08:09:39+08:00,2026-08-01,2026-07-02T21:29:39+08:00
ORD00105617,M004194,P00039,web,paid,4,TWD,713190.0,0.0,2026-07-02T14:13:02+08:00,2026-07-25,2026-07-03T23:24:02+08:00
ORD00105366,M003004,P00190,電銷,paid,2,USD,12401.84,200.0,2026-07-02T12:00:29+08:00,2026-09-07,2026-07-03T20:59:29+08:00
ORD00107300,M003378,P00262,電銷,paid,2,USD,11291.81,400.0,2026-07-02T19:20:26+08:00,2026-10-03,2026-07-03T21:31:26+08:00
ORD00001851,M007280,P00060,app,completed,2,TWD,274694.0,500.0,2026-05-01T17:12:48+08:00,2026-08-06,2026-07-02T13:25:16+08:00
ORD00107059,M005110,P00034,門市,created,4,JPY,465295.0,50.0,2026-07-02T20:16:23+08:00,2026-07-21,2026-07-02T22:57:23+08:00
ORD00074495,M002858,P00114,門市,completed,1,TWD,71009.0,650.0,2026-05-20T21:09:30+08:00,2026-06-07,2026-07-02T06:16:05+08:00
ORD00104047,M004163,P00159,app,created,2,TWD,93540.0,200.0,2026-07-02T23:06:28+08:00,2026-09-05,2026-07-03T10:26:28+08:00
ORD00106136,M005723,P00214,門市,paid,3,TWD,434161.0,450.0,2026-07-02T16:10:55+08:00,2026-07-29,2026-07-03T12:12:55+08:00
ORD00106814,M003631,P00087,電銷,paid,3,JPY,2786802.0,50.0,2026-07-02T04:59:53+08:00,2026-07-20,2026-07-04T02:26:53+08:00
ORD00106655,M000384,P00177,app,paid,3,TWD,77400.0,950.0,2026-07-02T17:52:50+08:00,2026-09-22,2026-07-04T21:03:50+08:00
ORD00107446,M005390,P00277,門市,paid,1,USD,3457.51,150.0,2026-07-02T11:09:08+08:00,2026-07-22,2026-07-04T22:30:08+08:00
ORD00106757,M005515,P00041,電銷,paid,4,USD,872.52,450.0,2026-07-02T04:16:38+08:00,2026-09-12,2026-07-04T10:13:38+08:00
ORD00105984,M005217,P00142,web,paid,2,USD,14872.32,750.0,2026-07-02T10:17:58+08:00,2026-10-17,2026-07-04T19:01:58+08:00
ORD00041753,M004331,P00278,app,completed,2,TWD,314579.0,0.0,2026-06-23T05:27:28+08:00,2026-08-24,2026-07-02T03:15:40+08:00
ORD00107637,M006492,P00144,門市,paid,1,TWD,125302.0,200.0,2026-07-02T11:14:16+08:00,2026-09-04,2026-07-02T16:37:16+08:00
ORD00106065,M002007,P00261,門市,paid,3,TWD,16062.0,650.0,2026-07-02T05:22:51+08:00,2026-10-17,2026-07-03T13:20:51+08:00
ORD00080455,M001249,P00064,門市,completed,4,USD,2810.85,900.0,2026-06-16T06:54:27+08:00,2026-07-21,2026-07-02T07:21:52+08:00
ORD00107066,M006881,P00030,門市,paid,1,TWD,134541.0,700.0,2026-07-02T10:52:00+08:00,2026-10-15,2026-07-03T21:50:00+08:00
ORD00106569,M002334,P00041,web,paid,1,TWD,8798.0,50.0,2026-07-02T16:25:49+08:00,2026-07-11,2026-07-05T01:13:49+08:00
ORD00106089,M007489,P00108,門市,paid,3,USD,9325.83,350.0,2026-07-02T02:47:02+08:00,2026-10-14,2026-07-04T09:43:02+08:00
ORD00107518,M006474,P00185,電銷,paid,2,USD,12732.51,50.0,2026-07-02T23:41:45+08:00,2026-10-15,2026-07-03T05:46:45+08:00
ORD00107619,M007715,P00046,app,paid,4,TWD,278793.0,100.0,2026-07-02T11:10:28+08:00,2026-08-20,2026-07-03T04:14:28+08:00
ORD00106505,M005527,P00106,app,paid,3,TWD,150645.0,50.0,2026-07-02T05:01:19+08:00,2026-09-07,2026-07-02T16:56:19+08:00
ORD00104601,M005778,P00166,電銷,created,1,USD,6263.14,250.0,2026-07-02T10:27:30+08:00,2026-10-08,2026-07-03T23:14:30+08:00
ORD00106694,M007547,P00261,電銷,paid,3,TWD,13916.0,500.0,2026-07-02T13:01:04+08:00,2026-08-06,2026-07-05T04:38:04+08:00
ORD00104466,M001892,P00016,門市,paid,2,TWD,191971.0,0.0,2026-07-02T02:31:54+08:00,2026-10-17,2026-07-02T07:42:54+08:00
ORD00105717,M000689,P00057,門市,paid,4,TWD,467926.0,0.0,2026-07-02T22:39:53+08:00,2026-08-03,2026-07-03T01:21:53+08:00
ORD00081020,M005211,P00187,web,cancelled,3,TWD,93280.0,0.0,2026-05-09T01:22:05+08:00,2026-06-06,2026-07-02T04:55:39+08:00
ORD00107834,M006965,P00043,門市,paid,2,JPY,1052051.0,0.0,2026-07-02T02:55:45+08:00,2026-10-18,2026-07-04T06:43:45+08:00
ORD00104520,M003250,P00012,app,paid,2,JPY,868577.0,0.0,2026-07-02T03:42:44+08:00,2026-09-30,2026-07-04T04:10:44+08:00
ORD00106053,M006042,P00232,門市,paid,1,USD,5497.0,100.0,2026-07-02T10:40:28+08:00,2026-07-19,2026-07-04T23:19:28+08:00
ORD00104006,M004123,P00146,web,created,1,TWD,20275.0,0.0,2026-07-02T17:10:28+08:00,2026-08-15,2026-07-04T02:44:28+08:00
ORD00105950,M000823,P00156,電銷,paid,4,JPY,3405879.0,800.0,2026-07-02T00:05:19+08:00,2026-07-30,2026-07-02T17:25:19+08:00
ORD00105955,M000314,P00257,app,paid,3,JPY,471407.0,600.0,2026-07-02T09:39:11+08:00,2026-08-18,2026-07-03T09:45:11+08:00
ORD00107573,M002620,P00013,app,created,1,TWD,159948.0,450.0,2026-07-02T19:41:38+08:00,2026-08-14,2026-07-03T15:34:38+08:00
ORD00106647,M003142,P00260,電銷,paid,2,TWD,268260.0,0.0,2026-07-02T17:25:37+08:00,2026-07-14,2026-07-03T06:04:37+08:00
ORD00107267,M005360,P00003,web,paid,1,TWD,119738.0,200.0,2026-07-02T23:23:56+08:00,2026-09-11,2026-07-03T09:01:56+08:00
ORD00107995,M004700,P00154,門市,created,1,JPY,579146.0,800.0,2026-07-02T20:01:52+08:00,2026-09-29,2026-07-04T12:17:52+08:00
ORD00107170,M002733,P00134,web,created,3,USD,11672.96,200.0,2026-07-02T12:22:50+08:00,2026-07-28,2026-07-03T05:41:50+08:00
ORD00106684,M002859,P00185,app,paid,3,USD,16715.06,100.0,2026-07-02T23:05:01+08:00,2026-08-12,2026-07-03T09:00:01+08:00
ORD00016114,M006982,P00255,app,cancelled,3,USD,19045.33,100.0,2026-05-27T09:52:03+08:00,2026-06-28,2026-07-02T21:59:56+08:00
ORD00106744,M003404,P00107,web,created,1,TWD,186855.0,500.0,2026-07-02T05:52:59+08:00,2026-07-28,2026-07-04T10:57:59+08:00
ORD00104202,M007208,P00254,門市,created,2,TWD,6748.0,750.0,2026-07-02T09:48:42+08:00,2026-09-09,2026-07-03T12:29:42+08:00
ORD00106390,M002423,P00132,web,created,3,TWD,191634.0,950.0,2026-07-02T13:27:14+08:00,2026-08-01,2026-07-05T01:24:14+08:00
ORD00105623,M003987,P00027,web,paid,1,TWD,117856.0,500.0,2026-07-02T16:02:54+08:00,2026-10-07,2026-07-05T04:28:54+08:00
ORD00048395,M003042,P00237,app,completed,3,TWD,468657.0,100.0,2026-05-18T01:18:46+08:00,2026-07-01,2026-07-02T20:21:31+08:00
ORD00104721,M003491,P00180,web,paid,4,TWD,378580.0,550.0,2026-07-02T02:13:23+08:00,2026-09-23,2026-07-04T14:09:23+08:00
ORD00106971,M004016,P00168,app,paid,1,TWD,152119.0,700.0,2026-07-02T10:44:22+08:00,2026-08-23,2026-07-03T06:04:22+08:00
ORD00066324,M003221,P00191,門市,cancelled,4,USD,19174.91,800.0,2026-06-02T02:29:01+08:00,2026-06-30,2026-07-02T11:43:36+08:00
ORD00106185,M006841,P00044,app,paid,3,TWD,127232.0,250.0,2026-07-02T05:56:50+08:00,2026-10-24,2026-07-04T08:01:50+08:00
ORD00106610,M003097,P00076,app,paid,1,TWD,3774.0,400.0,2026-07-02T06:11:04+08:00,2026-10-22,2026-07-03T13:10:04+08:00
ORD00105425,M007400,P00023,app,paid,2,JPY,1673004.0,700.0,2026-07-02T09:37:57+08:00,2026-07-11,2026-07-04T14:57:57+08:00
ORD00107223,M001485,P00294,app,paid,4,TWD,710374.0,150.0,2026-07-02T20:42:11+08:00,2026-08-09,2026-07-05T01:58:11+08:00
ORD00029262,M005335,P00229,web,cancelled,2,TWD,333323.0,350.0,2026-06-25T01:12:37+08:00,2026-08-03,2026-07-02T10:38:14+08:00
ORD00106112,M001674,P00294,電銷,paid,1,TWD,156155.0,150.0,2026-07-02T00:35:34+08:00,2026-10-27,2026-07-04T06:13:34+08:00
ORD00105000,M002783,P00174,電銷,paid,4,TWD,72414.0,850.0,2026-07-02T07:49:29+08:00,2026-10-24,2026-07-02T16:26:29+08:00
ORD00104981,M007345,P00136,app,paid,3,USD,1653.41,700.0,2026-07-02T02:46:27+08:00,2026-09-22,2026-07-02T22:42:27+08:00
ORD00105183,M003300,P00209,門市,paid,4,USD,10773.76,650.0,2026-07-02T10:52:59+08:00,2026-07-11,2026-07-04T17:31:59+08:00
ORD00104447,M002922,P00236,app,created,3,TWD,501669.0,100.0,2026-07-02T04:52:00+08:00,2026-07-16,2026-07-03T09:20:00+08:00
ORD00106986,M000763,P00147,電銷,paid,2,TWD,323983.0,700.0,2026-07-02T01:41:26+08:00,2026-08-03,2026-07-04T05:21:26+08:00
ORD00107994,M005469,P00263,app,paid,4,TWD,423454.0,900.0,2026-07-02T16:56:55+08:00,2026-09-24,2026-07-03T02:00:55+08:00
ORD00022412,M005140,P00202,門市,cancelled,3,USD,9801.31,950.0,2026-06-03T22:59:01+08:00,2026-07-31,2026-07-02T03:37:32+08:00
ORD00105474,M005885,P00022,web,paid,2,TWD,83004.0,750.0,2026-07-02T13:03:38+08:00,2026-08-04,2026-07-03T06:25:38+08:00
ORD00106450,M006186,P00228,電銷,paid,3,USD,12857.11,900.0,2026-07-02T17:44:01+08:00,2026-09-09,2026-07-04T14:34:01+08:00
ORD00106743,M004017,P00101,門市,paid,1,USD,1916.72,900.0,2026-07-02T17:57:58+08:00,2026-09-01,2026-07-05T02:08:58+08:00
ORD00106343,M004740,P00175,門市,paid,2,TWD,31697.0,500.0,2026-07-02T03:02:08+08:00,2026-09-21,2026-07-04T00:33:08+08:00
ORD00107832,M005465,P00049,web,paid,1,TWD,15683.0,350.0,2026-07-02T00:13:32+08:00,2026-10-09,2026-07-03T21:18:32+08:00
ORD00105076,M001477,P00118,app,paid,4,TWD,478967.0,200.0,2026-07-02T01:43:53+08:00,2026-08-07,2026-07-03T23:08:53+08:00
ORD00107190,M001748,P00253,電銷,paid,3,USD,20167.22,50.0,2026-07-02T17:40:48+08:00,2026-09-20,2026-07-04T15:35:48+08:00
ORD00106657,M001585,P00230,web,paid,3,USD,14952.79,250.0,2026-07-02T03:33:17+08:00,2026-10-01,2026-07-04T15:34:17+08:00
ORD00106017,M006540,P00085,app,paid,2,TWD,364892.0,600.0,2026-07-02T16:43:13+08:00,2026-07-24,2026-07-04T10:24:13+08:00
ORD00107498,M007494,P00082,web,paid,4,TWD,698769.0,500.0,2026-07-02T02:58:03+08:00,2026-09-16,2026-07-03T18:45:03+08:00
ORD00105967,M006978,P00227,web,created,3,TWD,479777.0,850.0,2026-07-02T23:14:14+08:00,2026-08-06,2026-07-03T02:18:14+08:00
ORD00104370,M007978,P00284,web,created,3,USD,11510.36,900.0,2026-07-02T04:52:31+08:00,2026-09-14,2026-07-02T15:26:31+08:00
ORD00107853,M002930,P00201,web,paid,2,TWD,206168.0,800.0,2026-07-02T20:56:00+08:00,2026-10-22,2026-07-03T04:53:00+08:00
ORD00107877,M000364,P00183,門市,paid,3,TWD,459455.0,150.0,2026-07-02T05:29:03+08:00,2026-07-17,2026-07-02T21:04:03+08:00
ORD00104956,M001409,P00228,電銷,created,1,USD,4393.06,350.0,2026-07-02T15:43:09+08:00,2026-10-11,2026-07-05T08:27:09+08:00
ORD00106981,M005583,P00269,電銷,paid,2,TWD,107888.0,250.0,2026-07-02T01:21:32+08:00,2026-10-01,2026-07-02T19:28:32+08:00
ORD00107069,M007306,P00150,web,created,4,TWD,628115.0,200.0,2026-07-02T12:23:26+08:00,2026-10-17,2026-07-03T18:48:26+08:00
ORD00107345,M003087,P00028,web,paid,4,JPY,2118311.0,150.0,2026-07-02T23:53:29+08:00,2026-10-19,2026-07-04T10:26:29+08:00
ORD00104233,M005659,P00143,電銷,created,3,JPY,120808.0,750.0,2026-07-02T11:29:33+08:00,2026-08-10,2026-07-04T16:47:33+08:00
ORD00085147,M000579,P00166,web,completed,2,TWD,429745.0,650.0,2026-06-27T02:14:37+08:00,2026-10-23,2026-07-02T21:14:13+08:00
ORD00105128,M005407,P00218,web,paid,1,TWD,33086.0,800.0,2026-07-02T17:23:44+08:00,2026-08-26,2026-07-04T03:03:44+08:00
ORD00107952,M000188,P00270,電銷,paid,2,TWD,52360.0,900.0,2026-07-02T19:31:03+08:00,2026-07-22,2026-07-05T01:17:03+08:00
ORD00087638,M006578,P00063,電銷,completed,3,USD,16696.4,350.0,2026-05-11T02:42:59+08:00,2026-07-27,2026-07-02T17:13:48+08:00
ORD00104410,M002932,P00216,web,created,4,USD,1464.6,600.0,2026-07-02T15:24:36+08:00,2026-10-08,2026-07-04T21:21:36+08:00
ORD00106946,M003841,P00289,web,created,4,TWD,455884.0,300.0,2026-07-02T10:28:08+08:00,2026-07-21,2026-07-05T00:07:08+08:00
ORD00104832,M000204,P00151,門市,created,3,TWD,225387.0,50.0,2026-07-02T09:17:47+08:00,2026-07-30,2026-07-03T10:07:47+08:00
ORD00107947,M002850,P00085,app,created,4,TWD,790719.0,500.0,2026-07-02T22:35:58+08:00,2026-08-12,2026-07-04T17:34:58+08:00
ORD00105042,M006174,P00206,app,created,4,TWD,709368.0,400.0,2026-07-02T22:54:48+08:00,2026-10-23,2026-07-02T23:06:48+08:00
ORD00105069,M006954,P00203,門市,paid,4,TWD,476036.0,300.0,2026-07-02T01:25:20+08:00,2026-10-28,2026-07-03T00:28:20+08:00
ORD00105535,M002726,P00140,web,created,1,JPY,212625.0,50.0,2026-07-02T23:56:27+08:00,2026-08-08,2026-07-05T06:12:27+08:00
ORD00025763,M007694,P00029,電銷,cancelled,1,TWD,96927.0,100.0,2026-06-01T08:14:20+08:00,2026-09-14,2026-07-02T14:52:45+08:00
ORD00107654,M002513,P00123,web,paid,3,TWD,195139.0,700.0,2026-07-02T11:22:52+08:00,2026-07-18,2026-07-03T09:24:52+08:00
ORD00105988,M006985,P00182,門市,paid,3,TWD,19671.0,750.0,2026-07-02T10:22:30+08:00,2026-08-13,2026-07-05T02:33:30+08:00
ORD00105111,M001569,P00036,web,created,3,USD,6555.04,600.0,2026-07-02T11:35:01+08:00,2026-08-26,2026-07-04T19:39:01+08:00
ORD00104945,M000393,P00144,web,paid,3,TWD,413004.0,400.0,2026-07-02T14:45:45+08:00,2026-09-08,2026-07-04T02:01:45+08:00
ORD00107974,M005503,P00240,電銷,created,2,USD,5464.0,150.0,2026-07-02T18:07:56+08:00,2026-10-02,2026-07-03T03:56:56+08:00
ORD00026219,M003281,P00040,app,completed,4,TWD,324922.0,800.0,2026-06-07T15:53:33+08:00,2026-07-19,2026-07-02T00:01:08+08:00
ORD00105691,M002646,P00074,web,paid,3,TWD,423783.0,500.0,2026-07-02T04:13:08+08:00,2026-09-19,2026-07-03T14:59:08+08:00
ORD00107387,M001513,P00128,app,paid,4,TWD,599640.0,700.0,2026-07-02T21:34:39+08:00,2026-08-02,2026-07-05T05:06:39+08:00
ORD00104864,M007696,P00150,web,paid,4,USD,17555.53,250.0,2026-07-02T09:39:15+08:00,2026-08-16,2026-07-02T22:19:15+08:00
ORD00104291,M002610,P00178,電銷,created,2,USD,2451.4,800.0,2026-07-02T20:42:54+08:00,2026-07-28,2026-07-04T22:07:54+08:00
ORD00107804,M002025,P00298,web,paid,4,TWD,525148.0,300.0,2026-07-02T21:21:53+08:00,2026-10-12,2026-07-04T15:43:53+08:00
ORD00105317,M007710,P00134,web,created,4,USD,12117.13,0.0,2026-07-02T09:43:43+08:00,2026-10-16,2026-07-04T12:11:43+08:00
ORD00105108,M005957,P00236,門市,paid,4,TWD,696645.0,250.0,2026-07-02T08:59:10+08:00,2026-08-11,2026-07-03T08:09:10+08:00
ORD00105551,M005240,P00015,web,created,3,TWD,194662.0,0.0,2026-07-02T22:00:07+08:00,2026-09-24,2026-07-05T16:21:07+08:00
ORD00106300,M001639,P00247,門市,paid,2,USD,11264.5,250.0,2026-07-02T06:17:03+08:00,2026-08-03,2026-07-03T14:32:03+08:00
ORD00105703,M006307,P00271,電銷,created,4,USD,2979.41,250.0,2026-07-02T13:53:38+08:00,2026-08-03,2026-07-02T20:33:38+08:00
ORD00084920,M000895,P00273,門市,completed,3,TWD,273745.0,950.0,2026-06-11T05:38:29+08:00,2026-06-28,2026-07-02T08:04:19+08:00
ORD00107507,M000089,P00046,web,created,2,TWD,127864.0,100.0,2026-07-02T23:07:49+08:00,2026-08-20,2026-07-03T02:11:49+08:00
ORD00105235,M005792,P00090,門市,paid,3,TWD,541025.0,900.0,2026-07-02T17:22:18+08:00,2026-08-27,2026-07-04T06:58:18+08:00
ORD00104471,M000009,P00215,電銷,paid,4,TWD,189405.0,800.0,2026-07-02T08:11:23+08:00,2026-09-30,2026-07-04T18:47:23+08:00
ORD00105751,M007258,P00292,電銷,created,3,USD,13018.78,500.0,2026-07-02T13:48:22+08:00,2026-07-26,2026-07-05T03:02:22+08:00
ORD00106942,M004971,P00189,web,paid,4,TWD,454607.0,200.0,2026-07-02T04:24:59+08:00,2026-09-04,2026-07-03T08:05:59+08:00
ORD00106484,M006131,P00173,門市,paid,2,USD,493.63,550.0,2026-07-02T14:30:14+08:00,2026-10-28,2026-07-03T04:46:14+08:00
ORD00106272,M006119,P00121,門市,paid,1,USD,806.92,400.0,2026-07-02T14:59:54+08:00,2026-08-05,2026-07-03T15:02:54+08:00
ORD00104338,M007492,P00278,app,created,1,USD,5346.21,850.0,2026-07-02T02:26:13+08:00,2026-08-15,2026-07-03T23:31:13+08:00
ORD00090532,M005161,P00227,web,completed,3,TWD,363242.0,950.0,2026-05-09T08:17:28+08:00,2026-08-30,2026-07-02T16:04:38+08:00
ORD00106698,M000739,P00035,web,created,2,USD,11807.82,550.0,2026-07-02T23:01:50+08:00,2026-09-16,2026-07-05T15:47:50+08:00
ORD00024721,M001821,P00259,門市,completed,2,USD,9131.11,500.0,2026-05-06T06:33:21+08:00,2026-06-03,2026-07-02T06:12:02+08:00
ORD00107651,M001249,P00193,電銷,paid,2,USD,9211.91,450.0,2026-07-02T05:55:27+08:00,2026-10-07,2026-07-03T19:11:27+08:00
ORD00105841,M000439,P00270,電銷,created,3,USD,2096.22,850.0,2026-07-02T14:44:05+08:00,2026-10-05,2026-07-04T13:19:05+08:00
ORD00082384,M007345,P00211,門市,completed,3,TWD,313207.0,0.0,2026-05-09T14:51:39+08:00,2026-06-19,2026-07-02T00:57:47+08:00
ORD00104833,M000696,P00060,電銷,created,3,JPY,2294497.0,500.0,2026-07-02T06:50:54+08:00,2026-10-23,2026-07-04T21:22:54+08:00
ORD00106553,M001929,P00173,web,paid,2,TWD,13687.0,400.0,2026-07-02T09:29:26+08:00,2026-09-15,2026-07-03T11:16:26+08:00
ORD00074325,M000129,P00137,電銷,completed,2,USD,6967.04,150.0,2026-05-10T06:27:07+08:00,2026-06-17,2026-07-02T02:06:26+08:00
ORD00104126,M006014,P00081,電銷,created,4,JPY,2730258.0,600.0,2026-07-02T22:03:32+08:00,2026-07-17,2026-07-05T05:19:32+08:00
ORD00106822,M003345,P00107,電銷,created,4,JPY,3380957.0,300.0,2026-07-02T18:16:43+08:00,2026-10-16,2026-07-04T13:08:43+08:00
ORD00105204,M003487,P00258,門市,paid,4,USD,18300.86,750.0,2026-07-02T02:30:15+08:00,2026-10-19,2026-07-04T17:09:15+08:00
ORD00104613,M001670,P00219,門市,created,3,TWD,264089.0,450.0,2026-07-02T07:22:41+08:00,2026-09-04,2026-07-04T17:45:41+08:00
ORD00104549,M004156,P00160,web,created,2,TWD,30999.0,150.0,2026-07-02T21:45:31+08:00,2026-08-09,2026-07-04T00:36:31+08:00
ORD00104810,M005733,P00054,web,paid,3,TWD,396819.0,350.0,2026-07-02T06:52:18+08:00,2026-08-21,2026-07-04T20:31:18+08:00
ORD00104899,M000713,P00018,web,paid,3,TWD,501095.0,700.0,2026-07-02T14:12:16+08:00,2026-08-06,2026-07-03T12:17:16+08:00
ORD00105275,M001784,P00300,電銷,paid,4,JPY,1722785.0,550.0,2026-07-02T14:35:24+08:00,2026-09-12,2026-07-03T00:03:24+08:00
ORD00106221,M003529,P00192,web,paid,4,USD,27908.29,650.0,2026-07-02T15:14:36+08:00,2026-08-12,2026-07-04T13:35:36+08:00
ORD00105511,M004689,P00010,web,paid,1,TWD,140824.0,850.0,2026-07-02T14:19:48+08:00,2026-08-19,2026-07-03T11:00:48+08:00
ORD00104497,M004130,P00114,app,paid,3,TWD,283780.0,300.0,2026-07-02T01:01:34+08:00,2026-10-18,2026-07-02T11:19:34+08:00
ORD00106945,M006274,P00123,web,paid,4,USD,10592.48,350.0,2026-07-02T03:10:47+08:00,2026-08-23,2026-07-04T20:54:47+08:00
ORD00065352,M004829,P00262,web,completed,2,TWD,484404.0,150.0,2026-05-28T15:34:23+08:00,2026-07-12,2026-07-02T05:03:58+08:00
ORD00104313,M001036,P00112,web,created,1,TWD,8393.0,800.0,2026-07-02T21:27:00+08:00,2026-10-17,2026-07-04T03:42:00+08:00
ORD00104908,M003268,P00180,電銷,paid,2,TWD,184091.0,550.0,2026-07-02T08:07:39+08:00,2026-10-03,2026-07-04T01:36:39+08:00
ORD00106566,M003389,P00227,門市,created,3,TWD,473521.0,150.0,2026-07-02T04:27:45+08:00,2026-08-23,2026-07-03T21:24:45+08:00
ORD00107422,M000706,P00264,門市,created,3,TWD,25762.0,550.0,2026-07-02T22:33:45+08:00,2026-09-26,2026-07-03T12:08:45+08:00
ORD00106335,M002527,P00116,web,paid,2,TWD,154748.0,950.0,2026-07-02T18:39:35+08:00,2026-07-16,2026-07-03T11:52:35+08:00
ORD00107358,M004183,P00061,app,paid,1,USD,5779.41,350.0,2026-07-02T12:41:34+08:00,2026-08-01,2026-07-04T22:40:34+08:00
ORD00005988,M001141,P00097,門市,completed,2,USD,9603.61,150.0,2026-05-31T23:47:10+08:00,2026-06-26,2026-07-02T03:43:07+08:00
ORD00105976,M004779,P00219,電銷,paid,3,TWD,267327.0,500.0,2026-07-02T11:24:07+08:00,2026-10-28,2026-07-03T18:33:07+08:00
ORD00106960,M004480,P00195,web,created,2,TWD,135515.0,450.0,2026-07-02T00:11:55+08:00,2026-10-23,2026-07-03T22:10:55+08:00
ORD00107695,M007056,P00218,電銷,paid,1,JPY,190299.0,600.0,2026-07-02T09:43:52+08:00,2026-09-08,2026-07-02T16:52:52+08:00
ORD00105098,M002104,P00266,web,paid,2,JPY,148713.0,300.0,2026-07-02T13:31:19+08:00,2026-07-15,2026-07-04T14:27:19+08:00
ORD00105053,M000556,P00001,app,created,3,TWD,376966.0,350.0,2026-07-02T03:52:37+08:00,2026-07-12,2026-07-04T04:08:37+08:00
ORD00104216,M006567,P00021,電銷,created,1,TWD,217494.0,0.0,2026-07-02T05:52:58+08:00,2026-07-31,2026-07-03T09:32:58+08:00
ORD00105441,M000813,P00088,電銷,created,4,TWD,292581.0,350.0,2026-07-02T01:12:35+08:00,2026-09-08,2026-07-03T16:42:35+08:00
ORD00107653,M006205,P00300,電銷,paid,1,TWD,99228.0,0.0,2026-07-02T07:31:57+08:00,2026-07-09,2026-07-04T14:36:57+08:00
ORD00104812,M005179,P00148,web,paid,4,TWD,132593.0,50.0,2026-07-02T09:07:29+08:00,2026-10-20,2026-07-04T20:02:29+08:00
ORD00009684,M001547,P00171,門市,completed,1,TWD,84375.0,400.0,2026-06-16T10:20:02+08:00,2026-08-20,2026-07-02T20:28:49+08:00
ORD00105696,M002236,P00025,電銷,created,4,TWD,551733.0,700.0,2026-07-02T02:23:07+08:00,2026-09-14,2026-07-03T18:05:07+08:00
ORD00107835,M005819,P00124,門市,paid,4,TWD,164652.0,150.0,2026-07-02T06:18:01+08:00,2026-10-25,2026-07-03T17:53:01+08:00
ORD00107036,M003232,P00139,門市,paid,1,TWD,115593.0,400.0,2026-07-02T02:41:49+08:00,2026-08-15,2026-07-02T20:42:49+08:00
ORD00107929,M007100,P00263,web,paid,3,TWD,276938.0,600.0,2026-07-02T07:00:30+08:00,2026-10-11,2026-07-02T19:09:30+08:00
ORD00107180,M001602,P00268,app,paid,1,TWD,54427.0,800.0,2026-07-02T03:54:30+08:00,2026-08-14,2026-07-02T16:59:30+08:00
ORD00107445,M002827,P00225,app,paid,4,TWD,214235.0,900.0,2026-07-02T16:52:57+08:00,2026-09-27,2026-07-04T08:30:57+08:00
ORD00107481,M005419,P00007,app,paid,3,TWD,137701.0,950.0,2026-07-02T09:09:50+08:00,2026-08-12,2026-07-04T09:40:50+08:00
ORD00106238,M003887,P00140,web,paid,4,USD,5056.94,750.0,2026-07-02T12:59:37+08:00,2026-07-26,2026-07-03T08:14:37+08:00
ORD00105037,M005945,P00056,電銷,paid,1,TWD,88067.0,50.0,2026-07-02T19:15:35+08:00,2026-09-21,2026-07-05T02:23:35+08:00
ORD00106023,M002507,P00239,電銷,paid,2,JPY,1504048.0,550.0,2026-07-02T02:43:20+08:00,2026-07-23,2026-07-02T04:20:20+08:00
ORD00104901,M004344,P00252,電銷,paid,1,TWD,61232.0,0.0,2026-07-02T10:00:31+08:00,2026-10-28,2026-07-04T09:14:31+08:00
ORD00107492,M000773,P00200,app,paid,1,TWD,151644.0,200.0,2026-07-02T08:37:27+08:00,2026-07-30,2026-07-03T06:06:27+08:00
ORD00105357,M000575,P00296,app,paid,4,TWD,27249.0,50.0,2026-07-02T04:46:46+08:00,2026-10-22,2026-07-04T21:38:46+08:00
ORD00106308,M002526,P00100,門市,paid,4,USD,23485.83,450.0,2026-07-02T13:43:38+08:00,2026-09-15,2026-07-03T05:13:38+08:00
ORD00104720,M000578,P00271,門市,paid,2,USD,1250.19,400.0,2026-07-02T22:34:45+08:00,2026-10-07,2026-07-03T08:22:45+08:00
ORD00112034,M004720,P00081,app,paid,4,JPY,2356723.0,800.0,2026-06-17T14:52:46+08:00,2026-08-20,2026-07-02T13:20:32+08:00
ORD00107830,M004456,P00115,門市,paid,1,USD,5058.49,750.0,2026-07-02T06:07:20+08:00,2026-08-09,2026-07-04T13:06:20+08:00
ORD00105885,M001122,P00091,web,paid,4,TWD,362521.0,850.0,2026-07-02T19:18:14+08:00,2026-07-15,2026-07-03T01:34:14+08:00
ORD00106189,M000788,P00098,web,paid,1,USD,4381.7,400.0,2026-07-02T07:29:27+08:00,2026-08-21,2026-07-04T12:27:27+08:00
ORD00104592,M006829,P00248,web,created,1,TWD,24646.0,350.0,2026-07-02T18:21:52+08:00,2026-08-15,2026-07-03T15:14:52+08:00
ORD00104578,M003992,P00105,電銷,created,4,TWD,215728.0,950.0,2026-07-02T16:04:56+08:00,2026-08-28,2026-07-03T18:38:56+08:00
ORD00092272,M002949,P00114,app,cancelled,2,TWD,146750.0,400.0,2026-06-12T19:29:24+08:00,2026-07-23,2026-07-02T03:08:47+08:00
ORD00106372,M004239,P00100,電銷,created,1,TWD,167154.0,250.0,2026-07-02T04:17:36+08:00,2026-07-11,2026-07-03T05:38:36+08:00
ORD00107891,M000265,P00084,app,paid,4,JPY,981674.0,350.0,2026-07-02T23:10:02+08:00,2026-10-03,2026-07-05T00:56:02+08:00
ORD00107633,M002533,P00142,電銷,paid,4,TWD,800145.0,150.0,2026-07-02T14:03:57+08:00,2026-08-15,2026-07-03T21:15:57+08:00
ORD00104705,M004934,P00015,電銷,created,2,TWD,102466.0,950.0,2026-07-02T22:00:51+08:00,2026-09-14,2026-07-03T09:37:51+08:00
ORD00105186,M005705,P00072,電銷,paid,4,USD,2238.53,0.0,2026-07-02T16:40:58+08:00,2026-10-18,2026-07-03T02:37:58+08:00
ORD00105126,M001086,P00016,web,paid,3,TWD,258305.0,300.0,2026-07-02T16:05:38+08:00,2026-09-19,2026-07-03T03:56:38+08:00
ORD00107666,M007990,P00185,電銷,created,3,TWD,625845.0,450.0,2026-07-02T15:08:42+08:00,2026-09-04,2026-07-03T03:05:42+08:00
ORD00104590,M002796,P00107,門市,paid,4,TWD,715519.0,450.0,2026-07-02T23:29:33+08:00,2026-08-20,2026-07-04T12:15:33+08:00
ORD00104634,M001712,P00221,app,created,2,TWD,212755.0,200.0,2026-07-02T01:45:42+08:00,2026-10-15,2026-07-02T05:53:42+08:00
ORD00107497,M001009,P00191,門市,created,4,TWD,427362.0,0.0,2026-07-02T18:42:48+08:00,2026-08-13,2026-07-04T03:59:48+08:00
ORD00100670,M000843,P00238,web,paid,2,USD,7034.28,900.0,2026-07-01T05:18:21+08:00,2026-09-15,2026-07-03T05:34:21+08:00
ORD00106304,M001122,P00054,電銷,paid,3,TWD,371962.0,100.0,2026-07-02T08:40:37+08:00,2026-09-30,2026-07-04T08:09:37+08:00
ORD00106237,M007726,P00292,app,paid,3,TWD,531200.0,250.0,2026-07-02T19:47:31+08:00,2026-09-09,2026-07-05T12:16:31+08:00
ORD00105045,M001447,P00045,web,created,1,USD,267.12,900.0,2026-07-02T20:56:00+08:00,2026-08-15,2026-07-04T06:37:00+08:00
ORD00104226,M004656,P00257,電銷,created,3,TWD,108939.0,800.0,2026-07-02T04:04:57+08:00,2026-10-18,2026-07-03T18:49:57+08:00
ORD00106932,M000245,P00199,電銷,paid,2,TWD,12281.0,550.0,2026-07-02T23:45:10+08:00,2026-09-07,2026-07-03T22:25:10+08:00
ORD00106538,M006043,P00297,門市,paid,3,TWD,439655.0,350.0,2026-07-02T04:55:04+08:00,2026-07-13,2026-07-02T16:20:04+08:00
ORD00106921,M002052,P00278,web,paid,4,TWD,680547.0,600.0,2026-07-02T21:22:36+08:00,2026-09-04,2026-07-05T00:54:36+08:00
ORD00105363,M003097,P00147,門市,created,2,TWD,351482.0,650.0,2026-07-02T15:56:53+08:00,2026-10-14,2026-07-03T12:22:53+08:00
ORD00106412,M003188,P00073,門市,created,1,TWD,101891.0,100.0,2026-07-02T20:26:22+08:00,2026-08-04,2026-07-04T07:19:22+08:00
ORD00105877,M004397,P00163,app,created,1,TWD,82616.0,500.0,2026-07-02T14:18:20+08:00,2026-08-14,2026-07-04T11:53:20+08:00
ORD00105168,M006823,P00249,電銷,paid,1,TWD,75080.0,350.0,2026-07-02T22:58:32+08:00,2026-10-02,2026-07-04T10:08:32+08:00
ORD00105348,M003255,P00073,門市,created,1,TWD,129970.0,700.0,2026-07-02T02:43:59+08:00,2026-10-22,2026-07-03T18:24:59+08:00
ORD00104798,M000809,P00287,app,paid,2,TWD,253640.0,900.0,2026-07-02T18:50:55+08:00,2026-07-14,2026-07-03T22:00:55+08:00
ORD00104734,M000923,P00153,電銷,created,3,TWD,275720.0,350.0,2026-07-02T23:35:44+08:00,2026-08-09,2026-07-05T14:00:44+08:00
ORD00107489,M003061,P00252,門市,paid,3,TWD,160784.0,800.0,2026-07-02T04:52:08+08:00,2026-10-06,2026-07-02T12:22:08+08:00
ORD00093298,M001351,P00190,門市,completed,2,USD,12525.43,400.0,2026-05-13T13:29:55+08:00,2026-07-23,2026-07-02T01:32:59+08:00
ORD00107869,M001390,P00276,電銷,created,3,TWD,558151.0,100.0,2026-07-02T14:52:36+08:00,2026-10-06,2026-07-04T18:47:36+08:00
ORD00104525,M007982,P00104,web,paid,1,JPY,17829.0,50.0,2026-07-02T14:20:06+08:00,2026-07-17,2026-07-03T01:50:06+08:00
ORD00107219,M001907,P00226,web,paid,1,TWD,92272.0,700.0,2026-07-02T21:05:23+08:00,2026-07-17,2026-07-05T02:21:23+08:00
ORD00107818,M003100,P00190,電銷,created,3,TWD,476982.0,700.0,2026-07-02T10:07:16+08:00,2026-09-23,2026-07-04T21:49:16+08:00
ORD00107168,M003689,P00001,電銷,paid,2,USD,7937.66,400.0,2026-07-02T12:32:18+08:00,2026-08-19,2026-07-04T04:24:18+08:00
ORD00106354,M003912,P00120,電銷,paid,1,TWD,105053.0,200.0,2026-07-02T20:26:08+08:00,2026-10-11,2026-07-04T00:56:08+08:00
ORD00105819,M006489,P00177,電銷,paid,2,TWD,38950.0,250.0,2026-07-02T23:35:58+08:00,2026-07-27,2026-07-04T02:13:58+08:00
ORD00104339,M003053,P00175,門市,paid,4,TWD,76152.0,750.0,2026-07-02T16:52:49+08:00,2026-09-14,2026-07-03T20:12:49+08:00
ORD00104187,M005731,P00168,門市,created,3,JPY,2150693.0,150.0,2026-07-02T17:28:05+08:00,2026-10-08,2026-07-03T05:06:05+08:00
ORD00104028,M005786,P00136,門市,created,3,USD,1553.54,100.0,2026-07-02T13:57:08+08:00,2026-10-03,2026-07-04T14:48:08+08:00
ORD00106719,M005798,P00237,門市,created,4,TWD,796072.0,550.0,2026-07-02T15:08:04+08:00,2026-08-12,2026-07-03T23:05:04+08:00
ORD00107114,M002143,P00094,門市,paid,1,TWD,169402.0,500.0,2026-07-02T13:25:53+08:00,2026-10-04,2026-07-04T01:21:53+08:00
ORD00105245,M004498,P00051,app,paid,3,USD,15654.37,850.0,2026-07-02T15:10:27+08:00,2026-10-20,2026-07-04T15:43:27+08:00
ORD00000297,M000886,P00113,web,cancelled,3,TWD,406826.0,600.0,2026-05-09T09:26:53+08:00,2026-05-22,2026-07-02T15:54:50+08:00
ORD00105068,M002894,P00111,web,paid,4,TWD,364208.0,100.0,2026-07-02T22:36:28+08:00,2026-09-09,2026-07-04T12:48:28+08:00
ORD00106218,M004110,P00050,web,paid,2,USD,178.08,500.0,2026-07-02T04:42:43+08:00,2026-07-20,2026-07-02T07:55:43+08:00
ORD00105549,M000768,P00237,門市,paid,2,USD,13301.87,200.0,2026-07-02T04:56:23+08:00,2026-09-30,2026-07-04T03:56:23+08:00
ORD00104756,M002948,P00136,app,paid,2,TWD,36486.0,800.0,2026-07-02T09:21:17+08:00,2026-09-09,2026-07-03T14:00:17+08:00
ORD00105893,M001995,P00202,web,paid,2,TWD,211509.0,850.0,2026-07-02T11:10:04+08:00,2026-10-23,2026-07-02T13:52:04+08:00
ORD00105271,M002864,P00239,電銷,paid,3,USD,12498.0,200.0,2026-07-02T10:58:36+08:00,2026-09-15,2026-07-03T18:48:36+08:00
ORD00112029,M000369,P00248,web,paid,1,JPY,107746.0,900.0,2026-06-16T06:53:13+08:00,2026-08-11,2026-07-02T16:31:30+08:00
ORD00036238,M000265,P00177,電銷,cancelled,1,USD,613.66,200.0,2026-05-21T16:27:38+08:00,2026-09-17,2026-07-02T13:53:04+08:00
ORD00104014,M003084,P00013,app,paid,1,TWD,115142.0,450.0,2026-07-02T22:43:02+08:00,2026-07-30,2026-07-03T14:16:02+08:00
ORD00028229,M004230,P00162,web,completed,3,TWD,24450.0,200.0,2026-05-27T19:46:56+08:00,2026-06-09,2026-07-02T22:23:29+08:00
ORD00104639,M002956,P00298,門市,paid,3,JPY,1560580.0,50.0,2026-07-02T01:18:20+08:00,2026-09-17,2026-07-04T05:19:20+08:00
ORD00104896,M001572,P00090,門市,paid,4,USD,20397.21,150.0,2026-07-02T06:41:39+08:00,2026-08-23,2026-07-03T14:04:39+08:00
ORD00104918,M001408,P00175,門市,created,2,TWD,32110.0,700.0,2026-07-02T04:09:30+08:00,2026-09-03,2026-07-04T08:49:30+08:00
ORD00106447,M007775,P00131,web,paid,1,JPY,1129905.0,750.0,2026-07-02T05:18:13+08:00,2026-09-19,2026-07-04T21:18:13+08:00
ORD00107049,M005928,P00236,web,created,3,USD,15001.27,100.0,2026-07-02T14:26:46+08:00,2026-07-24,2026-07-05T06:18:46+08:00
ORD00107648,M005215,P00202,web,paid,3,TWD,306976.0,0.0,2026-07-02T07:59:46+08:00,2026-10-06,2026-07-04T07:46:46+08:00
ORD00104480,M004405,P00160,電銷,created,2,TWD,31925.0,550.0,2026-07-02T17:39:50+08:00,2026-10-13,2026-07-04T13:16:50+08:00
ORD00104551,M002124,P00206,門市,paid,3,TWD,605182.0,50.0,2026-07-02T10:35:42+08:00,2026-08-09,2026-07-02T15:12:42+08:00
ORD00107229,M001684,P00243,電銷,paid,2,TWD,379581.0,300.0,2026-07-02T19:14:28+08:00,2026-07-22,2026-07-05T10:59:28+08:00
ORD00112042,M000135,P00152,門市,paid,1,TWD,36357.0,500.0,2026-06-23T21:46:21+08:00,2026-10-16,2026-07-02T19:24:11+08:00
ORD00104631,M004291,P00009,web,paid,2,USD,5127.67,450.0,2026-07-02T18:35:57+08:00,2026-07-15,2026-07-05T05:42:57+08:00
ORD00104920,M006426,P00124,web,paid,2,TWD,67297.0,0.0,2026-07-02T00:05:43+08:00,2026-08-23,2026-07-02T21:30:43+08:00
ORD00107854,M003229,P00063,app,created,4,TWD,845099.0,400.0,2026-07-02T00:08:33+08:00,2026-09-02,2026-07-02T10:22:33+08:00
ORD00105571,M007415,P00056,電銷,paid,4,TWD,266643.0,250.0,2026-07-02T16:47:03+08:00,2026-10-14,2026-07-03T12:23:03+08:00
ORD00106504,M006033,P00180,門市,created,3,USD,11047.79,0.0,2026-07-02T10:42:33+08:00,2026-08-29,2026-07-02T18:24:33+08:00
ORD00029316,M005997,P00233,app,cancelled,4,USD,9949.99,650.0,2026-06-12T21:54:13+08:00,2026-09-15,2026-07-02T10:04:01+08:00
ORD00105886,M007325,P00255,電銷,paid,2,TWD,347328.0,300.0,2026-07-02T13:12:46+08:00,2026-10-07,2026-07-05T00:04:46+08:00
ORD00022191,M002704,P00107,門市,completed,2,TWD,360078.0,200.0,2026-06-30T11:32:25+08:00,2026-07-23,2026-07-02T23:09:49+08:00
ORD00104753,M005192,P00180,門市,created,3,TWD,281878.0,300.0,2026-07-02T17:08:33+08:00,2026-08-27,2026-07-04T22:34:33+08:00
ORD00106246,M001452,P00004,門市,created,2,USD,12504.29,150.0,2026-07-02T22:03:28+08:00,2026-08-24,2026-07-03T13:05:28+08:00
ORD00107553,M006629,P00216,web,paid,1,TWD,11718.0,900.0,2026-07-02T06:25:58+08:00,2026-07-31,2026-07-04T05:26:58+08:00
ORD00107814,M000199,P00181,web,paid,2,USD,946.48,700.0,2026-07-02T23:05:08+08:00,2026-08-16,2026-07-03T15:53:08+08:00
ORD00105489,M001917,P00007,電銷,created,3,TWD,185901.0,100.0,2026-07-02T02:07:28+08:00,2026-07-23,2026-07-02T22:51:28+08:00
ORD00105368,M006053,P00012,門市,paid,4,TWD,304833.0,250.0,2026-07-02T19:16:40+08:00,2026-09-04,2026-07-03T00:58:40+08:00
ORD00046126,M001557,P00083,門市,cancelled,4,TWD,669294.0,950.0,2026-06-05T21:19:20+08:00,2026-07-28,2026-07-02T22:58:53+08:00
ORD00106413,M003053,P00187,電銷,created,4,TWD,86418.0,600.0,2026-07-02T06:21:32+08:00,2026-08-28,2026-07-04T00:13:32+08:00
ORD00104577,M004488,P00257,app,created,4,JPY,652609.0,150.0,2026-07-02T07:56:06+08:00,2026-09-17,2026-07-02T12:50:06+08:00
ORD00106184,M006382,P00119,app,created,2,USD,11581.73,300.0,2026-07-02T08:28:30+08:00,2026-09-24,2026-07-02T18:07:30+08:00
ORD00106580,M007633,P00044,web,created,4,JPY,818677.0,550.0,2026-07-02T18:08:05+08:00,2026-10-14,2026-07-03T00:21:05+08:00
ORD00106560,M006122,P00018,app,paid,3,TWD,509803.0,100.0,2026-07-02T11:39:47+08:00,2026-09-06,2026-07-04T01:11:47+08:00
ORD00044711,M000984,P00108,web,completed,3,TWD,350955.0,900.0,2026-06-01T00:37:40+08:00,2026-06-12,2026-07-02T11:17:19+08:00
ORD00105727,M003864,P00224,app,created,3,JPY,1738653.0,100.0,2026-07-02T00:46:21+08:00,2026-10-21,2026-07-04T11:51:21+08:00
ORD00107430,M006733,P00231,web,created,3,JPY,2616127.0,300.0,2026-07-02T00:11:23+08:00,2026-08-16,2026-07-03T05:04:23+08:00
ORD00104581,M006801,P00215,app,paid,1,TWD,40297.0,650.0,2026-07-02T11:55:47+08:00,2026-09-19,2026-07-03T08:47:47+08:00
ORD00068978,M001107,P00161,web,cancelled,3,TWD,602865.0,300.0,2026-05-06T19:42:59+08:00,2026-06-17,2026-07-02T11:28:42+08:00
ORD00105248,M006565,P00155,電銷,paid,1,TWD,45793.0,550.0,2026-07-02T06:53:42+08:00,2026-09-12,2026-07-04T13:52:42+08:00
ORD00106663,M001567,P00041,電銷,paid,3,TWD,20959.0,0.0,2026-07-02T19:32:55+08:00,2026-07-25,2026-07-05T08:30:55+08:00
ORD00105862,M005913,P00207,web,paid,3,TWD,237191.0,150.0,2026-07-02T10:25:07+08:00,2026-10-23,2026-07-03T04:55:07+08:00
ORD00105347,M004637,P00188,門市,paid,2,TWD,120168.0,400.0,2026-07-02T14:08:08+08:00,2026-08-12,2026-07-04T03:45:08+08:00
ORD00106344,M002498,P00244,電銷,paid,1,TWD,48705.0,800.0,2026-07-02T01:16:23+08:00,2026-07-24,2026-07-03T11:08:23+08:00
ORD00107499,M000676,P00152,web,paid,4,TWD,162317.0,750.0,2026-07-02T13:54:37+08:00,2026-10-17,2026-07-03T03:00:37+08:00
ORD00106033,M003610,P00120,web,created,2,TWD,220966.0,200.0,2026-07-02T08:48:50+08:00,2026-08-26,2026-07-02T13:26:50+08:00
ORD00106854,M002902,P00144,電銷,paid,3,TWD,438672.0,650.0,2026-07-02T07:44:32+08:00,2026-08-04,2026-07-02T11:25:32+08:00
ORD00008180,M007012,P00164,電銷,completed,1,TWD,38490.0,700.0,2026-06-30T10:57:05+08:00,2026-10-25,2026-07-02T13:41:53+08:00
ORD00107882,M000244,P00041,門市,paid,4,TWD,32532.0,650.0,2026-07-02T16:58:48+08:00,2026-10-01,2026-07-04T13:33:48+08:00
ORD00106517,M003799,P00126,電銷,paid,4,TWD,108937.0,150.0,2026-07-02T06:58:16+08:00,2026-07-20,2026-07-03T04:06:16+08:00
ORD00049881,M004776,P00200,app,completed,1,TWD,115362.0,0.0,2026-05-10T16:36:42+08:00,2026-05-27,2026-07-02T21:10:47+08:00
ORD00104675,M003772,P00002,app,paid,2,TWD,159736.0,400.0,2026-07-02T09:21:54+08:00,2026-08-05,2026-07-03T21:11:54+08:00
ORD00005351,M007854,P00045,電銷,cancelled,2,TWD,13637.0,400.0,2026-05-13T05:28:03+08:00,2026-07-14,2026-07-02T23:54:07+08:00
ORD00112005,M003632,P00090,app,paid,1,TWD,134749.0,800.0,2026-06-19T22:05:04+08:00,2026-09-06,2026-07-02T19:33:57+08:00
ORD00107710,M001933,P00008,電銷,paid,4,JPY,1459177.0,250.0,2026-07-02T14:57:44+08:00,2026-08-16,2026-07-03T06:30:44+08:00
ORD00052022,M002459,P00295,web,completed,3,TWD,152537.0,750.0,2026-05-18T00:59:23+08:00,2026-06-05,2026-07-02T15:34:04+08:00
ORD00006641,M000035,P00176,app,completed,1,TWD,160727.0,100.0,2026-06-22T20:26:47+08:00,2026-08-01,2026-07-02T13:43:35+08:00
ORD00105595,M003560,P00284,電銷,paid,3,USD,12668.65,100.0,2026-07-02T12:46:30+08:00,2026-10-28,2026-07-05T01:05:30+08:00
ORD00104917,M007821,P00118,web,paid,4,TWD,559348.0,200.0,2026-07-02T21:14:28+08:00,2026-08-12,2026-07-04T18:04:28+08:00
ORD00105702,M005079,P00149,app,created,3,TWD,557523.0,250.0,2026-07-02T14:43:49+08:00,2026-08-10,2026-07-04T15:03:49+08:00
ORD00107010,M003133,P00077,電銷,paid,2,TWD,393468.0,750.0,2026-07-02T07:10:35+08:00,2026-08-12,2026-07-02T21:57:35+08:00
ORD00105237,M004403,P00011,電銷,paid,4,USD,19152.23,500.0,2026-07-02T02:02:06+08:00,2026-09-22,2026-07-04T01:04:06+08:00
ORD00107627,M003265,P00010,門市,created,2,TWD,298892.0,600.0,2026-07-02T13:12:41+08:00,2026-10-08,2026-07-04T09:13:41+08:00
ORD00105547,M002493,P00285,門市,paid,2,TWD,185779.0,50.0,2026-07-02T00:32:05+08:00,2026-08-14,2026-07-02T23:33:05+08:00
ORD00105911,M003356,P00231,app,created,4,TWD,530312.0,350.0,2026-07-02T09:39:01+08:00,2026-08-22,2026-07-04T07:03:01+08:00
ORD00072545,M007671,P00109,電銷,completed,4,TWD,213646.0,550.0,2026-06-29T07:19:40+08:00,2026-08-18,2026-07-02T10:57:49+08:00
ORD00102853,M000687,P00206,門市,paid,1,TWD,187944.0,0.0,2026-07-01T09:39:14+08:00,2026-10-16,2026-07-04T03:23:14+08:00
ORD00112006,M003941,P00271,web,paid,2,TWD,54119.0,0.0,2026-06-10T09:46:19+08:00,2026-07-23,2026-07-02T08:48:30+08:00
ORD00105198,M006486,P00028,電銷,created,4,TWD,402443.0,600.0,2026-07-02T12:52:13+08:00,2026-07-19,2026-07-05T05:03:13+08:00
ORD00105796,M006689,P00050,門市,paid,3,TWD,10434.0,350.0,2026-07-02T15:49:01+08:00,2026-10-04,2026-07-04T08:58:01+08:00
ORD00104227,M002010,P00061,電銷,paid,4,USD,26119.7,650.0,2026-07-02T15:00:38+08:00,2026-10-06,2026-07-05T02:39:38+08:00
ORD00104941,M000454,P00247,web,paid,4,TWD,667418.0,500.0,2026-07-02T19:52:47+08:00,2026-09-29,2026-07-02T21:24:47+08:00
ORD00104424,M007071,P00281,app,paid,2,TWD,363763.0,550.0,2026-07-02T20:45:42+08:00,2026-07-26,2026-07-04T15:20:42+08:00
ORD00106926,M004423,P00148,電銷,created,1,TWD,25936.0,0.0,2026-07-02T09:43:32+08:00,2026-07-10,2026-07-04T00:14:32+08:00
ORD00106501,M002647,P00290,電銷,paid,4,USD,17716.28,550.0,2026-07-02T14:04:23+08:00,2026-09-10,2026-07-04T15:09:23+08:00
ORD00106767,M003719,P00254,電銷,created,1,TWD,3691.0,0.0,2026-07-02T04:45:22+08:00,2026-07-22,2026-07-04T20:51:49+08:00
ORD00107674,M004486,P00048,web,created,3,JPY,1613939.0,250.0,2026-07-02T04:10:23+08:00,2026-10-05,2026-07-03T10:28:23+08:00
ORD00107841,M005177,P00145,門市,paid,2,JPY,912538.0,650.0,2026-07-02T06:12:50+08:00,2026-07-10,2026-07-04T22:57:50+08:00
ORD00022243,M005710,P00218,app,cancelled,2,TWD,59637.0,750.0,2026-05-09T03:56:49+08:00,2026-05-28,2026-07-02T05:16:00+08:00
ORD00106446,M002807,P00170,電銷,paid,4,TWD,297360.0,0.0,2026-07-02T02:54:43+08:00,2026-10-16,2026-07-02T17:35:43+08:00
ORD00105199,M005064,P00166,電銷,paid,4,TWD,711953.0,550.0,2026-07-02T17:19:16+08:00,2026-08-13,2026-07-04T07:18:16+08:00
ORD00104591,M003409,P00109,app,created,2,TWD,104771.0,250.0,2026-07-02T04:21:37+08:00,2026-09-18,2026-07-03T18:22:37+08:00
ORD00104687,M007380,P00011,app,paid,4,TWD,646086.0,450.0,2026-07-02T11:16:45+08:00,2026-09-13,2026-07-04T00:21:45+08:00
ORD00105101,M006191,P00122,app,paid,1,TWD,212716.0,700.0,2026-07-02T06:02:02+08:00,2026-08-17,2026-07-02T23:58:02+08:00
ORD00105769,M006074,P00091,app,created,3,JPY,1475646.0,500.0,2026-07-02T10:16:19+08:00,2026-08-07,2026-07-04T15:35:19+08:00
ORD00107965,M006864,P00026,門市,paid,4,TWD,516326.0,500.0,2026-07-02T13:53:12+08:00,2026-08-17,2026-07-04T08:05:12+08:00
ORD00031619,M000640,P00116,app,cancelled,4,USD,11433.08,600.0,2026-06-11T17:08:36+08:00,2026-09-24,2026-07-02T22:53:06+08:00
ORD00105559,M005682,P00203,app,created,2,TWD,290411.0,250.0,2026-07-02T14:29:06+08:00,2026-10-16,2026-07-04T06:48:06+08:00
ORD00106788,M006126,P00095,web,paid,2,TWD,402267.0,650.0,2026-07-02T08:50:24+08:00,2026-10-10,2026-07-03T18:07:24+08:00
ORD00104297,M001850,P00075,電銷,paid,4,TWD,80992.0,300.0,2026-07-02T20:15:20+08:00,2026-08-27,2026-07-05T01:18:20+08:00
ORD00105365,M003275,P00134,門市,paid,2,JPY,1248174.0,400.0,2026-07-02T00:30:28+08:00,2026-08-11,2026-07-02T08:15:28+08:00
ORD00106542,M004886,P00085,web,paid,1,USD,6920.76,0.0,2026-07-02T03:46:24+08:00,2026-08-29,2026-07-04T04:04:24+08:00
ORD00105100,M000838,P00132,電銷,paid,1,TWD,46976.0,750.0,2026-07-02T21:11:00+08:00,2026-08-07,2026-07-03T16:39:00+08:00
ORD00107271,M000430,P00230,app,paid,4,TWD,741419.0,250.0,2026-07-02T22:53:40+08:00,2026-08-09,2026-07-03T06:18:40+08:00
ORD00106818,M007410,P00055,門市,created,2,TWD,200345.0,900.0,2026-07-02T00:44:30+08:00,2026-10-20,2026-07-03T22:05:30+08:00
ORD00107623,M005972,P00049,電銷,paid,1,TWD,17587.0,600.0,2026-07-02T08:21:15+08:00,2026-08-13,2026-07-03T14:04:15+08:00
ORD00107735,M000738,P00201,電銷,created,2,USD,7047.99,900.0,2026-07-02T05:29:25+08:00,2026-07-29,2026-07-03T07:31:25+08:00
ORD00079233,M002472,P00241,電銷,cancelled,1,TWD,167282.0,150.0,2026-05-28T06:09:59+08:00,2026-08-02,2026-07-02T20:56:53+08:00
ORD00021451,M001806,P00199,app,cancelled,1,TWD,6975.0,700.0,2026-06-03T00:34:15+08:00,2026-07-30,2026-07-02T14:24:29+08:00
ORD00105019,M003634,P00243,app,paid,3,TWD,433483.0,650.0,2026-07-02T17:53:06+08:00,2026-07-27,2026-07-04T07:27:06+08:00
ORD00107844,M007331,P00183,門市,created,3,TWD,491968.0,600.0,2026-07-02T23:05:53+08:00,2026-08-25,2026-07-05T06:50:53+08:00
ORD00107807,M001491,P00193,app,paid,1,TWD,183412.0,800.0,2026-07-02T06:10:34+08:00,2026-08-02,2026-07-02T09:48:34+08:00
ORD00106712,M000977,P00006,電銷,paid,3,USD,12939.25,650.0,2026-07-02T03:25:51+08:00,2026-09-21,2026-07-03T05:29:51+08:00
ORD00105286,M006747,P00258,電銷,paid,4,USD,19979.02,500.0,2026-07-02T19:56:13+08:00,2026-10-09,2026-07-04T19:58:13+08:00
ORD00104777,M003429,P00226,門市,created,2,USD,6419.59,50.0,2026-07-02T08:19:10+08:00,2026-10-10,2026-07-04T05:25:10+08:00
ORD00051188,M007794,P00231,web,cancelled,4,TWD,669062.0,650.0,2026-06-04T02:41:39+08:00,2026-09-27,2026-07-02T04:27:04+08:00
ORD00104239,M007819,P00273,電銷,paid,3,TWD,239236.0,600.0,2026-07-02T07:58:42+08:00,2026-07-25,2026-07-04T15:45:42+08:00
ORD00106492,M005690,P00236,門市,created,4,TWD,694404.0,50.0,2026-07-02T23:04:38+08:00,2026-10-11,2026-07-05T05:20:38+08:00
ORD00106593,M005611,P00055,門市,paid,3,TWD,340376.0,400.0,2026-07-02T18:17:55+08:00,2026-09-20,2026-07-04T19:46:55+08:00
ORD00105476,M003001,P00087,app,created,3,TWD,543548.0,0.0,2026-07-02T05:48:05+08:00,2026-10-11,2026-07-02T11:48:05+08:00
ORD00107110,M001908,P00168,電銷,paid,2,TWD,310083.0,750.0,2026-07-02T12:55:30+08:00,2026-10-19,2026-07-04T22:37:30+08:00
ORD00105422,M003565,P00242,門市,paid,1,TWD,30107.0,700.0,2026-07-02T06:27:48+08:00,2026-09-17,2026-07-02T10:54:48+08:00
ORD00106809,M000937,P00213,電銷,created,2,TWD,214221.0,200.0,2026-07-02T03:24:16+08:00,2026-10-12,2026-07-04T12:54:16+08:00
ORD00107459,M002818,P00092,web,created,4,JPY,3135037.0,700.0,2026-07-02T11:12:58+08:00,2026-09-09,2026-07-03T21:51:58+08:00
ORD00106384,M001848,P00101,電銷,paid,3,TWD,193080.0,650.0,2026-07-02T03:57:59+08:00,2026-10-08,2026-07-03T03:49:59+08:00
ORD00106685,M006367,P00054,門市,paid,3,TWD,438908.0,0.0,2026-07-02T15:08:51+08:00,2026-08-28,2026-07-04T11:28:51+08:00
ORD00106993,M003209,P00139,app,paid,3,TWD,410075.0,250.0,2026-07-02T03:08:26+08:00,2026-09-19,2026-07-04T14:53:26+08:00
ORD00106785,M001147,P00249,app,created,1,TWD,85711.0,250.0,2026-07-02T17:09:16+08:00,2026-07-26,2026-07-04T14:36:16+08:00
ORD00107635,M001971,P00125,門市,paid,4,TWD,258898.0,750.0,2026-07-02T02:58:24+08:00,2026-08-27,2026-07-04T10:38:24+08:00
ORD00106617,M006046,P00195,電銷,created,4,TWD,249754.0,250.0,2026-07-02T06:36:14+08:00,2026-08-30,2026-07-03T04:46:14+08:00
ORD00106579,M000308,P00038,門市,created,4,TWD,73891.0,950.0,2026-07-02T15:25:34+08:00,2026-07-17,2026-07-03T04:43:34+08:00
ORD00107782,M001240,P00080,web,created,1,TWD,124210.0,200.0,2026-07-02T09:10:46+08:00,2026-10-04,2026-07-04T17:45:46+08:00
ORD00042746,M006155,P00040,app,cancelled,4,TWD,269976.0,700.0,2026-06-12T18:59:52+08:00,2026-07-18,2026-07-02T00:42:28+08:00
ORD00047150,M006089,P00226,web,completed,4,JPY,1899567.0,500.0,2026-05-22T07:30:13+08:00,2026-07-08,2026-07-02T14:25:11+08:00
ORD00104316,M003983,P00295,app,paid,3,TWD,170288.0,250.0,2026-07-02T11:39:09+08:00,2026-08-04,2026-07-04T12:57:09+08:00
ORD00106675,M002569,P00131,門市,paid,1,USD,7313.44,700.0,2026-07-02T04:18:14+08:00,2026-08-24,2026-07-02T09:53:14+08:00
ORD00104616,M006936,P00016,電銷,created,1,USD,2245.28,800.0,2026-07-02T18:35:56+08:00,2026-10-04,2026-07-03T22:09:56+08:00
ORD00104519,M003882,P00143,電銷,created,4,TWD,41363.0,200.0,2026-07-02T14:36:20+08:00,2026-07-12,2026-07-05T04:33:20+08:00
ORD00018592,M001098,P00252,app,cancelled,1,USD,1745.55,500.0,2026-06-10T05:40:45+08:00,2026-09-28,2026-07-02T14:16:11+08:00
ORD00106679,M001956,P00172,web,paid,1,TWD,163393.0,0.0,2026-07-02T11:14:42+08:00,2026-07-23,2026-07-03T09:59:42+08:00
ORD00107412,M006948,P00175,web,paid,2,USD,1218.13,250.0,2026-07-02T19:18:25+08:00,2026-10-10,2026-07-04T03:16:25+08:00
ORD00105305,M006968,P00150,app,paid,2,JPY,1696878.0,950.0,2026-07-02T02:24:00+08:00,2026-09-26,2026-07-02T18:43:00+08:00
ORD00107524,M005518,P00267,web,paid,3,TWD,603560.0,900.0,2026-07-02T02:26:31+08:00,2026-07-24,2026-07-02T14:27:31+08:00
ORD00076766,M006546,P00028,app,cancelled,3,USD,9700.98,250.0,2026-06-04T22:18:57+08:00,2026-07-07,2026-07-02T18:16:26+08:00
ORD00105402,M006288,P00003,app,paid,4,TWD,404111.0,950.0,2026-07-02T09:41:19+08:00,2026-10-09,2026-07-03T20:52:19+08:00
ORD00104658,M006490,P00267,門市,created,1,TWD,166732.0,150.0,2026-07-02T13:57:04+08:00,2026-08-07,2026-07-02T21:10:04+08:00
ORD00107002,M004188,P00274,門市,paid,3,TWD,304006.0,150.0,2026-07-02T10:42:55+08:00,2026-10-15,2026-07-04T04:36:55+08:00
ORD00104344,M007171,P00299,門市,paid,4,TWD,115337.0,550.0,2026-07-02T04:36:50+08:00,2026-08-31,2026-07-03T19:14:50+08:00
ORD00104089,M003540,P00250,web,paid,4,TWD,306382.0,850.0,2026-07-02T19:03:52+08:00,2026-09-30,2026-07-04T12:09:52+08:00
ORD00105956,M006395,P00132,web,paid,2,JPY,526126.0,0.0,2026-07-02T10:37:00+08:00,2026-07-21,2026-07-03T14:36:00+08:00
ORD00107766,M000035,P00123,app,created,4,USD,10721.62,450.0,2026-07-02T20:11:21+08:00,2026-09-08,2026-07-03T02:21:21+08:00
ORD00106020,M001599,P00232,web,created,1,TWD,226876.0,300.0,2026-07-02T21:12:21+08:00,2026-07-12,2026-07-03T23:09:21+08:00
ORD00095545,M002283,P00255,電銷,cancelled,4,USD,28196.35,450.0,2026-06-30T23:05:23+08:00,2026-08-21,2026-07-02T05:51:08+08:00
ORD00112001,M002531,P00235,電銷,paid,1,TWD,54355.0,550.0,2026-06-15T09:33:20+08:00,2026-09-06,2026-07-02T18:13:34+08:00
ORD00107846,M000614,P00281,電銷,paid,3,TWD,552011.0,0.0,2026-07-02T01:58:40+08:00,2026-07-21,2026-07-02T10:11:40+08:00
ORD00106909,M004309,P00069,門市,created,3,USD,21153.89,200.0,2026-07-02T05:09:30+08:00,2026-09-12,2026-07-03T12:05:30+08:00
ORD00104890,M005583,P00261,web,created,4,TWD,21181.0,500.0,2026-07-02T12:27:48+08:00,2026-10-21,2026-07-03T01:51:48+08:00
ORD00107831,M005256,P00075,門市,created,3,TWD,59469.0,500.0,2026-07-02T09:25:41+08:00,2026-07-20,2026-07-03T10:15:41+08:00
ORD00107631,M001256,P00050,app,paid,1,TWD,2895.0,500.0,2026-07-02T12:02:19+08:00,2026-08-16,2026-07-03T08:58:19+08:00
ORD00107214,M002267,P00264,web,paid,1,TWD,9601.0,900.0,2026-07-02T04:38:27+08:00,2026-07-25,2026-07-04T10:25:27+08:00
ORD00106669,M006357,P00176,門市,paid,1,USD,4136.35,500.0,2026-07-02T17:10:01+08:00,2026-07-30,2026-07-03T08:47:01+08:00
ORD00105246,M000523,P00092,web,paid,4,TWD,606202.0,150.0,2026-07-02T10:23:07+08:00,2026-07-14,2026-07-04T02:12:07+08:00
ORD00106631,M007593,P00119,web,created,2,TWD,366252.0,350.0,2026-07-02T05:19:12+08:00,2026-10-29,2026-07-03T20:46:12+08:00
ORD00106471,M007260,P00108,app,paid,3,USD,8185.26,800.0,2026-07-02T15:59:29+08:00,2026-07-19,2026-07-05T07:12:29+08:00
ORD00104365,M000022,P00225,web,paid,3,USD,3909.31,400.0,2026-07-02T05:56:26+08:00,2026-10-24,2026-07-03T02:28:26+08:00
ORD00106646,M002754,P00016,門市,paid,1,TWD,97505.0,700.0,2026-07-02T03:59:54+08:00,2026-10-14,2026-07-02T18:49:54+08:00
ORD00104668,M000023,P00031,app,paid,4,TWD,740706.0,300.0,2026-07-02T08:16:42+08:00,2026-10-26,2026-07-03T15:24:42+08:00
ORD00106232,M006297,P00122,web,paid,1,USD,4900.05,700.0,2026-07-02T18:24:49+08:00,2026-07-09,2026-07-02T22:37:49+08:00
ORD00104457,M007712,P00096,app,created,3,TWD,24189.0,900.0,2026-07-02T17:49:40+08:00,2026-08-11,2026-07-02T21:54:40+08:00
ORD00106254,M005771,P00278,app,paid,4,USD,26317.59,400.0,2026-07-02T05:32:44+08:00,2026-09-15,2026-07-03T01:33:44+08:00
ORD00104413,M000955,P00227,app,paid,2,JPY,1618020.0,950.0,2026-07-02T17:44:52+08:00,2026-09-18,2026-07-04T20:29:52+08:00
ORD00107771,M001503,P00296,app,created,3,USD,824.39,900.0,2026-07-02T16:42:53+08:00,2026-09-09,2026-07-04T17:20:53+08:00
ORD00106264,M002478,P00014,門市,created,1,TWD,102508.0,800.0,2026-07-02T08:09:15+08:00,2026-10-09,2026-07-03T03:03:15+08:00
ORD00105824,M001207,P00149,門市,created,4,TWD,796845.0,350.0,2026-07-02T01:45:06+08:00,2026-07-19,2026-07-02T16:14:06+08:00
ORD00105055,M000763,P00032,門市,paid,3,TWD,329541.0,650.0,2026-07-02T23:28:32+08:00,2026-08-02,2026-07-05T16:36:32+08:00
ORD00105323,M005366,P00129,web,paid,1,TWD,132645.0,700.0,2026-07-02T09:19:17+08:00,2026-07-18,2026-07-02T17:52:17+08:00
ORD00107705,M002974,P00207,電銷,paid,1,JPY,399899.0,0.0,2026-07-02T16:20:50+08:00,2026-08-29,2026-07-03T12:01:50+08:00
ORD00107625,M002994,P00188,門市,paid,4,TWD,238896.0,900.0,2026-07-02T20:00:41+08:00,2026-07-24,2026-07-03T03:55:41+08:00
ORD00104997,M003645,P00084,電銷,paid,4,TWD,247284.0,900.0,2026-07-02T03:18:38+08:00,2026-07-09,2026-07-04T17:58:38+08:00
ORD00106233,M005888,P00190,門市,paid,4,USD,21897.45,750.0,2026-07-02T20:32:07+08:00,2026-07-26,2026-07-05T12:48:07+08:00
ORD00107594,M002910,P00004,app,created,2,TWD,387191.0,900.0,2026-07-02T16:35:10+08:00,2026-08-30,2026-07-03T03:10:10+08:00
ORD00107409,M006387,P00234,電銷,created,2,TWD,20495.0,450.0,2026-07-02T07:33:10+08:00,2026-09-10,2026-07-02T20:59:10+08:00
ORD00104644,M006871,P00108,門市,paid,3,TWD,324230.0,550.0,2026-07-02T11:11:17+08:00,2026-07-28,2026-07-04T00:35:17+08:00
ORD00106690,M005271,P00244,電銷,created,3,USD,5121.21,700.0,2026-07-02T00:57:13+08:00,2026-10-16,2026-07-02T08:35:13+08:00
ORD00107784,M000160,P00217,app,paid,2,TWD,312041.0,850.0,2026-07-02T13:06:06+08:00,2026-10-09,2026-07-03T22:22:06+08:00
ORD00068352,M003341,P00161,門市,completed,3,TWD,661949.0,550.0,2026-05-16T17:06:20+08:00,2026-06-09,2026-07-02T13:09:29+08:00
ORD00063968,M004316,P00186,web,cancelled,2,TWD,302326.0,450.0,2026-05-10T10:30:38+08:00,2026-06-01,2026-07-02T11:25:35+08:00
ORD00105209,M004621,P00022,門市,paid,2,USD,2671.97,750.0,2026-07-02T19:55:48+08:00,2026-07-10,2026-07-04T21:16:48+08:00
ORD00105607,M005752,P00188,電銷,created,1,JPY,233298.0,900.0,2026-07-02T06:15:00+08:00,2026-10-27,2026-07-03T07:41:00+08:00
ORD00105398,M001828,P00101,web,created,2,TWD,137699.0,50.0,2026-07-02T02:45:40+08:00,2026-09-30,2026-07-03T11:29:40+08:00
ORD00107817,M000080,P00084,門市,created,4,TWD,203339.0,450.0,2026-07-02T15:27:37+08:00,2026-07-09,2026-07-04T06:11:37+08:00
ORD00104409,M003526,P00004,app,paid,1,TWD,200690.0,650.0,2026-07-02T11:08:03+08:00,2026-08-15,2026-07-04T05:29:03+08:00
ORD00105010,M002628,P00192,門市,paid,2,TWD,447472.0,400.0,2026-07-02T05:03:38+08:00,2026-10-14,2026-07-02T18:43:38+08:00
ORD00104828,M007338,P00001,web,paid,1,USD,3322.37,300.0,2026-07-02T00:44:47+08:00,2026-09-01,2026-07-03T22:30:47+08:00
ORD00105739,M002484,P00119,web,paid,2,USD,12570.05,700.0,2026-07-02T16:40:16+08:00,2026-10-19,2026-07-04T08:10:36+08:00
ORD00106514,M004679,P00062,電銷,paid,1,TWD,125247.0,750.0,2026-07-02T04:20:08+08:00,2026-08-21,2026-07-03T08:33:08+08:00
ORD00104737,M005062,P00081,app,created,4,USD,14465.49,450.0,2026-07-02T17:02:47+08:00,2026-09-15,2026-07-04T03:11:47+08:00
ORD00107113,M002330,P00086,門市,created,4,USD,2854.32,0.0,2026-07-02T05:15:51+08:00,2026-07-22,2026-07-03T00:46:51+08:00
ORD00104682,M002459,P00217,app,paid,4,TWD,624337.0,800.0,2026-07-02T03:05:53+08:00,2026-07-09,2026-07-03T20:54:53+08:00
ORD00027006,M003275,P00267,app,cancelled,2,TWD,352797.0,300.0,2026-06-25T19:23:47+08:00,2026-07-15,2026-07-02T18:48:12+08:00
ORD00106824,M001668,P00094,app,paid,3,JPY,2454468.0,400.0,2026-07-02T10:06:30+08:00,2026-08-06,2026-07-03T16:40:30+08:00
ORD00044787,M005183,P00030,門市,cancelled,4,TWD,494150.0,450.0,2026-05-21T07:36:46+08:00,2026-08-18,2026-07-02T20:06:05+08:00
ORD00089377,M000842,P00246,web,completed,2,TWD,286173.0,350.0,2026-05-24T17:31:14+08:00,2026-07-07,2026-07-02T22:48:21+08:00
ORD00107909,M001089,P00228,app,created,1,TWD,122133.0,950.0,2026-07-02T10:34:56+08:00,2026-09-19,2026-07-04T23:56:56+08:00
ORD00058584,M001754,P00273,app,completed,4,TWD,375916.0,350.0,2026-06-15T02:02:11+08:00,2026-06-28,2026-07-02T00:43:28+08:00
ORD00107775,M004282,P00231,web,paid,1,TWD,141618.0,450.0,2026-07-02T16:03:14+08:00,2026-08-17,2026-07-04T11:41:14+08:00
ORD00104513,M004478,P00261,web,paid,2,USD,331.05,450.0,2026-07-02T13:14:41+08:00,2026-10-25,2026-07-04T16:20:41+08:00
ORD00107622,M002560,P00246,web,paid,2,TWD,258634.0,800.0,2026-07-02T15:24:55+08:00,2026-09-18,2026-07-05T05:47:55+08:00
ORD00100020,M007434,P00040,app,paid,1,TWD,92326.0,950.0,2026-07-01T22:50:26+08:00,2026-08-12,2026-07-03T12:08:26+08:00
ORD00105540,M005805,P00198,電銷,created,2,TWD,52800.0,950.0,2026-07-02T07:25:24+08:00,2026-10-18,2026-07-03T00:33:24+08:00
ORD00091661,M003781,P00245,web,cancelled,2,TWD,280793.0,50.0,2026-05-11T00:48:39+08:00,2026-08-17,2026-07-02T22:01:32+08:00
ORD00104257,M002687,P00273,web,created,2,USD,5812.59,200.0,2026-07-02T16:51:46+08:00,2026-07-13,2026-07-03T07:37:46+08:00
ORD00107488,M002554,P00084,門市,created,3,TWD,130972.0,500.0,2026-07-02T09:13:02+08:00,2026-08-01,2026-07-03T18:33:02+08:00
ORD00105342,M007638,P00164,web,created,4,TWD,143196.0,850.0,2026-07-02T20:48:01+08:00,2026-10-13,2026-07-03T16:57:01+08:00
ORD00031720,M003705,P00284,app,completed,1,TWD,124355.0,100.0,2026-05-23T01:35:14+08:00,2026-09-06,2026-07-02T21:31:30+08:00
ORD00105839,M006029,P00204,web,paid,4,TWD,539019.0,0.0,2026-07-02T03:30:04+08:00,2026-08-13,2026-07-04T12:27:04+08:00
ORD00107905,M000337,P00244,web,paid,1,TWD,42167.0,350.0,2026-07-02T20:29:52+08:00,2026-08-14,2026-07-03T23:26:52+08:00
ORD00105586,M000471,P00235,web,created,2,TWD,109867.0,800.0,2026-07-02T06:46:17+08:00,2026-08-28,2026-07-04T08:26:17+08:00
ORD00105784,M002649,P00152,電銷,created,1,TWD,50082.0,950.0,2026-07-02T11:36:16+08:00,2026-10-21,2026-07-03T00:18:16+08:00
ORD00105477,M002795,P00032,app,paid,3,TWD,354609.0,250.0,2026-07-02T09:48:22+08:00,2026-09-23,2026-07-04T21:50:22+08:00
ORD00107173,M000359,P00043,門市,created,4,USD,17248.82,850.0,2026-07-02T19:49:36+08:00,2026-09-13,2026-07-03T15:02:36+08:00
ORD00104367,M000750,P00021,web,paid,3,TWD,489317.0,350.0,2026-07-02T10:55:36+08:00,2026-09-15,2026-07-04T04:04:36+08:00
ORD00105805,M000171,P00086,app,paid,3,TWD,68064.0,150.0,2026-07-02T16:15:57+08:00,2026-09-06,2026-07-04T04:36:57+08:00
ORD00105539,M007867,P00105,app,paid,2,JPY,622300.0,500.0,2026-07-02T17:23:05+08:00,2026-09-08,2026-07-03T01:50:05+08:00
ORD00104324,M005280,P00233,門市,created,4,TWD,426412.0,550.0,2026-07-02T19:59:22+08:00,2026-10-05,2026-07-04T21:42:22+08:00
ORD00105584,M007711,P00273,app,paid,4,TWD,320733.0,200.0,2026-07-02T12:00:52+08:00,2026-09-15,2026-07-04T04:40:52+08:00
ORD00105306,M003684,P00051,門市,paid,3,TWD,398294.0,200.0,2026-07-02T22:10:22+08:00,2026-07-18,2026-07-04T14:02:22+08:00
ORD00107963,M001269,P00214,web,paid,3,TWD,450461.0,200.0,2026-07-02T02:55:02+08:00,2026-08-25,2026-07-04T01:49:02+08:00
ORD00106156,M002632,P00023,app,paid,3,TWD,618043.0,0.0,2026-07-02T06:41:03+08:00,2026-10-21,2026-07-02T06:42:03+08:00
ORD00107708,M001818,P00230,門市,paid,2,TWD,339797.0,0.0,2026-07-02T06:49:43+08:00,2026-07-27,2026-07-04T09:48:43+08:00
ORD00105931,M006564,P00100,web,paid,3,TWD,435786.0,300.0,2026-07-02T16:08:29+08:00,2026-08-28,2026-07-02T17:11:29+08:00
ORD00104695,M002156,P00147,電銷,paid,1,TWD,181320.0,650.0,2026-07-02T20:50:42+08:00,2026-10-01,2026-07-05T07:47:42+08:00
ORD00107851,M004918,P00202,web,paid,2,TWD,195831.0,700.0,2026-07-02T20:22:21+08:00,2026-08-02,2026-07-03T08:49:21+08:00
ORD00106130,M000276,P00112,web,created,1,USD,229.43,100.0,2026-07-02T09:50:39+08:00,2026-10-12,2026-07-03T12:13:39+08:00
ORD00106717,M000502,P00120,app,paid,3,TWD,375170.0,650.0,2026-07-02T17:14:38+08:00,2026-10-23,2026-07-03T17:10:38+08:00
ORD00104801,M005093,P00077,web,paid,2,TWD,405789.0,400.0,2026-07-02T09:40:43+08:00,2026-10-18,2026-07-04T09:45:43+08:00
ORD00107945,M001666,P00254,web,created,1,TWD,3111.0,600.0,2026-07-02T15:56:33+08:00,2026-08-08,2026-07-05T05:00:33+08:00
ORD00107159,M006299,P00021,app,created,2,USD,12169.1,400.0,2026-07-02T18:26:49+08:00,2026-07-09,2026-07-04T10:10:49+08:00
ORD00106087,M006518,P00057,電銷,paid,2,TWD,276454.0,50.0,2026-07-02T13:21:18+08:00,2026-09-16,2026-07-03T18:21:18+08:00
ORD00106361,M007734,P00142,電銷,paid,3,TWD,583737.0,700.0,2026-07-02T13:12:40+08:00,2026-07-31,2026-07-03T19:58:40+08:00
ORD00104169,M005847,P00094,web,created,1,TWD,175575.0,450.0,2026-07-02T05:19:58+08:00,2026-10-12,2026-07-03T08:39:58+08:00
ORD00104605,M007564,P00041,門市,paid,3,JPY,100915.0,750.0,2026-07-02T00:47:41+08:00,2026-08-13,2026-07-02T16:08:41+08:00
ORD00107759,M001814,P00226,電銷,paid,4,JPY,2423723.0,950.0,2026-07-02T17:23:33+08:00,2026-08-25,2026-07-03T10:28:33+08:00
ORD00027740,M005570,P00283,門市,completed,1,JPY,142421.0,100.0,2026-06-02T05:39:02+08:00,2026-07-30,2026-07-02T13:42:52+08:00
ORD00106539,M006186,P00216,app,created,1,TWD,10790.0,350.0,2026-07-02T04:01:23+08:00,2026-07-23,2026-07-04T02:14:23+08:00
ORD00104702,M007724,P00169,電銷,paid,1,USD,1298.82,700.0,2026-07-02T00:21:11+08:00,2026-09-17,2026-07-02T18:40:11+08:00
ORD00106558,M001860,P00012,app,paid,1,TWD,89510.0,400.0,2026-07-02T10:30:27+08:00,2026-08-09,2026-07-03T00:30:27+08:00
ORD00107410,M004396,P00101,web,paid,4,TWD,219238.0,800.0,2026-07-02T13:29:10+08:00,2026-10-24,2026-07-03T21:08:10+08:00
ORD00106567,M007772,P00067,app,paid,1,TWD,115173.0,550.0,2026-07-02T15:27:38+08:00,2026-09-17,2026-07-04T07:00:38+08:00
ORD00102385,M004259,P00274,門市,paid,3,TWD,329808.0,750.0,2026-07-01T14:09:16+08:00,2026-09-25,2026-07-03T09:57:16+08:00
ORD00105071,M005346,P00212,電銷,paid,1,TWD,29176.0,500.0,2026-07-02T08:27:12+08:00,2026-07-28,2026-07-02T12:02:12+08:00
ORD00105187,M006872,P00222,app,paid,4,TWD,178502.0,500.0,2026-07-02T02:04:21+08:00,2026-09-23,2026-07-02T10:38:21+08:00
ORD00104031,M002756,P00222,app,paid,2,TWD,87928.0,500.0,2026-07-02T14:18:56+08:00,2026-10-27,2026-07-03T22:16:56+08:00
ORD00104048,M007580,P00144,電銷,paid,1,TWD,126970.0,0.0,2026-07-02T15:31:39+08:00,2026-07-26,2026-07-04T00:09:39+08:00
ORD00107566,M004807,P00068,app,paid,4,USD,9585.57,250.0,2026-07-02T14:33:43+08:00,2026-08-13,2026-07-04T16:32:43+08:00
ORD00083018,M004169,P00164,web,completed,4,USD,4724.04,850.0,2026-05-05T01:30:31+08:00,2026-06-30,2026-07-02T20:08:02+08:00
ORD00104124,M001498,P00122,電銷,paid,4,TWD,615157.0,200.0,2026-07-02T00:16:59+08:00,2026-08-15,2026-07-03T19:03:59+08:00
ORD00107575,M005410,P00263,門市,paid,3,TWD,351153.0,350.0,2026-07-02T22:49:42+08:00,2026-09-26,2026-07-03T17:22:42+08:00
ORD00105678,M002375,P00061,電銷,paid,1,TWD,180468.0,400.0,2026-07-02T06:01:03+08:00,2026-10-11,2026-07-04T05:46:03+08:00
ORD00104836,M002237,P00136,web,paid,2,USD,1049.58,350.0,2026-07-02T20:36:52+08:00,2026-09-25,2026-07-04T13:54:52+08:00
ORD00107787,M001009,P00012,web,paid,4,TWD,314566.0,500.0,2026-07-02T21:30:23+08:00,2026-08-22,2026-07-04T04:27:23+08:00
ORD00106145,M001980,P00257,app,created,2,USD,2133.7,350.0,2026-07-02T21:50:06+08:00,2026-10-08,2026-07-03T22:25:06+08:00
ORD00039539,M000338,P00059,門市,cancelled,1,TWD,97946.0,250.0,2026-06-25T02:22:31+08:00,2026-09-11,2026-07-02T18:19:27+08:00
ORD00105987,M006594,P00284,電銷,paid,1,USD,3808.73,850.0,2026-07-02T06:26:30+08:00,2026-09-20,2026-07-02T11:54:30+08:00
ORD00104515,M000073,P00101,app,paid,2,TWD,107954.0,850.0,2026-07-02T06:31:09+08:00,2026-10-17,2026-07-04T20:02:09+08:00
ORD00107304,M000387,P00022,門市,created,4,USD,5144.9,550.0,2026-07-02T11:44:47+08:00,2026-10-13,2026-07-04T02:29:47+08:00
ORD00105239,M001379,P00259,web,paid,2,TWD,233145.0,550.0,2026-07-02T00:55:23+08:00,2026-10-26,2026-07-02T21:58:23+08:00
ORD00105662,M002487,P00015,app,paid,4,JPY,1294526.0,350.0,2026-07-02T05:05:50+08:00,2026-08-04,2026-07-04T14:38:50+08:00
ORD00065056,M002353,P00188,電銷,completed,1,USD,1698.83,50.0,2026-06-09T21:08:17+08:00,2026-08-22,2026-07-02T21:00:03+08:00
ORD00104952,M007293,P00244,門市,paid,2,TWD,111841.0,150.0,2026-07-02T03:55:32+08:00,2026-08-17,2026-07-04T00:34:32+08:00
ORD00107534,M005034,P00248,電銷,created,3,TWD,71394.0,300.0,2026-07-02T02:11:38+08:00,2026-09-28,2026-07-04T01:05:38+08:00
ORD00105793,M005990,P00110,app,created,2,TWD,331399.0,750.0,2026-07-02T06:56:41+08:00,2026-08-29,2026-07-03T13:01:41+08:00
ORD00107383,M003497,P00247,電銷,created,1,USD,5743.9,950.0,2026-07-02T15:14:21+08:00,2026-08-13,2026-07-05T04:25:21+08:00
ORD00105380,M004164,P00099,app,paid,3,JPY,1887472.0,500.0,2026-07-02T06:26:17+08:00,2026-10-10,2026-07-02T20:42:17+08:00
ORD00106928,M002191,P00239,app,paid,3,USD,13314.09,200.0,2026-07-02T10:01:25+08:00,2026-10-27,2026-07-02T11:34:25+08:00
ORD00107083,M005492,P00298,門市,created,3,TWD,288701.0,200.0,2026-07-02T16:30:41+08:00,2026-08-02,2026-07-04T16:57:41+08:00
ORD00106637,M003591,P00261,web,created,2,JPY,58796.0,150.0,2026-07-02T18:13:25+08:00,2026-09-26,2026-07-04T23:41:25+08:00
ORD00104474,M004644,P00128,電銷,paid,2,JPY,1664984.0,450.0,2026-07-02T20:15:21+08:00,2026-07-30,2026-07-03T22:21:21+08:00
ORD00083755,M001698,P00240,電銷,cancelled,3,TWD,268502.0,300.0,2026-06-20T20:57:36+08:00,2026-10-05,2026-07-02T23:19:01+08:00
ORD00106896,M003061,P00214,門市,paid,4,USD,14382.3,150.0,2026-07-02T09:59:04+08:00,2026-08-09,2026-07-02T15:54:04+08:00
ORD00105920,M003871,P00196,門市,paid,1,TWD,51268.0,250.0,2026-07-02T05:00:54+08:00,2026-10-09,2026-07-03T07:57:54+08:00
ORD00105161,M002189,P00271,app,paid,2,JPY,235068.0,900.0,2026-07-02T10:19:11+08:00,2026-09-17,2026-07-04T00:25:11+08:00
ORD00105156,M006712,P00282,web,paid,3,USD,17494.79,900.0,2026-07-02T18:15:42+08:00,2026-09-30,2026-07-05T07:06:42+08:00
ORD00106455,M005191,P00080,web,paid,1,USD,3857.67,50.0,2026-07-02T08:36:38+08:00,2026-07-14,2026-07-04T19:01:38+08:00
ORD00104850,M003969,P00062,web,paid,2,TWD,254707.0,900.0,2026-07-02T01:35:30+08:00,2026-09-05,2026-07-02T22:38:30+08:00
ORD00107333,M005147,P00138,門市,paid,1,USD,2498.52,400.0,2026-07-02T12:20:58+08:00,2026-10-12,2026-07-04T16:13:58+08:00
ORD00070180,M003668,P00200,web,cancelled,1,USD,4208.03,350.0,2026-06-09T18:17:38+08:00,2026-08-03,2026-07-02T07:10:49+08:00
ORD00106198,M001624,P00032,app,paid,3,TWD,465187.0,250.0,2026-07-02T13:36:49+08:00,2026-09-04,2026-07-03T08:51:49+08:00
ORD00104569,M001691,P00114,app,paid,1,TWD,95720.0,450.0,2026-07-02T03:35:17+08:00,2026-09-18,2026-07-02T23:05:17+08:00
ORD00104252,M002775,P00047,電銷,created,4,TWD,94434.0,500.0,2026-07-02T05:08:30+08:00,2026-07-20,2026-07-04T14:14:30+08:00
ORD00105915,M003781,P00103,web,created,2,TWD,51714.0,650.0,2026-07-02T05:36:01+08:00,2026-10-12,2026-07-04T01:29:01+08:00
ORD00106899,M001714,P00066,門市,paid,3,TWD,498711.0,150.0,2026-07-02T08:33:06+08:00,2026-10-16,2026-07-05T00:01:06+08:00
ORD00106629,M007673,P00059,門市,paid,1,USD,3289.48,650.0,2026-07-02T22:43:25+08:00,2026-08-23,2026-07-04T07:38:25+08:00
ORD00104437,M004502,P00099,web,paid,4,TWD,587480.0,300.0,2026-07-02T19:51:38+08:00,2026-10-06,2026-07-03T10:57:38+08:00
ORD00104151,M004576,P00007,電銷,created,2,TWD,109801.0,600.0,2026-07-02T11:42:09+08:00,2026-09-24,2026-07-02T20:50:09+08:00
ORD00091323,M001016,P00080,web,cancelled,4,JPY,2582399.0,600.0,2026-06-16T10:52:43+08:00,2026-07-27,2026-07-02T17:14:29+08:00
ORD00105056,M000729,P00182,web,paid,3,TWD,25559.0,0.0,2026-07-02T00:06:23+08:00,2026-10-02,2026-07-02T18:36:23+08:00
ORD00030349,M002638,P00039,門市,cancelled,2,TWD,358288.0,200.0,2026-06-23T10:55:21+08:00,2026-07-21,2026-07-02T07:40:07+08:00
ORD00107319,M006742,P00136,門市,paid,1,TWD,14474.0,600.0,2026-07-02T21:17:43+08:00,2026-09-30,2026-07-04T18:03:43+08:00
ORD00106016,M004473,P00221,門市,paid,2,TWD,234653.0,750.0,2026-07-02T13:21:00+08:00,2026-08-07,2026-07-02T14:53:00+08:00
ORD00105333,M002114,P00189,門市,paid,3,TWD,296812.0,950.0,2026-07-02T20:19:33+08:00,2026-09-15,2026-07-03T23:56:33+08:00
ORD00104729,M001866,P00071,app,created,3,TWD,153116.0,400.0,2026-07-02T03:28:01+08:00,2026-09-07,2026-07-04T20:58:01+08:00
ORD00107864,M006977,P00113,門市,created,1,TWD,151579.0,500.0,2026-07-02T04:58:34+08:00,2026-10-08,2026-07-04T02:59:34+08:00
ORD00107551,M006132,P00185,電銷,paid,4,USD,21261.39,500.0,2026-07-02T03:13:25+08:00,2026-10-06,2026-07-02T13:29:25+08:00
ORD00104383,M003143,P00195,電銷,paid,4,TWD,277167.0,750.0,2026-07-02T13:12:38+08:00,2026-09-25,2026-07-02T15:49:38+08:00
ORD00038126,M001824,P00128,門市,cancelled,2,TWD,343522.0,0.0,2026-05-29T00:30:52+08:00,2026-08-12,2026-07-02T21:24:41+08:00
ORD00104747,M000803,P00255,app,paid,2,TWD,336871.0,300.0,2026-07-02T14:23:03+08:00,2026-08-03,2026-07-04T20:44:03+08:00
ORD00104156,M001684,P00064,web,paid,4,TWD,115827.0,600.0,2026-07-02T00:13:11+08:00,2026-09-06,2026-07-04T11:48:11+08:00
ORD00104735,M001017,P00188,電銷,created,2,TWD,114406.0,600.0,2026-07-02T17:47:14+08:00,2026-10-08,2026-07-03T22:36:14+08:00
ORD00104247,M005052,P00195,web,created,1,TWD,65100.0,250.0,2026-07-02T03:04:28+08:00,2026-10-19,2026-07-02T07:22:28+08:00
ORD00105277,M007959,P00190,web,paid,4,TWD,889978.0,600.0,2026-07-02T04:57:31+08:00,2026-07-15,2026-07-02T21:30:31+08:00
ORD00106479,M001371,P00237,電銷,paid,4,JPY,4045707.0,800.0,2026-07-02T20:24:48+08:00,2026-08-08,2026-07-03T23:08:48+08:00
ORD00009493,M000998,P00229,門市,completed,4,TWD,635295.0,450.0,2026-06-06T07:19:26+08:00,2026-06-25,2026-07-02T00:49:40+08:00
ORD00106693,M002680,P00007,web,paid,4,TWD,183273.0,750.0,2026-07-02T19:57:18+08:00,2026-08-19,2026-07-03T19:55:18+08:00
ORD00035645,M000538,P00231,app,completed,2,JPY,1727466.0,350.0,2026-06-06T10:59:37+08:00,2026-08-22,2026-07-02T02:33:48+08:00
ORD00106869,M000920,P00050,電銷,paid,3,TWD,8884.0,150.0,2026-07-02T21:34:00+08:00,2026-07-16,2026-07-05T06:58:00+08:00
ORD00105689,M001048,P00298,門市,created,1,TWD,124095.0,150.0,2026-07-02T12:34:31+08:00,2026-08-31,2026-07-02T13:49:31+08:00
ORD00106850,M006949,P00242,app,paid,4,TWD,88580.0,500.0,2026-07-02T23:18:04+08:00,2026-07-09,2026-07-04T20:13:04+08:00
ORD00106815,M004729,P00246,門市,paid,3,TWD,442882.0,350.0,2026-07-02T16:19:19+08:00,2026-08-08,2026-07-02T19:56:19+08:00
ORD00104614,M001779,P00177,web,paid,1,USD,715.97,0.0,2026-07-02T15:25:08+08:00,2026-09-02,2026-07-04T09:28:08+08:00
ORD00106438,M000219,P00295,門市,created,4,TWD,222717.0,350.0,2026-07-02T10:24:03+08:00,2026-07-23,2026-07-03T18:11:03+08:00
ORD00107380,M004831,P00269,app,created,1,TWD,61151.0,850.0,2026-07-02T09:15:47+08:00,2026-09-29,2026-07-03T21:18:47+08:00
ORD00106389,M002148,P00116,web,created,1,TWD,70137.0,350.0,2026-07-02T15:38:21+08:00,2026-08-02,2026-07-03T05:08:21+08:00
ORD00107171,M002456,P00283,電銷,paid,4,TWD,91754.0,0.0,2026-07-02T09:24:54+08:00,2026-08-06,2026-07-02T18:52:54+08:00
ORD00107007,M001345,P00229,門市,paid,4,USD,25436.47,750.0,2026-07-02T05:31:48+08:00,2026-09-03,2026-07-03T17:35:48+08:00
ORD00095628,M002938,P00102,門市,cancelled,4,TWD,130467.0,300.0,2026-06-08T04:24:10+08:00,2026-08-26,2026-07-02T15:47:18+08:00
ORD00104724,M007632,P00030,web,paid,1,TWD,146492.0,800.0,2026-07-02T04:26:22+08:00,2026-07-27,2026-07-04T17:19:22+08:00
ORD00062284,M001614,P00243,app,completed,4,TWD,589940.0,400.0,2026-06-04T01:02:14+08:00,2026-06-23,2026-07-02T16:31:04+08:00
ORD00044770,M000366,P00175,web,cancelled,2,TWD,30556.0,600.0,2026-06-07T17:58:12+08:00,2026-09-06,2026-07-02T12:51:58+08:00
ORD00105024,M005846,P00142,門市,created,1,TWD,209858.0,100.0,2026-07-02T10:35:54+08:00,2026-10-16,2026-07-03T17:30:54+08:00
ORD00105647,M005634,P00022,app,created,2,TWD,89965.0,900.0,2026-07-02T06:29:25+08:00,2026-08-20,2026-07-03T14:27:25+08:00
ORD00104770,M002242,P00233,app,created,2,TWD,153581.0,0.0,2026-07-02T20:47:56+08:00,2026-08-06,2026-07-05T15:06:56+08:00
ORD00112050,M004169,P00097,app,paid,1,TWD,145974.0,900.0,2026-06-10T15:15:14+08:00,2026-07-20,2026-07-02T02:28:06+08:00
ORD00106387,M006814,P00282,web,created,1,TWD,237658.0,650.0,2026-07-02T10:40:04+08:00,2026-07-20,2026-07-03T13:52:04+08:00
ORD00106299,M005888,P00095,app,paid,3,TWD,499487.0,250.0,2026-07-02T06:10:19+08:00,2026-10-25,2026-07-04T01:02:19+08:00
ORD00106155,M005475,P00110,app,created,2,JPY,1570207.0,300.0,2026-07-02T02:31:12+08:00,2026-08-12,2026-07-03T21:38:12+08:00
ORD00104070,M005296,P00251,web,created,1,TWD,123059.0,250.0,2026-07-02T05:01:52+08:00,2026-07-30,2026-07-04T00:41:52+08:00
ORD00074133,M002100,P00210,web,cancelled,1,TWD,177804.0,150.0,2026-05-23T17:52:47+08:00,2026-08-06,2026-07-02T17:35:46+08:00
ORD00104961,M006101,P00196,web,created,1,TWD,43241.0,150.0,2026-07-02T11:53:23+08:00,2026-10-06,2026-07-05T02:41:23+08:00
ORD00107140,M006670,P00254,門市,created,2,USD,164.77,850.0,2026-07-02T02:56:18+08:00,2026-09-18,2026-07-03T02:51:18+08:00
ORD00104501,M003443,P00091,電銷,paid,4,TWD,396435.0,400.0,2026-07-02T19:01:22+08:00,2026-08-25,2026-07-05T05:12:22+08:00
ORD00106673,M003715,P00283,電銷,paid,4,TWD,103604.0,350.0,2026-07-02T22:22:30+08:00,2026-10-18,2026-07-04T05:56:30+08:00
ORD00107226,M003519,P00209,web,paid,2,TWD,170675.0,950.0,2026-07-02T09:29:14+08:00,2026-09-09,2026-07-04T14:43:14+08:00
ORD00104893,M000164,P00197,web,paid,2,TWD,167971.0,50.0,2026-07-02T16:02:15+08:00,2026-10-12,2026-07-05T06:59:15+08:00
ORD00107599,M007321,P00102,web,paid,1,USD,1343.29,0.0,2026-07-02T10:32:40+08:00,2026-09-29,2026-07-04T19:49:40+08:00
ORD00112052,M007807,P00051,門市,paid,4,TWD,647530.0,650.0,2026-06-21T09:22:45+08:00,2026-07-13,2026-07-02T10:18:04+08:00
ORD00104594,M001988,P00192,電銷,created,1,TWD,242373.0,50.0,2026-07-02T16:02:19+08:00,2026-10-17,2026-07-03T07:54:19+08:00
ORD00106851,M007903,P00169,app,created,4,TWD,186914.0,600.0,2026-07-02T04:57:06+08:00,2026-07-28,2026-07-03T21:08:06+08:00
ORD00107745,M003856,P00221,app,paid,4,TWD,567414.0,200.0,2026-07-02T15:06:28+08:00,2026-07-28,2026-07-03T13:35:28+08:00
ORD00105120,M000817,P00249,web,paid,2,TWD,166333.0,250.0,2026-07-02T07:07:31+08:00,2026-10-21,2026-07-04T09:40:31+08:00
ORD00107828,M006981,P00199,電銷,created,2,TWD,13371.0,200.0,2026-07-02T02:44:53+08:00,2026-08-06,2026-07-04T02:04:53+08:00
ORD00104489,M002620,P00286,app,paid,2,JPY,1843070.0,550.0,2026-07-02T06:30:04+08:00,2026-10-03,2026-07-04T11:56:04+08:00
ORD00104034,M004106,P00137,app,created,1,TWD,128382.0,800.0,2026-07-02T06:53:14+08:00,2026-07-20,2026-07-04T16:56:14+08:00
ORD00104588,M005471,P00014,web,created,4,TWD,491455.0,900.0,2026-07-02T02:21:41+08:00,2026-07-18,2026-07-02T07:37:41+08:00
ORD00105644,M001033,P00282,門市,paid,3,USD,16280.85,150.0,2026-07-02T09:00:17+08:00,2026-10-11,2026-07-04T09:23:17+08:00
ORD00105491,M001813,P00079,門市,paid,3,USD,4331.11,750.0,2026-07-02T05:05:06+08:00,2026-08-19,2026-07-04T02:49:06+08:00
ORD00052199,M007237,P00211,門市,completed,2,TWD,219026.0,850.0,2026-05-01T08:44:05+08:00,2026-08-24,2026-07-02T14:32:20+08:00
ORD00105746,M004777,P00275,電銷,paid,4,TWD,308211.0,150.0,2026-07-02T14:06:44+08:00,2026-09-04,2026-07-03T09:24:44+08:00
ORD00105158,M002410,P00222,app,paid,3,JPY,607917.0,700.0,2026-07-02T21:12:37+08:00,2026-10-03,2026-07-04T13:41:37+08:00
ORD00104932,M003199,P00149,app,paid,3,TWD,612272.0,450.0,2026-07-02T07:41:30+08:00,2026-10-27,2026-07-04T04:53:30+08:00
ORD00105264,M002991,P00293,app,created,1,TWD,73617.0,400.0,2026-07-02T23:24:27+08:00,2026-09-06,2026-07-04T07:22:27+08:00
ORD00105228,M000098,P00261,web,created,2,TWD,10458.0,450.0,2026-07-02T09:11:59+08:00,2026-08-18,2026-07-03T07:58:59+08:00
ORD00105613,M005648,P00102,門市,created,2,TWD,61796.0,800.0,2026-07-02T07:10:14+08:00,2026-09-12,2026-07-03T08:27:14+08:00
ORD00107855,M006345,P00140,web,paid,4,TWD,183878.0,200.0,2026-07-02T09:55:00+08:00,2026-08-05,2026-07-05T03:58:00+08:00
ORD00107426,M006761,P00167,門市,paid,1,JPY,628271.0,900.0,2026-07-02T03:33:05+08:00,2026-10-23,2026-07-02T16:32:05+08:00
ORD00107055,M001496,P00103,app,created,4,USD,2427.25,300.0,2026-07-02T07:10:32+08:00,2026-09-09,2026-07-02T08:50:32+08:00
ORD00104276,M000582,P00087,電銷,created,4,TWD,836220.0,650.0,2026-07-02T09:54:10+08:00,2026-09-14,2026-07-03T15:01:10+08:00
ORD00105393,M003863,P00132,門市,paid,3,TWD,148279.0,450.0,2026-07-02T11:08:08+08:00,2026-10-10,2026-07-02T16:03:08+08:00
ORD00106595,M001207,P00214,電銷,paid,4,USD,13808.18,800.0,2026-07-02T05:56:33+08:00,2026-07-17,2026-07-04T02:16:33+08:00
ORD00107700,M007052,P00053,電銷,paid,2,TWD,134966.0,650.0,2026-07-02T09:52:19+08:00,2026-10-07,2026-07-04T09:48:19+08:00
ORD00000677,M007508,P00106,web,cancelled,3,JPY,668085.0,150.0,2026-06-08T11:27:37+08:00,2026-07-18,2026-07-02T06:44:43+08:00
ORD00106111,M000712,P00025,app,created,3,TWD,561591.0,900.0,2026-07-02T23:12:35+08:00,2026-07-18,2026-07-05T16:14:35+08:00
ORD00106498,M007075,P00292,web,paid,2,TWD,272672.0,850.0,2026-07-02T01:00:40+08:00,2026-07-23,2026-07-04T13:46:40+08:00
ORD00107272,M004332,P00204,電銷,paid,3,TWD,414061.0,400.0,2026-07-02T02:35:56+08:00,2026-09-14,2026-07-02T21:51:56+08:00
ORD00104332,M003670,P00288,web,paid,1,TWD,12742.0,500.0,2026-07-02T16:05:39+08:00,2026-08-02,2026-07-03T23:59:39+08:00
ORD00018457,M000469,P00240,app,cancelled,4,TWD,363766.0,250.0,2026-06-09T23:34:27+08:00,2026-08-18,2026-07-02T20:52:23+08:00
ORD00105903,M004720,P00198,電銷,created,3,TWD,66959.0,50.0,2026-07-02T06:11:11+08:00,2026-09-30,2026-07-03T07:01:11+08:00
ORD00101750,M007990,P00207,電銷,paid,2,TWD,170732.0,800.0,2026-07-01T02:13:49+08:00,2026-08-11,2026-07-03T04:24:49+08:00
ORD00038247,M006496,P00206,web,cancelled,3,TWD,534270.0,650.0,2026-05-24T01:49:08+08:00,2026-06-26,2026-07-02T13:00:57+08:00
ORD00104879,M002045,P00167,app,paid,4,TWD,560515.0,950.0,2026-07-02T02:22:35+08:00,2026-07-10,2026-07-02T05:34:35+08:00
ORD00106020,M001599,P00232,web,created,1,TWD,226876.0,300.0,2026-07-02T21:12:21+08:00,2026-07-12,2026-07-03T23:09:29+08:00
ORD00112030,M006590,P00204,門市,paid,1,TWD,148254.0,900.0,2026-06-21T17:35:52+08:00,2026-06-28,2026-07-02T02:26:43+08:00
ORD00104477,M006997,P00019,門市,paid,2,TWD,205277.0,350.0,2026-07-02T15:51:33+08:00,2026-10-08,2026-07-03T16:06:33+08:00
ORD00104137,M006747,P00300,app,paid,3,TWD,302735.0,50.0,2026-07-02T22:18:13+08:00,2026-08-11,2026-07-04T00:34:13+08:00
ORD00104686,M003902,P00134,web,paid,4,TWD,429320.0,450.0,2026-07-02T13:41:45+08:00,2026-07-31,2026-07-05T00:52:45+08:00
ORD00107436,M006238,P00297,電銷,created,4,TWD,514226.0,850.0,2026-07-02T09:51:29+08:00,2026-08-05,2026-07-04T02:56:29+08:00
ORD00104660,M005702,P00140,app,paid,4,TWD,187821.0,50.0,2026-07-02T09:34:41+08:00,2026-10-26,2026-07-04T08:34:41+08:00
ORD00104140,M001419,P00054,web,paid,4,TWD,581644.0,0.0,2026-07-02T13:05:10+08:00,2026-10-21,2026-07-03T00:33:10+08:00
ORD00106902,M005769,P00085,門市,paid,1,TWD,192620.0,50.0,2026-07-02T06:11:59+08:00,2026-09-26,2026-07-02T22:34:59+08:00
ORD00104396,M002607,P00261,電銷,created,3,USD,447.24,800.0,2026-07-02T16:38:18+08:00,2026-08-29,2026-07-04T11:47:18+08:00
ORD00104599,M006364,P00002,app,paid,4,USD,8924.73,600.0,2026-07-02T09:03:08+08:00,2026-07-24,2026-07-02T11:27:08+08:00
ORD00105486,M007677,P00181,電銷,created,2,TWD,31491.0,700.0,2026-07-02T14:43:42+08:00,2026-08-02,2026-07-04T17:09:42+08:00
ORD00106150,M005116,P00048,app,paid,4,TWD,457503.0,0.0,2026-07-02T08:38:35+08:00,2026-09-24,2026-07-03T16:21:35+08:00
ORD00105358,M005215,P00089,app,paid,3,TWD,217324.0,800.0,2026-07-02T03:33:16+08:00,2026-10-19,2026-07-02T04:19:16+08:00
ORD00105628,M001233,P00238,電銷,paid,2,TWD,196489.0,800.0,2026-07-02T09:27:31+08:00,2026-08-29,2026-07-03T18:19:31+08:00
ORD00105299,M004583,P00110,電銷,paid,2,JPY,1749836.0,600.0,2026-07-02T20:43:31+08:00,2026-10-14,2026-07-04T07:22:31+08:00
ORD00104761,M005973,P00022,app,paid,1,TWD,37841.0,250.0,2026-07-02T01:20:49+08:00,2026-10-24,2026-07-03T03:42:49+08:00
ORD00104858,M001653,P00177,電銷,paid,4,TWD,80208.0,900.0,2026-07-02T16:51:42+08:00,2026-10-16,2026-07-03T02:40:42+08:00
ORD00104848,M000732,P00237,電銷,created,3,TWD,576567.0,750.0,2026-07-02T07:13:54+08:00,2026-10-02,2026-07-02T13:57:54+08:00
ORD00105293,M003651,P00056,門市,created,2,TWD,157322.0,550.0,2026-07-02T13:04:50+08:00,2026-10-24,2026-07-04T15:19:50+08:00
ORD00104214,M004748,P00203,門市,paid,1,TWD,131804.0,600.0,2026-07-02T11:32:14+08:00,2026-10-03,2026-07-02T19:17:14+08:00
ORD00107101,M005510,P00021,電銷,created,3,USD,19138.14,250.0,2026-07-02T07:34:14+08:00,2026-07-25,2026-07-04T19:09:14+08:00
ORD00105585,M000310,P00081,電銷,paid,1,TWD,134071.0,650.0,2026-07-02T20:53:38+08:00,2026-09-02,2026-07-03T08:14:38+08:00
ORD00107645,M004255,P00098,電銷,created,3,TWD,457241.0,400.0,2026-07-02T04:22:05+08:00,2026-10-18,2026-07-03T23:12:05+08:00
ORD00105629,M003385,P00118,app,paid,3,TWD,338564.0,850.0,2026-07-02T05:05:32+08:00,2026-10-13,2026-07-02T10:10:32+08:00
ORD00101215,M004523,P00286,app,paid,2,USD,9271.77,150.0,2026-07-01T04:10:17+08:00,2026-09-22,2026-07-03T19:18:17+08:00
ORD00105986,M004217,P00281,web,paid,2,TWD,401653.0,300.0,2026-07-02T17:01:33+08:00,2026-09-01,2026-07-05T04:19:33+08:00
ORD00104203,M001397,P00061,app,paid,3,JPY,2465652.0,450.0,2026-07-02T05:49:42+08:00,2026-08-29,2026-07-04T05:56:42+08:00
ORD00106102,M004018,P00248,門市,paid,1,TWD,21492.0,200.0,2026-07-02T04:52:57+08:00,2026-09-05,2026-07-02T11:56:57+08:00
ORD00003127,M003794,P00249,門市,completed,1,USD,2233.27,150.0,2026-06-10T04:33:25+08:00,2026-10-07,2026-07-02T23:54:09+08:00
ORD00105710,M007974,P00123,門市,paid,3,USD,6132.34,150.0,2026-07-02T18:51:40+08:00,2026-07-12,2026-07-03T10:28:40+08:00
ORD00105728,M007376,P00049,門市,created,3,TWD,57359.0,750.0,2026-07-02T05:06:10+08:00,2026-07-10,2026-07-03T21:09:10+08:00
ORD00105670,M004172,P00026,app,paid,4,TWD,546580.0,800.0,2026-07-02T06:52:56+08:00,2026-07-28,2026-07-02T15:40:56+08:00
ORD00106765,M004756,P00244,web,paid,4,TWD,221781.0,450.0,2026-07-02T03:03:59+08:00,2026-07-30,2026-07-03T07:56:59+08:00
ORD00106800,M001430,P00072,門市,paid,2,TWD,31657.0,400.0,2026-07-02T06:58:08+08:00,2026-10-10,2026-07-04T17:41:08+08:00
ORD00107861,M005272,P00014,電銷,paid,2,TWD,219518.0,650.0,2026-07-02T13:21:15+08:00,2026-09-14,2026-07-03T09:58:15+08:00
ORD00107691,M002758,P00253,web,paid,4,TWD,865437.0,0.0,2026-07-02T13:52:14+08:00,2026-10-18,2026-07-05T07:40:14+08:00
ORD00107986,M003135,P00149,web,paid,2,TWD,370027.0,300.0,2026-07-02T02:04:29+08:00,2026-09-10,2026-07-04T19:58:29+08:00
ORD00105266,M002653,P00188,web,paid,1,USD,1762.38,900.0,2026-07-02T17:19:09+08:00,2026-09-30,2026-07-05T11:11:09+08:00
ORD00107868,M006880,P00183,門市,paid,1,TWD,173592.0,700.0,2026-07-02T05:33:46+08:00,2026-08-15,2026-07-03T17:31:46+08:00
ORD00107098,M005187,P00029,app,paid,4,TWD,438217.0,350.0,2026-07-02T06:44:44+08:00,2026-10-20,2026-07-04T01:44:44+08:00
ORD00104361,M006399,P00281,app,paid,2,TWD,333143.0,250.0,2026-07-02T03:05:45+08:00,2026-09-29,2026-07-02T23:36:45+08:00
ORD00107676,M005881,P00186,web,paid,4,TWD,468744.0,50.0,2026-07-02T03:03:15+08:00,2026-08-22,2026-07-02T23:34:15+08:00
ORD00107165,M003651,P00237,電銷,created,2,TWD,420480.0,350.0,2026-07-02T12:46:20+08:00,2026-09-10,2026-07-04T16:18:20+08:00
ORD00104869,M001623,P00271,門市,paid,1,TWD,23200.0,200.0,2026-07-02T04:31:15+08:00,2026-09-25,2026-07-02T15:45:15+08:00
ORD00106367,M003833,P00029,電銷,created,1,TWD,101522.0,800.0,2026-07-02T23:17:13+08:00,2026-09-19,2026-07-05T12:57:13+08:00
ORD00105516,M004756,P00100,web,paid,2,JPY,1808494.0,150.0,2026-07-02T05:56:14+08:00,2026-08-12,2026-07-02T20:33:14+08:00
ORD00004951,M006314,P00035,電銷,cancelled,2,JPY,2295952.0,800.0,2026-06-24T16:31:03+08:00,2026-08-30,2026-07-02T18:20:49+08:00
ORD00105354,M002667,P00174,app,created,3,TWD,52675.0,200.0,2026-07-02T02:53:00+08:00,2026-10-19,2026-07-03T03:56:00+08:00
ORD00106364,M004469,P00073,app,paid,3,USD,11535.08,600.0,2026-07-02T22:00:15+08:00,2026-08-06,2026-07-04T20:04:15+08:00
ORD00107920,M007106,P00226,web,paid,3,TWD,384055.0,200.0,2026-07-02T17:17:31+08:00,2026-10-15,2026-07-03T17:12:31+08:00
ORD00033901,M003807,P00106,電銷,completed,4,TWD,181053.0,300.0,2026-05-13T06:47:17+08:00,2026-09-02,2026-07-02T15:40:49+08:00
ORD00107881,M007884,P00273,門市,paid,3,TWD,262682.0,400.0,2026-07-02T00:20:57+08:00,2026-08-11,2026-07-02T17:13:57+08:00
ORD00080349,M006807,P00026,app,completed,1,TWD,100537.0,500.0,2026-06-30T14:43:49+08:00,2026-09-21,2026-07-02T10:46:34+08:00
ORD00107042,M005581,P00211,門市,paid,4,TWD,442204.0,550.0,2026-07-02T05:45:52+08:00,2026-08-17,2026-07-04T08:52:52+08:00
ORD00105340,M005995,P00285,web,created,2,TWD,222809.0,500.0,2026-07-02T18:51:39+08:00,2026-08-16,2026-07-05T00:27:39+08:00
ORD00107195,M000750,P00270,app,paid,2,TWD,48320.0,100.0,2026-07-02T10:00:52+08:00,2026-07-19,2026-07-05T04:18:52+08:00
ORD00104514,M002796,P00158,web,created,1,JPY,184484.0,300.0,2026-07-02T15:37:39+08:00,2026-08-04,2026-07-03T02:10:39+08:00
ORD00107273,M001397,P00162,app,created,4,TWD,25610.0,950.0,2026-07-02T11:47:59+08:00,2026-10-11,2026-07-03T11:53:59+08:00
ORD00105134,M007743,P00078,web,paid,3,USD,9378.24,150.0,2026-07-02T01:43:02+08:00,2026-08-08,2026-07-03T01:28:02+08:00
ORD00106849,M007056,P00083,門市,paid,2,TWD,325172.0,200.0,2026-07-02T03:05:13+08:00,2026-08-05,2026-07-03T08:40:13+08:00
ORD00107210,M007218,P00218,app,paid,2,TWD,77222.0,850.0,2026-07-02T04:26:06+08:00,2026-08-03,2026-07-03T10:17:06+08:00
ORD00105005,M005477,P00203,web,created,1,TWD,132668.0,950.0,2026-07-02T01:31:11+08:00,2026-09-22,2026-07-02T01:43:11+08:00
ORD00106801,M007123,P00144,web,paid,4,TWD,490496.0,700.0,2026-07-02T05:44:18+08:00,2026-09-04,2026-07-03T02:08:18+08:00
ORD00106559,M007186,P00166,app,paid,3,TWD,640686.0,400.0,2026-07-02T17:10:41+08:00,2026-08-22,2026-07-03T10:49:41+08:00
ORD00105139,M004214,P00181,門市,paid,1,TWD,14282.0,700.0,2026-07-02T08:02:36+08:00,2026-09-28,2026-07-04T01:30:36+08:00
ORD00104622,M000943,P00203,web,paid,1,TWD,123877.0,500.0,2026-07-02T06:58:26+08:00,2026-07-25,2026-07-03T05:00:26+08:00
ORD00106073,M007813,P00114,門市,created,2,TWD,177451.0,750.0,2026-07-02T17:52:27+08:00,2026-07-09,2026-07-03T13:42:27+08:00
ORD00084207,M001017,P00179,app,cancelled,3,TWD,472747.0,950.0,2026-05-03T03:08:01+08:00,2026-05-23,2026-07-02T19:22:51+08:00
ORD00104336,M007351,P00067,電銷,paid,3,TWD,331380.0,0.0,2026-07-02T22:25:00+08:00,2026-09-19,2026-07-04T21:02:00+08:00
ORD00106735,M002310,P00283,電銷,paid,1,TWD,29714.0,150.0,2026-07-02T21:05:24+08:00,2026-10-22,2026-07-05T14:59:24+08:00
ORD00107998,M002370,P00245,電銷,created,1,TWD,136616.0,100.0,2026-07-02T18:18:51+08:00,2026-07-26,2026-07-04T13:55:51+08:00
ORD00071442,M002996,P00175,app,cancelled,4,TWD,54814.0,800.0,2026-06-08T14:47:00+08:00,2026-09-18,2026-07-02T04:25:30+08:00
ORD00105401,M005501,P00284,門市,created,3,TWD,375043.0,0.0,2026-07-02T07:44:15+08:00,2026-07-25,2026-07-04T19:18:15+08:00
ORD00105741,M005438,P00038,web,paid,3,TWD,52679.0,900.0,2026-07-02T00:44:33+08:00,2026-10-03,2026-07-02T09:57:33+08:00
ORD00106011,M002107,P00143,門市,paid,2,TWD,15609.0,800.0,2026-07-02T12:05:12+08:00,2026-08-03,2026-07-02T17:32:12+08:00
ORD00105384,M003746,P00218,門市,paid,1,USD,1059.74,50.0,2026-07-02T12:00:57+08:00,2026-08-26,2026-07-02T21:27:57+08:00
ORD00041728,M007032,P00117,app,completed,1,USD,5054.99,800.0,2026-05-20T02:54:13+08:00,2026-05-27,2026-07-02T14:55:37+08:00
ORD00107373,M002900,P00126,web,paid,3,TWD,73234.0,500.0,2026-07-02T03:46:39+08:00,2026-09-15,2026-07-02T07:31:39+08:00
ORD00107423,M002697,P00282,app,created,2,TWD,434586.0,800.0,2026-07-02T19:41:49+08:00,2026-08-03,2026-07-04T17:43:49+08:00
ORD00064076,M001771,P00030,門市,cancelled,3,JPY,2298944.0,200.0,2026-06-02T07:19:03+08:00,2026-09-15,2026-07-02T02:54:45+08:00
ORD00081485,M003077,P00216,電銷,cancelled,2,TWD,22924.0,200.0,2026-05-03T01:29:59+08:00,2026-07-22,2026-07-02T23:16:52+08:00
ORD00104648,M007055,P00132,門市,paid,2,TWD,100135.0,350.0,2026-07-02T10:28:43+08:00,2026-07-27,2026-07-04T11:25:43+08:00
ORD00112008,M007376,P00300,web,paid,1,TWD,112005.0,800.0,2026-06-13T03:13:29+08:00,2026-07-05,2026-07-02T16:33:32+08:00
ORD00106554,M005518,P00161,web,paid,2,TWD,370194.0,50.0,2026-07-02T13:10:17+08:00,2026-09-30,2026-07-04T15:39:17+08:00
ORD00105859,M007727,P00296,電銷,created,4,TWD,30276.0,0.0,2026-07-02T19:52:20+08:00,2026-09-10,2026-07-03T22:33:20+08:00
ORD00106976,M006836,P00041,app,paid,4,USD,1154.29,0.0,2026-07-02T01:19:10+08:00,2026-08-20,2026-07-03T17:46:10+08:00
ORD00106433,M003455,P00057,門市,paid,2,USD,6217.23,400.0,2026-07-02T03:06:57+08:00,2026-09-20,2026-07-03T08:29:57+08:00
ORD00104340,M005571,P00055,web,paid,4,TWD,487777.0,250.0,2026-07-02T07:01:30+08:00,2026-10-08,2026-07-04T20:14:30+08:00
ORD00105937,M004874,P00068,門市,paid,2,JPY,748449.0,550.0,2026-07-02T12:20:07+08:00,2026-07-11,2026-07-03T02:31:07+08:00
ORD00104989,M003338,P00091,app,created,4,JPY,2343862.0,600.0,2026-07-02T18:56:49+08:00,2026-07-10,2026-07-03T16:05:49+08:00
ORD00107485,M004497,P00139,門市,paid,3,TWD,403956.0,250.0,2026-07-02T05:36:48+08:00,2026-10-23,2026-07-02T11:45:48+08:00
ORD00107561,M000732,P00156,電銷,created,1,TWD,159485.0,250.0,2026-07-02T01:02:48+08:00,2026-09-11,2026-07-04T04:12:48+08:00
ORD00092428,M006642,P00075,web,completed,2,TWD,40328.0,550.0,2026-05-08T03:43:57+08:00,2026-06-11,2026-07-02T03:34:38+08:00
ORD00107169,M003943,P00219,app,paid,1,TWD,110680.0,0.0,2026-07-02T19:13:13+08:00,2026-10-16,2026-07-03T02:55:13+08:00
ORD00106215,M007310,P00103,web,paid,1,JPY,106536.0,250.0,2026-07-02T19:43:52+08:00,2026-10-03,2026-07-03T17:37:52+08:00
ORD00096919,M001628,P00045,app,completed,3,TWD,29887.0,950.0,2026-06-19T19:32:26+08:00,2026-10-03,2026-07-02T01:53:48+08:00
ORD00106466,M006960,P00014,電銷,paid,4,TWD,395887.0,100.0,2026-07-02T11:28:13+08:00,2026-08-22,2026-07-02T15:43:13+08:00
ORD00104263,M001674,P00294,web,created,1,USD,4793.13,150.0,2026-07-02T11:26:40+08:00,2026-10-02,2026-07-03T11:05:40+08:00
ORD00107246,M001742,P00072,app,paid,3,USD,2080.66,900.0,2026-07-02T03:41:42+08:00,2026-07-15,2026-07-04T00:11:42+08:00
ORD00104841,M007419,P00280,web,paid,2,TWD,323767.0,750.0,2026-07-02T01:20:37+08:00,2026-10-06,2026-07-04T10:10:37+08:00
ORD00107281,M003183,P00224,web,paid,4,TWD,438011.0,300.0,2026-07-02T03:15:22+08:00,2026-07-14,2026-07-03T07:17:22+08:00
ORD00105030,M002999,P00093,電銷,created,4,TWD,479806.0,300.0,2026-07-02T23:37:22+08:00,2026-10-01,2026-07-05T12:01:22+08:00
ORD00105519,M003746,P00197,門市,paid,4,JPY,1424618.0,800.0,2026-07-02T05:52:06+08:00,2026-07-25,2026-07-03T06:20:06+08:00
ORD00046101,M001086,P00223,web,cancelled,2,TWD,414453.0,750.0,2026-06-13T20:42:12+08:00,2026-09-02,2026-07-02T08:49:17+08:00
ORD00106910,M001447,P00023,app,paid,1,TWD,225102.0,200.0,2026-07-02T22:34:33+08:00,2026-10-19,2026-07-05T06:58:33+08:00
ORD00071281,M002546,P00245,門市,completed,3,TWD,309379.0,450.0,2026-05-23T23:28:41+08:00,2026-07-27,2026-07-02T14:11:30+08:00
ORD00066578,M000156,P00234,web,cancelled,1,USD,304.84,250.0,2026-06-15T11:56:36+08:00,2026-08-07,2026-07-02T02:01:49+08:00
ORD00104776,M005345,P00045,電銷,paid,1,TWD,9550.0,750.0,2026-07-02T08:28:21+08:00,2026-08-18,2026-07-03T06:36:21+08:00
ORD00107236,M005665,P00245,app,created,3,JPY,1539127.0,900.0,2026-07-02T00:52:47+08:00,2026-10-27,2026-07-02T21:48:47+08:00
ORD00104012,M006419,P00256,app,paid,1,TWD,160373.0,100.0,2026-07-02T08:24:19+08:00,2026-07-30,2026-07-03T23:05:19+08:00
ORD00107150,M003239,P00179,電銷,created,2,TWD,237189.0,0.0,2026-07-02T18:17:42+08:00,2026-08-23,2026-07-04T09:06:42+08:00
ORD00018535,M004519,P00134,app,cancelled,2,TWD,193442.0,250.0,2026-06-14T10:23:44+08:00,2026-07-03,2026-07-02T00:22:23+08:00
ORD00036652,M000993,P00255,門市,completed,1,USD,6171.77,150.0,2026-06-04T07:07:44+08:00,2026-06-23,2026-07-02T05:30:36+08:00
ORD00106049,M000276,P00026,web,paid,4,TWD,439819.0,200.0,2026-07-02T02:39:58+08:00,2026-07-12,2026-07-04T14:19:58+08:00
ORD00107408,M007685,P00106,電銷,paid,1,USD,1605.12,800.0,2026-07-02T10:10:12+08:00,2026-10-19,2026-07-03T01:57:12+08:00
ORD00105794,M003676,P00124,門市,created,3,TWD,130017.0,200.0,2026-07-02T10:21:45+08:00,2026-10-07,2026-07-03T20:32:45+08:00
ORD00104190,M006165,P00268,電銷,paid,4,TWD,261663.0,900.0,2026-07-02T22:06:15+08:00,2026-10-20,2026-07-04T01:20:15+08:00
ORD00105593,M007548,P00055,門市,paid,1,TWD,135126.0,450.0,2026-07-02T19:27:43+08:00,2026-08-01,2026-07-04T20:37:43+08:00
ORD00106876,M004484,P00133,門市,paid,3,TWD,18448.0,200.0,2026-07-02T18:12:47+08:00,2026-07-19,2026-07-04T11:09:47+08:00
ORD00105890,M001479,P00128,電銷,paid,3,USD,12738.64,550.0,2026-07-02T03:37:31+08:00,2026-08-07,2026-07-04T21:17:31+08:00
ORD00106129,M004222,P00296,電銷,created,3,TWD,18761.0,650.0,2026-07-02T15:45:13+08:00,2026-09-11,2026-07-03T09:40:13+08:00
ORD00105389,M005082,P00234,app,created,3,JPY,153740.0,600.0,2026-07-02T20:05:37+08:00,2026-10-03,2026-07-03T01:21:37+08:00
ORD00107187,M003629,P00087,電銷,created,1,TWD,219173.0,750.0,2026-07-02T11:46:08+08:00,2026-10-04,2026-07-03T03:08:08+08:00
ORD00029256,M003145,P00103,門市,completed,4,TWD,96614.0,800.0,2026-06-22T17:53:02+08:00,2026-09-23,2026-07-02T06:17:03+08:00
ORD00046334,M004952,P00284,app,cancelled,4,TWD,510808.0,550.0,2026-06-03T22:18:02+08:00,2026-06-29,2026-07-02T05:22:20+08:00
ORD00106696,M000693,P00072,電銷,created,2,TWD,39663.0,700.0,2026-07-02T00:47:12+08:00,2026-10-23,2026-07-03T11:00:12+08:00
ORD00106907,M002444,P00163,門市,paid,4,TWD,397987.0,500.0,2026-07-02T06:01:04+08:00,2026-07-12,2026-07-04T15:19:04+08:00
ORD00107932,M006860,P00300,電銷,paid,4,USD,13079.6,800.0,2026-07-02T04:11:13+08:00,2026-08-31,2026-07-04T14:25:13+08:00
ORD00105635,M006877,P00052,門市,created,4,TWD,290294.0,600.0,2026-07-02T08:53:42+08:00,2026-09-24,2026-07-02T11:54:42+08:00
ORD00107259,M006457,P00230,門市,paid,2,TWD,336227.0,50.0,2026-07-02T08:33:08+08:00,2026-09-23,2026-07-03T13:21:08+08:00
ORD00105548,M007395,P00244,門市,paid,2,JPY,478304.0,750.0,2026-07-02T22:46:02+08:00,2026-09-09,2026-07-03T22:19:02+08:00
ORD00107856,M003167,P00121,web,paid,4,TWD,86524.0,350.0,2026-07-02T16:55:46+08:00,2026-10-23,2026-07-02T22:46:46+08:00
ORD00107248,M006344,P00114,電銷,paid,2,TWD,186877.0,150.0,2026-07-02T06:09:31+08:00,2026-07-12,2026-07-04T16:04:31+08:00
ORD00104104,M005676,P00157,電銷,paid,3,TWD,264945.0,650.0,2026-07-02T05:37:28+08:00,2026-09-15,2026-07-02T22:39:28+08:00
ORD00041533,M000711,P00237,門市,cancelled,3,TWD,437109.0,700.0,2026-05-27T05:39:37+08:00,2026-09-12,2026-07-02T00:17:37+08:00
ORD00107704,M006037,P00252,電銷,paid,1,TWD,67271.0,750.0,2026-07-02T05:30:49+08:00,2026-08-11,2026-07-02T13:19:49+08:00
ORD00107217,M003119,P00242,門市,paid,3,USD,2243.88,900.0,2026-07-02T11:21:32+08:00,2026-07-20,2026-07-04T05:30:32+08:00
ORD00105194,M001678,P00203,門市,paid,4,TWD,462396.0,600.0,2026-07-02T00:52:26+08:00,2026-08-02,2026-07-03T10:11:26+08:00
ORD00104493,M006620,P00055,電銷,paid,2,TWD,195288.0,900.0,2026-07-02T22:06:12+08:00,2026-10-01,2026-07-02T23:08:12+08:00
ORD00107999,M005513,P00042,web,paid,2,TWD,345185.0,350.0,2026-07-02T04:02:13+08:00,2026-08-13,2026-07-04T15:49:13+08:00
ORD00104909,M007111,P00260,電銷,paid,2,TWD,244199.0,350.0,2026-07-02T10:03:38+08:00,2026-10-05,2026-07-02T19:43:38+08:00
ORD00107132,M003324,P00108,電銷,paid,3,TWD,341802.0,850.0,2026-07-02T08:42:05+08:00,2026-08-20,2026-07-03T06:48:05+08:00
ORD00112044,M003326,P00026,門市,paid,1,USD,4546.26,550.0,2026-06-11T16:34:58+08:00,2026-07-08,2026-07-02T09:59:57+08:00
ORD00105906,M004127,P00240,電銷,paid,2,USD,5059.13,50.0,2026-07-02T12:40:51+08:00,2026-08-06,2026-07-03T14:36:51+08:00
ORD00107341,M002838,P00188,app,created,3,TWD,202659.0,200.0,2026-07-02T03:58:23+08:00,2026-08-23,2026-07-02T10:13:23+08:00
ORD00105167,M000063,P00150,電銷,created,1,TWD,158148.0,300.0,2026-07-02T15:11:58+08:00,2026-08-09,2026-07-05T05:23:58+08:00
ORD00105329,M002936,P00294,app,created,4,TWD,540102.0,500.0,2026-07-02T00:27:43+08:00,2026-09-03,2026-07-03T19:07:43+08:00
ORD00106139,M004474,P00237,app,paid,4,TWD,819236.0,700.0,2026-07-02T23:22:04+08:00,2026-08-11,2026-07-04T06:49:04+08:00
ORD00106062,M002896,P00210,app,created,3,TWD,400238.0,200.0,2026-07-02T11:58:44+08:00,2026-10-23,2026-07-05T02:58:44+08:00
ORD00094641,M004375,P00167,電銷,cancelled,1,TWD,144701.0,650.0,2026-06-20T05:26:35+08:00,2026-07-10,2026-07-02T07:06:22+08:00
ORD00105947,M006607,P00219,app,paid,2,TWD,183388.0,0.0,2026-07-02T12:20:51+08:00,2026-10-07,2026-07-03T17:32:51+08:00
ORD00107859,M007843,P00164,web,paid,3,TWD,105887.0,450.0,2026-07-02T11:06:00+08:00,2026-07-14,2026-07-03T04:13:00+08:00
ORD00105256,M006667,P00131,門市,created,2,USD,11973.39,900.0,2026-07-02T16:17:19+08:00,2026-08-23,2026-07-04T22:31:19+08:00
ORD00107142,M007492,P00072,app,paid,4,TWD,76480.0,250.0,2026-07-02T13:02:14+08:00,2026-08-31,2026-07-03T04:43:14+08:00
ORD00084602,M007631,P00059,電銷,cancelled,1,JPY,400635.0,350.0,2026-06-02T10:47:05+08:00,2026-07-04,2026-07-02T22:39:08+08:00
ORD00112020,M004226,P00106,web,paid,3,USD,3816.05,500.0,2026-06-17T12:00:44+08:00,2026-07-03,2026-07-02T00:05:36+08:00
ORD00106205,M006987,P00192,web,paid,4,TWD,852627.0,500.0,2026-07-02T14:58:45+08:00,2026-09-23,2026-07-05T03:23:45+08:00
ORD00105938,M003905,P00251,web,paid,1,TWD,109127.0,700.0,2026-07-02T21:28:05+08:00,2026-10-17,2026-07-03T09:14:05+08:00
ORD00106644,M005118,P00290,app,created,4,TWD,444551.0,650.0,2026-07-02T13:40:32+08:00,2026-07-15,2026-07-04T09:52:32+08:00
ORD00106599,M000949,P00182,app,paid,2,JPY,66339.0,700.0,2026-07-02T03:09:36+08:00,2026-10-11,2026-07-03T20:44:36+08:00
ORD00104490,M005578,P00105,web,paid,3,TWD,177622.0,950.0,2026-07-02T08:22:30+08:00,2026-09-09,2026-07-04T00:31:30+08:00
ORD00104220,M001396,P00110,門市,paid,1,TWD,144271.0,0.0,2026-07-02T00:13:18+08:00,2026-09-17,2026-07-02T13:13:18+08:00
ORD00106783,M005412,P00213,電銷,created,4,TWD,471425.0,650.0,2026-07-02T21:52:59+08:00,2026-07-20,2026-07-03T15:30:59+08:00
ORD00105833,M006377,P00270,app,created,2,USD,1751.03,600.0,2026-07-02T07:04:11+08:00,2026-10-12,2026-07-02T12:34:11+08:00
ORD00106424,M006276,P00051,電銷,created,2,TWD,363571.0,100.0,2026-07-02T17:17:36+08:00,2026-10-05,2026-07-05T05:38:36+08:00
ORD00105721,M005447,P00174,電銷,created,3,USD,1839.96,900.0,2026-07-02T05:36:40+08:00,2026-09-07,2026-07-04T00:07:40+08:00
ORD00104764,M006712,P00092,app,paid,4,TWD,601313.0,850.0,2026-07-02T12:11:25+08:00,2026-09-07,2026-07-03T10:38:25+08:00
ORD00105285,M001880,P00020,電銷,paid,4,TWD,267585.0,450.0,2026-07-02T20:44:46+08:00,2026-09-07,2026-07-05T05:30:46+08:00
ORD00106178,M005776,P00226,門市,paid,1,JPY,550256.0,300.0,2026-07-02T22:24:36+08:00,2026-09-11,2026-07-02T22:52:36+08:00
ORD00104992,M006862,P00195,web,created,3,TWD,168070.0,750.0,2026-07-02T10:09:23+08:00,2026-09-18,2026-07-03T20:05:23+08:00
ORD00043764,M002384,P00279,電銷,completed,4,USD,11670.82,550.0,2026-05-12T20:28:46+08:00,2026-06-20,2026-07-02T02:56:57+08:00
ORD00106054,M001012,P00245,web,paid,3,TWD,354262.0,750.0,2026-07-02T02:02:51+08:00,2026-10-15,2026-07-04T19:53:51+08:00
ORD00107420,M000273,P00251,門市,paid,4,USD,15216.69,600.0,2026-07-02T09:08:02+08:00,2026-10-03,2026-07-02T22:46:02+08:00
ORD00104305,M002845,P00237,app,created,3,JPY,3071441.0,800.0,2026-07-02T14:35:25+08:00,2026-08-28,2026-07-05T00:07:25+08:00
ORD00105894,M001647,P00093,app,paid,2,TWD,264196.0,800.0,2026-07-02T02:26:16+08:00,2026-07-19,2026-07-04T04:58:16+08:00
ORD00105104,M006767,P00085,web,created,2,TWD,440953.0,200.0,2026-07-02T20:51:26+08:00,2026-08-17,2026-07-04T11:18:26+08:00
ORD00106429,M002657,P00006,web,created,3,USD,13905.41,750.0,2026-07-02T13:27:48+08:00,2026-09-01,2026-07-03T21:19:48+08:00
ORD00105597,M007721,P00225,web,paid,1,TWD,40908.0,0.0,2026-07-02T09:47:00+08:00,2026-09-12,2026-07-04T03:55:00+08:00
ORD00104175,M000070,P00116,web,paid,2,TWD,189681.0,400.0,2026-07-02T15:43:13+08:00,2026-10-14,2026-07-04T20:00:13+08:00
ORD00107887,M000439,P00143,門市,paid,1,TWD,10534.0,50.0,2026-07-02T10:54:48+08:00,2026-07-15,2026-07-04T02:45:48+08:00
ORD00106301,M001892,P00287,web,paid,4,JPY,2424605.0,150.0,2026-07-02T08:29:42+08:00,2026-08-14,2026-07-04T18:06:42+08:00
ORD00078978,M002192,P00068,電銷,completed,4,JPY,1484958.0,400.0,2026-06-29T13:34:06+08:00,2026-10-12,2026-07-02T13:48:34+08:00
ORD00003040,M003626,P00152,門市,completed,1,TWD,43576.0,950.0,2026-05-11T09:18:17+08:00,2026-06-02,2026-07-02T07:21:24+08:00
ORD00106494,M004154,P00205,電銷,created,1,TWD,9373.0,950.0,2026-07-02T01:27:18+08:00,2026-10-01,2026-07-04T12:16:18+08:00
ORD00064013,M007027,P00146,電銷,cancelled,3,TWD,70750.0,850.0,2026-06-20T21:15:26+08:00,2026-07-16,2026-07-02T20:58:31+08:00
ORD00106781,M000456,P00197,web,paid,4,TWD,314530.0,300.0,2026-07-02T12:40:25+08:00,2026-09-01,2026-07-02T18:52:25+08:00
ORD00107801,M002887,P00196,電銷,paid,4,TWD,225447.0,400.0,2026-07-02T03:25:33+08:00,2026-09-08,2026-07-04T07:00:33+08:00
ORD00106241,M003668,P00269,web,created,2,TWD,124269.0,100.0,2026-07-02T02:41:13+08:00,2026-09-17,2026-07-02T13:31:13+08:00
ORD00107886,M007485,P00038,電銷,paid,4,JPY,400565.0,500.0,2026-07-02T12:18:46+08:00,2026-07-27,2026-07-03T05:44:46+08:00
ORD00107458,M003203,P00252,app,created,2,TWD,129784.0,550.0,2026-07-02T01:18:35+08:00,2026-08-21,2026-07-02T07:46:35+08:00
ORD00105085,M000160,P00056,app,created,2,JPY,780039.0,500.0,2026-07-02T02:33:59+08:00,2026-09-01,2026-07-04T17:08:59+08:00
ORD00092632,M005499,P00046,電銷,completed,1,TWD,56085.0,950.0,2026-05-16T21:50:33+08:00,2026-06-24,2026-07-02T10:34:38+08:00
ORD00105975,M007043,P00244,門市,paid,2,USD,3292.49,450.0,2026-07-02T00:19:13+08:00,2026-10-10,2026-07-04T00:42:13+08:00
ORD00105494,M002573,P00103,電銷,paid,2,USD,1389.6,200.0,2026-07-02T04:48:47+08:00,2026-10-18,2026-07-03T03:01:47+08:00
ORD00104071,M002807,P00117,門市,paid,3,TWD,558182.0,700.0,2026-07-02T21:30:46+08:00,2026-10-14,2026-07-03T02:18:46+08:00
ORD00106862,M001743,P00160,app,paid,1,TWD,13206.0,100.0,2026-07-02T15:11:14+08:00,2026-08-11,2026-07-05T05:28:14+08:00
ORD00048172,M007232,P00117,web,cancelled,2,TWD,333265.0,650.0,2026-06-21T04:19:32+08:00,2026-08-02,2026-07-02T23:39:03+08:00
ORD00105543,M007717,P00001,電銷,paid,2,JPY,1306048.0,700.0,2026-07-02T02:06:27+08:00,2026-10-22,2026-07-02T06:32:27+08:00
ORD00107693,M004367,P00271,app,paid,1,TWD,20241.0,200.0,2026-07-02T09:04:05+08:00,2026-07-31,2026-07-03T02:53:05+08:00
ORD00097500,M004608,P00134,電銷,cancelled,2,USD,7998.8,350.0,2026-05-26T23:05:00+08:00,2026-09-22,2026-07-02T00:38:08+08:00
ORD00106000,M002482,P00054,web,paid,3,TWD,466243.0,600.0,2026-07-02T08:18:54+08:00,2026-08-03,2026-07-03T22:34:54+08:00
ORD00104707,M006665,P00097,門市,paid,4,USD,16745.24,400.0,2026-07-02T02:55:27+08:00,2026-07-19,2026-07-02T11:23:27+08:00
ORD00105073,M003628,P00246,web,created,4,TWD,487508.0,450.0,2026-07-02T13:13:39+08:00,2026-10-16,2026-07-04T04:38:39+08:00
ORD00106134,M003256,P00063,電銷,paid,4,TWD,719942.0,900.0,2026-07-02T09:38:42+08:00,2026-10-26,2026-07-02T16:11:42+08:00
ORD00106477,M003618,P00300,門市,paid,4,TWD,421278.0,150.0,2026-07-02T01:16:07+08:00,2026-07-09,2026-07-02T08:25:07+08:00
ORD00106235,M000090,P00285,app,paid,2,TWD,224606.0,900.0,2026-07-02T21:09:27+08:00,2026-08-07,2026-07-03T21:58:27+08:00
ORD00031276,M006694,P00275,電銷,cancelled,3,JPY,1168895.0,50.0,2026-05-02T01:32:04+08:00,2026-05-19,2026-07-02T15:00:17+08:00
ORD00106080,M005138,P00222,電銷,created,2,JPY,361025.0,50.0,2026-07-02T10:26:42+08:00,2026-08-19,2026-07-03T15:47:42+08:00
ORD00106636,M003836,P00153,app,created,2,TWD,174954.0,950.0,2026-07-02T05:44:00+08:00,2026-09-09,2026-07-04T14:00:00+08:00
ORD00107386,M005223,P00129,web,created,4,TWD,591557.0,300.0,2026-07-02T00:47:48+08:00,2026-08-09,2026-07-03T09:36:48+08:00
ORD00104073,M007865,P00237,web,paid,4,USD,23539.01,900.0,2026-07-02T12:03:20+08:00,2026-08-03,2026-07-02T23:15:20+08:00
ORD00006287,M002756,P00155,web,cancelled,2,TWD,86201.0,400.0,2026-06-27T09:27:09+08:00,2026-08-22,2026-07-02T16:36:25+08:00
ORD00107799,M005951,P00228,門市,paid,1,TWD,119600.0,400.0,2026-07-02T23:56:55+08:00,2026-10-25,2026-07-03T21:43:55+08:00
ORD00104907,M003206,P00207,web,created,2,USD,4568.12,800.0,2026-07-02T09:23:02+08:00,2026-10-14,2026-07-03T19:38:02+08:00
ORD00089197,M001647,P00130,web,cancelled,2,TWD,398374.0,800.0,2026-06-19T16:06:27+08:00,2026-10-10,2026-07-02T08:25:32+08:00
ORD00106326,M000656,P00060,門市,paid,3,USD,15898.42,500.0,2026-07-02T23:35:36+08:00,2026-09-04,2026-07-05T13:48:36+08:00
ORD00106416,M003764,P00073,門市,paid,3,JPY,1657728.0,500.0,2026-07-02T07:08:25+08:00,2026-10-21,2026-07-04T23:05:25+08:00
ORD00107021,M007677,P00110,web,created,2,TWD,381367.0,550.0,2026-07-02T19:11:59+08:00,2026-08-23,2026-07-03T09:56:59+08:00
ORD00106265,M002584,P00106,web,created,1,TWD,48287.0,750.0,2026-07-02T13:51:52+08:00,2026-10-23,2026-07-04T01:17:52+08:00
ORD00106948,M003986,P00160,電銷,paid,1,TWD,15828.0,850.0,2026-07-02T08:35:50+08:00,2026-09-18,2026-07-04T08:38:50+08:00
ORD00105394,M000284,P00023,門市,paid,4,TWD,685647.0,500.0,2026-07-02T15:06:31+08:00,2026-08-29,2026-07-03T02:28:31+08:00
ORD00105419,M000149,P00040,電銷,created,3,JPY,1265985.0,850.0,2026-07-02T10:28:25+08:00,2026-09-02,2026-07-04T23:45:25+08:00
ORD00107496,M006716,P00178,電銷,paid,2,TWD,71762.0,400.0,2026-07-02T18:46:03+08:00,2026-07-14,2026-07-03T08:07:03+08:00
ORD00104902,M005227,P00128,app,created,4,TWD,673915.0,500.0,2026-07-02T16:05:03+08:00,2026-09-11,2026-07-04T04:33:03+08:00
ORD00105234,M005137,P00115,電銷,paid,4,JPY,2919743.0,100.0,2026-07-02T00:35:56+08:00,2026-10-11,2026-07-02T08:20:56+08:00
ORD00107709,M003815,P00031,電銷,paid,1,USD,6108.27,800.0,2026-07-02T22:48:25+08:00,2026-08-31,2026-07-04T15:48:25+08:00
ORD00021184,M003806,P00080,app,cancelled,4,TWD,559587.0,500.0,2026-05-27T09:09:34+08:00,2026-07-16,2026-07-02T12:17:38+08:00
ORD00106402,M007025,P00183,門市,paid,2,JPY,1443683.0,150.0,2026-07-02T15:22:18+08:00,2026-07-27,2026-07-02T19:44:18+08:00
ORD00105726,M007381,P00123,app,created,4,JPY,1609752.0,250.0,2026-07-02T05:17:51+08:00,2026-08-21,2026-07-03T00:42:51+08:00
ORD00104127,M001557,P00048,web,paid,3,USD,9379.91,550.0,2026-07-02T05:38:10+08:00,2026-08-26,2026-07-03T05:45:10+08:00
ORD00107469,M001663,P00072,門市,paid,3,USD,1733.01,50.0,2026-07-02T05:52:42+08:00,2026-10-23,2026-07-04T19:26:42+08:00
ORD00107720,M000605,P00075,門市,paid,3,TWD,53655.0,200.0,2026-07-02T05:44:34+08:00,2026-08-24,2026-07-04T13:03:34+08:00
ORD00107532,M002020,P00042,app,created,1,TWD,139765.0,950.0,2026-07-02T09:01:36+08:00,2026-10-24,2026-07-04T06:27:36+08:00
ORD00104710,M004626,P00280,app,paid,3,TWD,500963.0,650.0,2026-07-02T00:16:13+08:00,2026-07-13,2026-07-02T21:56:13+08:00
ORD00106362,M001228,P00056,app,paid,2,USD,4890.16,300.0,2026-07-02T08:42:38+08:00,2026-07-25,2026-07-02T16:23:38+08:00
ORD00105061,M001459,P00115,app,paid,4,JPY,2424455.0,900.0,2026-07-02T01:22:53+08:00,2026-09-30,2026-07-04T02:16:53+08:00
ORD00105315,M003938,P00097,電銷,created,3,JPY,2081569.0,950.0,2026-07-02T20:32:41+08:00,2026-10-11,2026-07-04T02:50:41+08:00
ORD00105787,M002425,P00092,門市,created,1,TWD,149171.0,450.0,2026-07-02T14:50:21+08:00,2026-09-20,2026-07-03T09:06:21+08:00
ORD00104582,M003267,P00064,門市,paid,4,TWD,108011.0,950.0,2026-07-02T04:02:23+08:00,2026-08-29,2026-07-02T09:04:23+08:00
ORD00107178,M005992,P00244,電銷,created,4,TWD,216423.0,750.0,2026-07-02T14:38:57+08:00,2026-10-24,2026-07-04T03:39:57+08:00
ORD00106880,M005989,P00216,web,created,4,TWD,39897.0,650.0,2026-07-02T09:59:01+08:00,2026-10-10,2026-07-05T03:17:01+08:00
ORD00024378,M005093,P00149,web,completed,2,TWD,422046.0,350.0,2026-05-12T21:16:41+08:00,2026-05-31,2026-07-02T16:39:19+08:00
ORD00104032,M002443,P00069,web,created,2,TWD,433647.0,50.0,2026-07-02T06:01:04+08:00,2026-07-11,2026-07-04T17:44:04+08:00
ORD00106327,M003768,P00030,門市,paid,2,TWD,340287.0,50.0,2026-07-02T20:20:40+08:00,2026-08-02,2026-07-04T04:35:40+08:00
ORD00107318,M004886,P00203,門市,paid,2,TWD,256951.0,0.0,2026-07-02T16:16:02+08:00,2026-09-26,2026-07-02T17:37:02+08:00
ORD00107880,M004780,P00170,app,paid,3,USD,6896.81,250.0,2026-07-02T21:57:07+08:00,2026-07-28,2026-07-05T05:36:07+08:00
ORD00104200,M006336,P00118,門市,paid,1,USD,4284.94,700.0,2026-07-02T09:02:43+08:00,2026-10-10,2026-07-03T23:32:43+08:00
ORD00106827,M007921,P00024,web,paid,1,USD,3018.13,250.0,2026-07-02T01:59:23+08:00,2026-09-26,2026-07-03T07:47:23+08:00
ORD00037335,M005047,P00249,web,completed,3,TWD,212077.0,500.0,2026-05-18T07:48:16+08:00,2026-08-27,2026-07-02T22:47:58+08:00
ORD00107255,M007082,P00185,app,paid,4,TWD,834321.0,800.0,2026-07-02T01:09:07+08:00,2026-09-27,2026-07-03T21:36:07+08:00
ORD00104040,M002343,P00089,電銷,paid,1,TWD,99904.0,200.0,2026-07-02T02:44:45+08:00,2026-09-12,2026-07-04T14:21:45+08:00
ORD00104136,M000402,P00285,web,created,4,USD,11950.79,100.0,2026-07-02T09:23:39+08:00,2026-10-13,2026-07-03T21:33:39+08:00
ORD00106564,M003291,P00069,web,paid,4,TWD,704497.0,300.0,2026-07-02T14:03:53+08:00,2026-10-12,2026-07-05T04:53:53+08:00
ORD00105558,M002359,P00128,app,paid,4,JPY,3291344.0,300.0,2026-07-02T23:55:47+08:00,2026-10-18,2026-07-04T03:09:47+08:00
ORD00104731,M006006,P00246,web,paid,1,TWD,141750.0,150.0,2026-07-02T15:47:50+08:00,2026-08-06,2026-07-04T06:58:50+08:00
ORD00106376,M007769,P00241,門市,created,2,TWD,350177.0,750.0,2026-07-02T01:37:20+08:00,2026-09-15,2026-07-02T22:11:20+08:00
ORD00105240,M000353,P00248,門市,paid,1,TWD,24256.0,50.0,2026-07-02T16:20:49+08:00,2026-09-20,2026-07-03T06:46:49+08:00
ORD00107638,M004207,P00049,門市,created,3,TWD,48937.0,950.0,2026-07-02T11:27:58+08:00,2026-07-10,2026-07-02T15:38:58+08:00
ORD00105797,M006761,P00029,app,paid,1,TWD,113271.0,150.0,2026-07-02T14:57:48+08:00,2026-08-27,2026-07-04T05:32:48+08:00
ORD00105458,M000097,P00209,電銷,paid,3,TWD,342927.0,850.0,2026-07-02T08:44:57+08:00,2026-10-18,2026-07-03T17:49:57+08:00
ORD00104603,M003574,P00210,app,paid,2,TWD,321060.0,200.0,2026-07-02T21:52:08+08:00,2026-10-09,2026-07-04T02:07:08+08:00
ORD00104856,M003157,P00023,門市,created,4,TWD,631985.0,650.0,2026-07-02T01:22:14+08:00,2026-08-25,2026-07-02T14:22:14+08:00
