order_id,member_id,product_id,channel,order_status,quantity,currency,amount,coupon_discount,order_created_at,departure_date,updated_at
ORD00102010,M002283,P00096,app,created,2,TWD,13100.0,500.0,2026-07-01T05:51:32+08:00,2026-07-09,2026-07-02T17:33:32+08:00
ORD00100567,M001871,P00002,門市,paid,1,TWD,85199.0,350.0,2026-07-01T18:23:17+08:00,2026-10-18,2026-07-01T19:09:17+08:00
ORD00100728,M004059,P00265,電銷,paid,3,TWD,491849.0,200.0,2026-07-01T06:12:52+08:00,2026-08-05,2026-07-03T13:51:52+08:00
ORD00100381,M004558,P00099,電銷,paid,4,TWD,553413.0,300.0,2026-07-01T18:05:22+08:00,2026-10-27,2026-07-04T02:16:22+08:00
ORD00102968,M000716,P00239,門市,paid,2,TWD,267372.0,550.0,2026-07-01T17:40:03+08:00,2026-10-12,2026-07-04T00:16:03+08:00
ORD00101074,M003671,P00094,電銷,paid,1,TWD,168528.0,750.0,2026-07-01T14:59:59+08:00,2026-10-03,2026-07-02T14:57:59+08:00
ORD00101600,M006251,P00021,web,paid,4,TWD,845132.0,800.0,2026-07-01T15:17:05+08:00,2026-08-17,2026-07-01T23:05:05+08:00
ORD00101977,M005467,P00037,app,paid,1,TWD,119962.0,900.0,2026-07-01T00:25:15+08:00,2026-07-16,2026-07-01T23:49:15+08:00
ORD00100301,M007983,P00194,門市,paid,2,TWD,174099.0,600.0,2026-07-01T21:31:55+08:00,2026-07-17,2026-07-01T22:39:55+08:00
ORD00101535,M002831,P00031,app,paid,3,JPY,2874599.0,150.0,2026-07-01T12:41:28+08:00,2026-07-21,2026-07-01T20:29:28+08:00
ORD00057521,M002616,P00264,web,completed,4,TWD,37606.0,350.0,2026-05-14T16:42:04+08:00,2026-08-22,2026-07-01T02:35:29+08:00
ORD00032192,M004136,P00136,app,completed,4,TWD,71786.0,100.0,2026-06-18T11:44:01+08:00,2026-06-25,2026-07-01T22:27:07+08:00
ORD00101441,M003356,P00207,門市,paid,2,TWD,172398.0,850.0,2026-07-01T00:20:17+08:00,2026-10-07,2026-07-01T16:06:17+08:00
ORD00100391,M005704,P00165,電銷,paid,2,TWD,163260.0,950.0,2026-07-01T10:24:08+08:00,2026-08-04,2026-07-02T18:41:08+08:00
ORD00073844,M003806,P00280,app,completed,1,TWD,130936.0,100.0,2026-06-18T00:30:24+08:00,2026-06-26,2026-07-01T03:09:10+08:00
ORD00103843,M006911,P00261,app,paid,2,TWD,11989.0,250.0,2026-07-01T04:56:25+08:00,2026-10-16,2026-07-02T08:08:25+08:00
ORD00087368,M001739,P00122,電銷,cancelled,4,TWD,630711.0,750.0,2026-06-02T11:36:39+08:00,2026-09-02,2026-07-01T06:13:05+08:00
ORD00100339,M007354,P00283,門市,paid,3,USD,2274.11,450.0,2026-07-01T21:59:57+08:00,2026-07-13,2026-07-04T02:58:57+08:00
ORD00100664,M007501,P00040,電銷,paid,1,USD,2294.2,200.0,2026-07-01T18:46:56+08:00,2026-10-23,2026-07-03T14:11:56+08:00
ORD00102809,M004911,P00220,電銷,created,4,USD,3888.01,850.0,2026-07-01T08:19:40+08:00,2026-07-13,2026-07-01T19:52:40+08:00
ORD00102842,M004875,P00034,門市,paid,3,TWD,60852.0,200.0,2026-07-01T03:39:17+08:00,2026-08-20,2026-07-03T13:59:17+08:00
ORD00031038,M000004,P00037,電銷,completed,2,TWD,203513.0,300.0,2026-05-12T09:34:07+08:00,2026-08-05,2026-07-01T23:13:20+08:00
ORD00071695,M006138,P00110,門市,cancelled,3,TWD,438898.0,400.0,2026-05-01T00:21:17+08:00,2026-08-23,2026-07-01T13:29:40+08:00
ORD00100035,M004794,P00278,app,created,3,TWD,529524.0,50.0,2026-07-01T23:10:14+08:00,2026-08-24,2026-07-02T01:13:14+08:00
ORD00101061,M006241,P00274,門市,paid,1,JPY,477637.0,650.0,2026-07-01T14:54:54+08:00,2026-09-04,2026-07-02T03:20:54+08:00
ORD00101588,M003683,P00276,app,paid,2,TWD,404893.0,250.0,2026-07-01T09:14:05+08:00,2026-08-11,2026-07-04T00:12:05+08:00
ORD00020996,M006106,P00118,app,cancelled,2,TWD,256052.0,200.0,2026-05-10T01:08:53+08:00,2026-07-08,2026-07-01T03:37:59+08:00
ORD00103658,M000335,P00039,app,created,3,TWD,479586.0,550.0,2026-07-01T04:35:31+08:00,2026-10-19,2026-07-01T06:43:31+08:00
ORD00101871,M000305,P00251,電銷,paid,2,USD,5859.07,500.0,2026-07-01T23:30:35+08:00,2026-09-21,2026-07-02T11:15:35+08:00
ORD00102798,M007655,P00242,門市,created,2,USD,1449.04,150.0,2026-07-01T20:16:01+08:00,2026-07-16,2026-07-01T22:03:01+08:00
ORD00102097,M004460,P00055,app,created,3,USD,13156.88,100.0,2026-07-01T01:32:48+08:00,2026-09-04,2026-07-01T20:15:48+08:00
ORD00101371,M003634,P00218,web,paid,4,USD,3479.46,800.0,2026-07-01T23:18:46+08:00,2026-08-27,2026-07-02T20:13:46+08:00
ORD00102649,M000366,P00106,app,paid,3,USD,4476.45,50.0,2026-07-01T08:50:42+08:00,2026-08-02,2026-07-02T02:50:42+08:00
ORD00100687,M001979,P00256,app,paid,4,TWD,788974.0,550.0,2026-07-01T20:09:00+08:00,2026-10-28,2026-07-02T06:10:00+08:00
ORD00103424,M003947,P00006,電銷,paid,2,TWD,303115.0,350.0,2026-07-01T08:09:20+08:00,2026-08-07,2026-07-02T20:15:20+08:00
ORD00103607,M007743,P00287,web,paid,4,TWD,488407.0,0.0,2026-07-01T17:19:42+08:00,2026-08-29,2026-07-04T05:02:42+08:00
ORD00086324,M004212,P00290,電銷,completed,1,TWD,122357.0,100.0,2026-06-20T18:51:38+08:00,2026-08-01,2026-07-01T14:21:37+08:00
ORD00103784,M007486,P00192,web,created,4,TWD,711935.0,450.0,2026-07-01T19:30:14+08:00,2026-08-14,2026-07-03T23:02:14+08:00
ORD00103146,M000615,P00286,app,created,2,JPY,1949484.0,700.0,2026-07-01T13:08:47+08:00,2026-10-12,2026-07-02T01:07:47+08:00
ORD00103139,M006307,P00108,電銷,created,4,JPY,2417085.0,450.0,2026-07-01T05:28:14+08:00,2026-09-19,2026-07-01T06:02:14+08:00
ORD00102946,M002500,P00080,app,paid,1,TWD,136596.0,800.0,2026-07-01T22:55:16+08:00,2026-08-27,2026-07-02T14:06:16+08:00
ORD00103685,M007114,P00151,web,paid,3,TWD,249313.0,50.0,2026-07-01T02:19:11+08:00,2026-09-06,2026-07-01T20:10:11+08:00
ORD00101116,M000786,P00050,電銷,paid,1,TWD,2762.0,650.0,2026-07-01T06:29:24+08:00,2026-09-13,2026-07-02T20:19:24+08:00
ORD00103079,M005127,P00136,web,paid,4,TWD,64591.0,500.0,2026-07-01T02:28:47+08:00,2026-08-11,2026-07-02T02:06:47+08:00
ORD00102042,M003180,P00226,電銷,paid,1,USD,2833.07,150.0,2026-07-01T13:53:14+08:00,2026-10-04,2026-07-02T21:54:14+08:00
ORD00100338,M005704,P00131,app,created,1,TWD,166714.0,400.0,2026-07-01T02:48:55+08:00,2026-09-17,2026-07-03T17:18:55+08:00
ORD00103903,M006529,P00245,app,paid,1,TWD,123279.0,50.0,2026-07-01T19:10:26+08:00,2026-07-08,2026-07-03T04:42:26+08:00
ORD00103369,M006646,P00215,app,created,4,JPY,907686.0,600.0,2026-07-01T04:48:46+08:00,2026-10-06,2026-07-01T16:11:46+08:00
ORD00103886,M000772,P00129,web,paid,1,TWD,151711.0,250.0,2026-07-01T00:31:35+08:00,2026-08-31,2026-07-01T03:20:35+08:00
ORD00103475,M005973,P00030,web,created,1,TWD,123769.0,350.0,2026-07-01T01:24:53+08:00,2026-08-31,2026-07-01T13:48:53+08:00
ORD00018040,M005906,P00193,app,completed,3,USD,12830.09,950.0,2026-05-30T06:47:36+08:00,2026-08-07,2026-07-01T17:15:35+08:00
ORD00100973,M001717,P00252,門市,created,3,TWD,185202.0,350.0,2026-07-01T11:36:49+08:00,2026-08-10,2026-07-03T17:08:49+08:00
ORD00056614,M002345,P00088,電銷,completed,2,TWD,165878.0,850.0,2026-05-29T20:30:14+08:00,2026-08-01,2026-07-01T00:01:32+08:00
ORD00070481,M003178,P00098,web,completed,2,TWD,298130.0,300.0,2026-06-22T12:30:54+08:00,2026-06-30,2026-07-01T14:16:13+08:00
ORD00100020,M007434,P00040,app,cancelled,1,TWD,92326.0,950.0,2026-07-01T22:50:26+08:00,2026-08-12,2026-07-04T18:08:26+08:00
ORD00011030,M006886,P00126,app,cancelled,3,TWD,93695.0,900.0,2026-05-12T01:23:20+08:00,2026-05-27,2026-07-01T11:48:22+08:00
ORD00100189,M007989,P00178,門市,created,2,JPY,340880.0,800.0,2026-07-01T02:24:32+08:00,2026-08-11,2026-07-03T02:00:32+08:00
ORD00100860,M001618,P00173,web,paid,1,TWD,6953.0,800.0,2026-07-01T13:07:59+08:00,2026-07-15,2026-07-02T18:38:59+08:00
ORD00102509,M006824,P00195,門市,created,4,USD,7993.68,350.0,2026-07-01T12:12:57+08:00,2026-09-05,2026-07-04T05:40:57+08:00
ORD00102176,M006023,P00112,app,paid,4,JPY,140850.0,400.0,2026-07-01T15:40:53+08:00,2026-08-22,2026-07-02T19:17:53+08:00
ORD00041663,M005574,P00145,web,completed,1,USD,2593.5,500.0,2026-05-17T01:18:33+08:00,2026-09-10,2026-07-01T13:00:20+08:00
ORD00103997,M003804,P00291,電銷,paid,2,USD,2223.73,900.0,2026-07-01T00:08:53+08:00,2026-07-18,2026-07-03T05:34:53+08:00
ORD00100477,M006747,P00276,web,created,3,USD,17252.56,500.0,2026-07-01T02:19:13+08:00,2026-07-15,2026-07-01T14:21:13+08:00
ORD00102308,M000502,P00189,電銷,paid,4,TWD,470555.0,250.0,2026-07-01T12:43:16+08:00,2026-10-09,2026-07-02T00:22:16+08:00
ORD00101725,M006182,P00130,門市,created,3,TWD,549605.0,650.0,2026-07-01T02:17:21+08:00,2026-08-28,2026-07-03T17:34:21+08:00
ORD00100054,M006426,P00185,電銷,paid,1,TWD,166869.0,850.0,2026-07-01T13:09:53+08:00,2026-09-19,2026-07-01T15:33:53+08:00
ORD00103354,M005369,P00122,門市,paid,1,TWD,165449.0,250.0,2026-07-01T20:02:15+08:00,2026-10-17,2026-07-02T12:59:15+08:00
ORD00103596,M006119,P00199,門市,paid,4,TWD,22990.0,450.0,2026-07-01T23:20:22+08:00,2026-07-10,2026-07-02T08:01:22+08:00
ORD00102723,M003139,P00030,app,created,4,TWD,484481.0,750.0,2026-07-01T03:56:33+08:00,2026-07-23,2026-07-02T16:50:33+08:00
ORD00101123,M006336,P00187,app,paid,3,TWD,72997.0,100.0,2026-07-01T22:47:52+08:00,2026-07-18,2026-07-03T14:53:52+08:00
ORD00101357,M004309,P00282,app,paid,1,TWD,221162.0,550.0,2026-07-01T01:56:48+08:00,2026-09-10,2026-07-03T05:28:48+08:00
ORD00103913,M003605,P00162,web,paid,4,TWD,25114.0,450.0,2026-07-01T14:41:25+08:00,2026-09-24,2026-07-02T04:46:25+08:00
ORD00100312,M007973,P00082,web,paid,2,TWD,352280.0,800.0,2026-07-01T17:43:00+08:00,2026-10-19,2026-07-04T00:36:00+08:00
ORD00103988,M005870,P00255,門市,paid,4,TWD,637137.0,700.0,2026-07-01T21:46:15+08:00,2026-10-15,2026-07-02T14:08:15+08:00
ORD00102790,M001575,P00135,電銷,paid,3,TWD,25807.0,900.0,2026-07-01T01:41:40+08:00,2026-08-28,2026-07-01T14:50:40+08:00
ORD00102113,M006112,P00181,web,cancelled,4,JPY,381629.0,950.0,2026-07-01T08:30:00+08:00,2026-10-18,2026-07-04T03:09:00+08:00
ORD00103677,M004303,P00063,app,paid,4,USD,26555.51,600.0,2026-07-01T21:48:36+08:00,2026-09-01,2026-07-02T19:11:36+08:00
ORD00100426,M004760,P00169,門市,paid,2,TWD,91415.0,750.0,2026-07-01T06:40:27+08:00,2026-08-12,2026-07-02T04:06:27+08:00
ORD00101424,M004202,P00080,電銷,paid,2,TWD,281263.0,350.0,2026-07-01T02:48:03+08:00,2026-08-11,2026-07-03T16:48:03+08:00
ORD00103291,M000177,P00148,web,paid,1,TWD,29880.0,700.0,2026-07-01T11:44:08+08:00,2026-07-21,2026-07-01T17:55:08+08:00
ORD00102370,M003649,P00039,電銷,created,4,TWD,758522.0,750.0,2026-07-01T13:34:23+08:00,2026-08-21,2026-07-03T00:13:23+08:00
ORD00058963,M007192,P00228,電銷,completed,2,TWD,237376.0,750.0,2026-05-09T03:07:03+08:00,2026-06-05,2026-07-01T19:12:31+08:00
ORD00102656,M000931,P00266,web,paid,4,TWD,72742.0,350.0,2026-07-01T04:21:20+08:00,2026-08-10,2026-07-01T22:24:20+08:00
ORD00102980,M003273,P00091,電銷,created,1,TWD,103963.0,750.0,2026-07-01T23:18:34+08:00,2026-10-25,2026-07-03T22:17:34+08:00
ORD00100628,M003718,P00144,電銷,paid,3,USD,12678.51,800.0,2026-07-01T16:16:31+08:00,2026-10-05,2026-07-01T21:01:31+08:00
ORD00102296,M000978,P00294,電銷,paid,4,TWD,555670.0,100.0,2026-07-01T19:21:32+08:00,2026-07-24,2026-07-04T04:30:32+08:00
ORD00090947,M003148,P00266,app,cancelled,1,TWD,13618.0,50.0,2026-05-04T20:47:55+08:00,2026-07-18,2026-07-01T22:45:53+08:00
ORD00100052,M007901,P00169,app,paid,2,TWD,83685.0,400.0,2026-07-01T18:03:56+08:00,2026-09-04,2026-07-01T18:35:56+08:00
ORD00102365,M006793,P00241,app,paid,4,USD,20048.85,150.0,2026-07-01T19:12:59+08:00,2026-08-28,2026-07-03T07:11:59+08:00
ORD00101678,M005791,P00052,app,paid,3,TWD,220257.0,200.0,2026-07-01T03:31:35+08:00,2026-10-19,2026-07-02T13:59:35+08:00
ORD00101356,M002946,P00060,web,paid,3,JPY,2511795.0,550.0,2026-07-01T05:50:44+08:00,2026-08-30,2026-07-02T20:34:44+08:00
ORD00103476,M003169,P00217,web,paid,2,TWD,419733.0,550.0,2026-07-01T11:31:51+08:00,2026-09-05,2026-07-01T13:45:51+08:00
ORD00102195,M003867,P00107,電銷,paid,1,JPY,863571.0,500.0,2026-07-01T05:18:52+08:00,2026-10-01,2026-07-01T06:35:52+08:00
ORD00103228,M003330,P00166,電銷,paid,4,TWD,735695.0,300.0,2026-07-01T21:16:19+08:00,2026-09-19,2026-07-03T09:26:19+08:00
ORD00103714,M007730,P00274,web,created,3,TWD,256537.0,450.0,2026-07-01T04:12:35+08:00,2026-10-12,2026-07-03T09:34:35+08:00
ORD00103732,M006374,P00012,電銷,created,2,USD,6446.28,200.0,2026-07-01T05:00:00+08:00,2026-10-20,2026-07-02T08:20:00+08:00
ORD00101831,M000661,P00233,門市,created,2,USD,6935.78,100.0,2026-07-01T16:49:57+08:00,2026-09-09,2026-07-02T15:50:57+08:00
ORD00101285,M004022,P00013,電銷,paid,2,TWD,263136.0,550.0,2026-07-01T07:23:14+08:00,2026-08-15,2026-07-02T13:10:14+08:00
ORD00102077,M002745,P00175,電銷,paid,4,JPY,322560.0,250.0,2026-07-01T11:58:43+08:00,2026-09-14,2026-07-02T00:00:43+08:00
ORD00102624,M001387,P00053,門市,paid,4,JPY,1619769.0,50.0,2026-07-01T23:32:13+08:00,2026-09-08,2026-07-02T02:09:13+08:00
ORD00103617,M006152,P00124,web,paid,2,TWD,86730.0,950.0,2026-07-01T15:42:23+08:00,2026-10-16,2026-07-04T01:04:23+08:00
ORD00103847,M004752,P00260,web,cancelled,4,JPY,2747593.0,150.0,2026-07-01T06:11:00+08:00,2026-08-30,2026-07-04T02:44:00+08:00
ORD00101777,M005695,P00282,web,paid,2,USD,11119.04,0.0,2026-07-01T23:18:35+08:00,2026-07-11,2026-07-04T14:21:35+08:00
ORD00101508,M003557,P00257,門市,paid,3,JPY,471584.0,0.0,2026-07-01T05:34:57+08:00,2026-09-06,2026-07-02T15:24:57+08:00
ORD00100143,M006041,P00255,門市,paid,2,TWD,410268.0,750.0,2026-07-01T20:50:55+08:00,2026-07-26,2026-07-04T11:39:55+08:00
ORD00100772,M002004,P00094,web,created,1,TWD,195039.0,800.0,2026-07-01T18:35:58+08:00,2026-10-26,2026-07-03T00:07:58+08:00
ORD00000389,M002257,P00111,web,cancelled,3,USD,10338.36,550.0,2026-05-27T08:14:19+08:00,2026-09-07,2026-07-01T16:38:59+08:00
ORD00102769,M001194,P00206,電銷,paid,3,USD,18057.05,100.0,2026-07-01T15:14:45+08:00,2026-10-19,2026-07-03T20:00:45+08:00
ORD00101684,M000843,P00205,app,created,2,TWD,23458.0,350.0,2026-07-01T06:51:57+08:00,2026-07-19,2026-07-01T11:28:57+08:00
ORD00100501,M003371,P00121,電銷,paid,3,USD,1977.14,600.0,2026-07-01T12:24:31+08:00,2026-08-02,2026-07-02T20:48:31+08:00
ORD00103130,M003754,P00134,電銷,paid,2,TWD,240141.0,50.0,2026-07-01T08:32:28+08:00,2026-08-24,2026-07-03T07:32:28+08:00
ORD00103662,M000280,P00026,電銷,created,1,TWD,136504.0,900.0,2026-07-01T04:49:21+08:00,2026-09-22,2026-07-01T23:25:21+08:00
ORD00102018,M007539,P00274,app,paid,4,TWD,328205.0,100.0,2026-07-01T23:25:41+08:00,2026-09-17,2026-07-02T19:02:41+08:00
ORD00103492,M003336,P00051,電銷,paid,3,TWD,518060.0,750.0,2026-07-01T17:55:14+08:00,2026-07-10,2026-07-02T06:51:14+08:00
ORD00102135,M003783,P00006,app,created,4,TWD,593307.0,950.0,2026-07-01T17:28:40+08:00,2026-07-18,2026-07-04T09:20:40+08:00
ORD00102521,M003600,P00018,門市,created,4,TWD,664269.0,750.0,2026-07-01T01:37:36+08:00,2026-07-28,2026-07-01T09:36:36+08:00
ORD00103683,M003403,P00036,門市,paid,2,TWD,167083.0,200.0,2026-07-01T12:19:37+08:00,2026-09-09,2026-07-02T13:10:37+08:00
ORD00102664,M003543,P00223,app,paid,4,TWD,826894.0,700.0,2026-07-01T21:46:42+08:00,2026-09-15,2026-07-02T00:14:42+08:00
ORD00103600,M007728,P00063,web,paid,1,TWD,152455.0,750.0,2026-07-01T01:43:00+08:00,2026-08-07,2026-07-03T00:17:00+08:00
ORD00101688,M001101,P00216,web,paid,2,JPY,118115.0,600.0,2026-07-01T13:43:36+08:00,2026-08-25,2026-07-01T15:58:36+08:00
ORD00103602,M005177,P00260,電銷,created,3,TWD,351015.0,50.0,2026-07-01T06:22:35+08:00,2026-08-03,2026-07-02T03:34:35+08:00
ORD00100103,M001856,P00257,app,paid,3,TWD,97117.0,850.0,2026-07-01T09:48:11+08:00,2026-10-28,2026-07-02T16:46:11+08:00
ORD00100852,M004995,P00214,電銷,paid,4,TWD,487291.0,400.0,2026-07-01T18:55:41+08:00,2026-07-15,2026-07-03T22:46:41+08:00
ORD00046803,M007409,P00096,app,completed,4,TWD,32633.0,50.0,2026-05-30T12:33:56+08:00,2026-08-30,2026-07-01T02:13:10+08:00
ORD00103637,M006168,P00198,電銷,paid,3,JPY,333826.0,150.0,2026-07-01T22:44:19+08:00,2026-08-13,2026-07-02T16:43:19+08:00
ORD00102810,M003100,P00170,門市,paid,3,TWD,210176.0,450.0,2026-07-01T01:54:13+08:00,2026-10-18,2026-07-02T21:19:13+08:00
ORD00005192,M005173,P00040,web,completed,3,USD,6927.0,500.0,2026-05-04T08:52:43+08:00,2026-05-19,2026-07-01T22:37:58+08:00
ORD00100371,M000794,P00291,門市,paid,4,TWD,143426.0,400.0,2026-07-01T17:41:01+08:00,2026-07-22,2026-07-03T07:09:01+08:00
ORD00102941,M003705,P00279,app,paid,3,JPY,1736977.0,500.0,2026-07-01T03:09:29+08:00,2026-08-16,2026-07-01T11:42:29+08:00
ORD00103573,M002008,P00088,電銷,created,2,JPY,625905.0,200.0,2026-07-01T00:38:27+08:00,2026-08-17,2026-07-02T18:58:27+08:00
ORD00102468,M003714,P00100,門市,paid,1,TWD,188868.0,400.0,2026-07-01T16:55:37+08:00,2026-10-17,2026-07-02T13:24:37+08:00
ORD00102249,M000994,P00091,web,created,3,TWD,350030.0,750.0,2026-07-01T15:09:48+08:00,2026-10-02,2026-07-04T05:54:48+08:00
ORD00102506,M001896,P00183,app,paid,4,USD,21092.78,350.0,2026-07-01T19:42:05+08:00,2026-10-22,2026-07-02T09:39:05+08:00
ORD00102089,M003737,P00031,web,created,2,TWD,370953.0,750.0,2026-07-01T07:47:36+08:00,2026-07-11,2026-07-02T18:28:36+08:00
ORD00103919,M005117,P00066,電銷,created,1,TWD,197158.0,800.0,2026-07-01T04:49:22+08:00,2026-07-31,2026-07-01T11:57:22+08:00
ORD00102033,M005877,P00205,app,paid,4,TWD,44187.0,450.0,2026-07-01T16:19:49+08:00,2026-07-26,2026-07-01T18:20:49+08:00
ORD00100434,M001655,P00045,app,paid,3,TWD,25092.0,700.0,2026-07-01T05:27:02+08:00,2026-10-05,2026-07-01T08:32:02+08:00
ORD00034692,M006342,P00190,門市,cancelled,2,TWD,345360.0,850.0,2026-05-22T09:24:08+08:00,2026-06-18,2026-07-01T08:42:30+08:00
ORD00025075,M004737,P00226,web,cancelled,3,TWD,351590.0,100.0,2026-06-10T09:47:44+08:00,2026-09-28,2026-07-01T05:16:33+08:00
ORD00081806,M003752,P00183,app,completed,3,TWD,369022.0,400.0,2026-06-02T16:18:13+08:00,2026-08-27,2026-07-01T01:58:23+08:00
ORD00102756,M005512,P00263,電銷,paid,2,TWD,195291.0,900.0,2026-07-01T14:25:29+08:00,2026-10-28,2026-07-03T04:57:29+08:00
ORD00101505,M007521,P00179,電銷,created,2,TWD,245640.0,600.0,2026-07-01T11:45:26+08:00,2026-08-27,2026-07-03T07:21:26+08:00
ORD00102931,M007394,P00102,電銷,paid,3,JPY,573835.0,100.0,2026-07-01T09:56:54+08:00,2026-07-09,2026-07-02T04:00:54+08:00
ORD00102351,M000144,P00062,web,created,1,USD,3843.08,300.0,2026-07-01T04:25:05+08:00,2026-07-26,2026-07-01T05:13:05+08:00
ORD00102523,M006846,P00081,電銷,paid,2,TWD,252103.0,200.0,2026-07-01T08:08:11+08:00,2026-09-23,2026-07-01T23:37:11+08:00
ORD00101858,M000960,P00156,app,paid,1,TWD,168432.0,400.0,2026-07-01T10:37:01+08:00,2026-07-27,2026-07-03T14:54:01+08:00
ORD00101298,M004023,P00164,門市,paid,2,TWD,76724.0,400.0,2026-07-01T17:04:42+08:00,2026-10-22,2026-07-04T02:23:42+08:00
ORD00101504,M007813,P00169,web,paid,1,TWD,41805.0,550.0,2026-07-01T14:39:10+08:00,2026-09-17,2026-07-04T06:12:10+08:00
ORD00005605,M002397,P00140,web,cancelled,3,TWD,127491.0,100.0,2026-05-02T06:04:29+08:00,2026-05-19,2026-07-01T09:11:36+08:00
ORD00102676,M000914,P00049,app,paid,3,JPY,323793.0,400.0,2026-07-01T13:22:33+08:00,2026-07-29,2026-07-02T17:55:33+08:00
ORD00100157,M002960,P00069,web,paid,2,TWD,364586.0,800.0,2026-07-01T16:20:41+08:00,2026-08-10,2026-07-03T03:13:41+08:00
ORD00101954,M001392,P00261,門市,paid,2,TWD,11266.0,400.0,2026-07-01T23:29:28+08:00,2026-09-18,2026-07-03T22:24:28+08:00
ORD00100641,M002978,P00296,app,paid,1,TWD,7981.0,650.0,2026-07-01T23:33:51+08:00,2026-09-06,2026-07-02T17:46:51+08:00
ORD00103478,M001724,P00058,app,paid,4,JPY,848339.0,700.0,2026-07-01T21:28:16+08:00,2026-10-05,2026-07-03T09:51:16+08:00
ORD00103195,M007090,P00206,web,created,2,USD,12029.62,650.0,2026-07-01T15:54:36+08:00,2026-09-11,2026-07-04T05:41:36+08:00
ORD00103008,M005369,P00053,app,created,4,USD,10208.0,900.0,2026-07-01T00:41:03+08:00,2026-09-19,2026-07-02T23:54:03+08:00
ORD00100655,M001848,P00008,電銷,paid,4,TWD,295161.0,0.0,2026-07-01T03:53:07+08:00,2026-08-11,2026-07-02T07:04:07+08:00
ORD00102458,M001371,P00127,app,created,2,TWD,105031.0,300.0,2026-07-01T21:12:24+08:00,2026-09-19,2026-07-02T00:36:24+08:00
ORD00100705,M004779,P00020,web,created,1,TWD,58640.0,100.0,2026-07-01T09:43:33+08:00,2026-08-31,2026-07-03T04:22:33+08:00
ORD00100624,M004790,P00124,web,paid,2,TWD,71944.0,550.0,2026-07-01T05:29:46+08:00,2026-07-08,2026-07-03T10:01:46+08:00
ORD00100510,M005564,P00133,門市,created,4,USD,694.03,500.0,2026-07-01T23:37:16+08:00,2026-08-04,2026-07-03T15:56:16+08:00
ORD00053576,M002075,P00101,app,cancelled,4,USD,7648.64,150.0,2026-06-11T14:56:19+08:00,2026-09-04,2026-07-01T05:58:17+08:00
ORD00101109,M000635,P00002,門市,created,1,JPY,383657.0,200.0,2026-07-01T04:42:49+08:00,2026-08-20,2026-07-03T22:34:49+08:00
ORD00100185,M003494,P00277,門市,paid,2,TWD,234649.0,500.0,2026-07-01T12:29:43+08:00,2026-10-23,2026-07-03T15:35:43+08:00
ORD00103739,M007762,P00236,門市,paid,4,TWD,715489.0,350.0,2026-07-01T19:12:56+08:00,2026-09-24,2026-07-04T00:18:56+08:00
ORD00101214,M001452,P00087,web,paid,1,USD,5356.32,850.0,2026-07-01T22:00:41+08:00,2026-07-10,2026-07-02T17:35:41+08:00
ORD00103961,M003200,P00152,web,paid,1,TWD,37429.0,250.0,2026-07-01T03:56:09+08:00,2026-07-22,2026-07-02T19:18:09+08:00
ORD00103487,M000037,P00255,web,paid,1,TWD,189826.0,300.0,2026-07-01T03:09:08+08:00,2026-10-11,2026-07-03T15:21:08+08:00
ORD00101227,M003986,P00181,web,paid,3,TWD,43643.0,300.0,2026-07-01T12:39:10+08:00,2026-07-28,2026-07-02T22:16:10+08:00
ORD00102962,M002222,P00257,電銷,paid,4,JPY,727827.0,500.0,2026-07-01T02:45:01+08:00,2026-08-26,2026-07-03T01:36:01+08:00
ORD00102329,M000524,P00115,門市,paid,2,TWD,245855.0,450.0,2026-07-01T10:22:14+08:00,2026-07-21,2026-07-04T01:30:14+08:00
ORD00103255,M006802,P00075,門市,created,4,JPY,443467.0,450.0,2026-07-01T03:49:20+08:00,2026-08-15,2026-07-02T15:17:20+08:00
ORD00103012,M007401,P00264,門市,created,4,JPY,204236.0,300.0,2026-07-01T13:10:12+08:00,2026-09-20,2026-07-03T19:00:12+08:00
ORD00103333,M001405,P00155,web,paid,3,TWD,152731.0,850.0,2026-07-01T07:54:31+08:00,2026-08-20,2026-07-02T22:26:31+08:00
ORD00100172,M007432,P00038,app,paid,3,USD,1907.26,50.0,2026-07-01T19:19:09+08:00,2026-09-20,2026-07-03T20:24:09+08:00
ORD00103842,M004438,P00181,web,created,3,JPY,264283.0,350.0,2026-07-01T09:08:22+08:00,2026-10-17,2026-07-02T16:59:22+08:00
ORD00101742,M002891,P00124,app,paid,2,TWD,83339.0,550.0,2026-07-01T05:20:47+08:00,2026-08-29,2026-07-01T08:10:47+08:00
ORD00103622,M001603,P00093,電銷,paid,4,TWD,555924.0,550.0,2026-07-01T05:13:15+08:00,2026-08-01,2026-07-02T03:03:15+08:00
ORD00102585,M002752,P00064,門市,paid,2,TWD,46116.0,350.0,2026-07-01T17:13:11+08:00,2026-07-22,2026-07-03T05:37:11+08:00
ORD00103263,M000989,P00247,電銷,paid,4,TWD,676966.0,400.0,2026-07-01T08:06:07+08:00,2026-08-14,2026-07-03T00:27:07+08:00
ORD00102120,M004313,P00122,web,created,4,TWD,771459.0,600.0,2026-07-01T13:19:58+08:00,2026-09-05,2026-07-02T16:46:58+08:00
ORD00101073,M006251,P00118,app,paid,1,TWD,153125.0,0.0,2026-07-01T06:42:10+08:00,2026-08-25,2026-07-02T08:26:10+08:00
ORD00103565,M004662,P00032,app,paid,2,TWD,224381.0,450.0,2026-07-01T00:21:55+08:00,2026-10-12,2026-07-03T00:02:55+08:00
ORD00102096,M005943,P00144,電銷,paid,3,USD,11047.2,750.0,2026-07-01T23:04:10+08:00,2026-10-21,2026-07-02T00:01:10+08:00
ORD00101804,M003467,P00209,門市,paid,3,USD,9919.31,500.0,2026-07-01T12:44:47+08:00,2026-07-29,2026-07-03T08:41:47+08:00
ORD00100287,M004355,P00228,門市,paid,4,USD,14090.84,50.0,2026-07-01T06:30:07+08:00,2026-09-13,2026-07-01T11:30:07+08:00
ORD00100417,M001025,P00089,web,paid,4,TWD,282999.0,950.0,2026-07-01T04:02:40+08:00,2026-10-02,2026-07-03T11:26:40+08:00
ORD00101420,M003243,P00116,門市,paid,3,TWD,268933.0,300.0,2026-07-01T20:53:36+08:00,2026-09-01,2026-07-03T19:06:36+08:00
ORD00103035,M001677,P00128,web,created,4,TWD,718077.0,150.0,2026-07-01T18:24:57+08:00,2026-10-19,2026-07-04T00:03:57+08:00
ORD00102964,M002129,P00088,web,paid,3,TWD,184463.0,200.0,2026-07-01T10:01:15+08:00,2026-07-30,2026-07-01T10:35:15+08:00
ORD00102354,M005875,P00247,門市,created,1,TWD,142342.0,800.0,2026-07-01T15:23:38+08:00,2026-07-21,2026-07-02T09:42:38+08:00
ORD00103307,M000178,P00051,門市,paid,3,TWD,493398.0,850.0,2026-07-01T14:58:30+08:00,2026-10-13,2026-07-02T03:58:30+08:00
ORD00100919,M000537,P00105,app,paid,4,TWD,253978.0,750.0,2026-07-01T09:55:51+08:00,2026-09-23,2026-07-02T04:26:51+08:00
ORD00103174,M001021,P00114,app,created,2,TWD,189252.0,250.0,2026-07-01T15:49:16+08:00,2026-10-05,2026-07-04T08:46:16+08:00
ORD00103957,M003246,P00296,app,created,4,TWD,26065.0,250.0,2026-07-01T23:26:11+08:00,2026-10-26,2026-07-03T00:42:11+08:00
ORD00100902,M005205,P00101,電銷,created,1,TWD,52713.0,100.0,2026-07-01T07:28:23+08:00,2026-08-31,2026-07-01T16:00:23+08:00
ORD00101682,M003919,P00143,電銷,paid,2,TWD,21591.0,850.0,2026-07-01T04:25:46+08:00,2026-10-06,2026-07-01T13:16:46+08:00
ORD00100534,M007544,P00108,app,paid,1,TWD,103453.0,700.0,2026-07-01T16:28:03+08:00,2026-07-25,2026-07-02T17:29:03+08:00
ORD00101012,M002015,P00155,app,paid,4,JPY,818609.0,350.0,2026-07-01T02:14:03+08:00,2026-10-18,2026-07-03T09:36:03+08:00
ORD00101126,M003307,P00146,web,paid,1,USD,852.2,300.0,2026-07-01T04:16:40+08:00,2026-07-08,2026-07-02T01:22:40+08:00
ORD00102335,M004645,P00021,web,created,1,TWD,188867.0,850.0,2026-07-01T00:36:04+08:00,2026-07-20,2026-07-01T05:24:04+08:00
ORD00103314,M006601,P00062,app,created,1,TWD,129326.0,900.0,2026-07-01T15:45:56+08:00,2026-08-12,2026-07-03T23:53:56+08:00
ORD00103914,M004304,P00077,app,paid,3,TWD,635924.0,800.0,2026-07-01T18:15:51+08:00,2026-07-13,2026-07-03T02:25:51+08:00
ORD00074596,M001216,P00223,app,completed,3,USD,21637.94,800.0,2026-05-07T20:19:00+08:00,2026-05-28,2026-07-01T16:00:56+08:00
ORD00031652,M001143,P00251,門市,cancelled,1,TWD,121132.0,250.0,2026-06-11T20:19:16+08:00,2026-06-22,2026-07-01T09:03:33+08:00
ORD00100732,M006881,P00024,電銷,paid,4,TWD,321051.0,600.0,2026-07-01T06:55:57+08:00,2026-09-07,2026-07-02T13:10:57+08:00
ORD00101167,M003479,P00035,app,paid,3,TWD,710999.0,250.0,2026-07-01T16:23:16+08:00,2026-10-02,2026-07-03T08:24:16+08:00
ORD00103889,M000272,P00114,電銷,paid,2,TWD,195660.0,300.0,2026-07-01T15:28:48+08:00,2026-08-02,2026-07-03T20:10:48+08:00
ORD00103045,M004816,P00102,app,created,1,USD,1197.49,850.0,2026-07-01T20:00:38+08:00,2026-10-26,2026-07-03T13:37:38+08:00
ORD00102118,M002388,P00299,門市,paid,1,TWD,29920.0,400.0,2026-07-01T07:15:54+08:00,2026-07-11,2026-07-03T02:49:54+08:00
ORD00074500,M000848,P00146,門市,completed,1,TWD,25210.0,650.0,2026-06-13T00:12:54+08:00,2026-07-03,2026-07-01T00:02:14+08:00
ORD00101155,M002453,P00147,門市,paid,2,JPY,2053867.0,250.0,2026-07-01T04:17:15+08:00,2026-07-29,2026-07-01T05:42:15+08:00
ORD00103570,M006201,P00149,app,paid,1,JPY,1117503.0,700.0,2026-07-01T15:21:42+08:00,2026-10-23,2026-07-02T05:53:42+08:00
ORD00100962,M004778,P00292,門市,paid,3,TWD,504816.0,700.0,2026-07-01T09:21:43+08:00,2026-08-16,2026-07-03T15:32:43+08:00
ORD00103367,M001185,P00128,web,paid,4,TWD,520121.0,900.0,2026-07-01T11:48:03+08:00,2026-09-07,2026-07-02T17:46:03+08:00
ORD00100667,M002594,P00025,app,paid,3,TWD,402769.0,550.0,2026-07-01T22:20:20+08:00,2026-09-04,2026-07-03T09:41:20+08:00
ORD00101536,M006271,P00042,app,created,2,TWD,309222.0,550.0,2026-07-01T12:56:24+08:00,2026-09-05,2026-07-04T03:09:24+08:00
ORD00101416,M000980,P00195,app,paid,3,TWD,224634.0,250.0,2026-07-01T21:28:24+08:00,2026-08-25,2026-07-04T11:09:24+08:00
ORD00102726,M000376,P00275,門市,cancelled,3,USD,8564.33,100.0,2026-07-01T07:13:45+08:00,2026-08-09,2026-07-04T03:01:45+08:00
ORD00101911,M004768,P00110,電銷,paid,1,USD,4908.14,650.0,2026-07-01T00:33:37+08:00,2026-07-24,2026-07-02T12:42:37+08:00
ORD00103696,M006347,P00031,門市,created,3,USD,18156.04,100.0,2026-07-01T20:19:23+08:00,2026-07-17,2026-07-04T14:06:23+08:00
ORD00103514,M006057,P00175,web,paid,4,USD,2439.43,800.0,2026-07-01T10:37:46+08:00,2026-07-17,2026-07-03T14:07:46+08:00
ORD00100714,M006651,P00152,電銷,created,1,TWD,50300.0,500.0,2026-07-01T12:59:03+08:00,2026-09-16,2026-07-01T16:33:03+08:00
ORD00102087,M002117,P00204,web,paid,4,JPY,2920921.0,700.0,2026-07-01T17:36:57+08:00,2026-10-10,2026-07-03T08:21:57+08:00
ORD00103941,M000075,P00087,web,paid,1,USD,5849.07,150.0,2026-07-01T09:35:45+08:00,2026-08-26,2026-07-03T17:35:45+08:00
ORD00088597,M004809,P00037,web,cancelled,4,TWD,476583.0,250.0,2026-05-27T17:14:35+08:00,2026-06-20,2026-07-01T06:27:52+08:00
ORD00102484,M005724,P00264,web,paid,2,USD,715.95,500.0,2026-07-01T20:28:48+08:00,2026-08-18,2026-07-02T02:50:48+08:00
ORD00103208,M007889,P00197,app,created,4,TWD,296726.0,450.0,2026-07-01T02:43:51+08:00,2026-09-24,2026-07-03T08:24:51+08:00
ORD00103799,M004940,P00086,app,paid,2,TWD,44449.0,200.0,2026-07-01T12:22:44+08:00,2026-08-13,2026-07-02T23:55:44+08:00
ORD00062556,M004990,P00265,app,completed,1,TWD,177999.0,750.0,2026-05-05T00:29:49+08:00,2026-06-13,2026-07-01T22:44:32+08:00
ORD00100036,M004832,P00136,app,paid,2,USD,1183.94,250.0,2026-07-01T02:07:26+08:00,2026-08-13,2026-07-02T09:30:26+08:00
ORD00102202,M007739,P00120,電銷,paid,3,TWD,296405.0,500.0,2026-07-01T22:04:54+08:00,2026-08-08,2026-07-03T04:09:54+08:00
ORD00102317,M004996,P00269,app,created,4,TWD,297845.0,600.0,2026-07-01T05:58:04+08:00,2026-08-21,2026-07-03T06:26:04+08:00
ORD00100049,M006780,P00067,門市,paid,2,TWD,270020.0,650.0,2026-07-01T18:04:08+08:00,2026-10-11,2026-07-04T06:29:08+08:00
ORD00103034,M001039,P00085,電銷,paid,3,TWD,711045.0,900.0,2026-07-01T20:07:17+08:00,2026-10-23,2026-07-03T09:55:17+08:00
ORD00101543,M006960,P00183,電銷,paid,4,TWD,617565.0,950.0,2026-07-01T17:37:42+08:00,2026-09-05,2026-07-04T01:41:42+08:00
ORD00100894,M006931,P00103,門市,paid,4,USD,2703.95,300.0,2026-07-01T10:07:06+08:00,2026-10-25,2026-07-02T07:13:06+08:00
ORD00065680,M002308,P00043,門市,cancelled,3,TWD,342556.0,250.0,2026-05-13T14:04:43+08:00,2026-06-16,2026-07-01T15:33:41+08:00
ORD00102800,M004693,P00082,web,created,2,USD,13725.53,800.0,2026-07-01T08:56:59+08:00,2026-09-03,2026-07-03T14:23:59+08:00
ORD00101469,M003144,P00044,電銷,paid,2,TWD,63610.0,300.0,2026-07-01T21:50:34+08:00,2026-08-04,2026-07-03T14:32:34+08:00
ORD00101583,M006001,P00056,門市,paid,4,USD,8304.93,350.0,2026-07-01T00:02:35+08:00,2026-09-09,2026-07-02T20:24:35+08:00
ORD00100182,M004478,P00037,app,paid,1,USD,4110.23,500.0,2026-07-01T18:47:20+08:00,2026-09-06,2026-07-02T08:17:20+08:00
ORD00100252,M006737,P00147,電銷,created,3,USD,17795.51,950.0,2026-07-01T12:53:42+08:00,2026-07-23,2026-07-03T01:25:42+08:00
ORD00101138,M001307,P00199,門市,paid,4,TWD,29516.0,500.0,2026-07-01T06:59:22+08:00,2026-10-05,2026-07-03T02:44:22+08:00
ORD00103409,M005926,P00146,web,created,2,USD,1489.9,700.0,2026-07-01T06:04:23+08:00,2026-08-09,2026-07-02T10:37:23+08:00
ORD00103155,M001592,P00294,門市,paid,3,TWD,485104.0,900.0,2026-07-01T00:47:09+08:00,2026-09-23,2026-07-03T12:17:09+08:00
ORD00102545,M004756,P00178,門市,created,3,TWD,97577.0,550.0,2026-07-01T16:14:04+08:00,2026-10-22,2026-07-03T01:08:04+08:00
ORD00101574,M002536,P00119,電銷,created,3,JPY,3091010.0,800.0,2026-07-01T12:35:12+08:00,2026-08-27,2026-07-02T21:35:12+08:00
ORD00101329,M006706,P00041,web,created,4,TWD,39316.0,600.0,2026-07-01T17:22:51+08:00,2026-09-20,2026-07-03T12:13:51+08:00
ORD00100123,M000336,P00060,web,cancelled,1,JPY,655964.0,800.0,2026-07-01T07:46:21+08:00,2026-07-24,2026-07-02T16:59:21+08:00
ORD00102247,M001556,P00001,web,paid,1,TWD,117804.0,800.0,2026-07-01T04:56:41+08:00,2026-08-08,2026-07-03T12:21:41+08:00
ORD00103147,M003084,P00266,app,paid,3,USD,1312.25,150.0,2026-07-01T23:12:22+08:00,2026-10-24,2026-07-04T03:49:22+08:00
ORD00103348,M006298,P00203,app,paid,3,TWD,357420.0,100.0,2026-07-01T02:46:26+08:00,2026-10-10,2026-07-02T07:50:26+08:00
ORD00100074,M001474,P00061,app,paid,2,TWD,343624.0,300.0,2026-07-01T22:45:56+08:00,2026-10-01,2026-07-04T09:46:56+08:00
ORD00102984,M001399,P00134,門市,created,3,TWD,345218.0,250.0,2026-07-01T13:23:39+08:00,2026-10-07,2026-07-01T18:26:39+08:00
ORD00103224,M001743,P00029,門市,paid,4,TWD,505108.0,900.0,2026-07-01T11:56:42+08:00,2026-08-13,2026-07-04T01:05:42+08:00
ORD00102928,M001375,P00295,web,paid,1,USD,1611.89,150.0,2026-07-01T01:43:21+08:00,2026-09-10,2026-07-02T19:56:21+08:00
ORD00098789,M002331,P00155,app,cancelled,2,TWD,101089.0,450.0,2026-06-28T16:46:33+08:00,2026-09-12,2026-07-01T20:34:19+08:00
ORD00035502,M004542,P00110,門市,completed,3,TWD,586051.0,0.0,2026-05-08T20:05:42+08:00,2026-08-26,2026-07-01T04:03:02+08:00
ORD00103209,M005386,P00289,門市,paid,2,TWD,235261.0,400.0,2026-07-01T01:50:34+08:00,2026-10-01,2026-07-01T04:38:34+08:00
ORD00014095,M000940,P00002,app,completed,1,USD,2054.35,450.0,2026-05-31T08:42:50+08:00,2026-07-26,2026-07-01T13:01:25+08:00
ORD00101430,M002320,P00016,app,paid,1,USD,2697.8,350.0,2026-07-01T02:23:20+08:00,2026-07-29,2026-07-02T19:16:20+08:00
ORD00102154,M005875,P00124,電銷,created,3,TWD,126731.0,700.0,2026-07-01T00:37:37+08:00,2026-08-24,2026-07-03T15:00:37+08:00
ORD00100206,M003525,P00237,門市,paid,3,JPY,2676476.0,50.0,2026-07-01T23:51:18+08:00,2026-09-08,2026-07-02T23:22:18+08:00
ORD00101039,M006280,P00003,電銷,paid,1,TWD,90120.0,400.0,2026-07-01T19:50:39+08:00,2026-07-23,2026-07-04T10:03:39+08:00
ORD00103921,M006206,P00134,電銷,paid,2,TWD,205977.0,150.0,2026-07-01T01:42:17+08:00,2026-10-27,2026-07-02T10:06:17+08:00
ORD00102920,M006391,P00200,web,created,3,USD,11666.83,500.0,2026-07-01T19:25:06+08:00,2026-07-30,2026-07-03T08:29:06+08:00
ORD00101384,M002944,P00129,web,paid,2,TWD,285486.0,400.0,2026-07-01T00:44:04+08:00,2026-08-15,2026-07-02T05:11:04+08:00
ORD00103433,M004406,P00190,web,paid,4,USD,27851.95,0.0,2026-07-01T20:09:03+08:00,2026-08-31,2026-07-02T13:20:03+08:00
ORD00101832,M003463,P00256,app,paid,2,USD,14429.2,900.0,2026-07-01T13:19:35+08:00,2026-07-17,2026-07-02T07:52:35+08:00
ORD00101649,M002615,P00025,app,created,2,USD,10600.11,50.0,2026-07-01T02:45:36+08:00,2026-09-16,2026-07-01T20:23:36+08:00
ORD00102036,M001598,P00027,門市,paid,2,USD,7288.12,950.0,2026-07-01T22:48:41+08:00,2026-09-19,2026-07-03T13:08:41+08:00
ORD00100835,M000792,P00160,web,paid,4,TWD,49477.0,150.0,2026-07-01T09:46:00+08:00,2026-08-27,2026-07-01T12:24:00+08:00
ORD00102787,M006973,P00227,門市,created,2,TWD,246475.0,900.0,2026-07-01T00:29:23+08:00,2026-10-15,2026-07-02T16:17:23+08:00
ORD00103395,M003771,P00026,app,created,4,TWD,426244.0,150.0,2026-07-01T01:11:56+08:00,2026-10-04,2026-07-02T05:22:56+08:00
ORD00102695,M005304,P00258,門市,paid,3,USD,12622.81,600.0,2026-07-01T03:06:27+08:00,2026-10-05,2026-07-02T18:06:27+08:00
ORD00101797,M004276,P00059,門市,paid,4,JPY,1760755.0,550.0,2026-07-01T01:21:20+08:00,2026-10-03,2026-07-02T20:15:20+08:00
ORD00100293,M001866,P00115,web,paid,3,JPY,2488522.0,450.0,2026-07-01T10:38:42+08:00,2026-07-17,2026-07-02T04:21:42+08:00
ORD00100471,M007348,P00193,電銷,created,1,JPY,824858.0,900.0,2026-07-01T11:51:19+08:00,2026-09-26,2026-07-04T04:50:19+08:00
ORD00103848,M004723,P00171,門市,paid,1,TWD,68356.0,950.0,2026-07-01T00:55:51+08:00,2026-08-11,2026-07-03T09:38:51+08:00
ORD00102974,M004483,P00181,app,paid,2,TWD,37850.0,700.0,2026-07-01T04:21:55+08:00,2026-10-20,2026-07-02T16:32:55+08:00
ORD00103029,M001370,P00024,門市,paid,2,USD,4890.61,600.0,2026-07-01T02:16:25+08:00,2026-07-23,2026-07-03T19:30:25+08:00
ORD00103777,M005816,P00082,web,paid,1,TWD,197452.0,500.0,2026-07-01T19:22:04+08:00,2026-10-02,2026-07-02T02:00:04+08:00
ORD00100416,M004585,P00041,電銷,created,4,TWD,32692.0,500.0,2026-07-01T13:49:57+08:00,2026-08-20,2026-07-02T05:22:57+08:00
ORD00102071,M005971,P00223,門市,paid,4,TWD,898151.0,450.0,2026-07-01T08:41:03+08:00,2026-09-12,2026-07-03T21:59:03+08:00
ORD00103471,M001093,P00090,app,paid,1,TWD,149203.0,100.0,2026-07-01T05:41:35+08:00,2026-09-15,2026-07-02T00:32:35+08:00
ORD00100943,M000734,P00245,電銷,created,4,TWD,528164.0,950.0,2026-07-01T11:56:50+08:00,2026-09-30,2026-07-01T15:13:50+08:00
ORD00001312,M001080,P00151,門市,completed,1,USD,2593.01,650.0,2026-05-13T09:42:57+08:00,2026-08-15,2026-07-01T21:24:28+08:00
ORD00102489,M005395,P00243,app,paid,3,USD,13538.16,200.0,2026-07-01T12:00:15+08:00,2026-09-22,2026-07-02T00:35:15+08:00
ORD00011237,M004179,P00251,web,completed,4,TWD,517108.0,900.0,2026-06-28T09:48:07+08:00,2026-10-10,2026-07-01T15:03:35+08:00
ORD00082298,M004754,P00169,app,cancelled,2,TWD,77229.0,850.0,2026-05-30T10:30:49+08:00,2026-08-31,2026-07-01T15:13:51+08:00
ORD00101114,M000015,P00081,電銷,paid,3,TWD,399590.0,750.0,2026-07-01T05:30:30+08:00,2026-07-08,2026-07-02T12:07:30+08:00
ORD00102240,M004993,P00282,電銷,paid,1,TWD,240220.0,600.0,2026-07-01T10:48:46+08:00,2026-10-07,2026-07-04T03:38:46+08:00
ORD00100905,M004202,P00195,web,paid,4,JPY,1452983.0,800.0,2026-07-01T02:20:53+08:00,2026-09-17,2026-07-03T18:27:53+08:00
ORD00102707,M004182,P00056,電銷,created,2,USD,5740.73,100.0,2026-07-01T01:51:14+08:00,2026-08-17,2026-07-02T23:08:14+08:00
ORD00100967,M005203,P00150,web,paid,2,TWD,390949.0,450.0,2026-07-01T09:16:05+08:00,2026-08-22,2026-07-02T02:18:05+08:00
ORD00102167,M000719,P00181,電銷,paid,1,TWD,18448.0,550.0,2026-07-01T08:56:53+08:00,2026-08-14,2026-07-03T14:42:53+08:00
ORD00100920,M003158,P00286,電銷,paid,4,TWD,591158.0,300.0,2026-07-01T13:52:22+08:00,2026-07-17,2026-07-04T01:16:22+08:00
ORD00103950,M002621,P00086,app,paid,2,TWD,38861.0,550.0,2026-07-01T10:23:14+08:00,2026-07-17,2026-07-03T13:24:14+08:00
ORD00013919,M000213,P00165,web,cancelled,1,TWD,67086.0,600.0,2026-05-23T07:59:22+08:00,2026-08-14,2026-07-01T00:04:00+08:00
ORD00101882,M001853,P00124,門市,paid,1,USD,1159.73,450.0,2026-07-01T20:32:58+08:00,2026-09-20,2026-07-03T06:10:58+08:00
ORD00100248,M006051,P00185,電銷,created,3,TWD,598377.0,250.0,2026-07-01T05:00:14+08:00,2026-10-05,2026-07-03T17:34:14+08:00
ORD00043756,M005318,P00019,web,completed,3,USD,7637.72,650.0,2026-05-10T22:54:46+08:00,2026-07-12,2026-07-01T13:11:57+08:00
ORD00103630,M005069,P00049,app,paid,4,TWD,63804.0,950.0,2026-07-01T01:24:12+08:00,2026-08-08,2026-07-01T23:29:12+08:00
ORD00103798,M001707,P00255,電銷,paid,2,USD,11503.33,900.0,2026-07-01T14:36:13+08:00,2026-07-25,2026-07-02T22:20:13+08:00
ORD00056881,M000299,P00024,門市,completed,2,TWD,153227.0,500.0,2026-05-11T14:06:14+08:00,2026-06-16,2026-07-01T02:06:10+08:00
ORD00103567,M001864,P00013,門市,paid,4,USD,17449.0,400.0,2026-07-01T14:33:57+08:00,2026-09-09,2026-07-03T10:41:57+08:00
ORD00103126,M005097,P00252,app,paid,3,TWD,168772.0,600.0,2026-07-01T14:02:00+08:00,2026-08-13,2026-07-03T22:44:00+08:00
ORD00101344,M005627,P00282,電銷,paid,1,TWD,227773.0,450.0,2026-07-01T01:51:55+08:00,2026-09-03,2026-07-02T10:36:55+08:00
ORD00101418,M003998,P00220,門市,paid,2,USD,2300.34,800.0,2026-07-01T10:02:07+08:00,2026-09-24,2026-07-01T17:21:07+08:00
ORD00103190,M002929,P00206,門市,paid,1,USD,6081.45,50.0,2026-07-01T20:09:59+08:00,2026-08-20,2026-07-02T17:58:59+08:00
ORD00100907,M006333,P00031,電銷,paid,4,TWD,824631.0,300.0,2026-07-01T11:35:37+08:00,2026-08-31,2026-07-02T08:17:37+08:00
ORD00101150,M000595,P00181,app,created,3,TWD,51624.0,300.0,2026-07-01T18:01:18+08:00,2026-10-17,2026-07-04T09:49:18+08:00
ORD00101789,M003241,P00095,電銷,created,1,USD,7299.91,800.0,2026-07-01T05:13:06+08:00,2026-09-10,2026-07-02T21:59:09+08:00
ORD00101193,M000685,P00144,門市,created,4,USD,13820.14,900.0,2026-07-01T09:05:49+08:00,2026-09-15,2026-07-04T02:50:49+08:00
ORD00101236,M000684,P00254,web,paid,3,TWD,10383.0,250.0,2026-07-01T14:29:24+08:00,2026-08-06,2026-07-04T07:24:24+08:00
ORD00103517,M002151,P00295,門市,paid,1,TWD,59713.0,200.0,2026-07-01T16:40:26+08:00,2026-07-29,2026-07-02T20:31:26+08:00
ORD00100170,M005538,P00080,電銷,created,1,TWD,163350.0,150.0,2026-07-01T22:58:20+08:00,2026-07-22,2026-07-03T21:02:20+08:00
ORD00100389,M003358,P00085,電銷,paid,4,TWD,724604.0,350.0,2026-07-01T06:45:41+08:00,2026-08-06,2026-07-02T18:32:41+08:00
ORD00102661,M004126,P00078,門市,paid,2,JPY,945581.0,250.0,2026-07-01T12:52:36+08:00,2026-08-25,2026-07-01T14:05:36+08:00
ORD00103136,M000360,P00285,門市,created,2,TWD,247580.0,250.0,2026-07-01T14:44:35+08:00,2026-08-04,2026-07-02T08:50:35+08:00
ORD00101181,M006484,P00044,門市,created,4,TWD,158250.0,600.0,2026-07-01T05:16:25+08:00,2026-08-24,2026-07-03T23:03:25+08:00
ORD00075351,M002023,P00098,app,cancelled,4,TWD,535908.0,300.0,2026-06-13T19:26:38+08:00,2026-06-22,2026-07-01T07:43:21+08:00
ORD00047034,M003354,P00293,app,completed,2,TWD,118403.0,650.0,2026-05-29T06:52:52+08:00,2026-09-13,2026-07-01T21:33:23+08:00
ORD00023843,M006619,P00162,web,cancelled,1,USD,234.29,150.0,2026-05-10T21:21:43+08:00,2026-07-17,2026-07-01T16:46:48+08:00
ORD00100888,M000369,P00170,app,paid,3,TWD,235753.0,950.0,2026-07-01T06:52:59+08:00,2026-07-23,2026-07-01T18:19:59+08:00
ORD00101161,M000172,P00132,web,created,2,TWD,128684.0,900.0,2026-07-01T12:44:03+08:00,2026-10-06,2026-07-02T03:45:03+08:00
ORD00102282,M004413,P00194,電銷,paid,4,TWD,274800.0,550.0,2026-07-01T09:26:31+08:00,2026-08-27,2026-07-04T00:08:31+08:00
ORD00027105,M005817,P00019,電銷,cancelled,1,TWD,112391.0,850.0,2026-06-24T10:16:04+08:00,2026-07-15,2026-07-01T17:00:39+08:00
ORD00103428,M004898,P00129,電銷,paid,4,TWD,683389.0,300.0,2026-07-01T08:43:24+08:00,2026-07-18,2026-07-03T04:36:24+08:00
ORD00100654,M002738,P00234,電銷,paid,3,TWD,33148.0,150.0,2026-07-01T01:26:05+08:00,2026-09-05,2026-07-02T14:05:05+08:00
ORD00100061,M000914,P00036,電銷,paid,4,TWD,258815.0,150.0,2026-07-01T17:38:02+08:00,2026-09-24,2026-07-03T21:44:02+08:00
ORD00029662,M007020,P00132,app,completed,1,TWD,63542.0,400.0,2026-06-21T07:42:10+08:00,2026-09-09,2026-07-01T09:34:07+08:00
ORD00102155,M005887,P00120,門市,created,2,TWD,257053.0,0.0,2026-07-01T05:30:08+08:00,2026-08-15,2026-07-03T22:43:08+08:00
ORD00100898,M006789,P00125,web,paid,3,TWD,136934.0,250.0,2026-07-01T03:01:23+08:00,2026-07-22,2026-07-02T02:24:23+08:00
ORD00100346,M005925,P00113,門市,created,1,USD,4840.14,300.0,2026-07-01T01:14:18+08:00,2026-08-27,2026-07-03T09:47:18+08:00
ORD00054103,M007645,P00040,app,completed,4,TWD,346862.0,700.0,2026-06-15T00:17:43+08:00,2026-08-08,2026-07-01T01:16:21+08:00
ORD00102960,M007210,P00129,web,created,2,USD,8624.01,600.0,2026-07-01T11:45:53+08:00,2026-07-14,2026-07-02T09:00:53+08:00
ORD00101782,M005849,P00032,app,paid,2,TWD,274126.0,800.0,2026-07-01T06:26:13+08:00,2026-10-13,2026-07-03T14:18:13+08:00
ORD00100363,M005823,P00200,電銷,paid,3,USD,15554.45,850.0,2026-07-01T11:29:06+08:00,2026-10-05,2026-07-01T23:58:06+08:00
ORD00102602,M005481,P00011,電銷,paid,4,JPY,3045914.0,100.0,2026-07-01T06:23:49+08:00,2026-08-15,2026-07-03T16:52:49+08:00
ORD00101250,M003781,P00049,web,paid,3,TWD,48261.0,150.0,2026-07-01T10:20:03+08:00,2026-09-26,2026-07-03T10:39:03+08:00
ORD00100632,M002668,P00120,電銷,paid,4,TWD,453528.0,150.0,2026-07-01T21:28:28+08:00,2026-07-27,2026-07-02T23:35:28+08:00
ORD00100139,M002430,P00269,web,paid,3,TWD,204468.0,650.0,2026-07-01T12:57:33+08:00,2026-08-16,2026-07-03T18:13:33+08:00
ORD00101063,M002159,P00087,電銷,paid,3,TWD,489590.0,700.0,2026-07-01T20:54:25+08:00,2026-10-26,2026-07-02T10:22:25+08:00
ORD00100333,M004774,P00046,電銷,created,1,USD,2164.56,700.0,2026-07-01T16:58:42+08:00,2026-09-26,2026-07-03T22:16:42+08:00
ORD00101781,M003324,P00099,電銷,paid,1,TWD,173712.0,50.0,2026-07-01T16:29:49+08:00,2026-09-04,2026-07-01T22:49:49+08:00
ORD00100455,M003587,P00036,門市,paid,2,TWD,173424.0,50.0,2026-07-01T21:28:49+08:00,2026-10-11,2026-07-04T09:05:49+08:00
ORD00101088,M000983,P00125,門市,created,4,USD,7755.63,150.0,2026-07-01T13:15:39+08:00,2026-09-14,2026-07-02T13:02:39+08:00
ORD00100454,M005774,P00164,web,created,2,TWD,61769.0,50.0,2026-07-01T06:57:50+08:00,2026-10-15,2026-07-02T17:10:50+08:00
ORD00103351,M002002,P00166,app,paid,1,USD,6319.19,50.0,2026-07-01T05:02:59+08:00,2026-08-09,2026-07-03T22:45:59+08:00
ORD00101240,M000141,P00205,門市,paid,4,TWD,46954.0,50.0,2026-07-01T11:16:36+08:00,2026-07-29,2026-07-03T01:30:36+08:00
ORD00102670,M007348,P00097,電銷,created,1,TWD,140615.0,450.0,2026-07-01T14:02:51+08:00,2026-09-10,2026-07-01T18:12:51+08:00
ORD00102816,M001847,P00174,app,paid,1,USD,638.52,150.0,2026-07-01T03:16:37+08:00,2026-07-31,2026-07-03T09:34:37+08:00
ORD00017228,M001129,P00028,app,completed,1,TWD,103926.0,600.0,2026-05-09T17:39:15+08:00,2026-05-24,2026-07-01T06:16:35+08:00
ORD00103009,M007283,P00196,app,paid,4,TWD,245954.0,600.0,2026-07-01T13:44:54+08:00,2026-09-22,2026-07-03T05:50:54+08:00
ORD00103813,M000686,P00102,web,created,1,JPY,162834.0,500.0,2026-07-01T17:15:38+08:00,2026-08-22,2026-07-04T00:09:38+08:00
ORD00100236,M006462,P00118,app,paid,1,TWD,139708.0,0.0,2026-07-01T00:08:22+08:00,2026-10-28,2026-07-03T10:37:22+08:00
ORD00103755,M000252,P00132,電銷,created,2,TWD,94300.0,300.0,2026-07-01T12:14:53+08:00,2026-09-24,2026-07-02T02:26:53+08:00
ORD00100348,M003192,P00162,app,paid,3,TWD,23182.0,950.0,2026-07-01T19:48:13+08:00,2026-10-08,2026-07-02T13:38:13+08:00
ORD00100034,M000398,P00119,app,paid,1,TWD,174792.0,350.0,2026-07-01T02:36:54+08:00,2026-09-08,2026-07-02T01:48:54+08:00
ORD00103026,M001903,P00190,門市,created,3,USD,18488.05,100.0,2026-07-01T16:56:26+08:00,2026-10-04,2026-07-02T03:34:26+08:00
ORD00103271,M005139,P00287,web,created,2,TWD,266490.0,900.0,2026-07-01T22:55:42+08:00,2026-07-20,2026-07-04T02:55:42+08:00
ORD00103790,M007154,P00088,web,created,2,USD,4063.65,950.0,2026-07-01T10:43:20+08:00,2026-08-02,2026-07-03T22:02:20+08:00
ORD00102573,M004353,P00006,app,paid,3,TWD,583149.0,200.0,2026-07-01T02:39:59+08:00,2026-07-12,2026-07-03T17:25:59+08:00
ORD00103780,M005981,P00101,門市,paid,2,TWD,144509.0,750.0,2026-07-01T16:08:40+08:00,2026-09-24,2026-07-02T17:21:40+08:00
ORD00102043,M007964,P00051,web,paid,3,TWD,562092.0,750.0,2026-07-01T06:34:53+08:00,2026-08-05,2026-07-03T08:50:53+08:00
ORD00100114,M006785,P00001,電銷,paid,3,TWD,361129.0,100.0,2026-07-01T01:05:33+08:00,2026-07-24,2026-07-01T17:27:33+08:00
ORD00102224,M002222,P00247,web,paid,4,USD,20616.62,500.0,2026-07-01T12:42:21+08:00,2026-08-10,2026-07-02T06:22:21+08:00
ORD00101391,M006645,P00045,web,paid,3,TWD,21533.0,450.0,2026-07-01T22:31:26+08:00,2026-08-04,2026-07-02T00:38:26+08:00
ORD00101021,M002457,P00255,門市,paid,2,TWD,334475.0,100.0,2026-07-01T11:02:22+08:00,2026-09-23,2026-07-01T15:08:22+08:00
ORD00102691,M002830,P00218,app,created,2,TWD,77958.0,550.0,2026-07-01T21:15:03+08:00,2026-09-05,2026-07-03T07:18:03+08:00
ORD00101219,M007470,P00032,web,paid,4,TWD,617318.0,600.0,2026-07-01T09:43:41+08:00,2026-08-23,2026-07-02T07:35:41+08:00
ORD00101350,M001292,P00035,web,paid,4,TWD,843163.0,250.0,2026-07-01T03:52:46+08:00,2026-08-01,2026-07-01T11:23:46+08:00
ORD00103618,M001462,P00130,web,created,3,JPY,2635742.0,150.0,2026-07-01T22:39:07+08:00,2026-10-21,2026-07-02T04:08:07+08:00
ORD00100866,M004376,P00087,app,paid,3,TWD,587243.0,850.0,2026-07-01T22:54:34+08:00,2026-10-23,2026-07-04T10:26:34+08:00
ORD00101577,M003838,P00191,web,paid,2,TWD,298531.0,550.0,2026-07-01T02:15:34+08:00,2026-08-12,2026-07-02T09:57:34+08:00
ORD00102388,M006827,P00087,web,created,2,TWD,404383.0,0.0,2026-07-01T21:28:52+08:00,2026-09-23,2026-07-03T01:15:52+08:00
ORD00102248,M003621,P00234,web,paid,2,TWD,19525.0,300.0,2026-07-01T19:38:23+08:00,2026-08-23,2026-07-02T10:33:23+08:00
ORD00101269,M001197,P00127,web,paid,4,TWD,221749.0,400.0,2026-07-01T17:12:26+08:00,2026-08-14,2026-07-01T21:12:26+08:00
ORD00102379,M000200,P00241,web,paid,3,TWD,592193.0,350.0,2026-07-01T13:04:46+08:00,2026-09-09,2026-07-04T06:52:46+08:00
ORD00103966,M000167,P00252,web,paid,1,TWD,56424.0,500.0,2026-07-01T22:22:05+08:00,2026-07-11,2026-07-02T06:50:05+08:00
ORD00045875,M001320,P00290,web,cancelled,2,USD,9102.36,350.0,2026-05-03T08:16:33+08:00,2026-07-26,2026-07-01T11:09:35+08:00
ORD00101304,M000107,P00128,app,created,1,TWD,170208.0,500.0,2026-07-01T15:59:01+08:00,2026-07-18,2026-07-03T03:12:01+08:00
ORD00103918,M007963,P00114,電銷,paid,1,TWD,73619.0,150.0,2026-07-01T12:35:00+08:00,2026-09-15,2026-07-01T20:44:00+08:00
ORD00103349,M006474,P00104,電銷,created,4,USD,380.84,700.0,2026-07-01T12:31:55+08:00,2026-10-09,2026-07-02T21:39:55+08:00
ORD00102027,M007885,P00285,web,paid,4,USD,10916.52,800.0,2026-07-01T16:27:06+08:00,2026-09-25,2026-07-01T19:55:06+08:00
ORD00100390,M001423,P00121,門市,paid,1,TWD,27563.0,900.0,2026-07-01T02:35:04+08:00,2026-08-04,2026-07-03T19:36:04+08:00
ORD00102764,M005506,P00260,電銷,created,4,TWD,498677.0,200.0,2026-07-01T21:15:50+08:00,2026-07-20,2026-07-03T12:27:50+08:00
ORD00101984,M001245,P00287,電銷,created,3,JPY,2081288.0,350.0,2026-07-01T03:08:32+08:00,2026-08-03,2026-07-03T13:11:32+08:00
ORD00102422,M004459,P00258,門市,created,4,TWD,504127.0,150.0,2026-07-01T21:00:07+08:00,2026-10-22,2026-07-02T02:29:07+08:00
ORD00103703,M003937,P00180,web,created,4,JPY,1994807.0,100.0,2026-07-01T08:21:12+08:00,2026-07-11,2026-07-03T19:03:12+08:00
ORD00100941,M004280,P00188,app,paid,3,TWD,142833.0,950.0,2026-07-01T01:31:50+08:00,2026-07-08,2026-07-02T03:31:50+08:00
ORD00100174,M003360,P00288,app,paid,2,TWD,21981.0,200.0,2026-07-01T09:27:19+08:00,2026-09-06,2026-07-01T13:53:19+08:00
ORD00103043,M004570,P00134,門市,paid,1,TWD,102787.0,550.0,2026-07-01T21:00:52+08:00,2026-07-27,2026-07-03T15:14:52+08:00
ORD00100957,M001634,P00266,門市,paid,1,USD,630.99,0.0,2026-07-01T13:26:21+08:00,2026-08-31,2026-07-03T20:05:21+08:00
ORD00014122,M004117,P00097,app,cancelled,1,USD,4276.56,300.0,2026-06-25T18:24:22+08:00,2026-10-07,2026-07-01T23:42:27+08:00
ORD00073123,M000194,P00257,web,completed,2,TWD,60255.0,50.0,2026-06-19T02:18:36+08:00,2026-10-08,2026-07-01T04:21:32+08:00
ORD00101790,M007055,P00260,app,paid,4,USD,13931.46,50.0,2026-07-01T06:43:51+08:00,2026-07-26,2026-07-01T13:53:51+08:00
ORD00100275,M002603,P00016,web,paid,1,TWD,74393.0,550.0,2026-07-01T20:54:31+08:00,2026-10-24,2026-07-02T14:28:31+08:00
ORD00100862,M005860,P00019,電銷,paid,4,TWD,416765.0,400.0,2026-07-01T19:45:04+08:00,2026-09-20,2026-07-03T21:39:04+08:00
ORD00100178,M001329,P00041,門市,created,3,TWD,25791.0,750.0,2026-07-01T13:48:06+08:00,2026-08-17,2026-07-04T07:45:06+08:00
ORD00103935,M002864,P00150,電銷,paid,3,TWD,466256.0,700.0,2026-07-01T20:03:09+08:00,2026-10-14,2026-07-02T18:39:09+08:00
ORD00103106,M007288,P00213,web,paid,4,TWD,386945.0,100.0,2026-07-01T07:49:42+08:00,2026-10-09,2026-07-01T23:27:42+08:00
ORD00101157,M002788,P00033,app,paid,3,TWD,408065.0,350.0,2026-07-01T18:32:53+08:00,2026-08-10,2026-07-01T22:15:53+08:00
ORD00101817,M003490,P00053,電銷,paid,2,TWD,180048.0,150.0,2026-07-01T11:56:45+08:00,2026-08-08,2026-07-02T22:52:45+08:00
ORD00103552,M001168,P00070,門市,paid,2,TWD,204198.0,450.0,2026-07-01T03:55:11+08:00,2026-08-09,2026-07-01T06:33:11+08:00
ORD00102173,M007455,P00248,app,created,4,TWD,91687.0,700.0,2026-07-01T02:06:19+08:00,2026-08-22,2026-07-01T03:34:19+08:00
ORD00101896,M002621,P00131,電銷,paid,2,TWD,366368.0,650.0,2026-07-01T10:35:54+08:00,2026-07-08,2026-07-01T18:21:54+08:00
ORD00021206,M003986,P00056,電銷,cancelled,4,TWD,334438.0,750.0,2026-06-11T09:23:20+08:00,2026-09-10,2026-07-01T18:56:05+08:00
ORD00100736,M006884,P00181,web,paid,1,TWD,16015.0,100.0,2026-07-01T21:07:25+08:00,2026-07-19,2026-07-02T17:06:25+08:00
ORD00101571,M006528,P00283,門市,paid,4,TWD,99863.0,200.0,2026-07-01T06:27:04+08:00,2026-07-14,2026-07-01T17:22:04+08:00
ORD00101576,M006517,P00277,app,paid,4,TWD,527687.0,850.0,2026-07-01T14:28:25+08:00,2026-07-31,2026-07-02T13:56:25+08:00
ORD00103684,M002491,P00268,電銷,created,4,TWD,258509.0,0.0,2026-07-01T18:41:19+08:00,2026-08-12,2026-07-02T03:37:19+08:00
ORD00102009,M004631,P00239,電銷,paid,2,JPY,1668580.0,350.0,2026-07-01T20:34:03+08:00,2026-08-17,2026-07-04T08:20:03+08:00
ORD00102378,M004969,P00284,電銷,paid,2,JPY,1191248.0,350.0,2026-07-01T03:10:36+08:00,2026-07-24,2026-07-01T08:42:36+08:00
ORD00103834,M004273,P00023,門市,paid,4,TWD,687159.0,100.0,2026-07-01T16:44:27+08:00,2026-08-28,2026-07-02T11:56:27+08:00
ORD00009566,M007232,P00128,web,completed,4,TWD,619983.0,100.0,2026-05-09T06:37:38+08:00,2026-05-20,2026-07-01T16:10:45+08:00
ORD00102101,M006193,P00195,電銷,paid,3,TWD,210701.0,550.0,2026-07-01T04:02:27+08:00,2026-08-06,2026-07-03T22:36:27+08:00
ORD00101375,M001632,P00130,電銷,paid,4,TWD,749710.0,550.0,2026-07-01T17:13:21+08:00,2026-07-24,2026-07-02T09:46:21+08:00
ORD00103503,M003831,P00251,門市,paid,3,USD,10488.65,150.0,2026-07-01T16:06:29+08:00,2026-07-24,2026-07-02T20:26:29+08:00
ORD00100612,M001444,P00081,電銷,created,4,TWD,452406.0,550.0,2026-07-01T13:38:09+08:00,2026-07-29,2026-07-01T21:07:09+08:00
ORD00101550,M007932,P00257,web,paid,1,USD,952.04,200.0,2026-07-01T22:57:03+08:00,2026-10-20,2026-07-03T22:22:03+08:00
ORD00102655,M006834,P00054,app,created,4,JPY,2741235.0,900.0,2026-07-01T01:33:37+08:00,2026-08-12,2026-07-02T01:53:37+08:00
ORD00102141,M000854,P00050,電銷,paid,1,USD,114.73,750.0,2026-07-01T00:22:05+08:00,2026-08-31,2026-07-02T07:31:05+08:00
ORD00102430,M001044,P00021,門市,created,3,JPY,2411663.0,500.0,2026-07-01T07:18:22+08:00,2026-10-08,2026-07-03T02:26:22+08:00
ORD00100350,M005297,P00043,app,paid,4,TWD,566495.0,700.0,2026-07-01T01:50:21+08:00,2026-10-07,2026-07-02T03:04:21+08:00
ORD00101098,M001544,P00117,web,paid,4,TWD,510667.0,600.0,2026-07-01T02:40:33+08:00,2026-08-31,2026-07-03T01:52:33+08:00
ORD00101336,M000249,P00256,app,created,3,JPY,2842204.0,750.0,2026-07-01T06:48:07+08:00,2026-08-26,2026-07-03T11:30:07+08:00
ORD00103002,M006073,P00093,電銷,paid,3,TWD,326370.0,700.0,2026-07-01T11:41:19+08:00,2026-09-12,2026-07-02T15:16:19+08:00
ORD00100658,M006733,P00011,app,paid,2,TWD,284932.0,500.0,2026-07-01T21:54:37+08:00,2026-09-08,2026-07-04T01:42:37+08:00
ORD00100629,M005870,P00070,門市,created,3,USD,10885.28,0.0,2026-07-01T03:58:50+08:00,2026-08-29,2026-07-03T00:46:50+08:00
ORD00101205,M002051,P00133,app,created,2,JPY,53622.0,400.0,2026-07-01T05:07:09+08:00,2026-07-11,2026-07-02T08:37:09+08:00
ORD00100447,M007948,P00178,app,created,3,TWD,96194.0,300.0,2026-07-01T04:50:45+08:00,2026-07-16,2026-07-01T05:49:45+08:00
ORD00068697,M004241,P00013,web,completed,4,JPY,2933324.0,550.0,2026-05-14T01:00:07+08:00,2026-07-17,2026-07-01T06:55:43+08:00
ORD00103983,M002547,P00088,電銷,paid,4,USD,10146.75,50.0,2026-07-01T21:22:57+08:00,2026-07-19,2026-07-03T11:36:57+08:00
ORD00101013,M001255,P00117,門市,paid,2,JPY,1475955.0,400.0,2026-07-01T14:45:12+08:00,2026-10-18,2026-07-03T09:37:12+08:00
ORD00103295,M005280,P00229,電銷,paid,2,TWD,329122.0,200.0,2026-07-01T02:15:43+08:00,2026-07-08,2026-07-02T15:05:43+08:00
ORD00101225,M003292,P00218,電銷,created,4,JPY,598954.0,400.0,2026-07-01T22:45:27+08:00,2026-09-11,2026-07-02T20:37:27+08:00
ORD00103862,M007243,P00246,app,paid,4,TWD,468251.0,900.0,2026-07-01T07:50:58+08:00,2026-10-23,2026-07-02T08:47:58+08:00
ORD00102556,M003536,P00193,web,paid,2,TWD,375430.0,200.0,2026-07-01T12:16:53+08:00,2026-07-11,2026-07-01T22:38:53+08:00
ORD00062410,M003236,P00206,電銷,completed,3,JPY,2352031.0,900.0,2026-05-25T06:54:14+08:00,2026-08-01,2026-07-01T20:09:00+08:00
ORD00030308,M006863,P00015,web,completed,3,TWD,207521.0,850.0,2026-06-28T17:48:36+08:00,2026-10-15,2026-07-01T17:15:38+08:00
ORD00103904,M000959,P00292,app,paid,4,JPY,3822250.0,100.0,2026-07-01T10:08:59+08:00,2026-09-18,2026-07-02T04:31:59+08:00
ORD00103544,M005058,P00283,web,paid,2,TWD,59927.0,650.0,2026-07-01T03:50:27+08:00,2026-08-30,2026-07-01T14:38:27+08:00
ORD00103855,M005277,P00245,電銷,paid,4,TWD,406139.0,850.0,2026-07-01T05:33:32+08:00,2026-07-18,2026-07-03T09:54:32+08:00
ORD00103759,M007865,P00193,app,paid,3,TWD,547023.0,400.0,2026-07-01T10:27:37+08:00,2026-09-11,2026-07-02T15:13:37+08:00
ORD00046157,M002782,P00029,門市,cancelled,1,USD,3798.26,100.0,2026-05-13T07:35:59+08:00,2026-05-24,2026-07-01T15:06:20+08:00
ORD00102751,M003059,P00142,web,created,1,TWD,197455.0,250.0,2026-07-01T05:01:41+08:00,2026-07-26,2026-07-02T12:43:41+08:00
ORD00071011,M003432,P00271,web,cancelled,2,TWD,52965.0,400.0,2026-05-17T03:15:27+08:00,2026-07-12,2026-07-01T10:28:11+08:00
ORD00092964,M004825,P00231,web,cancelled,4,USD,22121.07,450.0,2026-05-15T07:51:06+08:00,2026-09-05,2026-07-01T07:00:05+08:00
ORD00101368,M007974,P00243,web,created,1,TWD,181403.0,950.0,2026-07-01T01:10:11+08:00,2026-09-08,2026-07-03T10:44:11+08:00
ORD00062842,M005751,P00290,web,cancelled,3,TWD,353081.0,950.0,2026-05-01T13:57:53+08:00,2026-08-17,2026-07-01T03:00:22+08:00
ORD00101887,M003227,P00212,app,created,4,TWD,102201.0,250.0,2026-07-01T02:59:34+08:00,2026-10-16,2026-07-01T21:00:34+08:00
ORD00029945,M005166,P00208,電銷,completed,1,TWD,146488.0,950.0,2026-05-21T11:39:54+08:00,2026-08-17,2026-07-01T23:04:31+08:00
ORD00101406,M003888,P00224,app,paid,4,TWD,374277.0,500.0,2026-07-01T04:02:30+08:00,2026-10-07,2026-07-01T23:46:30+08:00
ORD00100542,M006061,P00113,app,paid,1,USD,5996.46,700.0,2026-07-01T21:19:17+08:00,2026-08-20,2026-07-04T13:32:17+08:00
ORD00100022,M001133,P00137,電銷,paid,3,TWD,443597.0,650.0,2026-07-01T05:34:37+08:00,2026-10-18,2026-07-02T04:06:37+08:00
ORD00101148,M006493,P00242,app,created,3,USD,2385.57,200.0,2026-07-01T14:49:08+08:00,2026-07-20,2026-07-03T08:54:08+08:00
ORD00101713,M005565,P00050,電銷,paid,1,TWD,2971.0,450.0,2026-07-01T05:42:06+08:00,2026-07-08,2026-07-03T06:54:06+08:00
ORD00102805,M006885,P00117,app,created,1,TWD,153845.0,50.0,2026-07-01T01:44:00+08:00,2026-10-18,2026-07-03T02:08:00+08:00
ORD00100963,M006151,P00009,電銷,paid,3,TWD,284535.0,450.0,2026-07-01T06:39:25+08:00,2026-09-20,2026-07-03T13:39:25+08:00
ORD00102262,M000201,P00014,app,paid,3,TWD,294246.0,600.0,2026-07-01T00:51:17+08:00,2026-08-10,2026-07-01T18:38:17+08:00
ORD00101476,M002154,P00111,web,paid,4,USD,10454.24,950.0,2026-07-01T05:34:59+08:00,2026-08-21,2026-07-04T00:03:59+08:00
ORD00100235,M003853,P00200,門市,paid,2,USD,8688.17,950.0,2026-07-01T19:48:19+08:00,2026-09-17,2026-07-03T12:32:19+08:00
ORD00103587,M007574,P00229,電銷,paid,1,TWD,200416.0,350.0,2026-07-01T02:31:42+08:00,2026-09-03,2026-07-02T17:00:42+08:00
ORD00100575,M002669,P00149,web,created,2,TWD,447698.0,900.0,2026-07-01T07:14:03+08:00,2026-10-19,2026-07-03T14:41:03+08:00
ORD00102436,M000795,P00100,電銷,paid,1,USD,6203.72,700.0,2026-07-01T21:35:59+08:00,2026-09-26,2026-07-01T21:54:59+08:00
ORD00103278,M000303,P00054,電銷,paid,2,JPY,1582435.0,500.0,2026-07-01T03:54:10+08:00,2026-08-19,2026-07-03T08:44:10+08:00
ORD00102166,M002435,P00235,web,paid,2,TWD,146579.0,300.0,2026-07-01T02:02:25+08:00,2026-09-24,2026-07-03T03:13:25+08:00
ORD00100767,M000108,P00020,門市,paid,1,USD,1663.54,850.0,2026-07-01T09:06:02+08:00,2026-08-23,2026-07-01T15:45:02+08:00
ORD00101921,M003885,P00083,app,paid,3,TWD,445175.0,850.0,2026-07-01T22:28:32+08:00,2026-10-17,2026-07-03T03:41:32+08:00
ORD00102782,M002886,P00260,門市,created,1,TWD,153768.0,650.0,2026-07-01T14:34:50+08:00,2026-09-21,2026-07-03T17:41:50+08:00
ORD00101707,M005196,P00032,門市,paid,1,JPY,649887.0,600.0,2026-07-01T18:04:38+08:00,2026-08-05,2026-07-02T17:07:38+08:00
ORD00101944,M001206,P00221,app,paid,2,TWD,282682.0,600.0,2026-07-01T19:03:01+08:00,2026-07-19,2026-07-02T10:58:01+08:00
ORD00101322,M002451,P00159,app,paid,1,TWD,43018.0,650.0,2026-07-01T10:30:51+08:00,2026-09-29,2026-07-01T22:07:51+08:00
ORD00102504,M002252,P00183,web,created,3,TWD,509481.0,350.0,2026-07-01T12:42:08+08:00,2026-08-16,2026-07-03T06:30:08+08:00
ORD00103171,M004550,P00047,電銷,created,1,USD,637.91,800.0,2026-07-01T14:46:45+08:00,2026-07-17,2026-07-02T17:46:45+08:00
ORD00102776,M004973,P00097,web,created,1,USD,4284.0,850.0,2026-07-01T07:41:38+08:00,2026-08-13,2026-07-02T18:10:38+08:00
ORD00102412,M007002,P00002,web,paid,4,USD,9023.99,700.0,2026-07-01T14:33:16+08:00,2026-07-31,2026-07-01T16:45:16+08:00
ORD00079170,M003109,P00208,電銷,completed,1,JPY,871465.0,650.0,2026-06-07T17:56:46+08:00,2026-09-09,2026-07-01T23:31:50+08:00
ORD00102046,M003033,P00065,web,paid,4,TWD,865069.0,800.0,2026-07-01T11:21:25+08:00,2026-08-18,2026-07-02T15:48:25+08:00
ORD00102746,M005020,P00063,電銷,paid,4,TWD,665229.0,500.0,2026-07-01T03:26:42+08:00,2026-08-13,2026-07-03T14:42:42+08:00
ORD00103123,M000738,P00103,電銷,paid,3,TWD,68457.0,850.0,2026-07-01T09:09:11+08:00,2026-10-03,2026-07-01T20:28:11+08:00
ORD00101052,M003521,P00300,app,created,3,TWD,339378.0,50.0,2026-07-01T01:04:00+08:00,2026-09-18,2026-07-02T22:27:00+08:00
ORD00101493,M003194,P00127,電銷,paid,4,USD,7339.83,50.0,2026-07-01T19:55:21+08:00,2026-08-21,2026-07-04T05:02:21+08:00
ORD00102092,M001342,P00264,門市,created,3,TWD,27448.0,850.0,2026-07-01T19:28:25+08:00,2026-09-23,2026-07-02T22:13:25+08:00
ORD00020721,M004490,P00103,門市,cancelled,3,TWD,64605.0,350.0,2026-05-16T13:54:29+08:00,2026-09-07,2026-07-01T10:33:42+08:00
ORD00103363,M006432,P00116,app,paid,3,USD,7646.6,800.0,2026-07-01T07:31:24+08:00,2026-07-12,2026-07-02T03:31:24+08:00
ORD00014339,M007459,P00229,web,cancelled,1,USD,5969.9,750.0,2026-06-07T12:07:13+08:00,2026-07-21,2026-07-01T14:58:32+08:00
ORD00100692,M006502,P00238,app,paid,3,JPY,1304651.0,700.0,2026-07-01T13:42:28+08:00,2026-08-10,2026-07-03T19:07:28+08:00
ORD00103866,M002961,P00245,電銷,paid,3,USD,10021.25,700.0,2026-07-01T17:01:46+08:00,2026-10-14,2026-07-03T04:37:46+08:00
ORD00100001,M006713,P00109,電銷,paid,4,TWD,212858.0,50.0,2026-07-01T21:52:28+08:00,2026-08-10,2026-07-04T07:21:28+08:00
ORD00102486,M004809,P00152,web,paid,3,USD,3543.35,500.0,2026-07-01T02:52:35+08:00,2026-08-31,2026-07-02T10:57:35+08:00
ORD00100855,M003787,P00285,電銷,created,2,TWD,223879.0,100.0,2026-07-01T10:01:32+08:00,2026-08-24,2026-07-01T18:10:32+08:00
ORD00073478,M001534,P00052,門市,completed,4,USD,11641.91,500.0,2026-06-22T18:35:43+08:00,2026-07-25,2026-07-01T09:28:19+08:00
ORD00103939,M002451,P00271,電銷,paid,4,JPY,468856.0,200.0,2026-07-01T05:07:54+08:00,2026-09-10,2026-07-02T10:11:54+08:00
ORD00102639,M005582,P00153,電銷,created,2,USD,6129.0,150.0,2026-07-01T13:48:55+08:00,2026-08-25,2026-07-02T07:23:55+08:00
ORD00102700,M004447,P00191,web,created,4,USD,19151.65,650.0,2026-07-01T03:54:31+08:00,2026-10-14,2026-07-01T08:35:31+08:00
ORD00101456,M000605,P00298,app,paid,1,TWD,136260.0,950.0,2026-07-01T16:41:47+08:00,2026-08-31,2026-07-01T16:59:47+08:00
ORD00103486,M000956,P00118,app,created,1,JPY,657120.0,0.0,2026-07-01T09:13:15+08:00,2026-10-06,2026-07-03T07:42:15+08:00
ORD00100884,M003331,P00203,web,paid,2,USD,9336.47,850.0,2026-07-01T10:48:59+08:00,2026-08-13,2026-07-02T00:13:59+08:00
ORD00100097,M000228,P00196,電銷,created,4,USD,5445.81,350.0,2026-07-01T22:32:53+08:00,2026-08-30,2026-07-02T20:40:53+08:00
ORD00066952,M002444,P00246,電銷,cancelled,4,TWD,543666.0,300.0,2026-05-01T10:45:22+08:00,2026-06-13,2026-07-01T06:26:39+08:00
ORD00102512,M005905,P00017,電銷,paid,3,USD,17573.63,900.0,2026-07-01T12:39:49+08:00,2026-10-25,2026-07-04T06:28:49+08:00
ORD00103222,M005181,P00235,門市,paid,4,TWD,222444.0,100.0,2026-07-01T00:53:28+08:00,2026-08-14,2026-07-02T11:48:28+08:00
ORD00100462,M007270,P00190,web,created,3,TWD,674242.0,950.0,2026-07-01T15:53:41+08:00,2026-09-06,2026-07-02T09:40:41+08:00
ORD00103032,M002959,P00220,電銷,paid,4,TWD,140848.0,50.0,2026-07-01T00:43:50+08:00,2026-09-20,2026-07-02T05:43:50+08:00
ORD00103641,M006426,P00143,web,paid,4,USD,1025.22,450.0,2026-07-01T16:17:48+08:00,2026-09-15,2026-07-02T21:52:48+08:00
ORD00101488,M005869,P00200,電銷,paid,1,TWD,138603.0,650.0,2026-07-01T04:51:40+08:00,2026-10-25,2026-07-03T13:22:40+08:00
ORD00103358,M002524,P00291,web,paid,2,TWD,53239.0,550.0,2026-07-01T06:45:16+08:00,2026-08-08,2026-07-02T21:07:16+08:00
ORD00102502,M002029,P00234,app,paid,3,TWD,26003.0,50.0,2026-07-01T11:42:57+08:00,2026-08-30,2026-07-02T03:09:57+08:00
ORD00102831,M004035,P00249,門市,paid,2,TWD,141132.0,0.0,2026-07-01T04:55:26+08:00,2026-07-17,2026-07-03T09:04:26+08:00
ORD00018441,M000930,P00189,app,cancelled,2,TWD,229891.0,950.0,2026-05-26T16:13:39+08:00,2026-06-12,2026-07-01T13:57:13+08:00
ORD00103816,M003203,P00300,電銷,created,3,TWD,262809.0,350.0,2026-07-01T13:21:29+08:00,2026-10-17,2026-07-04T03:16:29+08:00
ORD00102061,M000613,P00026,電銷,created,4,TWD,525140.0,300.0,2026-07-01T10:42:48+08:00,2026-09-15,2026-07-03T06:26:48+08:00
ORD00102760,M006049,P00205,電銷,created,3,TWD,33837.0,200.0,2026-07-01T16:50:47+08:00,2026-08-11,2026-07-03T19:49:47+08:00
ORD00102344,M000939,P00159,電銷,paid,2,TWD,91963.0,950.0,2026-07-01T19:25:35+08:00,2026-09-22,2026-07-02T02:26:35+08:00
ORD00103725,M000452,P00119,web,paid,3,USD,18074.75,700.0,2026-07-01T18:36:00+08:00,2026-08-20,2026-07-02T12:55:00+08:00
ORD00102055,M004043,P00212,app,created,2,TWD,63286.0,450.0,2026-07-01T09:21:17+08:00,2026-07-14,2026-07-02T14:03:17+08:00
ORD00102783,M003203,P00087,門市,paid,1,USD,5413.12,200.0,2026-07-01T01:30:55+08:00,2026-09-09,2026-07-03T07:07:55+08:00
ORD00102462,M000575,P00131,web,paid,1,TWD,220234.0,900.0,2026-07-01T16:02:59+08:00,2026-07-10,2026-07-02T12:22:59+08:00
ORD00103377,M005017,P00093,app,paid,3,TWD,295394.0,500.0,2026-07-01T19:08:06+08:00,2026-09-12,2026-07-03T06:23:06+08:00
ORD00102530,M002830,P00028,app,created,2,TWD,260998.0,300.0,2026-07-01T12:51:55+08:00,2026-08-11,2026-07-03T05:54:55+08:00
ORD00101407,M001567,P00077,web,paid,4,TWD,808397.0,250.0,2026-07-01T04:53:24+08:00,2026-10-09,2026-07-03T23:23:24+08:00
ORD00100928,M003867,P00180,app,paid,1,USD,3743.27,850.0,2026-07-01T02:41:44+08:00,2026-09-07,2026-07-02T14:08:44+08:00
ORD00054900,M001350,P00147,app,cancelled,3,TWD,641424.0,50.0,2026-05-14T06:19:53+08:00,2026-08-26,2026-07-01T11:07:00+08:00
ORD00101710,M007169,P00067,電銷,paid,4,TWD,416400.0,700.0,2026-07-01T03:07:34+08:00,2026-10-28,2026-07-01T13:56:34+08:00
ORD00102522,M005594,P00103,門市,paid,2,TWD,42238.0,500.0,2026-07-01T00:47:43+08:00,2026-08-05,2026-07-02T13:42:43+08:00
ORD00101142,M004924,P00095,app,paid,3,USD,15816.88,950.0,2026-07-01T07:09:05+08:00,2026-07-25,2026-07-03T14:33:05+08:00
ORD00103459,M004060,P00134,app,paid,3,TWD,330607.0,900.0,2026-07-01T23:19:45+08:00,2026-08-03,2026-07-03T07:34:45+08:00
ORD00102826,M006004,P00171,門市,paid,4,USD,8099.88,850.0,2026-07-01T09:45:51+08:00,2026-07-28,2026-07-02T07:31:51+08:00
ORD00102140,M003502,P00113,web,paid,2,TWD,262998.0,100.0,2026-07-01T08:24:08+08:00,2026-10-09,2026-07-01T14:15:08+08:00
ORD00103657,M006387,P00192,門市,created,1,TWD,178832.0,750.0,2026-07-01T01:10:24+08:00,2026-07-13,2026-07-03T18:06:24+08:00
ORD00100246,M007883,P00199,web,paid,3,JPY,79798.0,300.0,2026-07-01T15:40:25+08:00,2026-09-28,2026-07-03T17:56:25+08:00
ORD00102598,M001290,P00289,web,paid,1,TWD,110356.0,950.0,2026-07-01T19:46:11+08:00,2026-07-16,2026-07-03T10:26:11+08:00
ORD00102217,M000865,P00237,電銷,paid,3,USD,15995.39,250.0,2026-07-01T14:39:31+08:00,2026-08-23,2026-07-03T16:06:31+08:00
ORD00102912,M006298,P00222,web,paid,3,TWD,98890.0,700.0,2026-07-01T10:29:29+08:00,2026-10-23,2026-07-02T14:32:29+08:00
ORD00102714,M001728,P00199,門市,paid,4,TWD,21007.0,850.0,2026-07-01T00:19:40+08:00,2026-10-13,2026-07-03T18:48:40+08:00
ORD00101221,M007564,P00016,電銷,paid,1,TWD,73795.0,150.0,2026-07-01T20:45:21+08:00,2026-07-19,2026-07-03T10:05:21+08:00
ORD00102514,M004335,P00137,web,paid,2,TWD,264716.0,850.0,2026-07-01T09:42:15+08:00,2026-08-15,2026-07-02T07:00:15+08:00
ORD00100819,M001576,P00002,app,created,4,TWD,319964.0,50.0,2026-07-01T14:52:06+08:00,2026-10-17,2026-07-02T15:53:06+08:00
ORD00103804,M001762,P00119,門市,created,1,USD,4918.22,250.0,2026-07-01T08:38:42+08:00,2026-09-08,2026-07-02T04:45:42+08:00
ORD00103456,M003790,P00119,web,paid,2,TWD,338679.0,650.0,2026-07-01T03:20:44+08:00,2026-09-23,2026-07-01T17:29:44+08:00
ORD00101343,M007202,P00018,門市,paid,1,TWD,145070.0,800.0,2026-07-01T18:51:57+08:00,2026-09-18,2026-07-02T15:19:57+08:00
ORD00102496,M002538,P00004,web,created,3,TWD,540738.0,200.0,2026-07-01T18:36:10+08:00,2026-10-04,2026-07-03T07:53:10+08:00
ORD00100271,M003008,P00128,門市,paid,2,JPY,1780017.0,300.0,2026-07-01T09:59:25+08:00,2026-08-15,2026-07-02T02:21:25+08:00
ORD00055784,M000043,P00036,web,cancelled,1,TWD,79319.0,850.0,2026-06-10T03:20:48+08:00,2026-06-20,2026-07-01T09:23:45+08:00
ORD00100102,M002543,P00195,app,paid,4,TWD,256704.0,650.0,2026-07-01T18:14:08+08:00,2026-09-03,2026-07-03T16:23:08+08:00
ORD00007310,M003665,P00238,電銷,completed,3,USD,11164.97,900.0,2026-05-07T20:23:39+08:00,2026-08-10,2026-07-01T08:43:13+08:00
ORD00103571,M000931,P00193,電銷,paid,3,TWD,523036.0,150.0,2026-07-01T07:42:28+08:00,2026-08-14,2026-07-02T13:26:28+08:00
ORD00100727,M001232,P00210,門市,paid,4,TWD,634346.0,300.0,2026-07-01T10:20:43+08:00,2026-10-11,2026-07-02T16:42:43+08:00
ORD00103164,M004437,P00076,門市,paid,1,TWD,3556.0,150.0,2026-07-01T12:28:04+08:00,2026-10-20,2026-07-03T00:18:04+08:00
ORD00103943,M006851,P00151,電銷,paid,3,USD,6511.38,600.0,2026-07-01T19:52:00+08:00,2026-10-19,2026-07-02T13:10:00+08:00
ORD00103965,M005736,P00201,app,created,2,USD,6510.54,200.0,2026-07-01T23:27:50+08:00,2026-08-08,2026-07-02T21:39:50+08:00
ORD00103828,M007252,P00210,電銷,created,1,TWD,172306.0,100.0,2026-07-01T00:55:48+08:00,2026-07-09,2026-07-01T13:20:48+08:00
ORD00101609,M006364,P00121,門市,paid,3,USD,2572.77,250.0,2026-07-01T04:58:21+08:00,2026-07-13,2026-07-03T08:10:21+08:00
ORD00101578,M007734,P00260,web,paid,1,TWD,154031.0,850.0,2026-07-01T22:14:59+08:00,2026-09-11,2026-07-04T07:12:59+08:00
ORD00101171,M004366,P00211,電銷,created,2,JPY,1026662.0,800.0,2026-07-01T00:56:59+08:00,2026-10-06,2026-07-03T16:32:59+08:00
ORD00101403,M001613,P00055,門市,paid,1,TWD,112703.0,0.0,2026-07-01T18:34:43+08:00,2026-08-02,2026-07-03T09:51:43+08:00
ORD00102897,M001367,P00144,app,paid,2,TWD,242620.0,300.0,2026-07-01T14:23:59+08:00,2026-07-09,2026-07-01T16:32:59+08:00
ORD00100546,M007962,P00215,web,created,4,JPY,894477.0,900.0,2026-07-01T10:37:08+08:00,2026-09-09,2026-07-02T16:51:08+08:00
ORD00103169,M005708,P00180,門市,paid,4,TWD,503847.0,0.0,2026-07-01T21:09:09+08:00,2026-09-21,2026-07-02T19:59:09+08:00
ORD00102851,M006813,P00100,app,created,1,USD,6400.96,150.0,2026-07-01T22:33:18+08:00,2026-08-03,2026-07-04T01:30:18+08:00
ORD00102057,M005817,P00086,門市,created,2,TWD,35484.0,750.0,2026-07-01T19:17:10+08:00,2026-07-10,2026-07-03T11:15:10+08:00
ORD00102932,M002035,P00058,門市,created,3,TWD,136626.0,700.0,2026-07-01T17:28:56+08:00,2026-09-13,2026-07-03T12:56:56+08:00
ORD00103342,M006789,P00162,電銷,paid,4,TWD,30728.0,300.0,2026-07-01T00:34:02+08:00,2026-08-23,2026-07-02T19:20:02+08:00
ORD00102320,M003056,P00235,門市,paid,1,TWD,68650.0,700.0,2026-07-01T19:59:39+08:00,2026-08-31,2026-07-02T00:01:39+08:00
ORD00100016,M007404,P00178,web,paid,4,JPY,715123.0,750.0,2026-07-01T04:23:10+08:00,2026-07-12,2026-07-01T11:08:10+08:00
ORD00100670,M000843,P00238,web,cancelled,2,USD,7034.28,900.0,2026-07-01T05:18:21+08:00,2026-09-15,2026-07-04T11:34:21+08:00
ORD00102526,M000578,P00081,app,paid,3,JPY,1849681.0,550.0,2026-07-01T22:40:39+08:00,2026-09-28,2026-07-02T00:02:39+08:00
ORD00103757,M001982,P00043,門市,created,2,JPY,1156857.0,50.0,2026-07-01T17:10:05+08:00,2026-10-08,2026-07-02T02:58:05+08:00
ORD00101516,M005093,P00022,app,paid,3,USD,3617.52,200.0,2026-07-01T22:44:58+08:00,2026-07-16,2026-07-03T20:20:58+08:00
ORD00103047,M001482,P00270,電銷,paid,3,TWD,69753.0,750.0,2026-07-01T15:28:00+08:00,2026-08-10,2026-07-01T21:45:00+08:00
ORD00103005,M006998,P00250,app,paid,2,USD,6016.79,150.0,2026-07-01T05:49:56+08:00,2026-09-21,2026-07-03T16:45:56+08:00
ORD00102547,M002723,P00001,門市,created,2,TWD,227008.0,950.0,2026-07-01T03:35:11+08:00,2026-09-10,2026-07-03T03:34:11+08:00
ORD00103733,M002252,P00097,電銷,created,3,TWD,363084.0,900.0,2026-07-01T13:41:32+08:00,2026-10-27,2026-07-03T00:55:32+08:00
ORD00101042,M001952,P00199,電銷,paid,2,USD,333.02,750.0,2026-07-01T17:49:09+08:00,2026-09-17,2026-07-03T02:19:09+08:00
ORD00103122,M002803,P00256,web,paid,4,USD,20136.06,100.0,2026-07-01T14:10:00+08:00,2026-09-14,2026-07-03T09:27:00+08:00
ORD00102364,M006983,P00156,電銷,created,4,JPY,3508684.0,500.0,2026-07-01T04:48:07+08:00,2026-07-09,2026-07-03T22:08:07+08:00
ORD00102253,M001238,P00128,app,paid,2,USD,10622.44,650.0,2026-07-01T04:56:03+08:00,2026-10-22,2026-07-02T23:26:03+08:00
ORD00103279,M003928,P00176,電銷,created,1,USD,5035.71,800.0,2026-07-01T20:40:33+08:00,2026-09-04,2026-07-02T13:06:33+08:00
ORD00100712,M003714,P00011,電銷,created,2,TWD,281063.0,250.0,2026-07-01T08:54:16+08:00,2026-09-16,2026-07-01T16:45:16+08:00
ORD00034579,M005717,P00239,app,cancelled,2,TWD,287031.0,250.0,2026-05-19T15:51:42+08:00,2026-07-22,2026-07-01T21:26:44+08:00
ORD00100681,M006275,P00098,web,paid,3,TWD,486345.0,450.0,2026-07-01T00:24:24+08:00,2026-08-24,2026-07-03T15:47:24+08:00
ORD00102544,M006787,P00122,app,paid,1,USD,6591.8,800.0,2026-07-01T05:29:34+08:00,2026-09-23,2026-07-03T12:09:34+08:00
ORD00103716,M003805,P00051,app,paid,2,TWD,352108.0,500.0,2026-07-01T01:28:15+08:00,2026-10-22,2026-07-03T11:29:15+08:00
ORD00102074,M002105,P00285,門市,created,2,TWD,189554.0,400.0,2026-07-01T01:59:47+08:00,2026-08-06,2026-07-01T11:53:47+08:00
ORD00037584,M001521,P00067,app,completed,1,TWD,135583.0,50.0,2026-06-20T23:21:40+08:00,2026-09-09,2026-07-01T18:18:12+08:00
ORD00103481,M002329,P00001,電銷,paid,4,TWD,511548.0,750.0,2026-07-01T21:16:28+08:00,2026-08-21,2026-07-02T05:26:28+08:00
ORD00100893,M000505,P00111,app,paid,2,TWD,170254.0,150.0,2026-07-01T13:06:00+08:00,2026-08-05,2026-07-03T20:56:00+08:00
ORD00016526,M007356,P00195,門市,completed,1,TWD,72072.0,300.0,2026-05-06T06:07:51+08:00,2026-08-23,2026-07-01T03:58:26+08:00
ORD00100498,M002121,P00243,app,paid,4,TWD,615463.0,950.0,2026-07-01T11:45:35+08:00,2026-08-16,2026-07-02T20:07:35+08:00
ORD00103530,M005136,P00039,門市,created,4,TWD,598113.0,900.0,2026-07-01T08:19:17+08:00,2026-07-21,2026-07-01T10:12:17+08:00
ORD00101284,M000968,P00116,app,created,4,TWD,334157.0,800.0,2026-07-01T17:41:32+08:00,2026-09-24,2026-07-04T11:13:32+08:00
ORD00102596,M004032,P00029,web,paid,1,TWD,118043.0,850.0,2026-07-01T05:57:45+08:00,2026-07-25,2026-07-02T21:36:45+08:00
ORD00100409,M006948,P00020,門市,paid,1,TWD,63957.0,650.0,2026-07-01T23:03:41+08:00,2026-09-17,2026-07-02T22:08:41+08:00
ORD00101030,M006901,P00267,門市,created,2,TWD,407237.0,950.0,2026-07-01T07:57:18+08:00,2026-09-19,2026-07-04T00:50:18+08:00
ORD00102555,M002734,P00090,門市,paid,1,TWD,171337.0,350.0,2026-07-01T11:30:57+08:00,2026-09-20,2026-07-03T15:05:57+08:00
ORD00100328,M007526,P00227,電銷,paid,3,TWD,417858.0,600.0,2026-07-01T15:51:52+08:00,2026-10-04,2026-07-03T16:39:52+08:00
ORD00102341,M004565,P00220,app,paid,3,TWD,87038.0,550.0,2026-07-01T06:41:11+08:00,2026-10-27,2026-07-02T04:25:11+08:00
ORD00103192,M000951,P00267,app,paid,2,JPY,1739790.0,100.0,2026-07-01T00:52:47+08:00,2026-10-22,2026-07-03T14:28:47+08:00
ORD00100284,M006455,P00098,電銷,paid,1,TWD,143872.0,300.0,2026-07-01T15:08:02+08:00,2026-09-01,2026-07-04T02:04:02+08:00
ORD00103977,M004044,P00179,電銷,created,3,TWD,403935.0,150.0,2026-07-01T05:34:35+08:00,2026-10-20,2026-07-03T07:40:35+08:00
ORD00065735,M001248,P00022,電銷,cancelled,4,TWD,183759.0,400.0,2026-06-25T23:12:00+08:00,2026-10-06,2026-07-01T08:32:36+08:00
ORD00101451,M002027,P00255,web,paid,2,USD,13797.35,750.0,2026-07-01T21:55:59+08:00,2026-07-17,2026-07-03T09:28:59+08:00
ORD00100354,M004538,P00089,門市,paid,4,TWD,335890.0,650.0,2026-07-01T20:16:30+08:00,2026-08-11,2026-07-01T21:58:30+08:00
ORD00102888,M005562,P00162,app,paid,4,TWD,33247.0,450.0,2026-07-01T18:29:24+08:00,2026-09-23,2026-07-04T02:03:24+08:00
ORD00006933,M002142,P00015,app,completed,4,TWD,290224.0,200.0,2026-05-08T14:34:27+08:00,2026-07-14,2026-07-01T02:33:50+08:00
ORD00083565,M001244,P00231,門市,cancelled,4,JPY,3587702.0,500.0,2026-05-21T16:10:26+08:00,2026-09-11,2026-07-01T02:36:50+08:00
ORD00100095,M003000,P00037,門市,created,4,TWD,458001.0,650.0,2026-07-01T03:40:13+08:00,2026-08-09,2026-07-02T06:15:13+08:00
ORD00100832,M000907,P00141,app,paid,1,USD,2632.57,650.0,2026-07-01T16:54:34+08:00,2026-07-19,2026-07-03T20:23:34+08:00
ORD00090855,M007813,P00220,app,cancelled,3,TWD,92019.0,750.0,2026-05-25T19:26:11+08:00,2026-09-04,2026-07-01T16:24:41+08:00
ORD00013078,M004290,P00277,門市,cancelled,2,USD,7311.73,700.0,2026-05-28T13:51:15+08:00,2026-06-16,2026-07-01T16:18:56+08:00
ORD00100080,M005591,P00173,web,paid,2,JPY,70816.0,950.0,2026-07-01T21:48:21+08:00,2026-09-27,2026-07-04T07:52:21+08:00
ORD00103814,M001949,P00094,app,paid,2,TWD,330131.0,300.0,2026-07-01T21:50:47+08:00,2026-09-01,2026-07-02T22:06:47+08:00
ORD00100790,M007378,P00252,電銷,paid,1,TWD,56590.0,800.0,2026-07-01T23:55:00+08:00,2026-08-20,2026-07-02T16:18:00+08:00
ORD00100911,M006749,P00169,門市,paid,2,TWD,75194.0,750.0,2026-07-01T20:31:11+08:00,2026-07-29,2026-07-02T16:54:11+08:00
ORD00100822,M005930,P00084,門市,created,4,USD,7775.28,500.0,2026-07-01T15:40:18+08:00,2026-09-18,2026-07-04T07:14:18+08:00
ORD00103401,M001164,P00025,門市,paid,3,TWD,531296.0,550.0,2026-07-01T13:49:51+08:00,2026-09-06,2026-07-01T14:08:51+08:00
ORD00102152,M001157,P00220,門市,paid,2,TWD,76761.0,450.0,2026-07-01T08:46:04+08:00,2026-07-08,2026-07-01T15:26:04+08:00
ORD00102883,M003710,P00255,app,paid,1,TWD,217830.0,450.0,2026-07-01T08:49:56+08:00,2026-10-14,2026-07-02T04:39:56+08:00
ORD00102926,M003816,P00299,web,created,4,TWD,92007.0,600.0,2026-07-01T08:50:33+08:00,2026-07-16,2026-07-01T21:53:33+08:00
ORD00101629,M007974,P00114,電銷,paid,1,JPY,403561.0,150.0,2026-07-01T06:41:18+08:00,2026-08-17,2026-07-02T18:55:18+08:00
ORD00100557,M002289,P00287,web,paid,3,TWD,427164.0,550.0,2026-07-01T08:59:45+08:00,2026-08-26,2026-07-02T20:10:45+08:00
ORD00102497,M004627,P00079,門市,paid,3,TWD,149404.0,650.0,2026-07-01T05:05:01+08:00,2026-07-31,2026-07-01T20:29:01+08:00
ORD00100494,M004086,P00257,app,paid,1,JPY,162484.0,600.0,2026-07-01T20:23:53+08:00,2026-08-13,2026-07-04T07:55:53+08:00
ORD00103796,M006258,P00197,電銷,created,4,TWD,251580.0,200.0,2026-07-01T19:46:19+08:00,2026-09-26,2026-07-03T23:36:19+08:00
ORD00102302,M002234,P00225,門市,created,3,TWD,110280.0,350.0,2026-07-01T09:55:28+08:00,2026-10-21,2026-07-02T04:01:28+08:00
ORD00100240,M000419,P00215,門市,created,4,TWD,156960.0,500.0,2026-07-01T02:03:24+08:00,2026-09-14,2026-07-02T00:36:24+08:00
ORD00103223,M005190,P00068,電銷,paid,3,TWD,274601.0,150.0,2026-07-01T18:51:27+08:00,2026-08-18,2026-07-04T11:48:27+08:00
ORD00102727,M006703,P00044,web,created,1,TWD,33762.0,550.0,2026-07-01T21:14:57+08:00,2026-09-09,2026-07-02T01:27:57+08:00
ORD00005631,M004938,P00034,電銷,completed,4,TWD,98372.0,900.0,2026-05-02T08:30:27+08:00,2026-07-11,2026-07-01T05:31:24+08:00
ORD00103213,M007294,P00175,app,paid,2,TWD,38768.0,400.0,2026-07-01T06:54:13+08:00,2026-10-11,2026-07-01T22:22:13+08:00
ORD00101529,M000633,P00111,web,paid,1,USD,2998.43,300.0,2026-07-01T18:09:38+08:00,2026-07-21,2026-07-03T10:01:38+08:00
ORD00103989,M005301,P00078,app,created,2,TWD,234548.0,550.0,2026-07-01T13:22:30+08:00,2026-10-07,2026-07-02T14:38:30+08:00
ORD00103396,M003379,P00265,門市,created,3,TWD,435555.0,650.0,2026-07-01T12:11:01+08:00,2026-07-22,2026-07-03T23:37:01+08:00
ORD00101599,M003393,P00266,web,paid,4,TWD,69705.0,750.0,2026-07-01T01:00:04+08:00,2026-07-19,2026-07-03T12:09:04+08:00
ORD00102566,M001539,P00073,門市,created,4,TWD,511165.0,350.0,2026-07-01T02:05:14+08:00,2026-08-25,2026-07-03T07:27:14+08:00
ORD00101815,M001825,P00291,app,created,3,TWD,97230.0,500.0,2026-07-01T11:37:31+08:00,2026-09-13,2026-07-04T06:15:31+08:00
ORD00103247,M002005,P00134,web,paid,4,TWD,504811.0,400.0,2026-07-01T01:20:42+08:00,2026-08-07,2026-07-03T13:19:42+08:00
ORD00100375,M000583,P00021,門市,paid,4,TWD,891814.0,700.0,2026-07-01T18:36:55+08:00,2026-07-21,2026-07-03T20:21:55+08:00
ORD00103217,M000650,P00022,電銷,created,3,USD,4385.34,200.0,2026-07-01T13:14:41+08:00,2026-09-24,2026-07-02T03:56:41+08:00
ORD00103100,M005942,P00164,app,paid,4,TWD,128256.0,650.0,2026-07-01T18:38:27+08:00,2026-08-01,2026-07-03T19:49:27+08:00
ORD00100698,M005385,P00255,門市,paid,4,USD,24979.81,100.0,2026-07-01T19:11:54+08:00,2026-08-07,2026-07-03T14:52:54+08:00
ORD00103762,M005680,P00052,門市,paid,2,TWD,178557.0,200.0,2026-07-01T22:38:47+08:00,2026-08-20,2026-07-03T00:09:47+08:00
ORD00101149,M000374,P00280,電銷,paid,4,USD,17394.28,450.0,2026-07-01T15:52:48+08:00,2026-08-16,2026-07-01T16:49:48+08:00
ORD00102127,M005448,P00293,電銷,created,1,USD,2184.17,500.0,2026-07-01T17:19:31+08:00,2026-07-14,2026-07-02T10:17:31+08:00
ORD00102966,M001488,P00099,電銷,paid,1,TWD,148621.0,750.0,2026-07-01T01:30:10+08:00,2026-09-28,2026-07-02T16:42:10+08:00
ORD00101761,M002679,P00230,web,paid,3,TWD,487327.0,450.0,2026-07-01T12:51:46+08:00,2026-09-02,2026-07-01T14:33:46+08:00
ORD00100966,M004481,P00200,門市,created,2,USD,7650.83,600.0,2026-07-01T19:56:29+08:00,2026-09-09,2026-07-03T05:23:29+08:00
ORD00102196,M006217,P00241,web,paid,3,TWD,507766.0,100.0,2026-07-01T10:14:20+08:00,2026-08-06,2026-07-02T10:19:20+08:00
ORD00101686,M005098,P00195,web,paid,4,TWD,216251.0,500.0,2026-07-01T06:34:04+08:00,2026-07-25,2026-07-02T09:47:04+08:00
ORD00103892,M002211,P00056,門市,paid,4,TWD,333874.0,350.0,2026-07-01T09:26:33+08:00,2026-09-12,2026-07-03T09:37:33+08:00
ORD00100691,M005678,P00263,電銷,created,4,USD,10800.28,250.0,2026-07-01T09:55:28+08:00,2026-09-11,2026-07-03T17:36:28+08:00
ORD00103161,M001790,P00012,門市,paid,3,TWD,295726.0,950.0,2026-07-01T16:43:35+08:00,2026-10-11,2026-07-02T12:03:35+08:00
ORD00102394,M002716,P00080,web,paid,1,USD,3866.42,250.0,2026-07-01T09:28:57+08:00,2026-08-20,2026-07-03T03:13:57+08:00
ORD00102104,M000476,P00102,電銷,paid,2,USD,2352.69,0.0,2026-07-01T01:17:03+08:00,2026-07-24,2026-07-03T04:51:03+08:00
ORD00101031,M007870,P00012,web,created,1,TWD,96206.0,600.0,2026-07-01T22:56:50+08:00,2026-08-27,2026-07-03T10:03:50+08:00
ORD00101685,M007321,P00140,門市,paid,2,USD,2915.2,350.0,2026-07-01T06:51:43+08:00,2026-09-01,2026-07-01T14:05:43+08:00
ORD00101387,M005533,P00001,電銷,paid,2,TWD,269030.0,600.0,2026-07-01T17:23:09+08:00,2026-10-07,2026-07-01T23:35:09+08:00
ORD00100133,M003506,P00156,門市,created,4,JPY,2952887.0,600.0,2026-07-01T12:31:12+08:00,2026-09-12,2026-07-03T07:01:12+08:00
ORD00103225,M000902,P00027,電銷,paid,3,TWD,391099.0,300.0,2026-07-01T12:35:20+08:00,2026-07-19,2026-07-02T16:43:20+08:00
ORD00103840,M006252,P00093,app,paid,3,USD,11867.31,450.0,2026-07-01T02:27:50+08:00,2026-10-17,2026-07-01T11:42:50+08:00
ORD00101352,M006303,P00250,app,created,4,TWD,297641.0,950.0,2026-07-01T05:15:56+08:00,2026-09-23,2026-07-02T18:20:56+08:00
ORD00100279,M004070,P00031,門市,paid,4,JPY,3098990.0,950.0,2026-07-01T21:41:21+08:00,2026-10-04,2026-07-03T21:02:21+08:00
ORD00100611,M006639,P00295,電銷,paid,2,TWD,129106.0,700.0,2026-07-01T18:05:19+08:00,2026-09-03,2026-07-03T03:00:19+08:00
ORD00102454,M005450,P00006,門市,paid,4,JPY,3299375.0,800.0,2026-07-01T18:23:36+08:00,2026-09-19,2026-07-03T08:37:36+08:00
ORD00078487,M000709,P00265,web,cancelled,1,TWD,184916.0,200.0,2026-06-13T15:57:28+08:00,2026-06-21,2026-07-01T18:28:03+08:00
ORD00004295,M002659,P00220,app,completed,1,JPY,142644.0,550.0,2026-05-22T18:35:30+08:00,2026-08-24,2026-07-01T07:22:07+08:00
ORD00103464,M002762,P00234,電銷,created,4,USD,1304.83,0.0,2026-07-01T10:51:12+08:00,2026-07-31,2026-07-03T07:50:12+08:00
ORD00100313,M004752,P00066,電銷,paid,2,USD,11057.59,850.0,2026-07-01T22:33:28+08:00,2026-07-17,2026-07-04T08:27:28+08:00
ORD00026715,M006375,P00098,門市,cancelled,4,TWD,629409.0,50.0,2026-06-27T05:44:13+08:00,2026-10-12,2026-07-01T07:22:59+08:00
ORD00102765,M000641,P00176,電銷,created,4,USD,16296.98,950.0,2026-07-01T22:00:56+08:00,2026-07-22,2026-07-03T10:26:56+08:00
ORD00100320,M005271,P00033,門市,paid,1,TWD,128129.0,0.0,2026-07-01T21:51:44+08:00,2026-08-31,2026-07-03T10:16:44+08:00
ORD00102095,M000098,P00024,web,paid,1,USD,2719.03,450.0,2026-07-01T09:50:51+08:00,2026-08-06,2026-07-03T02:56:51+08:00
ORD00100158,M005569,P00199,電銷,paid,2,JPY,65730.0,450.0,2026-07-01T22:18:03+08:00,2026-10-10,2026-07-02T10:01:03+08:00
ORD00101197,M004674,P00175,app,paid,1,TWD,16464.0,750.0,2026-07-01T16:28:05+08:00,2026-09-22,2026-07-03T17:44:05+08:00
ORD00028608,M006003,P00015,web,cancelled,3,TWD,170317.0,250.0,2026-06-20T21:18:39+08:00,2026-09-12,2026-07-01T19:20:53+08:00
ORD00102745,M006738,P00155,電銷,paid,3,USD,4719.36,900.0,2026-07-01T11:05:04+08:00,2026-10-21,2026-07-02T11:23:04+08:00
ORD00103445,M004194,P00144,電銷,paid,2,TWD,255611.0,350.0,2026-07-01T03:58:49+08:00,2026-08-23,2026-07-02T15:32:49+08:00
ORD00101938,M007730,P00083,app,paid,3,TWD,470097.0,650.0,2026-07-01T03:54:56+08:00,2026-08-21,2026-07-03T00:27:56+08:00
ORD00100682,M006025,P00251,門市,created,1,TWD,115048.0,300.0,2026-07-01T10:49:05+08:00,2026-10-21,2026-07-03T17:42:05+08:00
ORD00103346,M005917,P00059,電銷,paid,2,USD,5325.04,400.0,2026-07-01T06:13:47+08:00,2026-09-30,2026-07-02T08:26:47+08:00
ORD00102064,M002974,P00148,門市,paid,2,TWD,51012.0,750.0,2026-07-01T19:44:04+08:00,2026-10-14,2026-07-02T13:13:04+08:00
ORD00101655,M004687,P00025,門市,created,2,TWD,382650.0,200.0,2026-07-01T04:49:04+08:00,2026-10-14,2026-07-02T15:49:04+08:00
ORD00102419,M002708,P00293,電銷,paid,1,USD,2096.15,200.0,2026-07-01T16:56:57+08:00,2026-08-16,2026-07-03T11:08:57+08:00
ORD00101727,M002781,P00097,電銷,created,2,TWD,221207.0,100.0,2026-07-01T05:23:32+08:00,2026-07-26,2026-07-02T23:59:32+08:00
ORD00102804,M006291,P00230,門市,created,4,USD,19858.97,750.0,2026-07-01T20:21:13+08:00,2026-08-31,2026-07-02T16:44:13+08:00
ORD00102306,M005189,P00158,app,paid,1,JPY,164460.0,450.0,2026-07-01T15:03:41+08:00,2026-10-01,2026-07-03T19:18:41+08:00
ORD00101897,M003136,P00164,web,paid,3,USD,4047.81,850.0,2026-07-01T20:19:55+08:00,2026-07-08,2026-07-04T14:30:55+08:00
ORD00103689,M000008,P00294,app,paid,4,TWD,647054.0,450.0,2026-07-01T08:50:21+08:00,2026-09-08,2026-07-03T17:59:21+08:00
ORD00103711,M000958,P00218,門市,paid,3,JPY,478387.0,250.0,2026-07-01T17:59:46+08:00,2026-10-11,2026-07-02T06:45:46+08:00
ORD00102286,M004393,P00082,web,created,2,TWD,434687.0,350.0,2026-07-01T01:27:44+08:00,2026-10-20,2026-07-01T01:58:44+08:00
ORD00094885,M006801,P00053,web,cancelled,1,TWD,86928.0,150.0,2026-06-07T16:28:12+08:00,2026-08-30,2026-07-01T11:52:15+08:00
ORD00100060,M004267,P00065,電銷,paid,2,USD,11261.64,850.0,2026-07-01T22:07:36+08:00,2026-08-23,2026-07-03T00:57:36+08:00
ORD00100568,M005655,P00113,app,paid,2,USD,8204.99,900.0,2026-07-01T13:12:16+08:00,2026-07-23,2026-07-02T03:03:16+08:00
ORD00052559,M006517,P00297,app,cancelled,3,TWD,431097.0,600.0,2026-06-30T10:03:35+08:00,2026-07-11,2026-07-01T15:48:41+08:00
ORD00100599,M005588,P00227,門市,paid,4,TWD,571055.0,100.0,2026-07-01T10:59:03+08:00,2026-10-15,2026-07-02T20:51:03+08:00
ORD00100468,M004241,P00242,電銷,paid,1,USD,763.98,750.0,2026-07-01T06:21:31+08:00,2026-09-25,2026-07-01T19:06:31+08:00
ORD00103528,M006988,P00292,web,created,4,TWD,670595.0,200.0,2026-07-01T08:36:32+08:00,2026-08-03,2026-07-01T23:36:32+08:00
ORD00102091,M000011,P00125,門市,paid,2,TWD,128754.0,250.0,2026-07-01T23:41:40+08:00,2026-08-07,2026-07-02T23:21:40+08:00
ORD00100108,M004390,P00173,web,paid,4,TWD,35980.0,350.0,2026-07-01T17:32:46+08:00,2026-07-27,2026-07-04T02:17:46+08:00
ORD00102697,M007472,P00213,web,paid,4,USD,11376.63,750.0,2026-07-01T12:46:11+08:00,2026-09-02,2026-07-03T03:40:11+08:00
ORD00065584,M002240,P00195,app,cancelled,4,TWD,240465.0,850.0,2026-05-23T06:09:04+08:00,2026-08-10,2026-07-01T23:22:59+08:00
ORD00102499,M000019,P00033,電銷,created,4,TWD,604449.0,950.0,2026-07-01T06:34:17+08:00,2026-07-16,2026-07-03T01:11:17+08:00
ORD00103555,M004685,P00076,電銷,created,2,TWD,8170.0,750.0,2026-07-01T02:51:12+08:00,2026-09-30,2026-07-01T23:09:12+08:00
ORD00040127,M002908,P00051,app,cancelled,2,USD,11656.84,900.0,2026-05-28T08:05:51+08:00,2026-08-07,2026-07-01T04:00:46+08:00
ORD00101582,M003690,P00225,門市,paid,4,TWD,180322.0,0.0,2026-07-01T07:18:13+08:00,2026-10-24,2026-07-01T09:05:13+08:00
ORD00103473,M004704,P00243,門市,paid,4,TWD,539385.0,900.0,2026-07-01T17:10:06+08:00,2026-07-26,2026-07-03T10:06:06+08:00
ORD00100300,M004859,P00211,app,paid,1,TWD,98733.0,100.0,2026-07-01T13:28:28+08:00,2026-08-31,2026-07-03T01:27:28+08:00
ORD00102855,M000357,P00004,app,paid,3,TWD,642237.0,100.0,2026-07-01T23:54:00+08:00,2026-07-30,2026-07-02T20:20:00+08:00
ORD00101005,M003169,P00287,web,paid,3,TWD,373731.0,850.0,2026-07-01T01:26:06+08:00,2026-09-02,2026-07-01T14:08:06+08:00
ORD00103115,M001502,P00006,app,paid,3,TWD,442501.0,200.0,2026-07-01T09:41:24+08:00,2026-09-25,2026-07-02T21:36:24+08:00
ORD00100378,M002585,P00249,電銷,paid,2,TWD,143955.0,600.0,2026-07-01T12:03:09+08:00,2026-10-19,2026-07-01T20:09:09+08:00
ORD00102408,M004602,P00174,app,paid,4,TWD,95843.0,600.0,2026-07-01T02:52:21+08:00,2026-09-18,2026-07-01T19:56:21+08:00
ORD00029377,M003516,P00062,app,completed,4,TWD,398682.0,50.0,2026-05-28T09:16:28+08:00,2026-06-13,2026-07-01T02:35:19+08:00
ORD00100786,M005588,P00194,app,created,1,TWD,85213.0,250.0,2026-07-01T15:55:53+08:00,2026-08-17,2026-07-02T23:27:53+08:00
ORD00103086,M001741,P00198,門市,created,2,TWD,49606.0,0.0,2026-07-01T13:48:07+08:00,2026-07-22,2026-07-04T07:18:07+08:00
ORD00100400,M001939,P00067,門市,paid,2,TWD,207804.0,100.0,2026-07-01T11:17:54+08:00,2026-08-15,2026-07-03T23:19:54+08:00
ORD00102146,M000119,P00056,門市,paid,1,TWD,71491.0,450.0,2026-07-01T20:21:00+08:00,2026-07-24,2026-07-02T06:49:00+08:00
ORD00102032,M002042,P00168,app,paid,3,USD,13068.74,500.0,2026-07-01T04:08:42+08:00,2026-10-19,2026-07-02T22:49:42+08:00
ORD00101382,M000823,P00167,app,paid,2,TWD,291089.0,250.0,2026-07-01T23:41:41+08:00,2026-10-05,2026-07-04T13:37:41+08:00
ORD00100213,M005612,P00279,電銷,paid,2,TWD,181146.0,450.0,2026-07-01T00:15:20+08:00,2026-08-09,2026-07-03T14:40:20+08:00
ORD00103101,M005926,P00167,門市,paid,2,TWD,340541.0,150.0,2026-07-01T20:41:52+08:00,2026-07-19,2026-07-04T10:03:52+08:00
ORD00100523,M006934,P00167,web,created,2,TWD,335908.0,150.0,2026-07-01T11:00:14+08:00,2026-09-01,2026-07-02T14:22:14+08:00
ORD00102863,M006316,P00231,電銷,created,4,TWD,656560.0,500.0,2026-07-01T23:06:22+08:00,2026-09-15,2026-07-02T01:56:22+08:00
ORD00101038,M006754,P00179,門市,paid,4,USD,19530.4,200.0,2026-07-01T15:04:36+08:00,2026-07-11,2026-07-03T16:28:36+08:00
ORD00101136,M000294,P00025,app,created,2,TWD,298576.0,850.0,2026-07-01T10:18:32+08:00,2026-09-15,2026-07-02T05:56:32+08:00
ORD00102257,M006881,P00012,web,paid,4,TWD,301459.0,900.0,2026-07-01T02:19:06+08:00,2026-09-14,2026-07-03T06:37:06+08:00
ORD00101793,M003056,P00124,電銷,paid,1,JPY,212764.0,950.0,2026-07-01T00:29:58+08:00,2026-10-22,2026-07-01T01:04:58+08:00
ORD00100868,M002765,P00127,app,created,1,TWD,60004.0,300.0,2026-07-01T01:24:31+08:00,2026-08-13,2026-07-02T02:15:31+08:00
ORD00101743,M004875,P00191,電銷,paid,1,USD,4048.69,50.0,2026-07-01T21:25:22+08:00,2026-09-08,2026-07-02T02:27:22+08:00
ORD00103809,M001477,P00267,app,paid,3,TWD,510347.0,850.0,2026-07-01T14:49:09+08:00,2026-09-04,2026-07-03T19:13:09+08:00
ORD00101531,M005073,P00220,電銷,paid,3,TWD,100236.0,100.0,2026-07-01T17:19:55+08:00,2026-07-23,2026-07-03T19:56:55+08:00
ORD00102242,M000025,P00203,app,paid,4,JPY,2016597.0,950.0,2026-07-01T20:28:32+08:00,2026-07-31,2026-07-02T17:48:32+08:00
ORD00100168,M000111,P00065,門市,paid,1,TWD,222761.0,300.0,2026-07-01T20:39:36+08:00,2026-07-10,2026-07-04T10:52:36+08:00
ORD00077039,M006556,P00265,web,completed,2,TWD,341326.0,200.0,2026-06-21T07:46:47+08:00,2026-08-22,2026-07-01T01:31:01+08:00
ORD00103743,M000577,P00108,web,created,4,JPY,2046458.0,650.0,2026-07-01T10:18:04+08:00,2026-09-15,2026-07-02T02:59:04+08:00
ORD00101824,M005424,P00250,門市,paid,3,JPY,1113438.0,250.0,2026-07-01T08:18:06+08:00,2026-07-16,2026-07-01T11:10:06+08:00
ORD00101754,M000453,P00234,app,paid,3,USD,1064.3,50.0,2026-07-01T10:03:26+08:00,2026-08-12,2026-07-03T18:02:26+08:00
ORD00102564,M000669,P00140,web,created,1,TWD,40518.0,0.0,2026-07-01T13:46:17+08:00,2026-07-13,2026-07-04T01:51:17+08:00
ORD00100078,M001258,P00142,門市,paid,2,TWD,452414.0,300.0,2026-07-01T00:52:16+08:00,2026-09-20,2026-07-03T01:51:16+08:00
ORD00101868,M004849,P00294,app,created,1,TWD,188641.0,850.0,2026-07-01T10:16:26+08:00,2026-08-07,2026-07-03T05:11:26+08:00
ORD00103795,M005812,P00276,門市,created,1,TWD,153604.0,600.0,2026-07-01T07:51:09+08:00,2026-07-27,2026-07-01T12:58:09+08:00
ORD00103991,M000443,P00193,電銷,paid,2,JPY,1658294.0,650.0,2026-07-01T09:37:52+08:00,2026-10-14,2026-07-02T16:33:52+08:00
ORD00100989,M000449,P00022,門市,created,1,TWD,41444.0,500.0,2026-07-01T11:18:46+08:00,2026-08-14,2026-07-03T05:40:46+08:00
ORD00102846,M002205,P00247,app,paid,3,TWD,505594.0,700.0,2026-07-01T16:43:14+08:00,2026-07-08,2026-07-03T01:14:14+08:00
ORD00051452,M005322,P00119,web,cancelled,4,JPY,3853413.0,550.0,2026-06-14T12:28:47+08:00,2026-07-28,2026-07-01T13:39:54+08:00
ORD00101735,M006250,P00253,web,paid,3,TWD,590083.0,250.0,2026-07-01T03:03:46+08:00,2026-08-19,2026-07-03T02:17:46+08:00
ORD00100572,M007017,P00290,app,paid,4,TWD,504002.0,700.0,2026-07-01T19:11:34+08:00,2026-10-01,2026-07-03T01:56:34+08:00
ORD00101922,M001649,P00175,web,paid,1,USD,564.57,150.0,2026-07-01T15:46:31+08:00,2026-07-20,2026-07-03T04:06:31+08:00
ORD00102698,M001099,P00196,電銷,paid,1,TWD,51482.0,250.0,2026-07-01T15:28:21+08:00,2026-10-14,2026-07-03T19:05:21+08:00
ORD00101554,M001508,P00231,門市,paid,1,TWD,174081.0,150.0,2026-07-01T19:28:58+08:00,2026-09-11,2026-07-02T22:31:58+08:00
ORD00103930,M003667,P00236,web,paid,4,TWD,649314.0,300.0,2026-07-01T07:29:06+08:00,2026-07-21,2026-07-02T15:13:06+08:00
ORD00100910,M007489,P00022,app,paid,2,TWD,78951.0,100.0,2026-07-01T18:56:00+08:00,2026-07-23,2026-07-02T01:25:00+08:00
ORD00007961,M004726,P00146,門市,completed,3,TWD,64165.0,650.0,2026-06-16T15:04:49+08:00,2026-08-12,2026-07-01T08:39:14+08:00
ORD00101032,M006067,P00122,web,paid,4,TWD,859207.0,700.0,2026-07-01T11:08:59+08:00,2026-08-12,2026-07-02T22:07:59+08:00
ORD00068960,M007025,P00140,web,completed,2,TWD,103009.0,550.0,2026-05-30T09:37:23+08:00,2026-09-07,2026-07-01T12:29:15+08:00
ORD00103969,M004540,P00208,app,paid,1,TWD,166727.0,350.0,2026-07-01T06:30:12+08:00,2026-07-14,2026-07-02T02:51:12+08:00
ORD00102802,M006659,P00013,web,created,3,JPY,2369879.0,150.0,2026-07-01T13:18:57+08:00,2026-09-15,2026-07-04T05:26:57+08:00
ORD00065394,M006218,P00048,電銷,cancelled,2,TWD,212758.0,600.0,2026-05-31T21:21:24+08:00,2026-09-22,2026-07-01T12:25:46+08:00
ORD00102007,M001706,P00291,電銷,paid,4,TWD,104493.0,200.0,2026-07-01T08:43:31+08:00,2026-10-07,2026-07-02T01:54:31+08:00
ORD00100092,M001196,P00065,門市,paid,2,TWD,363242.0,900.0,2026-07-01T19:14:55+08:00,2026-07-31,2026-07-03T18:21:55+08:00
ORD00028158,M005180,P00003,app,completed,4,TWD,493952.0,850.0,2026-06-29T00:13:28+08:00,2026-09-18,2026-07-01T11:50:10+08:00
ORD00082988,M004619,P00163,門市,completed,1,TWD,94930.0,850.0,2026-06-03T21:48:08+08:00,2026-09-19,2026-07-01T01:57:27+08:00
ORD00101860,M002953,P00068,門市,paid,1,USD,2766.74,200.0,2026-07-01T02:18:10+08:00,2026-08-28,2026-07-02T15:35:10+08:00
ORD00101003,M001891,P00126,門市,paid,3,TWD,84487.0,250.0,2026-07-01T18:34:43+08:00,2026-08-31,2026-07-04T13:10:43+08:00
ORD00100225,M002557,P00104,門市,created,4,TWD,13903.0,350.0,2026-07-01T22:41:21+08:00,2026-09-17,2026-07-02T23:27:21+08:00
ORD00102754,M002511,P00058,電銷,paid,2,TWD,78019.0,850.0,2026-07-01T06:56:07+08:00,2026-07-08,2026-07-02T20:57:07+08:00
ORD00100505,M000236,P00186,web,paid,4,TWD,641275.0,50.0,2026-07-01T13:16:20+08:00,2026-07-18,2026-07-04T05:06:20+08:00
ORD00100044,M001367,P00259,app,paid,3,JPY,2310143.0,550.0,2026-07-01T05:15:51+08:00,2026-08-26,2026-07-01T23:44:51+08:00
ORD00100719,M007391,P00286,app,created,2,TWD,323642.0,450.0,2026-07-01T02:55:33+08:00,2026-07-30,2026-07-01T07:35:39+08:00
ORD00009290,M000366,P00007,電銷,completed,2,TWD,119951.0,850.0,2026-05-13T08:05:43+08:00,2026-08-18,2026-07-01T19:36:37+08:00
ORD00101549,M007248,P00284,門市,paid,2,TWD,242369.0,700.0,2026-07-01T20:20:13+08:00,2026-07-31,2026-07-03T03:01:13+08:00
ORD00102580,M006201,P00074,門市,paid,2,TWD,277603.0,700.0,2026-07-01T14:20:16+08:00,2026-07-31,2026-07-03T12:00:16+08:00
ORD00102148,M006619,P00126,門市,created,2,TWD,61891.0,300.0,2026-07-01T19:57:20+08:00,2026-09-26,2026-07-01T22:44:20+08:00
ORD00101828,M000595,P00150,web,paid,1,USD,5472.98,200.0,2026-07-01T22:11:28+08:00,2026-07-22,2026-07-01T23:38:28+08:00
ORD00100094,M001395,P00272,app,paid,1,USD,3629.08,900.0,2026-07-01T15:58:24+08:00,2026-09-07,2026-07-03T22:38:24+08:00
ORD00102334,M001006,P00129,app,created,2,TWD,354226.0,600.0,2026-07-01T06:36:52+08:00,2026-07-08,2026-07-02T23:09:52+08:00
ORD00101263,M004881,P00100,門市,paid,2,TWD,281027.0,850.0,2026-07-01T01:24:10+08:00,2026-07-19,2026-07-03T11:58:10+08:00
ORD00102432,M007312,P00017,電銷,created,1,JPY,963899.0,700.0,2026-07-01T10:59:33+08:00,2026-10-07,2026-07-04T03:51:33+08:00
ORD00101751,M005721,P00150,門市,paid,2,USD,11215.35,700.0,2026-07-01T15:13:03+08:00,2026-09-11,2026-07-01T22:58:03+08:00
ORD00100204,M005163,P00103,門市,created,2,USD,1339.05,700.0,2026-07-01T13:19:44+08:00,2026-07-08,2026-07-02T15:40:44+08:00
ORD00050275,M006921,P00004,web,completed,2,USD,14579.0,650.0,2026-05-15T09:23:52+08:00,2026-06-02,2026-07-01T05:48:17+08:00
ORD00102808,M006023,P00070,電銷,created,4,TWD,487662.0,250.0,2026-07-01T00:19:33+08:00,2026-10-19,2026-07-01T07:05:33+08:00
ORD00101010,M006489,P00087,門市,paid,1,TWD,200935.0,600.0,2026-07-01T06:12:28+08:00,2026-07-23,2026-07-02T19:17:28+08:00
ORD00102610,M000020,P00015,門市,paid,3,JPY,952967.0,900.0,2026-07-01T01:43:29+08:00,2026-10-08,2026-07-03T10:17:29+08:00
ORD00101366,M001705,P00190,web,paid,1,JPY,1089025.0,750.0,2026-07-01T07:03:20+08:00,2026-09-01,2026-07-04T01:05:20+08:00
ORD00033878,M007269,P00296,電銷,completed,4,USD,1098.07,250.0,2026-06-06T00:04:03+08:00,2026-09-02,2026-07-01T21:39:48+08:00
ORD00102874,M000811,P00015,門市,created,2,TWD,108579.0,800.0,2026-07-01T13:19:44+08:00,2026-07-27,2026-07-02T06:14:44+08:00
ORD00103331,M004549,P00117,電銷,created,4,USD,21532.19,750.0,2026-07-01T14:11:28+08:00,2026-09-06,2026-07-03T12:01:28+08:00
ORD00102520,M001631,P00244,app,paid,3,TWD,142291.0,250.0,2026-07-01T23:00:27+08:00,2026-08-08,2026-07-03T18:05:27+08:00
ORD00100128,M006278,P00075,門市,paid,3,TWD,51193.0,400.0,2026-07-01T03:57:26+08:00,2026-08-10,2026-07-01T06:23:26+08:00
ORD00102066,M000880,P00217,app,paid,2,TWD,388850.0,550.0,2026-07-01T12:50:52+08:00,2026-07-30,2026-07-03T22:09:52+08:00
ORD00103611,M004842,P00027,門市,paid,3,TWD,437557.0,50.0,2026-07-01T07:11:51+08:00,2026-10-04,2026-07-02T05:14:51+08:00
ORD00100891,M005969,P00263,app,paid,4,TWD,434632.0,900.0,2026-07-01T22:20:40+08:00,2026-08-29,2026-07-02T19:37:40+08:00
ORD00101876,M004733,P00096,門市,paid,2,TWD,16498.0,150.0,2026-07-01T23:22:48+08:00,2026-08-17,2026-07-04T05:06:48+08:00
ORD00079015,M004119,P00065,門市,completed,2,JPY,1699695.0,500.0,2026-05-03T14:03:14+08:00,2026-07-04,2026-07-01T06:39:39+08:00
ORD00102584,M005536,P00029,web,paid,3,JPY,1640777.0,850.0,2026-07-01T23:21:37+08:00,2026-08-29,2026-07-03T21:18:37+08:00
ORD00103726,M007076,P00273,門市,paid,1,TWD,107302.0,850.0,2026-07-01T15:05:04+08:00,2026-10-21,2026-07-02T15:54:04+08:00
ORD00101997,M007106,P00083,門市,paid,4,JPY,2599748.0,100.0,2026-07-01T23:02:12+08:00,2026-08-29,2026-07-04T05:12:12+08:00
ORD00100419,M007916,P00088,門市,created,1,TWD,86341.0,150.0,2026-07-01T08:34:51+08:00,2026-07-20,2026-07-02T00:46:51+08:00
ORD00101429,M004793,P00117,app,created,1,TWD,154117.0,0.0,2026-07-01T20:17:42+08:00,2026-07-23,2026-07-02T14:42:42+08:00
ORD00100425,M007456,P00262,門市,paid,2,TWD,396411.0,700.0,2026-07-01T03:47:22+08:00,2026-09-26,2026-07-03T14:14:22+08:00
ORD00042842,M000246,P00235,app,completed,3,JPY,959485.0,250.0,2026-05-31T19:05:48+08:00,2026-08-23,2026-07-01T22:49:13+08:00
ORD00102996,M001466,P00123,web,paid,4,TWD,321346.0,900.0,2026-07-01T17:13:44+08:00,2026-09-21,2026-07-02T10:45:44+08:00
ORD00083772,M003548,P00200,app,completed,1,USD,4234.82,100.0,2026-05-04T15:02:45+08:00,2026-05-25,2026-07-01T06:12:24+08:00
ORD00102955,M000880,P00057,app,paid,3,TWD,395466.0,100.0,2026-07-01T17:09:22+08:00,2026-09-05,2026-07-02T04:21:22+08:00
ORD00100875,M003231,P00216,電銷,paid,3,USD,1182.22,800.0,2026-07-01T15:39:42+08:00,2026-10-28,2026-07-01T18:56:42+08:00
ORD00103423,M004634,P00298,app,paid,2,TWD,254282.0,350.0,2026-07-01T06:42:22+08:00,2026-09-15,2026-07-03T01:36:22+08:00
ORD00103704,M007915,P00102,門市,paid,2,USD,2172.25,200.0,2026-07-01T12:47:49+08:00,2026-10-05,2026-07-01T16:32:49+08:00
ORD00103666,M000034,P00254,app,paid,3,USD,343.07,150.0,2026-07-01T20:05:45+08:00,2026-08-22,2026-07-01T22:06:45+08:00
ORD00100785,M003700,P00001,門市,created,4,TWD,510854.0,800.0,2026-07-01T21:18:14+08:00,2026-10-10,2026-07-03T08:26:14+08:00
ORD00102052,M004532,P00200,web,paid,1,USD,4818.33,800.0,2026-07-01T06:01:25+08:00,2026-09-15,2026-07-02T21:26:25+08:00
ORD00102891,M001413,P00046,web,paid,4,TWD,274569.0,850.0,2026-07-01T07:05:59+08:00,2026-07-17,2026-07-03T15:28:59+08:00
ORD00103303,M007907,P00292,app,paid,3,USD,14224.23,250.0,2026-07-01T22:54:16+08:00,2026-08-12,2026-07-03T12:47:16+08:00
ORD00101447,M000353,P00062,電銷,created,3,TWD,376803.0,950.0,2026-07-01T08:56:21+08:00,2026-09-13,2026-07-01T16:42:21+08:00
ORD00100374,M004908,P00117,web,paid,2,TWD,286142.0,700.0,2026-07-01T05:01:51+08:00,2026-10-11,2026-07-01T10:18:51+08:00
ORD00101923,M002303,P00164,門市,paid,3,TWD,100422.0,600.0,2026-07-01T03:49:53+08:00,2026-09-27,2026-07-03T13:14:53+08:00
ORD00100441,M004895,P00044,app,paid,3,USD,3195.51,250.0,2026-07-01T16:35:47+08:00,2026-09-11,2026-07-03T13:02:47+08:00
ORD00103066,M004081,P00155,門市,paid,1,USD,1512.3,50.0,2026-07-01T13:45:41+08:00,2026-07-14,2026-07-03T13:39:41+08:00
ORD00101894,M005988,P00249,web,paid,1,USD,2556.4,400.0,2026-07-01T08:38:20+08:00,2026-07-28,2026-07-03T03:36:20+08:00
ORD00100258,M005747,P00205,門市,paid,2,TWD,24370.0,850.0,2026-07-01T07:18:09+08:00,2026-08-19,2026-07-03T13:47:09+08:00
ORD00103373,M001012,P00110,web,paid,2,USD,11946.64,650.0,2026-07-01T16:13:31+08:00,2026-08-21,2026-07-02T21:07:31+08:00
ORD00102867,M007094,P00267,門市,paid,4,TWD,720105.0,100.0,2026-07-01T12:39:20+08:00,2026-09-15,2026-07-02T02:15:20+08:00
ORD00102575,M000136,P00215,電銷,paid,4,TWD,168807.0,600.0,2026-07-01T00:20:27+08:00,2026-07-19,2026-07-01T10:13:27+08:00
ORD00101299,M000918,P00073,電銷,paid,3,TWD,384837.0,700.0,2026-07-01T22:46:12+08:00,2026-07-12,2026-07-03T08:05:12+08:00
ORD00102396,M002882,P00102,web,created,1,USD,1299.79,950.0,2026-07-01T16:22:46+08:00,2026-10-10,2026-07-03T21:10:46+08:00
ORD00100162,M006430,P00075,web,paid,3,TWD,67571.0,900.0,2026-07-01T20:07:35+08:00,2026-08-21,2026-07-03T00:54:35+08:00
ORD00102367,M003637,P00202,門市,paid,4,TWD,480355.0,500.0,2026-07-01T10:24:03+08:00,2026-10-20,2026-07-01T23:32:03+08:00
ORD00100318,M004026,P00165,app,paid,1,TWD,84005.0,550.0,2026-07-01T14:55:30+08:00,2026-07-24,2026-07-02T14:07:30+08:00
ORD00085327,M002966,P00078,電銷,cancelled,3,TWD,323803.0,450.0,2026-06-03T19:42:43+08:00,2026-06-15,2026-07-01T06:58:38+08:00
ORD00100196,M004320,P00126,web,paid,2,TWD,54776.0,300.0,2026-07-01T07:49:31+08:00,2026-07-10,2026-07-04T01:19:31+08:00
ORD00007446,M005778,P00025,電銷,completed,2,TWD,339139.0,0.0,2026-05-15T16:54:28+08:00,2026-08-22,2026-07-01T14:13:19+08:00
ORD00100511,M007792,P00120,app,created,4,TWD,505286.0,950.0,2026-07-01T21:03:26+08:00,2026-10-09,2026-07-02T23:46:26+08:00
ORD00102362,M000463,P00127,app,paid,1,USD,2075.39,950.0,2026-07-01T01:33:17+08:00,2026-10-26,2026-07-02T17:36:17+08:00
ORD00100841,M004947,P00067,門市,created,3,TWD,380186.0,550.0,2026-07-01T02:14:32+08:00,2026-08-19,2026-07-02T10:10:32+08:00
ORD00103309,M004745,P00280,app,paid,4,USD,18921.29,200.0,2026-07-01T08:47:26+08:00,2026-08-23,2026-07-02T23:13:26+08:00
ORD00102869,M006098,P00084,電銷,paid,2,USD,3373.58,250.0,2026-07-01T23:49:07+08:00,2026-07-23,2026-07-03T19:05:07+08:00
ORD00016154,M007384,P00159,web,cancelled,1,TWD,50448.0,650.0,2026-06-13T06:29:17+08:00,2026-09-19,2026-07-01T04:08:04+08:00
ORD00100415,M000379,P00243,web,paid,1,TWD,160119.0,100.0,2026-07-01T20:11:53+08:00,2026-09-20,2026-07-02T06:26:53+08:00
ORD00102741,M003231,P00188,web,created,3,JPY,695734.0,550.0,2026-07-01T03:37:03+08:00,2026-08-14,2026-07-03T05:59:03+08:00
ORD00101286,M005266,P00259,電銷,paid,4,USD,15710.48,850.0,2026-07-01T00:13:18+08:00,2026-09-15,2026-07-02T18:51:18+08:00
ORD00102090,M004706,P00028,門市,paid,4,TWD,528170.0,600.0,2026-07-01T23:39:13+08:00,2026-10-24,2026-07-03T06:06:13+08:00
ORD00102957,M003390,P00094,電銷,created,2,USD,10492.18,350.0,2026-07-01T07:36:46+08:00,2026-09-29,2026-07-02T02:15:46+08:00
ORD00103202,M003744,P00243,電銷,created,1,TWD,189538.0,650.0,2026-07-01T13:13:00+08:00,2026-08-24,2026-07-02T20:52:00+08:00
ORD00102901,M004919,P00139,web,paid,1,TWD,127345.0,700.0,2026-07-01T05:16:51+08:00,2026-10-05,2026-07-03T15:12:51+08:00
ORD00101365,M005327,P00157,門市,created,1,TWD,73921.0,850.0,2026-07-01T18:04:40+08:00,2026-08-13,2026-07-03T18:24:40+08:00
ORD00103863,M001246,P00079,web,paid,3,TWD,131260.0,150.0,2026-07-01T17:23:43+08:00,2026-10-03,2026-07-01T21:45:43+08:00
ORD00102834,M003096,P00096,電銷,created,3,TWD,18127.0,0.0,2026-07-01T10:09:01+08:00,2026-10-14,2026-07-01T11:29:01+08:00
ORD00100813,M006432,P00278,門市,paid,4,TWD,790827.0,50.0,2026-07-01T12:36:15+08:00,2026-09-18,2026-07-03T17:32:15+08:00
ORD00101895,M000773,P00074,web,created,3,TWD,412005.0,450.0,2026-07-01T07:35:18+08:00,2026-07-11,2026-07-01T10:18:18+08:00
ORD00103244,M006557,P00216,門市,created,2,USD,619.97,600.0,2026-07-01T01:14:11+08:00,2026-08-30,2026-07-01T15:05:11+08:00
ORD00100506,M005968,P00023,門市,paid,3,USD,15715.24,450.0,2026-07-01T01:56:30+08:00,2026-10-27,2026-07-02T20:20:30+08:00
ORD00103727,M000303,P00268,app,paid,2,TWD,101826.0,800.0,2026-07-01T10:22:52+08:00,2026-09-13,2026-07-02T14:56:52+08:00
ORD00100077,M007050,P00008,電銷,created,4,USD,10768.2,600.0,2026-07-01T11:54:55+08:00,2026-07-28,2026-07-02T15:32:55+08:00
ORD00102465,M000678,P00119,電銷,created,3,TWD,567895.0,350.0,2026-07-01T22:05:57+08:00,2026-08-05,2026-07-02T20:36:57+08:00
ORD00101124,M000558,P00087,app,created,3,TWD,578110.0,400.0,2026-07-01T20:14:25+08:00,2026-10-11,2026-07-02T11:04:25+08:00
ORD00100282,M000459,P00067,app,paid,1,TWD,114099.0,100.0,2026-07-01T00:54:16+08:00,2026-08-26,2026-07-02T14:40:16+08:00
ORD00100765,M000737,P00283,app,paid,1,USD,868.38,250.0,2026-07-01T04:34:18+08:00,2026-07-10,2026-07-03T07:19:18+08:00
ORD00101264,M001280,P00018,web,paid,3,TWD,494162.0,50.0,2026-07-01T23:47:55+08:00,2026-10-06,2026-07-03T05:49:55+08:00
ORD00103504,M006873,P00022,電銷,created,1,JPY,170044.0,750.0,2026-07-01T09:09:58+08:00,2026-09-07,2026-07-02T07:20:58+08:00
ORD00028825,M004147,P00135,門市,completed,2,TWD,19874.0,400.0,2026-05-09T12:54:47+08:00,2026-09-03,2026-07-01T02:09:18+08:00
ORD00101722,M006987,P00199,電銷,paid,3,JPY,83768.0,950.0,2026-07-01T08:20:03+08:00,2026-09-29,2026-07-01T21:03:03+08:00
ORD00100837,M006155,P00013,門市,paid,2,TWD,247085.0,750.0,2026-07-01T15:19:26+08:00,2026-08-20,2026-07-03T13:38:26+08:00
ORD00101680,M000911,P00195,門市,created,2,JPY,562590.0,750.0,2026-07-01T16:33:51+08:00,2026-07-20,2026-07-02T15:12:51+08:00
ORD00101119,M003817,P00236,web,paid,2,TWD,268532.0,550.0,2026-07-01T03:54:53+08:00,2026-10-28,2026-07-01T07:53:53+08:00
ORD00102937,M004769,P00003,電銷,paid,3,JPY,1666316.0,600.0,2026-07-01T07:50:22+08:00,2026-10-04,2026-07-03T00:03:22+08:00
ORD00102487,M000607,P00083,門市,paid,2,USD,10359.14,300.0,2026-07-01T16:41:04+08:00,2026-08-19,2026-07-02T08:12:04+08:00
ORD00103196,M004792,P00008,web,created,3,TWD,233088.0,700.0,2026-07-01T20:27:31+08:00,2026-09-02,2026-07-04T07:04:31+08:00
ORD00100886,M007886,P00049,電銷,created,4,JPY,364755.0,750.0,2026-07-01T19:07:02+08:00,2026-09-02,2026-07-02T04:52:02+08:00
ORD00103347,M007111,P00123,app,paid,4,USD,10417.66,200.0,2026-07-01T02:24:39+08:00,2026-08-14,2026-07-02T17:36:39+08:00
ORD00055699,M006009,P00121,app,cancelled,3,TWD,66520.0,950.0,2026-05-25T08:13:51+08:00,2026-06-17,2026-07-01T16:37:41+08:00
ORD00102375,M001372,P00064,web,paid,3,TWD,88726.0,700.0,2026-07-01T09:09:43+08:00,2026-08-13,2026-07-02T17:24:43+08:00
ORD00102312,M006985,P00234,web,created,4,JPY,151650.0,200.0,2026-07-01T17:41:52+08:00,2026-10-05,2026-07-01T19:00:52+08:00
ORD00066338,M005332,P00257,門市,cancelled,2,TWD,66990.0,300.0,2026-05-01T13:08:59+08:00,2026-05-21,2026-07-01T02:15:34+08:00
ORD00101028,M002722,P00091,web,paid,3,TWD,328571.0,0.0,2026-07-01T03:27:15+08:00,2026-08-27,2026-07-01T11:47:15+08:00
ORD00103778,M004507,P00101,web,paid,4,USD,7299.91,350.0,2026-07-01T06:04:48+08:00,2026-07-18,2026-07-03T20:11:48+08:00
ORD00103328,M001590,P00019,電銷,paid,1,TWD,95281.0,700.0,2026-07-01T19:23:03+08:00,2026-09-24,2026-07-01T22:40:03+08:00
ORD00102687,M001335,P00204,門市,paid,1,TWD,195647.0,650.0,2026-07-01T22:58:12+08:00,2026-07-20,2026-07-02T14:48:12+08:00
ORD00103262,M000617,P00199,電銷,paid,4,TWD,24965.0,600.0,2026-07-01T23:13:59+08:00,2026-10-22,2026-07-03T11:41:59+08:00
ORD00100904,M004260,P00239,app,paid,4,TWD,613695.0,600.0,2026-07-01T12:01:40+08:00,2026-09-06,2026-07-02T14:25:40+08:00
ORD00101450,M000277,P00013,web,created,1,TWD,118495.0,50.0,2026-07-01T14:51:43+08:00,2026-10-13,2026-07-03T12:59:43+08:00
ORD00100726,M001243,P00049,電銷,created,4,USD,2262.07,300.0,2026-07-01T14:03:22+08:00,2026-07-24,2026-07-04T03:35:22+08:00
ORD00028387,M000230,P00130,電銷,cancelled,4,TWD,860518.0,150.0,2026-05-16T21:09:34+08:00,2026-07-11,2026-07-01T05:14:26+08:00
ORD00102629,M002718,P00015,web,paid,1,TWD,54197.0,500.0,2026-07-01T07:09:35+08:00,2026-09-21,2026-07-01T07:46:35+08:00
ORD00103231,M000637,P00091,app,created,2,TWD,200110.0,800.0,2026-07-01T11:56:50+08:00,2026-10-12,2026-07-02T11:28:50+08:00
ORD00102911,M004163,P00165,web,paid,3,JPY,1125650.0,900.0,2026-07-01T20:30:40+08:00,2026-09-02,2026-07-03T21:59:40+08:00
ORD00103415,M002944,P00254,app,paid,3,TWD,8481.0,150.0,2026-07-01T00:04:25+08:00,2026-09-27,2026-07-01T07:39:25+08:00
ORD00101078,M003900,P00209,門市,paid,2,TWD,224142.0,350.0,2026-07-01T19:19:35+08:00,2026-07-16,2026-07-04T04:48:35+08:00
ORD00101935,M007747,P00260,電銷,created,3,TWD,360520.0,50.0,2026-07-01T04:10:23+08:00,2026-08-17,2026-07-02T00:39:23+08:00
ORD00103172,M000589,P00066,web,paid,4,TWD,838112.0,300.0,2026-07-01T22:51:45+08:00,2026-08-11,2026-07-03T21:11:45+08:00
ORD00103748,M000393,P00296,app,created,4,USD,813.29,650.0,2026-07-01T01:40:25+08:00,2026-07-19,2026-07-03T19:54:25+08:00
ORD00101546,M007280,P00034,app,paid,1,USD,794.22,550.0,2026-07-01T20:09:43+08:00,2026-10-11,2026-07-03T04:45:43+08:00
ORD00005789,M000028,P00099,app,completed,3,TWD,459200.0,950.0,2026-06-26T14:23:55+08:00,2026-07-20,2026-07-01T21:16:02+08:00
ORD00100306,M004452,P00058,web,paid,2,JPY,347341.0,50.0,2026-07-01T10:18:32+08:00,2026-07-13,2026-07-02T00:27:32+08:00
ORD00102023,M007374,P00133,web,paid,4,TWD,19556.0,300.0,2026-07-01T13:01:34+08:00,2026-09-24,2026-07-02T08:44:34+08:00
ORD00101643,M001533,P00154,門市,paid,1,JPY,475576.0,350.0,2026-07-01T05:34:31+08:00,2026-09-14,2026-07-02T16:15:31+08:00
ORD00063444,M000359,P00015,web,completed,3,TWD,221479.0,550.0,2026-05-01T19:17:31+08:00,2026-06-26,2026-07-01T04:47:36+08:00
ORD00101297,M007631,P00217,web,created,4,TWD,759084.0,400.0,2026-07-01T18:16:43+08:00,2026-09-03,2026-07-03T14:05:43+08:00
ORD00101178,M001167,P00277,電銷,paid,4,USD,18499.67,350.0,2026-07-01T18:13:19+08:00,2026-07-11,2026-07-04T11:46:19+08:00
ORD00101855,M003011,P00124,app,created,3,USD,3676.9,900.0,2026-07-01T00:17:54+08:00,2026-08-30,2026-07-01T17:20:54+08:00
ORD00100066,M000575,P00099,app,paid,4,TWD,520282.0,500.0,2026-07-01T21:20:00+08:00,2026-08-21,2026-07-04T14:42:00+08:00
ORD00103301,M005857,P00161,app,paid,2,USD,11809.12,900.0,2026-07-01T08:35:01+08:00,2026-09-29,2026-07-03T17:25:01+08:00
ORD00101294,M000823,P00112,電銷,paid,1,TWD,8725.0,450.0,2026-07-01T00:33:51+08:00,2026-09-08,2026-07-02T03:55:51+08:00
ORD00100564,M003675,P00017,門市,paid,1,TWD,172120.0,50.0,2026-07-01T08:40:26+08:00,2026-08-16,2026-07-01T23:35:26+08:00
ORD00069448,M005908,P00167,web,completed,3,JPY,1764859.0,550.0,2026-06-17T14:45:55+08:00,2026-07-22,2026-07-01T19:47:37+08:00
ORD00102088,M006266,P00247,app,created,1,USD,4628.87,700.0,2026-07-01T07:12:52+08:00,2026-07-09,2026-07-01T19:14:52+08:00
ORD00103647,M003349,P00079,電銷,paid,2,JPY,402172.0,200.0,2026-07-01T09:20:34+08:00,2026-07-30,2026-07-02T19:56:34+08:00
ORD00103864,M006152,P00140,app,paid,1,TWD,53546.0,200.0,2026-07-01T22:17:43+08:00,2026-09-27,2026-07-04T07:35:43+08:00
ORD00100396,M004452,P00226,電銷,created,4,USD,15052.38,550.0,2026-07-01T21:05:01+08:00,2026-09-13,2026-07-02T01:03:01+08:00
ORD00102006,M000622,P00290,web,created,1,TWD,126432.0,500.0,2026-07-01T18:11:09+08:00,2026-07-10,2026-07-03T09:52:09+08:00
ORD00100877,M006843,P00135,電銷,created,4,TWD,33188.0,150.0,2026-07-01T10:40:35+08:00,2026-09-25,2026-07-02T05:15:35+08:00
ORD00100999,M000684,P00099,電銷,paid,2,TWD,326043.0,650.0,2026-07-01T01:44:39+08:00,2026-07-19,2026-07-01T13:27:39+08:00
ORD00100830,M001056,P00089,web,created,1,TWD,95354.0,200.0,2026-07-01T16:55:47+08:00,2026-09-18,2026-07-03T21:03:47+08:00
ORD00103410,M004413,P00151,電銷,paid,2,JPY,666030.0,950.0,2026-07-01T03:41:20+08:00,2026-08-03,2026-07-01T22:21:20+08:00
ORD00102161,M006015,P00017,web,paid,3,TWD,586236.0,200.0,2026-07-01T18:50:16+08:00,2026-09-13,2026-07-03T03:47:16+08:00
ORD00102121,M003639,P00177,app,created,4,TWD,94499.0,250.0,2026-07-01T12:23:10+08:00,2026-09-01,2026-07-01T18:44:10+08:00
ORD00101485,M007027,P00170,web,created,2,TWD,135572.0,800.0,2026-07-01T02:15:05+08:00,2026-09-21,2026-07-02T16:36:05+08:00
ORD00101951,M003950,P00092,門市,paid,1,TWD,194373.0,500.0,2026-07-01T08:38:21+08:00,2026-09-30,2026-07-03T21:59:21+08:00
ORD00101395,M005990,P00020,app,paid,1,JPY,318109.0,750.0,2026-07-01T18:11:37+08:00,2026-10-28,2026-07-02T06:44:37+08:00
ORD00100186,M005445,P00046,web,paid,2,TWD,129669.0,300.0,2026-07-01T11:55:05+08:00,2026-07-30,2026-07-03T03:55:05+08:00
ORD00101694,M002273,P00001,電銷,created,1,TWD,132435.0,850.0,2026-07-01T14:38:49+08:00,2026-08-04,2026-07-03T08:52:49+08:00
ORD00100004,M001043,P00208,app,paid,2,JPY,1408867.0,700.0,2026-07-01T00:24:39+08:00,2026-08-01,2026-07-01T17:59:39+08:00
ORD00100490,M002109,P00071,門市,paid,1,TWD,46457.0,150.0,2026-07-01T07:38:49+08:00,2026-08-22,2026-07-01T07:52:49+08:00
ORD00103561,M003220,P00139,電銷,created,1,TWD,152224.0,950.0,2026-07-01T19:17:28+08:00,2026-10-15,2026-07-04T10:04:28+08:00
ORD00102256,M004567,P00109,web,paid,2,TWD,79222.0,700.0,2026-07-01T11:05:25+08:00,2026-08-05,2026-07-02T18:13:25+08:00
ORD00013097,M005022,P00034,電銷,cancelled,2,TWD,47293.0,300.0,2026-06-25T00:57:42+08:00,2026-09-02,2026-07-01T17:58:43+08:00
ORD00102692,M002431,P00001,web,paid,4,USD,16891.96,900.0,2026-07-01T06:57:18+08:00,2026-08-17,2026-07-03T13:15:18+08:00
ORD00103089,M004835,P00221,電銷,paid,3,USD,9850.46,900.0,2026-07-01T03:17:43+08:00,2026-10-17,2026-07-03T06:40:43+08:00
ORD00103205,M007276,P00039,電銷,created,4,JPY,3659680.0,500.0,2026-07-01T08:29:48+08:00,2026-10-16,2026-07-01T18:22:48+08:00
ORD00103947,M007054,P00037,web,created,2,TWD,254244.0,100.0,2026-07-01T18:04:46+08:00,2026-07-23,2026-07-04T05:05:46+08:00
ORD00026155,M007670,P00223,web,completed,3,TWD,608673.0,450.0,2026-05-10T22:04:39+08:00,2026-08-26,2026-07-01T23:02:57+08:00
ORD00102244,M005227,P00139,web,created,4,TWD,613384.0,400.0,2026-07-01T17:05:54+08:00,2026-09-22,2026-07-02T17:20:54+08:00
ORD00103833,M003140,P00132,門市,paid,3,JPY,765483.0,950.0,2026-07-01T10:57:17+08:00,2026-07-24,2026-07-02T23:50:17+08:00
ORD00101783,M000154,P00276,web,created,2,TWD,318659.0,250.0,2026-07-01T17:49:44+08:00,2026-07-13,2026-07-02T21:39:44+08:00
ORD00101870,M002544,P00216,web,paid,4,JPY,249449.0,600.0,2026-07-01T21:42:39+08:00,2026-08-08,2026-07-01T23:13:39+08:00
ORD00103156,M007643,P00200,門市,paid,2,USD,10443.67,900.0,2026-07-01T13:40:07+08:00,2026-09-25,2026-07-02T00:50:07+08:00
ORD00100151,M007831,P00280,app,paid,4,TWD,622354.0,400.0,2026-07-01T06:06:40+08:00,2026-09-26,2026-07-01T12:30:40+08:00
ORD00103515,M007451,P00203,電銷,created,3,TWD,408345.0,850.0,2026-07-01T10:29:03+08:00,2026-09-19,2026-07-03T20:57:03+08:00
ORD00101852,M004102,P00091,門市,created,2,USD,8265.26,300.0,2026-07-01T22:58:46+08:00,2026-10-14,2026-07-04T14:39:46+08:00
ORD00003584,M005412,P00045,web,completed,1,TWD,8647.0,800.0,2026-05-10T09:14:36+08:00,2026-06-12,2026-07-01T09:26:52+08:00
ORD00085673,M007713,P00128,電銷,cancelled,4,JPY,3698905.0,250.0,2026-05-29T04:37:43+08:00,2026-07-28,2026-07-01T18:35:03+08:00
ORD00103037,M001943,P00126,電銷,created,4,TWD,89116.0,750.0,2026-07-01T11:00:23+08:00,2026-07-26,2026-07-02T06:26:23+08:00
ORD00102243,M000795,P00093,app,paid,2,TWD,216622.0,800.0,2026-07-01T07:47:16+08:00,2026-08-23,2026-07-03T01:16:16+08:00
ORD00103162,M002667,P00101,門市,paid,1,TWD,66133.0,650.0,2026-07-01T09:32:53+08:00,2026-10-28,2026-07-04T01:17:53+08:00
ORD00001671,M007339,P00080,app,cancelled,3,TWD,478481.0,900.0,2026-06-11T01:01:45+08:00,2026-07-14,2026-07-01T11:57:12+08:00
ORD00002088,M005668,P00054,電銷,cancelled,1,TWD,170116.0,100.0,2026-05-02T13:08:44+08:00,2026-08-24,2026-07-01T23:05:50+08:00
ORD00101525,M002291,P00144,電銷,paid,3,TWD,440150.0,350.0,2026-07-01T16:17:26+08:00,2026-07-16,2026-07-03T20:46:26+08:00
ORD00101036,M004745,P00206,web,paid,2,TWD,323609.0,300.0,2026-07-01T03:58:38+08:00,2026-09-11,2026-07-02T10:40:38+08:00
ORD00102260,M002158,P00208,app,created,2,JPY,1647242.0,150.0,2026-07-01T07:09:48+08:00,2026-10-13,2026-07-03T10:30:48+08:00
ORD00056062,M000688,P00108,app,cancelled,2,USD,7385.26,600.0,2026-05-06T04:59:05+08:00,2026-08-06,2026-07-01T10:32:59+08:00
ORD00101810,M002157,P00017,門市,paid,1,TWD,170388.0,700.0,2026-07-01T12:43:29+08:00,2026-09-18,2026-07-03T20:00:29+08:00
ORD00103926,M005184,P00014,電銷,paid,1,TWD,131362.0,750.0,2026-07-01T12:34:58+08:00,2026-08-28,2026-07-02T15:47:58+08:00
ORD00100633,M001741,P00240,web,created,4,TWD,412773.0,450.0,2026-07-01T04:12:28+08:00,2026-08-15,2026-07-03T16:28:28+08:00
ORD00101163,M000298,P00170,電銷,paid,4,TWD,296168.0,600.0,2026-07-01T03:43:48+08:00,2026-07-15,2026-07-03T15:40:48+08:00
ORD00101975,M005196,P00139,app,paid,3,USD,15085.48,750.0,2026-07-01T20:52:20+08:00,2026-10-24,2026-07-04T00:11:20+08:00
ORD00101798,M003142,P00052,門市,paid,1,TWD,71968.0,750.0,2026-07-01T16:24:48+08:00,2026-09-03,2026-07-02T17:02:48+08:00
ORD00102752,M001752,P00077,web,created,4,TWD,834470.0,100.0,2026-07-01T12:38:27+08:00,2026-10-17,2026-07-01T15:02:27+08:00
ORD00100088,M006803,P00215,門市,created,3,TWD,145010.0,450.0,2026-07-01T04:43:29+08:00,2026-10-25,2026-07-03T02:41:29+08:00
ORD00103261,M003936,P00115,電銷,paid,1,TWD,139297.0,900.0,2026-07-01T00:51:08+08:00,2026-08-15,2026-07-02T15:09:08+08:00
ORD00102082,M006064,P00081,門市,paid,3,JPY,1868846.0,450.0,2026-07-01T18:15:48+08:00,2026-09-26,2026-07-03T21:54:48+08:00
ORD00091848,M003118,P00148,電銷,completed,4,TWD,127639.0,900.0,2026-05-24T07:12:52+08:00,2026-08-31,2026-07-01T14:38:05+08:00
ORD00100250,M006694,P00062,電銷,created,2,USD,7706.5,300.0,2026-07-01T19:21:04+08:00,2026-08-01,2026-07-03T20:21:04+08:00
ORD00101939,M000199,P00264,web,created,1,USD,345.6,0.0,2026-07-01T01:40:12+08:00,2026-10-13,2026-07-02T06:10:12+08:00
ORD00058919,M006161,P00066,電銷,completed,1,USD,5860.26,500.0,2026-05-27T22:52:00+08:00,2026-07-23,2026-07-01T19:23:54+08:00
ORD00101112,M002439,P00280,門市,paid,3,TWD,368340.0,450.0,2026-07-01T14:35:59+08:00,2026-10-17,2026-07-04T08:21:59+08:00
ORD00102973,M003954,P00207,電銷,paid,4,TWD,256622.0,0.0,2026-07-01T01:38:15+08:00,2026-08-15,2026-07-01T05:59:15+08:00
ORD00103211,M005440,P00262,app,created,3,TWD,718932.0,600.0,2026-07-01T22:21:54+08:00,2026-09-07,2026-07-01T23:27:54+08:00
ORD00101338,M003787,P00212,web,paid,3,TWD,79773.0,750.0,2026-07-01T19:42:03+08:00,2026-10-14,2026-07-03T23:59:03+08:00
ORD00103098,M005400,P00277,web,paid,4,TWD,446258.0,600.0,2026-07-01T08:23:16+08:00,2026-10-17,2026-07-02T13:53:16+08:00
ORD00102705,M005915,P00194,web,created,1,TWD,62594.0,400.0,2026-07-01T19:03:51+08:00,2026-07-11,2026-07-02T23:48:51+08:00
ORD00103857,M001274,P00191,門市,paid,1,TWD,145921.0,150.0,2026-07-01T04:01:53+08:00,2026-07-30,2026-07-02T14:42:53+08:00
ORD00103014,M000897,P00274,門市,paid,2,TWD,220862.0,650.0,2026-07-01T02:51:28+08:00,2026-10-26,2026-07-02T10:26:28+08:00
ORD00100955,M005460,P00220,電銷,paid,4,TWD,149165.0,850.0,2026-07-01T13:11:30+08:00,2026-10-22,2026-07-03T13:24:30+08:00
ORD00073632,M007065,P00101,web,completed,2,TWD,107081.0,200.0,2026-06-05T17:59:25+08:00,2026-08-01,2026-07-01T09:49:31+08:00
ORD00101229,M007032,P00179,門市,paid,2,TWD,254392.0,700.0,2026-07-01T20:54:29+08:00,2026-09-27,2026-07-04T10:43:29+08:00
ORD00101055,M001225,P00087,web,paid,3,JPY,2804899.0,250.0,2026-07-01T02:05:20+08:00,2026-07-19,2026-07-03T10:51:20+08:00
ORD00102440,M003307,P00207,web,paid,2,TWD,150002.0,350.0,2026-07-01T12:50:40+08:00,2026-07-19,2026-07-02T15:12:40+08:00
ORD00101184,M001258,P00257,門市,created,4,TWD,125540.0,600.0,2026-07-01T02:45:54+08:00,2026-08-21,2026-07-02T03:55:54+08:00
ORD00101602,M004909,P00156,門市,paid,2,TWD,375757.0,150.0,2026-07-01T22:17:56+08:00,2026-07-26,2026-07-02T00:16:56+08:00
ORD00100890,M002826,P00036,web,paid,1,TWD,83008.0,350.0,2026-07-01T14:53:15+08:00,2026-07-10,2026-07-04T01:28:15+08:00
ORD00100589,M006851,P00231,web,created,3,TWD,433053.0,150.0,2026-07-01T02:44:09+08:00,2026-07-18,2026-07-01T16:53:09+08:00
ORD00102811,M004395,P00113,門市,paid,1,USD,5411.71,950.0,2026-07-01T10:00:47+08:00,2026-09-30,2026-07-01T23:21:47+08:00
ORD00000405,M002878,P00070,門市,cancelled,1,USD,3658.9,750.0,2026-05-25T10:58:08+08:00,2026-08-14,2026-07-01T05:52:47+08:00
ORD00010631,M002006,P00101,門市,cancelled,4,TWD,241172.0,50.0,2026-05-27T02:09:22+08:00,2026-08-18,2026-07-01T10:16:05+08:00
ORD00032777,M002957,P00088,門市,completed,4,TWD,358468.0,150.0,2026-05-31T10:25:20+08:00,2026-07-01,2026-07-01T11:26:04+08:00
ORD00101744,M006215,P00157,web,paid,2,TWD,174952.0,400.0,2026-07-01T08:28:15+08:00,2026-08-02,2026-07-03T08:18:15+08:00
ORD00103559,M007067,P00090,web,created,2,TWD,359720.0,550.0,2026-07-01T02:45:26+08:00,2026-07-20,2026-07-02T06:18:26+08:00
ORD00100850,M002738,P00107,門市,paid,3,TWD,533323.0,500.0,2026-07-01T10:49:15+08:00,2026-09-15,2026-07-02T04:41:15+08:00
ORD00100132,M002036,P00094,app,paid,3,JPY,2687119.0,400.0,2026-07-01T19:13:39+08:00,2026-09-28,2026-07-04T03:59:39+08:00
ORD00001942,M003642,P00002,web,completed,4,TWD,332032.0,300.0,2026-05-04T06:52:11+08:00,2026-05-31,2026-07-01T22:48:01+08:00
ORD00100005,M005045,P00083,門市,paid,2,TWD,314339.0,250.0,2026-07-01T00:35:22+08:00,2026-09-15,2026-07-03T05:26:22+08:00
ORD00029963,M004725,P00223,web,cancelled,1,USD,7119.52,850.0,2026-06-29T04:09:20+08:00,2026-10-13,2026-07-01T00:23:32+08:00
ORD00100916,M004941,P00040,電銷,paid,3,TWD,240671.0,750.0,2026-07-01T00:47:50+08:00,2026-08-07,2026-07-03T07:37:50+08:00
ORD00102316,M005100,P00010,web,paid,4,TWD,553931.0,600.0,2026-07-01T08:17:41+08:00,2026-10-12,2026-07-02T00:16:41+08:00
ORD00103440,M001311,P00045,app,created,4,TWD,37219.0,400.0,2026-07-01T09:13:15+08:00,2026-09-26,2026-07-03T10:47:15+08:00
ORD00102543,M000466,P00132,app,created,3,JPY,881020.0,600.0,2026-07-01T09:51:32+08:00,2026-10-18,2026-07-02T15:53:32+08:00
ORD00101662,M005602,P00261,app,created,3,TWD,12751.0,400.0,2026-07-01T23:05:48+08:00,2026-08-18,2026-07-03T20:28:48+08:00
ORD00004132,M006240,P00059,app,cancelled,3,TWD,283161.0,450.0,2026-05-11T07:17:04+08:00,2026-09-07,2026-07-01T09:13:02+08:00
ORD00101879,M006354,P00156,門市,paid,2,TWD,325651.0,100.0,2026-07-01T22:36:29+08:00,2026-09-24,2026-07-03T13:54:29+08:00
ORD00103329,M006009,P00129,電銷,paid,4,JPY,3019309.0,550.0,2026-07-01T04:12:42+08:00,2026-10-13,2026-07-03T16:51:42+08:00
ORD00102053,M005341,P00300,門市,paid,1,TWD,93734.0,650.0,2026-07-01T15:22:57+08:00,2026-10-24,2026-07-03T18:09:57+08:00
ORD00100616,M001732,P00060,web,created,4,TWD,621933.0,0.0,2026-07-01T21:35:24+08:00,2026-07-23,2026-07-03T07:01:24+08:00
ORD00013491,M002976,P00212,門市,cancelled,4,USD,3823.88,600.0,2026-05-29T06:21:48+08:00,2026-06-22,2026-07-01T17:23:13+08:00
ORD00100453,M005046,P00181,app,created,2,TWD,33561.0,650.0,2026-07-01T05:49:40+08:00,2026-08-23,2026-07-02T01:53:40+08:00
ORD00102102,M006356,P00266,web,paid,4,TWD,73565.0,100.0,2026-07-01T02:08:05+08:00,2026-08-01,2026-07-01T19:37:05+08:00
ORD00102777,M006808,P00168,電銷,paid,1,JPY,676205.0,450.0,2026-07-01T12:48:07+08:00,2026-07-11,2026-07-04T02:27:07+08:00
ORD00102275,M004054,P00056,web,paid,1,JPY,402458.0,800.0,2026-07-01T21:59:49+08:00,2026-09-14,2026-07-02T07:15:49+08:00
ORD00101952,M004917,P00099,web,created,3,TWD,407983.0,850.0,2026-07-01T10:57:11+08:00,2026-10-14,2026-07-03T11:02:11+08:00
ORD00101528,M001302,P00277,app,paid,4,TWD,447863.0,550.0,2026-07-01T02:08:57+08:00,2026-08-08,2026-07-03T06:55:57+08:00
ORD00103521,M003057,P00222,電銷,created,4,TWD,136132.0,700.0,2026-07-01T11:10:48+08:00,2026-09-23,2026-07-01T19:24:48+08:00
ORD00103233,M001100,P00117,app,created,4,TWD,513405.0,50.0,2026-07-01T21:44:08+08:00,2026-09-24,2026-07-03T09:52:08+08:00
ORD00102531,M000748,P00220,門市,created,4,TWD,159354.0,0.0,2026-07-01T15:41:46+08:00,2026-09-02,2026-07-02T16:31:46+08:00
ORD00029880,M007146,P00225,門市,completed,4,USD,5218.1,150.0,2026-06-13T08:26:25+08:00,2026-07-18,2026-07-01T02:56:56+08:00
ORD00103376,M004655,P00256,門市,paid,4,TWD,803143.0,250.0,2026-07-01T02:56:01+08:00,2026-08-04,2026-07-01T21:11:01+08:00
ORD00101633,M007409,P00222,門市,paid,1,USD,1100.79,750.0,2026-07-01T08:41:19+08:00,2026-09-07,2026-07-02T22:55:19+08:00
ORD00014198,M005919,P00244,web,completed,1,TWD,48506.0,950.0,2026-05-12T15:17:42+08:00,2026-06-28,2026-07-01T08:52:56+08:00
ORD00100912,M006899,P00010,app,paid,4,TWD,516673.0,750.0,2026-07-01T06:51:30+08:00,2026-07-28,2026-07-02T13:21:30+08:00
ORD00102292,M007538,P00034,app,paid,3,TWD,60327.0,450.0,2026-07-01T05:32:36+08:00,2026-07-17,2026-07-02T16:00:36+08:00
ORD00102730,M000277,P00062,app,paid,4,TWD,465794.0,700.0,2026-07-01T07:47:06+08:00,2026-07-31,2026-07-03T22:13:06+08:00
ORD00103992,M000485,P00083,web,paid,4,TWD,599745.0,600.0,2026-07-01T11:28:07+08:00,2026-07-22,2026-07-02T18:27:07+08:00
ORD00101940,M004447,P00295,app,paid,2,TWD,89682.0,150.0,2026-07-01T18:17:09+08:00,2026-10-23,2026-07-02T15:17:09+08:00
ORD00101185,M007903,P00109,app,paid,1,JPY,193692.0,450.0,2026-07-01T14:11:23+08:00,2026-08-04,2026-07-02T06:07:23+08:00
ORD00101917,M007571,P00115,web,paid,2,TWD,291608.0,450.0,2026-07-01T15:11:08+08:00,2026-09-17,2026-07-02T06:03:08+08:00
ORD00103635,M000450,P00140,web,created,2,USD,3025.99,400.0,2026-07-01T19:38:08+08:00,2026-09-04,2026-07-04T02:14:08+08:00
ORD00101253,M001442,P00071,門市,created,2,TWD,97196.0,500.0,2026-07-01T18:06:37+08:00,2026-08-11,2026-07-02T16:13:37+08:00
ORD00103817,M001791,P00225,電銷,paid,2,USD,3062.17,450.0,2026-07-01T10:48:26+08:00,2026-07-13,2026-07-03T15:12:26+08:00
ORD00103532,M003699,P00042,電銷,paid,2,TWD,302160.0,350.0,2026-07-01T17:53:57+08:00,2026-09-17,2026-07-02T08:22:57+08:00
ORD00103418,M006334,P00083,web,created,2,TWD,315802.0,800.0,2026-07-01T04:12:52+08:00,2026-08-22,2026-07-02T10:31:52+08:00
ORD00102349,M001786,P00172,app,created,3,TWD,490508.0,600.0,2026-07-01T21:21:18+08:00,2026-07-19,2026-07-03T12:14:18+08:00
ORD00101791,M006380,P00027,門市,created,4,USD,19875.57,300.0,2026-07-01T02:18:30+08:00,2026-07-20,2026-07-02T17:23:30+08:00
ORD00100379,M005667,P00287,電銷,created,3,TWD,427768.0,750.0,2026-07-01T23:40:22+08:00,2026-09-25,2026-07-03T05:59:22+08:00
ORD00102129,M007344,P00210,電銷,paid,3,USD,16587.27,150.0,2026-07-01T19:32:45+08:00,2026-10-04,2026-07-03T08:52:45+08:00
ORD00100221,M000762,P00199,app,paid,2,USD,366.71,0.0,2026-07-01T04:00:59+08:00,2026-09-08,2026-07-03T18:14:59+08:00
ORD00102115,M002809,P00292,門市,paid,2,TWD,312270.0,150.0,2026-07-01T05:05:25+08:00,2026-09-26,2026-07-03T00:03:25+08:00
ORD00068913,M003311,P00010,電銷,cancelled,1,TWD,138003.0,200.0,2026-06-20T18:03:53+08:00,2026-07-31,2026-07-01T03:27:46+08:00
ORD00034687,M005593,P00069,app,completed,1,JPY,997274.0,400.0,2026-05-11T13:37:44+08:00,2026-06-19,2026-07-01T03:05:06+08:00
ORD00100029,M002305,P00151,web,created,4,TWD,264348.0,600.0,2026-07-01T22:53:22+08:00,2026-09-02,2026-07-02T19:51:22+08:00
ORD00102681,M006528,P00168,web,paid,3,TWD,468419.0,750.0,2026-07-01T20:21:51+08:00,2026-09-25,2026-07-01T22:31:51+08:00
ORD00100331,M006937,P00123,app,paid,4,USD,11617.5,600.0,2026-07-01T12:05:48+08:00,2026-10-21,2026-07-02T04:52:48+08:00
ORD00001403,M006921,P00245,門市,completed,2,TWD,255701.0,450.0,2026-06-17T18:08:24+08:00,2026-09-24,2026-07-01T05:03:24+08:00
ORD00102498,M005360,P00159,app,paid,1,TWD,40706.0,200.0,2026-07-01T13:39:28+08:00,2026-08-04,2026-07-04T00:09:28+08:00
ORD00103404,M002020,P00126,web,paid,4,TWD,94115.0,950.0,2026-07-01T08:50:12+08:00,2026-07-13,2026-07-01T20:59:12+08:00
ORD00103789,M004161,P00082,web,created,4,TWD,640919.0,700.0,2026-07-01T11:50:18+08:00,2026-07-19,2026-07-03T09:43:18+08:00
ORD00103927,M001215,P00031,電銷,paid,3,TWD,593449.0,50.0,2026-07-01T19:15:41+08:00,2026-09-15,2026-07-03T23:39:41+08:00
ORD00100226,M003173,P00169,電銷,paid,4,USD,5994.73,300.0,2026-07-01T13:36:31+08:00,2026-07-28,2026-07-02T06:15:31+08:00
ORD00102599,M002057,P00161,電銷,paid,2,TWD,446287.0,900.0,2026-07-01T08:17:51+08:00,2026-07-15,2026-07-02T20:39:51+08:00
ORD00102942,M002866,P00119,門市,paid,3,TWD,621976.0,900.0,2026-07-01T13:15:10+08:00,2026-07-29,2026-07-03T14:15:10+08:00
ORD00103054,M005362,P00100,電銷,paid,4,TWD,584048.0,250.0,2026-07-01T04:29:00+08:00,2026-08-03,2026-07-03T05:04:00+08:00
ORD00103000,M007550,P00259,門市,created,4,TWD,591500.0,0.0,2026-07-01T02:00:23+08:00,2026-08-11,2026-07-02T14:25:23+08:00
ORD00101472,M000787,P00273,電銷,created,1,USD,3020.58,900.0,2026-07-01T16:38:13+08:00,2026-10-19,2026-07-02T04:52:13+08:00
ORD00103502,M002737,P00110,web,paid,1,TWD,201401.0,800.0,2026-07-01T04:10:11+08:00,2026-07-25,2026-07-02T09:17:11+08:00
ORD00058593,M004560,P00034,電銷,cancelled,4,USD,3097.41,300.0,2026-05-20T18:18:39+08:00,2026-09-08,2026-07-01T22:36:43+08:00
ORD00103019,M003900,P00004,web,created,1,TWD,171780.0,900.0,2026-07-01T11:59:48+08:00,2026-09-19,2026-07-03T19:00:48+08:00
ORD00102310,M004858,P00165,app,paid,3,USD,5575.1,450.0,2026-07-01T07:05:28+08:00,2026-07-16,2026-07-01T22:51:28+08:00
ORD00103389,M000515,P00016,電銷,created,2,TWD,134709.0,850.0,2026-07-01T06:30:41+08:00,2026-08-28,2026-07-03T07:57:41+08:00
ORD00100615,M004370,P00260,門市,paid,1,USD,3436.52,600.0,2026-07-01T04:14:40+08:00,2026-09-27,2026-07-02T21:36:40+08:00
ORD00100175,M000406,P00187,門市,paid,4,TWD,111899.0,900.0,2026-07-01T10:02:42+08:00,2026-09-03,2026-07-03T00:04:42+08:00
ORD00100470,M001860,P00227,web,paid,3,TWD,422565.0,400.0,2026-07-01T02:25:44+08:00,2026-10-06,2026-07-01T17:18:44+08:00
ORD00040651,M003531,P00225,電銷,completed,1,USD,1487.17,950.0,2026-05-22T05:00:55+08:00,2026-06-08,2026-07-01T04:03:34+08:00
ORD00103975,M007574,P00154,web,paid,4,JPY,2420463.0,100.0,2026-07-01T08:12:51+08:00,2026-08-06,2026-07-01T14:59:51+08:00
ORD00029345,M006079,P00043,電銷,cancelled,3,TWD,353800.0,250.0,2026-05-03T10:01:14+08:00,2026-06-21,2026-07-01T21:46:51+08:00
ORD00103902,M004123,P00067,電銷,paid,2,TWD,203019.0,250.0,2026-07-01T12:25:12+08:00,2026-08-22,2026-07-03T07:52:12+08:00
ORD00101070,M007874,P00248,app,created,2,TWD,44909.0,500.0,2026-07-01T11:53:00+08:00,2026-08-31,2026-07-01T22:24:00+08:00
ORD00102225,M007521,P00026,web,created,4,TWD,445240.0,100.0,2026-07-01T01:12:33+08:00,2026-10-25,2026-07-01T22:17:33+08:00
ORD00102616,M000537,P00070,app,paid,3,TWD,350588.0,400.0,2026-07-01T17:42:39+08:00,2026-10-09,2026-07-04T06:53:39+08:00
ORD00102807,M007736,P00163,電銷,paid,1,TWD,98464.0,600.0,2026-07-01T18:47:34+08:00,2026-10-11,2026-07-03T23:32:34+08:00
ORD00103185,M002931,P00275,app,paid,4,TWD,296985.0,750.0,2026-07-01T06:35:12+08:00,2026-09-21,2026-07-01T06:45:12+08:00
ORD00102429,M003076,P00060,app,paid,4,TWD,514320.0,100.0,2026-07-01T15:43:43+08:00,2026-08-19,2026-07-01T17:51:43+08:00
ORD00103483,M000694,P00070,門市,paid,4,TWD,515804.0,400.0,2026-07-01T18:23:10+08:00,2026-09-08,2026-07-03T01:12:10+08:00
ORD00102950,M003326,P00157,電銷,paid,4,TWD,345995.0,550.0,2026-07-01T22:16:13+08:00,2026-08-14,2026-07-03T12:36:13+08:00
ORD00102820,M000966,P00008,app,paid,3,TWD,208337.0,200.0,2026-07-01T08:10:30+08:00,2026-07-19,2026-07-03T09:41:30+08:00
ORD00102702,M007465,P00040,web,paid,3,TWD,207531.0,600.0,2026-07-01T10:23:35+08:00,2026-07-17,2026-07-02T15:09:35+08:00
ORD00103700,M003662,P00195,門市,created,3,TWD,213253.0,250.0,2026-07-01T18:46:44+08:00,2026-08-24,2026-07-04T10:12:44+08:00
ORD00103470,M002640,P00174,web,paid,4,TWD,75110.0,200.0,2026-07-01T00:33:38+08:00,2026-08-26,2026-07-03T04:15:38+08:00
ORD00102339,M001560,P00279,電銷,created,1,USD,2879.5,550.0,2026-07-01T22:24:59+08:00,2026-07-25,2026-07-03T00:12:59+08:00
ORD00102233,M007060,P00044,門市,paid,1,TWD,40214.0,100.0,2026-07-01T22:01:17+08:00,2026-07-10,2026-07-02T15:04:17+08:00
ORD00100181,M004381,P00209,app,paid,4,TWD,408542.0,550.0,2026-07-01T00:23:24+08:00,2026-09-04,2026-07-01T05:40:24+08:00
ORD00102634,M002327,P00251,web,created,4,USD,11810.8,850.0,2026-07-01T17:55:30+08:00,2026-08-20,2026-07-04T08:29:30+08:00
ORD00031906,M000806,P00212,電銷,cancelled,1,TWD,32766.0,550.0,2026-05-28T04:32:05+08:00,2026-07-24,2026-07-01T20:57:56+08:00
ORD00100871,M001412,P00004,門市,created,3,USD,16826.47,250.0,2026-07-01T14:47:59+08:00,2026-09-19,2026-07-04T05:35:59+08:00
ORD00102029,M000820,P00083,app,created,2,TWD,262407.0,0.0,2026-07-01T08:01:39+08:00,2026-07-23,2026-07-03T18:04:39+08:00
ORD00100257,M005320,P00021,web,created,4,TWD,900653.0,0.0,2026-07-01T11:41:46+08:00,2026-09-03,2026-07-04T04:19:46+08:00
ORD00033044,M001656,P00150,app,cancelled,2,JPY,1366156.0,400.0,2026-06-11T05:53:13+08:00,2026-08-04,2026-07-01T19:30:23+08:00
ORD00047866,M004668,P00049,web,completed,3,TWD,57732.0,800.0,2026-05-04T23:58:15+08:00,2026-06-02,2026-07-01T04:34:33+08:00
ORD00101345,M007567,P00066,web,paid,1,TWD,214307.0,600.0,2026-07-01T05:42:15+08:00,2026-08-30,2026-07-02T07:56:15+08:00
ORD00060363,M005481,P00096,電銷,completed,2,TWD,13470.0,350.0,2026-06-23T04:23:34+08:00,2026-07-19,2026-07-01T07:40:41+08:00
ORD00101404,M005036,P00107,門市,created,1,USD,6081.84,800.0,2026-07-01T23:37:31+08:00,2026-09-27,2026-07-02T22:45:31+08:00
ORD00100366,M005361,P00231,app,paid,3,TWD,525730.0,200.0,2026-07-01T16:18:45+08:00,2026-08-28,2026-07-03T08:57:45+08:00
ORD00103737,M006196,P00235,電銷,paid,4,USD,8414.77,450.0,2026-07-01T12:42:28+08:00,2026-07-26,2026-07-03T17:40:28+08:00
ORD00101255,M000707,P00005,電銷,paid,2,TWD,199209.0,500.0,2026-07-01T11:20:55+08:00,2026-09-15,2026-07-03T04:58:55+08:00
ORD00102439,M002019,P00248,web,created,2,JPY,198898.0,250.0,2026-07-01T12:57:15+08:00,2026-08-15,2026-07-02T00:57:15+08:00
ORD00102868,M007485,P00042,電銷,paid,1,TWD,156409.0,400.0,2026-07-01T15:08:24+08:00,2026-08-26,2026-07-01T19:47:24+08:00
ORD00100165,M002998,P00047,web,paid,4,USD,2886.08,700.0,2026-07-01T05:09:25+08:00,2026-10-17,2026-07-01T14:59:25+08:00
ORD00100570,M007703,P00199,門市,created,3,TWD,17644.0,250.0,2026-07-01T12:41:49+08:00,2026-07-23,2026-07-02T01:21:49+08:00
ORD00102063,M006671,P00014,門市,created,2,TWD,205014.0,650.0,2026-07-01T01:28:35+08:00,2026-10-12,2026-07-02T22:16:35+08:00
ORD00103412,M004298,P00079,app,paid,2,TWD,90066.0,950.0,2026-07-01T20:49:53+08:00,2026-07-19,2026-07-03T22:47:53+08:00
ORD00103925,M002379,P00039,電銷,created,3,TWD,491216.0,550.0,2026-07-01T09:28:06+08:00,2026-10-10,2026-07-02T19:14:06+08:00
ORD00101415,M002689,P00209,門市,paid,2,USD,4992.5,350.0,2026-07-01T15:18:01+08:00,2026-08-30,2026-07-02T21:44:01+08:00
ORD00102348,M005739,P00226,電銷,paid,2,TWD,230714.0,900.0,2026-07-01T12:18:50+08:00,2026-08-29,2026-07-02T09:55:50+08:00
ORD00101037,M002984,P00260,app,paid,4,TWD,626046.0,250.0,2026-07-01T03:50:23+08:00,2026-10-22,2026-07-03T16:23:23+08:00
ORD00100148,M003714,P00257,門市,paid,2,JPY,319932.0,400.0,2026-07-01T17:10:22+08:00,2026-08-23,2026-07-03T03:18:22+08:00
ORD00103763,M004640,P00105,web,paid,3,JPY,978635.0,200.0,2026-07-01T12:03:01+08:00,2026-07-29,2026-07-01T17:56:01+08:00
ORD00100110,M000231,P00161,web,paid,3,TWD,626534.0,600.0,2026-07-01T03:21:49+08:00,2026-10-22,2026-07-02T04:48:49+08:00
ORD00103040,M005738,P00038,web,paid,4,USD,2855.2,550.0,2026-07-01T14:13:09+08:00,2026-08-03,2026-07-02T19:55:09+08:00
ORD00102757,M001832,P00069,web,paid,3,USD,19985.2,200.0,2026-07-01T02:01:47+08:00,2026-09-23,2026-07-03T10:06:47+08:00
ORD00101968,M006746,P00151,app,created,1,TWD,66084.0,600.0,2026-07-01T05:36:18+08:00,2026-08-03,2026-07-01T13:32:18+08:00
ORD00006061,M005658,P00108,web,cancelled,2,TWD,218971.0,150.0,2026-05-19T15:37:40+08:00,2026-07-12,2026-07-01T22:01:02+08:00
ORD00101918,M001807,P00069,app,created,4,USD,21232.12,100.0,2026-07-01T16:30:56+08:00,2026-09-17,2026-07-02T01:24:56+08:00
ORD00101189,M000012,P00038,app,paid,4,TWD,68888.0,300.0,2026-07-01T16:33:00+08:00,2026-10-27,2026-07-02T00:24:00+08:00
ORD00100838,M005220,P00100,app,created,4,TWD,756440.0,500.0,2026-07-01T13:07:41+08:00,2026-07-09,2026-07-03T18:24:41+08:00
ORD00101805,M003113,P00060,門市,created,1,TWD,166918.0,900.0,2026-07-01T02:39:39+08:00,2026-08-22,2026-07-02T01:19:39+08:00
ORD00103025,M003620,P00178,門市,paid,3,TWD,111348.0,650.0,2026-07-01T21:48:52+08:00,2026-08-15,2026-07-03T18:12:52+08:00
ORD00102500,M004394,P00175,web,paid,2,USD,1155.83,950.0,2026-07-01T20:33:24+08:00,2026-10-12,2026-07-03T12:03:24+08:00
ORD00102433,M006338,P00001,app,paid,1,TWD,110638.0,650.0,2026-07-01T06:40:23+08:00,2026-09-22,2026-07-01T22:17:23+08:00
ORD00100942,M004479,P00143,app,created,3,TWD,32776.0,550.0,2026-07-01T00:04:55+08:00,2026-09-16,2026-07-02T10:43:55+08:00
ORD00100518,M000593,P00080,電銷,paid,2,TWD,305683.0,700.0,2026-07-01T19:43:27+08:00,2026-09-30,2026-07-01T19:52:27+08:00
ORD00101011,M007035,P00248,app,paid,2,TWD,49431.0,200.0,2026-07-01T06:50:50+08:00,2026-07-23,2026-07-01T19:00:50+08:00
ORD00100849,M002038,P00057,app,paid,3,TWD,364398.0,400.0,2026-07-01T18:45:30+08:00,2026-08-18,2026-07-04T02:55:30+08:00
ORD00103875,M006638,P00290,web,created,2,TWD,241171.0,50.0,2026-07-01T11:02:56+08:00,2026-10-23,2026-07-01T17:38:56+08:00
ORD00101394,M004791,P00236,web,created,1,TWD,133836.0,850.0,2026-07-01T23:04:53+08:00,2026-09-28,2026-07-04T07:15:53+08:00
ORD00102990,M004989,P00021,電銷,paid,2,TWD,442219.0,50.0,2026-07-01T15:13:43+08:00,2026-09-02,2026-07-03T14:42:43+08:00
ORD00101129,M002117,P00165,門市,created,1,TWD,70654.0,50.0,2026-07-01T15:10:05+08:00,2026-10-26,2026-07-02T07:00:05+08:00
ORD00101631,M006963,P00153,web,created,4,JPY,1945494.0,650.0,2026-07-01T07:27:26+08:00,2026-08-13,2026-07-03T22:19:26+08:00
ORD00103296,M000625,P00181,web,paid,2,TWD,28787.0,0.0,2026-07-01T21:53:37+08:00,2026-08-25,2026-07-03T13:31:37+08:00
ORD00098898,M002512,P00293,app,completed,3,JPY,1143852.0,150.0,2026-06-02T18:13:15+08:00,2026-07-12,2026-07-01T00:25:31+08:00
ORD00100215,M005123,P00295,app,created,4,TWD,205277.0,250.0,2026-07-01T17:33:31+08:00,2026-08-30,2026-07-02T14:40:31+08:00
ORD00100290,M001763,P00115,app,created,2,USD,10835.57,650.0,2026-07-01T08:29:19+08:00,2026-07-13,2026-07-02T02:13:19+08:00
ORD00103137,M004206,P00208,app,paid,4,TWD,601082.0,300.0,2026-07-01T05:55:31+08:00,2026-08-08,2026-07-01T08:19:31+08:00
ORD00101596,M002419,P00010,web,created,4,USD,14842.17,550.0,2026-07-01T06:01:21+08:00,2026-10-14,2026-07-02T09:26:21+08:00
ORD00102208,M004282,P00162,web,created,4,TWD,25331.0,500.0,2026-07-01T16:56:52+08:00,2026-09-20,2026-07-02T10:05:52+08:00
ORD00101495,M007478,P00070,app,paid,3,JPY,1638841.0,150.0,2026-07-01T08:13:03+08:00,2026-10-18,2026-07-03T00:58:03+08:00
ORD00100278,M002981,P00160,門市,created,3,TWD,40318.0,250.0,2026-07-01T23:35:42+08:00,2026-08-10,2026-07-03T11:56:42+08:00
ORD00101867,M004230,P00066,web,paid,3,TWD,466862.0,350.0,2026-07-01T19:22:07+08:00,2026-09-27,2026-07-03T09:08:07+08:00
ORD00100828,M002844,P00104,門市,paid,2,USD,208.46,800.0,2026-07-01T15:51:13+08:00,2026-10-08,2026-07-03T04:54:13+08:00
ORD00101573,M005355,P00136,門市,paid,1,TWD,14622.0,950.0,2026-07-01T06:52:48+08:00,2026-07-27,2026-07-02T05:29:48+08:00
ORD00100603,M002997,P00055,app,paid,4,TWD,387310.0,500.0,2026-07-01T00:24:34+08:00,2026-09-30,2026-07-02T08:51:34+08:00
ORD00103815,M000094,P00045,web,created,4,TWD,32224.0,150.0,2026-07-01T02:20:17+08:00,2026-08-15,2026-07-03T18:50:17+08:00
ORD00102276,M002591,P00137,電銷,created,1,JPY,569979.0,200.0,2026-07-01T17:29:53+08:00,2026-08-09,2026-07-02T02:58:53+08:00
ORD00102540,M003650,P00298,app,created,3,TWD,380503.0,150.0,2026-07-01T06:40:06+08:00,2026-07-19,2026-07-02T11:17:06+08:00
ORD00040635,M006988,P00077,app,completed,3,TWD,718979.0,900.0,2026-05-25T19:53:03+08:00,2026-07-12,2026-07-01T07:22:15+08:00
ORD00103340,M005995,P00188,app,created,4,JPY,1137045.0,500.0,2026-07-01T20:18:16+08:00,2026-08-29,2026-07-02T03:48:16+08:00
ORD00103531,M007937,P00062,app,paid,3,TWD,353209.0,750.0,2026-07-01T08:12:28+08:00,2026-07-20,2026-07-03T13:35:28+08:00
ORD00100531,M007027,P00114,門市,created,2,TWD,138775.0,0.0,2026-07-01T16:26:33+08:00,2026-10-16,2026-07-02T14:52:33+08:00
ORD00100811,M005426,P00234,web,paid,4,TWD,41753.0,150.0,2026-07-01T02:54:27+08:00,2026-08-02,2026-07-02T01:37:27+08:00
ORD00100566,M007426,P00030,app,created,4,USD,15195.67,450.0,2026-07-01T18:35:49+08:00,2026-08-29,2026-07-04T09:18:49+08:00
ORD00101140,M003920,P00158,app,paid,4,JPY,760338.0,750.0,2026-07-01T04:28:10+08:00,2026-08-25,2026-07-02T01:44:10+08:00
ORD00102372,M004968,P00001,電銷,paid,2,TWD,226194.0,550.0,2026-07-01T15:24:46+08:00,2026-07-23,2026-07-01T19:07:46+08:00
ORD00103628,M004545,P00288,app,paid,2,JPY,102934.0,700.0,2026-07-01T14:12:57+08:00,2026-10-13,2026-07-02T03:02:57+08:00
ORD00101164,M000016,P00248,電銷,created,3,TWD,69879.0,250.0,2026-07-01T00:03:13+08:00,2026-08-10,2026-07-03T15:13:13+08:00
ORD00027651,M001818,P00121,電銷,cancelled,4,TWD,93489.0,400.0,2026-05-15T08:34:11+08:00,2026-06-08,2026-07-01T08:26:51+08:00
ORD00103972,M002380,P00247,電銷,paid,4,TWD,660341.0,100.0,2026-07-01T08:21:37+08:00,2026-07-13,2026-07-02T03:35:37+08:00
ORD00101082,M000607,P00184,app,paid,2,USD,8879.2,300.0,2026-07-01T04:20:10+08:00,2026-08-02,2026-07-02T19:15:10+08:00
ORD00101584,M001949,P00295,電銷,paid,4,JPY,941548.0,900.0,2026-07-01T04:54:53+08:00,2026-08-26,2026-07-03T06:23:53+08:00
ORD00101459,M001521,P00116,app,paid,1,TWD,94218.0,200.0,2026-07-01T14:49:52+08:00,2026-09-06,2026-07-02T18:15:52+08:00
ORD00100529,M004701,P00167,web,created,2,TWD,297891.0,650.0,2026-07-01T21:57:02+08:00,2026-08-11,2026-07-02T16:28:02+08:00
ORD00074598,M001482,P00183,web,completed,4,TWD,700248.0,600.0,2026-05-16T23:32:23+08:00,2026-07-16,2026-07-01T13:52:52+08:00
ORD00101296,M001255,P00263,門市,paid,1,TWD,99450.0,350.0,2026-07-01T20:33:22+08:00,2026-10-10,2026-07-02T05:57:22+08:00
ORD00102733,M007076,P00067,門市,paid,2,JPY,960980.0,800.0,2026-07-01T09:46:26+08:00,2026-09-17,2026-07-02T16:26:26+08:00
ORD00103085,M002795,P00046,app,created,2,USD,3670.7,500.0,2026-07-01T05:13:38+08:00,2026-10-11,2026-07-02T23:56:38+08:00
ORD00102536,M007521,P00228,電銷,paid,2,TWD,257890.0,400.0,2026-07-01T02:12:30+08:00,2026-08-02,2026-07-03T10:40:30+08:00
ORD00101519,M002976,P00111,門市,paid,3,USD,9290.25,500.0,2026-07-01T05:04:02+08:00,2026-08-13,2026-07-03T06:31:02+08:00
ORD00101165,M005089,P00073,電銷,paid,3,JPY,1460786.0,650.0,2026-07-01T09:21:27+08:00,2026-07-18,2026-07-03T09:42:27+08:00
ORD00100591,M006958,P00227,web,created,2,TWD,305403.0,800.0,2026-07-01T12:54:30+08:00,2026-10-03,2026-07-03T01:59:30+08:00
ORD00101487,M007545,P00143,web,created,1,USD,316.37,0.0,2026-07-01T17:20:34+08:00,2026-07-12,2026-07-03T19:54:34+08:00
ORD00103697,M007883,P00217,電銷,paid,1,TWD,162216.0,850.0,2026-07-01T16:43:56+08:00,2026-10-11,2026-07-02T01:55:56+08:00
ORD00038743,M000639,P00211,web,completed,1,USD,3042.74,850.0,2026-05-22T22:08:10+08:00,2026-09-03,2026-07-01T00:00:31+08:00
ORD00101004,M005391,P00158,web,created,3,JPY,532078.0,300.0,2026-07-01T20:03:40+08:00,2026-09-25,2026-07-03T19:57:40+08:00
ORD00103821,M005670,P00148,門市,created,4,USD,3730.93,650.0,2026-07-01T15:00:54+08:00,2026-08-14,2026-07-03T21:02:54+08:00
ORD00071956,M005250,P00041,電銷,cancelled,3,TWD,23043.0,350.0,2026-06-14T17:36:07+08:00,2026-09-19,2026-07-01T07:50:00+08:00
ORD00101814,M001775,P00271,門市,paid,3,JPY,414200.0,800.0,2026-07-01T16:09:08+08:00,2026-07-09,2026-07-02T15:55:08+08:00
ORD00028679,M003952,P00165,電銷,cancelled,2,USD,4412.81,150.0,2026-06-20T00:52:43+08:00,2026-09-15,2026-07-01T08:22:13+08:00
ORD00101428,M001485,P00229,app,paid,1,TWD,170012.0,700.0,2026-07-01T06:01:46+08:00,2026-08-15,2026-07-01T08:38:46+08:00
ORD00102969,M004333,P00248,app,created,4,JPY,369258.0,650.0,2026-07-01T05:47:49+08:00,2026-08-21,2026-07-02T13:30:49+08:00
ORD00103765,M005773,P00026,web,paid,2,TWD,294950.0,100.0,2026-07-01T06:39:02+08:00,2026-09-18,2026-07-01T17:06:02+08:00
ORD00013382,M001537,P00116,電銷,completed,3,TWD,230398.0,800.0,2026-06-08T17:42:41+08:00,2026-06-16,2026-07-01T18:49:52+08:00
ORD00103320,M007970,P00240,門市,created,1,TWD,91089.0,850.0,2026-07-01T05:03:41+08:00,2026-10-12,2026-07-01T23:47:41+08:00
ORD00102391,M000205,P00197,app,paid,4,TWD,313381.0,750.0,2026-07-01T04:54:16+08:00,2026-09-01,2026-07-03T19:03:16+08:00
ORD00103707,M001535,P00051,app,created,4,USD,18864.56,50.0,2026-07-01T10:59:24+08:00,2026-10-03,2026-07-03T16:14:24+08:00
ORD00103776,M003827,P00147,門市,created,4,TWD,783841.0,850.0,2026-07-01T09:58:54+08:00,2026-08-21,2026-07-01T10:37:54+08:00
ORD00100090,M000061,P00153,門市,paid,3,TWD,306427.0,450.0,2026-07-01T16:54:12+08:00,2026-10-11,2026-07-02T05:01:12+08:00
ORD00102934,M004427,P00075,app,created,2,USD,1296.04,550.0,2026-07-01T11:02:06+08:00,2026-10-24,2026-07-03T10:42:06+08:00
ORD00103852,M007184,P00056,電銷,created,2,TWD,165228.0,50.0,2026-07-01T06:22:54+08:00,2026-07-08,2026-07-03T16:26:54+08:00
ORD00103290,M005691,P00176,門市,paid,2,TWD,340990.0,950.0,2026-07-01T06:27:58+08:00,2026-07-30,2026-07-04T01:01:58+08:00
ORD00103159,M003551,P00299,web,created,1,JPY,124376.0,550.0,2026-07-01T14:16:47+08:00,2026-07-20,2026-07-03T16:25:47+08:00
ORD00103597,M002350,P00203,app,created,2,TWD,294560.0,750.0,2026-07-01T03:53:17+08:00,2026-09-13,2026-07-03T10:45:17+08:00
ORD00103109,M002845,P00105,電銷,created,4,TWD,271731.0,50.0,2026-07-01T05:12:57+08:00,2026-08-22,2026-07-03T22:32:57+08:00
ORD00101475,M000876,P00113,app,paid,3,USD,16403.39,950.0,2026-07-01T18:54:52+08:00,2026-09-07,2026-07-03T22:45:52+08:00
ORD00100487,M001263,P00058,app,paid,4,TWD,187435.0,900.0,2026-07-01T17:42:33+08:00,2026-09-20,2026-07-03T00:23:33+08:00
ORD00100938,M005932,P00059,門市,paid,3,TWD,223681.0,950.0,2026-07-01T01:46:00+08:00,2026-10-17,2026-07-03T14:41:00+08:00
ORD00102527,M002855,P00023,app,created,3,TWD,469735.0,800.0,2026-07-01T12:16:53+08:00,2026-08-13,2026-07-04T01:51:53+08:00
ORD00102873,M004246,P00146,電銷,paid,1,TWD,27141.0,750.0,2026-07-01T00:58:23+08:00,2026-08-10,2026-07-03T08:53:23+08:00
ORD00100781,M004678,P00167,app,paid,1,TWD,123358.0,50.0,2026-07-01T10:28:07+08:00,2026-07-28,2026-07-03T09:59:07+08:00
ORD00100602,M001943,P00255,web,paid,1,TWD,167878.0,700.0,2026-07-01T21:38:27+08:00,2026-08-11,2026-07-02T08:33:27+08:00
ORD00100167,M002711,P00030,app,created,2,TWD,331915.0,750.0,2026-07-01T17:07:47+08:00,2026-10-18,2026-07-03T17:08:47+08:00
ORD00041128,M005905,P00115,web,completed,4,TWD,667300.0,700.0,2026-05-09T05:38:23+08:00,2026-07-22,2026-07-01T09:52:42+08:00
ORD00040310,M004786,P00292,web,cancelled,4,USD,19452.71,550.0,2026-06-23T11:41:56+08:00,2026-07-13,2026-07-01T16:39:28+08:00
ORD00102906,M001840,P00147,電銷,created,3,TWD,487049.0,750.0,2026-07-01T19:15:49+08:00,2026-07-19,2026-07-04T11:26:49+08:00
ORD00094976,M000439,P00118,電銷,cancelled,1,TWD,136798.0,200.0,2026-06-24T12:01:20+08:00,2026-07-07,2026-07-01T09:27:21+08:00
ORD00102190,M005972,P00049,web,paid,2,TWD,31406.0,650.0,2026-07-01T09:13:54+08:00,2026-08-05,2026-07-01T16:20:54+08:00
ORD00101697,M006879,P00172,電銷,paid,1,USD,4394.77,700.0,2026-07-01T06:41:47+08:00,2026-09-26,2026-07-01T10:16:47+08:00
ORD00103891,M001777,P00033,app,created,3,TWD,453470.0,300.0,2026-07-01T20:45:53+08:00,2026-10-07,2026-07-03T00:35:53+08:00
ORD00102885,M005472,P00082,web,paid,2,TWD,410867.0,650.0,2026-07-01T04:10:15+08:00,2026-10-13,2026-07-01T18:37:15+08:00
ORD00103221,M001437,P00003,電銷,paid,4,TWD,400700.0,150.0,2026-07-01T04:39:20+08:00,2026-08-31,2026-07-02T06:04:20+08:00
ORD00101080,M006953,P00161,web,created,2,USD,11037.97,650.0,2026-07-01T01:02:17+08:00,2026-09-07,2026-07-03T13:34:17+08:00
ORD00103051,M005089,P00094,門市,created,4,TWD,743394.0,700.0,2026-07-01T08:55:15+08:00,2026-10-06,2026-07-03T01:57:15+08:00
ORD00103538,M000229,P00064,web,paid,4,TWD,119656.0,450.0,2026-07-01T17:10:13+08:00,2026-09-08,2026-07-02T02:22:13+08:00
ORD00103350,M002358,P00192,門市,paid,4,TWD,714613.0,850.0,2026-07-01T19:40:30+08:00,2026-08-16,2026-07-03T19:38:30+08:00
ORD00003395,M002861,P00015,門市,cancelled,1,USD,2028.8,550.0,2026-05-16T22:36:15+08:00,2026-07-01,2026-07-01T10:14:27+08:00
ORD00009201,M005167,P00283,app,cancelled,4,USD,3588.58,100.0,2026-06-20T00:42:51+08:00,2026-09-27,2026-07-01T16:50:55+08:00
ORD00100217,M005277,P00094,app,paid,1,USD,4824.88,250.0,2026-07-01T00:56:45+08:00,2026-08-19,2026-07-03T10:00:45+08:00
ORD00102921,M003772,P00280,門市,created,4,USD,15480.45,750.0,2026-07-01T04:26:16+08:00,2026-09-03,2026-07-03T14:56:16+08:00
ORD00103670,M004047,P00121,門市,created,3,TWD,74731.0,800.0,2026-07-01T07:46:57+08:00,2026-09-05,2026-07-02T00:31:57+08:00
ORD00102179,M006381,P00295,app,paid,3,TWD,189099.0,750.0,2026-07-01T08:44:43+08:00,2026-10-11,2026-07-03T18:56:43+08:00
ORD00100914,M007994,P00293,電銷,paid,3,TWD,179880.0,200.0,2026-07-01T16:04:35+08:00,2026-07-08,2026-07-02T12:24:35+08:00
ORD00100644,M006568,P00271,電銷,created,4,JPY,556121.0,250.0,2026-07-01T07:59:09+08:00,2026-07-11,2026-07-03T07:59:09+08:00
ORD00100588,M004777,P00168,web,created,3,USD,14282.71,850.0,2026-07-01T12:20:58+08:00,2026-09-30,2026-07-01T19:08:58+08:00
ORD00102689,M000861,P00110,web,created,3,TWD,498838.0,650.0,2026-07-01T20:07:23+08:00,2026-09-11,2026-07-03T03:15:23+08:00
ORD00034138,M005209,P00066,app,completed,2,TWD,322456.0,200.0,2026-06-23T06:35:48+08:00,2026-07-22,2026-07-01T08:35:54+08:00
ORD00102830,M002115,P00235,app,paid,1,TWD,62635.0,800.0,2026-07-01T08:31:17+08:00,2026-07-11,2026-07-03T20:10:17+08:00
ORD00005245,M006874,P00078,電銷,completed,2,TWD,240235.0,900.0,2026-05-09T01:03:05+08:00,2026-07-18,2026-07-01T06:58:30+08:00
ORD00100069,M007225,P00182,門市,created,2,TWD,16239.0,300.0,2026-07-01T17:04:05+08:00,2026-08-03,2026-07-03T03:33:05+08:00
ORD00100846,M001427,P00151,app,paid,1,JPY,356341.0,200.0,2026-07-01T19:11:21+08:00,2026-09-28,2026-07-02T19:36:21+08:00
ORD00100843,M000975,P00028,門市,created,1,JPY,520118.0,900.0,2026-07-01T23:25:05+08:00,2026-09-26,2026-07-02T19:16:05+08:00
ORD00103206,M000650,P00153,電銷,paid,4,USD,11443.03,750.0,2026-07-01T04:54:13+08:00,2026-10-20,2026-07-01T21:35:13+08:00
ORD00102827,M001194,P00037,電銷,paid,2,TWD,232518.0,400.0,2026-07-01T05:55:07+08:00,2026-10-01,2026-07-01T15:47:07+08:00
ORD00102079,M004926,P00299,web,paid,1,USD,827.79,900.0,2026-07-01T21:25:50+08:00,2026-10-26,2026-07-02T08:06:50+08:00
ORD00061889,M000367,P00120,app,completed,1,TWD,136878.0,550.0,2026-05-21T00:12:22+08:00,2026-08-15,2026-07-01T10:05:34+08:00
ORD00103297,M000293,P00258,app,created,3,TWD,503075.0,0.0,2026-07-01T11:49:29+08:00,2026-07-31,2026-07-04T00:51:29+08:00
ORD00103640,M000210,P00097,app,created,4,JPY,2260880.0,400.0,2026-07-01T09:55:15+08:00,2026-10-26,2026-07-02T00:13:15+08:00
ORD00102343,M005428,P00090,門市,paid,2,JPY,1575887.0,100.0,2026-07-01T23:45:18+08:00,2026-08-11,2026-07-04T09:22:18+08:00
ORD00103229,M001012,P00112,電銷,paid,4,USD,863.6,650.0,2026-07-01T19:26:29+08:00,2026-08-23,2026-07-03T10:42:48+08:00
ORD00000414,M002834,P00280,門市,cancelled,3,JPY,2154294.0,900.0,2026-05-13T03:04:14+08:00,2026-07-28,2026-07-01T22:37:43+08:00
ORD00103822,M002391,P00055,app,created,2,TWD,250998.0,850.0,2026-07-01T07:45:59+08:00,2026-08-07,2026-07-03T13:22:59+08:00
ORD00100446,M000716,P00143,電銷,created,4,USD,1209.02,200.0,2026-07-01T16:56:04+08:00,2026-10-28,2026-07-04T03:23:04+08:00
ORD00100273,M002831,P00185,web,paid,4,TWD,797586.0,700.0,2026-07-01T02:13:55+08:00,2026-08-15,2026-07-01T06:23:55+08:00
ORD00101509,M001387,P00183,門市,paid,4,TWD,680927.0,850.0,2026-07-01T05:46:38+08:00,2026-09-25,2026-07-02T18:23:38+08:00
ORD00103753,M001852,P00090,app,created,2,USD,11845.92,700.0,2026-07-01T13:44:09+08:00,2026-08-16,2026-07-03T09:21:09+08:00
ORD00101992,M005491,P00151,web,created,3,TWD,252540.0,400.0,2026-07-01T03:33:41+08:00,2026-08-23,2026-07-03T16:12:41+08:00
ORD00101202,M003451,P00115,app,paid,3,TWD,379724.0,350.0,2026-07-01T05:34:19+08:00,2026-09-30,2026-07-01T07:13:19+08:00
ORD00102983,M005652,P00088,門市,paid,2,TWD,174076.0,950.0,2026-07-01T01:26:08+08:00,2026-08-31,2026-07-03T11:09:08+08:00
ORD00101579,M002155,P00078,web,cancelled,4,TWD,426073.0,850.0,2026-07-01T23:58:30+08:00,2026-09-02,2026-07-05T07:43:30+08:00
ORD00102880,M000035,P00259,門市,paid,2,TWD,274096.0,250.0,2026-07-01T15:06:07+08:00,2026-08-08,2026-07-02T08:41:07+08:00
ORD00102690,M006131,P00246,門市,paid,4,JPY,2666565.0,900.0,2026-07-01T18:45:10+08:00,2026-07-28,2026-07-02T17:18:10+08:00
ORD00100587,M007317,P00176,門市,created,2,USD,10734.67,950.0,2026-07-01T12:46:57+08:00,2026-08-27,2026-07-01T20:24:57+08:00
ORD00100504,M004926,P00116,app,created,2,USD,5613.47,400.0,2026-07-01T04:33:14+08:00,2026-09-13,2026-07-03T13:11:14+08:00
ORD00026047,M002123,P00276,web,completed,4,TWD,766165.0,750.0,2026-05-14T04:54:07+08:00,2026-05-29,2026-07-01T07:06:29+08:00
ORD00102819,M001964,P00230,app,paid,2,USD,13762.8,300.0,2026-07-01T15:27:55+08:00,2026-08-23,2026-07-01T23:57:55+08:00
ORD00101244,M000887,P00140,門市,paid,2,TWD,88350.0,150.0,2026-07-01T13:57:48+08:00,2026-10-26,2026-07-01T20:40:48+08:00
ORD00102986,M006803,P00097,電銷,created,1,TWD,119811.0,550.0,2026-07-01T01:42:04+08:00,2026-09-04,2026-07-03T09:13:04+08:00
ORD00103636,M005078,P00035,web,paid,2,TWD,409390.0,950.0,2026-07-01T13:52:53+08:00,2026-10-14,2026-07-04T00:42:53+08:00
ORD00101072,M001185,P00149,電銷,paid,4,TWD,910367.0,100.0,2026-07-01T16:28:25+08:00,2026-08-06,2026-07-03T15:59:25+08:00
ORD00102132,M000065,P00156,電銷,created,3,USD,16614.86,800.0,2026-07-01T13:19:01+08:00,2026-08-13,2026-07-02T22:45:01+08:00
ORD00101668,M002109,P00163,電銷,created,3,USD,8665.48,950.0,2026-07-01T05:07:10+08:00,2026-10-07,2026-07-01T15:16:10+08:00
ORD00100457,M005998,P00239,門市,created,2,TWD,309781.0,50.0,2026-07-01T05:08:19+08:00,2026-08-08,2026-07-03T22:01:19+08:00
ORD00016606,M007586,P00230,app,completed,3,USD,18399.65,250.0,2026-06-22T12:58:16+08:00,2026-09-17,2026-07-01T15:33:12+08:00
ORD00076543,M003129,P00263,門市,cancelled,1,USD,2972.79,800.0,2026-06-17T11:24:51+08:00,2026-07-26,2026-07-01T07:31:27+08:00
ORD00101626,M005468,P00249,app,created,2,TWD,177691.0,200.0,2026-07-01T05:58:09+08:00,2026-09-12,2026-07-01T17:30:09+08:00
ORD00100480,M004123,P00173,門市,created,4,JPY,155825.0,100.0,2026-07-01T02:14:25+08:00,2026-08-26,2026-07-01T03:14:25+08:00
ORD00100234,M005438,P00148,電銷,paid,2,TWD,58932.0,950.0,2026-07-01T03:10:20+08:00,2026-08-28,2026-07-03T18:22:20+08:00
ORD00102837,M006825,P00120,web,created,3,JPY,1432707.0,150.0,2026-07-01T15:56:44+08:00,2026-07-29,2026-07-02T01:47:44+08:00
ORD00100751,M000332,P00088,web,paid,2,USD,5556.2,550.0,2026-07-01T17:31:13+08:00,2026-07-23,2026-07-02T05:10:13+08:00
ORD00102815,M004827,P00198,app,paid,3,USD,2620.37,800.0,2026-07-01T03:38:42+08:00,2026-07-11,2026-07-02T09:53:42+08:00
ORD00101007,M000760,P00212,門市,paid,1,TWD,23759.0,950.0,2026-07-01T13:42:47+08:00,2026-08-06,2026-07-02T01:28:47+08:00
ORD00100915,M004057,P00042,電銷,created,1,JPY,595821.0,850.0,2026-07-01T11:50:42+08:00,2026-07-20,2026-07-02T07:41:42+08:00
ORD00101058,M003852,P00130,門市,paid,2,TWD,306038.0,750.0,2026-07-01T13:43:44+08:00,2026-08-18,2026-07-01T22:00:44+08:00
ORD00098132,M007770,P00123,門市,cancelled,2,TWD,172266.0,250.0,2026-06-08T16:52:00+08:00,2026-09-23,2026-07-01T15:19:58+08:00
ORD00074622,M000981,P00234,web,cancelled,2,TWD,17546.0,450.0,2026-06-11T16:17:55+08:00,2026-08-14,2026-07-01T04:27:50+08:00
ORD00100484,M002882,P00032,門市,created,1,TWD,127090.0,950.0,2026-07-01T20:26:39+08:00,2026-10-05,2026-07-03T23:53:39+08:00
ORD00101084,M004419,P00178,門市,paid,2,TWD,84449.0,500.0,2026-07-01T14:51:43+08:00,2026-10-22,2026-07-03T13:53:43+08:00
ORD00073211,M003185,P00202,門市,completed,4,TWD,467218.0,250.0,2026-05-20T14:53:06+08:00,2026-07-17,2026-07-01T12:32:24+08:00
ORD00014329,M007892,P00247,門市,cancelled,3,TWD,504290.0,650.0,2026-05-02T10:12:16+08:00,2026-07-18,2026-07-01T18:29:20+08:00
ORD00101158,M005957,P00135,門市,paid,1,USD,290.3,400.0,2026-07-01T16:05:58+08:00,2026-10-07,2026-07-02T23:30:58+08:00
ORD00102717,M002678,P00285,門市,paid,4,TWD,415536.0,550.0,2026-07-01T13:37:40+08:00,2026-09-10,2026-07-04T07:45:40+08:00
ORD00103380,M005920,P00050,門市,created,3,TWD,7862.0,0.0,2026-07-01T17:57:17+08:00,2026-07-11,2026-07-03T18:57:17+08:00
ORD00047379,M004206,P00241,web,completed,2,TWD,365213.0,550.0,2026-05-15T18:40:08+08:00,2026-07-20,2026-07-01T06:35:46+08:00
ORD00101248,M001932,P00102,電銷,paid,3,USD,3536.34,100.0,2026-07-01T10:16:24+08:00,2026-07-18,2026-07-03T14:14:24+08:00
ORD00101326,M000119,P00021,app,paid,2,JPY,1874620.0,50.0,2026-07-01T19:16:48+08:00,2026-09-27,2026-07-03T05:08:48+08:00
ORD00101237,M000917,P00205,app,paid,2,TWD,17722.0,400.0,2026-07-01T11:21:50+08:00,2026-10-07,2026-07-02T12:34:50+08:00
ORD00101319,M007458,P00243,web,paid,1,TWD,173221.0,350.0,2026-07-01T09:59:06+08:00,2026-10-20,2026-07-02T09:20:06+08:00
ORD00102213,M000511,P00185,app,created,2,TWD,361471.0,900.0,2026-07-01T18:07:34+08:00,2026-09-29,2026-07-03T11:52:34+08:00
ORD00076580,M001180,P00266,web,completed,2,TWD,28420.0,750.0,2026-06-05T00:53:22+08:00,2026-08-17,2026-07-01T07:16:11+08:00
ORD00101346,M002519,P00249,電銷,created,2,TWD,143829.0,0.0,2026-07-01T18:55:32+08:00,2026-09-19,2026-07-02T19:08:32+08:00
ORD00102264,M000950,P00081,電銷,paid,1,TWD,118512.0,500.0,2026-07-01T06:26:59+08:00,2026-08-01,2026-07-03T14:06:59+08:00
ORD00102333,M001822,P00226,app,paid,3,TWD,348793.0,700.0,2026-07-01T05:38:14+08:00,2026-08-28,2026-07-02T06:32:14+08:00
ORD00100395,M002556,P00206,app,paid,1,TWD,152052.0,100.0,2026-07-01T12:26:20+08:00,2026-08-19,2026-07-03T18:43:20+08:00
ORD00103334,M002276,P00101,電銷,created,3,TWD,184026.0,100.0,2026-07-01T04:40:27+08:00,2026-10-16,2026-07-01T23:04:27+08:00
ORD00101270,M001929,P00168,電銷,paid,4,TWD,480593.0,400.0,2026-07-01T22:19:37+08:00,2026-10-21,2026-07-04T12:08:37+08:00
ORD00101808,M001295,P00208,電銷,paid,4,JPY,2966324.0,50.0,2026-07-01T03:01:45+08:00,2026-08-17,2026-07-02T00:21:45+08:00
ORD00010238,M003467,P00222,電銷,cancelled,3,JPY,517302.0,750.0,2026-05-29T13:35:30+08:00,2026-08-22,2026-07-01T18:02:27+08:00
ORD00102123,M005190,P00023,門市,paid,3,TWD,661783.0,50.0,2026-07-01T21:54:42+08:00,2026-08-05,2026-07-04T05:22:42+08:00
ORD00102451,M001845,P00263,app,paid,1,TWD,98259.0,50.0,2026-07-01T07:39:02+08:00,2026-09-17,2026-07-01T19:09:02+08:00
ORD00101886,M000734,P00158,web,paid,2,TWD,91414.0,550.0,2026-07-01T13:48:24+08:00,2026-08-06,2026-07-04T06:50:24+08:00
ORD00102847,M005583,P00200,電銷,created,3,USD,14374.99,400.0,2026-07-01T01:39:18+08:00,2026-08-18,2026-07-01T23:25:18+08:00
ORD00101278,M003669,P00012,門市,paid,3,USD,9361.03,0.0,2026-07-01T01:41:36+08:00,2026-07-19,2026-07-03T01:02:36+08:00
ORD00103060,M001833,P00008,web,created,2,USD,6061.29,750.0,2026-07-01T03:44:53+08:00,2026-09-16,2026-07-03T17:16:53+08:00
ORD00100365,M000484,P00171,web,paid,1,TWD,76826.0,700.0,2026-07-01T19:28:24+08:00,2026-09-29,2026-07-03T18:39:24+08:00
ORD00101881,M006502,P00001,門市,created,1,TWD,133369.0,0.0,2026-07-01T14:58:08+08:00,2026-10-16,2026-07-02T02:30:08+08:00
ORD00073225,M006620,P00147,web,cancelled,3,JPY,2563856.0,650.0,2026-06-04T13:57:16+08:00,2026-09-06,2026-07-01T16:29:04+08:00
ORD00101320,M001487,P00209,web,created,2,TWD,206137.0,850.0,2026-07-01T22:55:43+08:00,2026-09-12,2026-07-02T15:57:43+08:00
ORD00101981,M007211,P00294,web,created,1,USD,5122.17,750.0,2026-07-01T08:04:38+08:00,2026-08-22,2026-07-03T05:23:38+08:00
ORD00102159,M000098,P00159,電銷,paid,4,TWD,182425.0,200.0,2026-07-01T21:06:05+08:00,2026-09-07,2026-07-04T00:02:05+08:00
ORD00101066,M002431,P00241,門市,created,3,TWD,591269.0,800.0,2026-07-01T12:31:24+08:00,2026-10-06,2026-07-01T16:18:24+08:00
ORD00101806,M003010,P00260,web,paid,3,USD,11387.12,200.0,2026-07-01T01:27:54+08:00,2026-07-25,2026-07-01T02:30:54+08:00
ORD00101470,M007863,P00081,門市,paid,2,USD,7337.72,700.0,2026-07-01T06:41:44+08:00,2026-08-15,2026-07-02T19:52:44+08:00
ORD00103801,M001624,P00124,web,paid,4,USD,4361.65,50.0,2026-07-01T12:49:32+08:00,2026-10-24,2026-07-03T05:09:32+08:00
ORD00100917,M007350,P00105,app,paid,4,TWD,232951.0,700.0,2026-07-01T14:41:16+08:00,2026-07-21,2026-07-02T10:39:16+08:00
ORD00100474,M001983,P00010,門市,paid,2,TWD,252710.0,650.0,2026-07-01T12:02:01+08:00,2026-10-14,2026-07-04T00:50:01+08:00
ORD00100068,M004698,P00066,web,paid,4,TWD,693437.0,300.0,2026-07-01T15:15:46+08:00,2026-08-26,2026-07-04T01:32:46+08:00
ORD00103865,M007146,P00016,app,paid,3,TWD,203234.0,200.0,2026-07-01T22:42:34+08:00,2026-08-03,2026-07-04T15:17:34+08:00
ORD00103336,M003384,P00275,web,paid,4,USD,12697.59,650.0,2026-07-01T18:29:09+08:00,2026-08-26,2026-07-03T14:27:09+08:00
ORD00100924,M001663,P00100,app,paid,2,TWD,322153.0,100.0,2026-07-01T17:27:11+08:00,2026-08-18,2026-07-04T10:55:11+08:00
ORD00062311,M001185,P00255,電銷,cancelled,4,TWD,876502.0,250.0,2026-06-17T04:56:56+08:00,2026-09-23,2026-07-01T11:08:33+08:00
ORD00101348,M005440,P00222,web,created,3,TWD,120827.0,100.0,2026-07-01T14:53:38+08:00,2026-08-25,2026-07-02T02:48:38+08:00
ORD00103439,M003374,P00005,電銷,paid,4,JPY,1930670.0,100.0,2026-07-01T22:56:30+08:00,2026-07-08,2026-07-03T20:59:30+08:00
ORD00103663,M005995,P00119,電銷,paid,2,JPY,1718463.0,500.0,2026-07-01T11:46:43+08:00,2026-08-11,2026-07-02T04:22:43+08:00
ORD00102669,M007154,P00269,web,paid,4,TWD,247450.0,100.0,2026-07-01T18:45:46+08:00,2026-09-19,2026-07-04T12:54:46+08:00
ORD00101081,M003384,P00078,web,paid,1,USD,3011.74,50.0,2026-07-01T14:05:46+08:00,2026-09-05,2026-07-03T00:54:46+08:00
ORD00084022,M001029,P00099,app,cancelled,3,TWD,506798.0,600.0,2026-05-07T14:26:09+08:00,2026-06-20,2026-07-01T00:51:34+08:00
ORD00103116,M007382,P00150,門市,created,4,TWD,668683.0,500.0,2026-07-01T10:34:53+08:00,2026-09-08,2026-07-02T01:52:53+08:00
ORD00103985,M002459,P00209,電銷,created,1,TWD,102101.0,800.0,2026-07-01T22:01:32+08:00,2026-10-19,2026-07-01T23:11:32+08:00
ORD00008149,M005254,P00040,app,completed,2,TWD,165502.0,950.0,2026-05-27T08:55:13+08:00,2026-09-08,2026-07-01T10:17:23+08:00
ORD00101222,M000235,P00286,電銷,created,1,TWD,187993.0,900.0,2026-07-01T13:53:06+08:00,2026-09-02,2026-07-02T10:48:06+08:00
ORD00042973,M004612,P00111,電銷,completed,2,TWD,177814.0,950.0,2026-05-08T18:49:55+08:00,2026-07-03,2026-07-01T07:34:53+08:00
ORD00103253,M004472,P00285,門市,paid,3,TWD,299733.0,700.0,2026-07-01T18:24:07+08:00,2026-08-26,2026-07-03T19:59:07+08:00
ORD00100789,M003778,P00181,app,created,4,TWD,56311.0,700.0,2026-07-01T13:19:57+08:00,2026-08-23,2026-07-03T05:54:57+08:00
ORD00066145,M001800,P00098,門市,completed,1,TWD,132892.0,700.0,2026-05-28T23:49:43+08:00,2026-08-08,2026-07-01T14:15:38+08:00
ORD00103236,M004751,P00052,門市,paid,1,USD,2346.93,600.0,2026-07-01T09:31:11+08:00,2026-08-08,2026-07-02T17:56:11+08:00
ORD00100954,M003507,P00089,web,paid,1,TWD,78096.0,750.0,2026-07-01T12:56:48+08:00,2026-08-04,2026-07-02T00:21:48+08:00
ORD00103613,M001136,P00178,app,paid,3,TWD,115887.0,50.0,2026-07-01T23:43:06+08:00,2026-08-25,2026-07-04T01:31:06+08:00
ORD00088939,M007311,P00283,app,cancelled,4,JPY,441024.0,250.0,2026-06-30T07:59:04+08:00,2026-08-04,2026-07-01T17:34:44+08:00
ORD00102611,M006542,P00164,web,paid,3,TWD,127091.0,200.0,2026-07-01T04:34:06+08:00,2026-10-05,2026-07-03T09:38:06+08:00
ORD00102747,M002721,P00293,app,created,1,USD,1842.88,300.0,2026-07-01T02:18:53+08:00,2026-09-16,2026-07-01T14:10:53+08:00
ORD00102119,M005633,P00090,門市,paid,1,USD,5721.8,350.0,2026-07-01T09:33:17+08:00,2026-08-27,2026-07-04T02:56:17+08:00
ORD00103593,M005564,P00066,電銷,paid,4,TWD,833597.0,600.0,2026-07-01T23:19:06+08:00,2026-09-06,2026-07-04T03:02:06+08:00
ORD00024417,M006439,P00149,web,completed,1,TWD,202948.0,50.0,2026-05-17T01:00:32+08:00,2026-07-18,2026-07-01T20:27:24+08:00
ORD00103720,M001307,P00082,app,paid,2,USD,11067.48,450.0,2026-07-01T11:56:53+08:00,2026-09-09,2026-07-03T14:14:53+08:00
ORD00101491,M001792,P00031,web,paid,1,TWD,154977.0,0.0,2026-07-01T07:15:07+08:00,2026-09-05,2026-07-03T05:22:07+08:00
ORD00102477,M003636,P00192,電銷,created,3,TWD,550250.0,650.0,2026-07-01T22:14:20+08:00,2026-09-01,2026-07-04T05:17:20+08:00
ORD00101339,M001125,P00003,門市,paid,1,JPY,440165.0,850.0,2026-07-01T21:03:12+08:00,2026-07-28,2026-07-02T05:22:12+08:00
ORD00036457,M002150,P00123,app,completed,3,TWD,200659.0,700.0,2026-05-26T04:27:52+08:00,2026-07-05,2026-07-01T20:18:56+08:00
ORD00101853,M007758,P00154,門市,paid,3,TWD,372348.0,0.0,2026-07-01T04:25:00+08:00,2026-09-24,2026-07-01T22:42:00+08:00
ORD00102678,M002782,P00254,web,paid,2,TWD,6623.0,700.0,2026-07-01T13:56:21+08:00,2026-10-25,2026-07-02T17:20:21+08:00
ORD00102049,M000034,P00007,app,paid,4,USD,6936.61,800.0,2026-07-01T21:40:29+08:00,2026-10-15,2026-07-02T05:42:29+08:00
ORD00100281,M006685,P00149,web,paid,2,USD,11608.71,450.0,2026-07-01T18:18:16+08:00,2026-08-03,2026-07-03T22:13:16+08:00
ORD00103709,M000446,P00283,門市,paid,2,USD,1604.84,200.0,2026-07-01T03:24:09+08:00,2026-09-12,2026-07-03T09:25:09+08:00
ORD00017979,M007564,P00131,app,cancelled,2,TWD,397045.0,150.0,2026-05-06T10:21:37+08:00,2026-08-14,2026-07-01T22:55:20+08:00
ORD00005654,M005877,P00273,app,completed,3,JPY,1184748.0,600.0,2026-06-16T19:02:19+08:00,2026-07-27,2026-07-01T07:38:25+08:00
ORD00024304,M006525,P00101,app,cancelled,2,TWD,142504.0,50.0,2026-05-09T22:36:20+08:00,2026-08-07,2026-07-01T02:21:00+08:00
ORD00103021,M003466,P00158,web,created,4,TWD,151766.0,600.0,2026-07-01T12:45:23+08:00,2026-09-30,2026-07-02T16:18:23+08:00
ORD00103500,M002971,P00077,app,paid,4,TWD,949055.0,450.0,2026-07-01T15:39:05+08:00,2026-08-28,2026-07-01T22:23:05+08:00
ORD00103317,M002735,P00236,web,cancelled,2,TWD,338440.0,300.0,2026-07-01T14:08:33+08:00,2026-10-12,2026-07-03T00:08:33+08:00
ORD00101436,M007174,P00092,app,created,3,TWD,478294.0,850.0,2026-07-01T19:36:05+08:00,2026-07-31,2026-07-03T11:12:05+08:00
ORD00101809,M000346,P00075,電銷,created,2,TWD,41832.0,50.0,2026-07-01T19:14:10+08:00,2026-09-02,2026-07-02T19:19:10+08:00
ORD00041482,M007050,P00054,web,completed,4,TWD,572844.0,750.0,2026-05-09T06:29:07+08:00,2026-06-28,2026-07-01T21:07:34+08:00
ORD00101251,M001465,P00141,電銷,paid,1,USD,2117.64,300.0,2026-07-01T07:58:39+08:00,2026-10-26,2026-07-03T19:46:39+08:00
ORD00100539,M002724,P00151,web,paid,3,TWD,246845.0,900.0,2026-07-01T02:58:29+08:00,2026-09-05,2026-07-03T16:38:29+08:00
ORD00103249,M002967,P00136,電銷,paid,2,JPY,204988.0,0.0,2026-07-01T16:35:29+08:00,2026-08-12,2026-07-03T23:10:29+08:00
ORD00100680,M003047,P00226,web,paid,4,TWD,389224.0,900.0,2026-07-01T19:39:14+08:00,2026-09-06,2026-07-03T19:45:14+08:00
ORD00101889,M001652,P00179,app,paid,4,TWD,513675.0,0.0,2026-07-01T05:25:39+08:00,2026-10-05,2026-07-03T07:51:39+08:00
ORD00023316,M005949,P00005,電銷,cancelled,1,TWD,98075.0,550.0,2026-05-31T03:11:59+08:00,2026-07-15,2026-07-01T11:51:04+08:00
ORD00101835,M002986,P00280,web,paid,4,TWD,667646.0,950.0,2026-07-01T07:03:18+08:00,2026-09-09,2026-07-03T16:31:18+08:00
ORD00101919,M006445,P00195,app,paid,1,USD,1769.71,550.0,2026-07-01T10:52:44+08:00,2026-07-29,2026-07-03T02:22:44+08:00
ORD00101843,M003202,P00200,電銷,paid,2,TWD,230659.0,850.0,2026-07-01T10:16:33+08:00,2026-09-16,2026-07-02T16:20:33+08:00
ORD00100596,M002855,P00295,電銷,cancelled,3,JPY,929454.0,600.0,2026-07-01T06:28:48+08:00,2026-10-09,2026-07-02T12:45:48+08:00
ORD00102933,M005829,P00136,app,paid,4,TWD,77591.0,700.0,2026-07-01T19:09:30+08:00,2026-10-16,2026-07-02T05:30:30+08:00
ORD00102200,M002693,P00003,app,paid,1,USD,3446.42,750.0,2026-07-01T06:18:00+08:00,2026-09-11,2026-07-01T23:06:00+08:00
ORD00103692,M002549,P00102,app,paid,3,USD,3797.76,350.0,2026-07-01T03:18:02+08:00,2026-10-19,2026-07-02T05:21:02+08:00
ORD00102283,M004602,P00116,web,paid,3,USD,7705.17,450.0,2026-07-01T06:55:45+08:00,2026-07-28,2026-07-02T15:09:45+08:00
ORD00103746,M003000,P00256,web,paid,3,JPY,3238159.0,350.0,2026-07-01T17:55:29+08:00,2026-07-13,2026-07-03T10:20:29+08:00
ORD00103610,M002183,P00190,app,paid,2,TWD,390220.0,900.0,2026-07-01T19:42:13+08:00,2026-08-21,2026-07-04T11:26:13+08:00
ORD00101926,M004089,P00279,電銷,created,2,USD,5589.04,750.0,2026-07-01T17:57:04+08:00,2026-09-13,2026-07-01T23:24:04+08:00
ORD00102683,M003028,P00014,電銷,paid,4,TWD,428177.0,100.0,2026-07-01T21:05:22+08:00,2026-09-12,2026-07-02T04:12:22+08:00
ORD00103747,M000376,P00105,web,paid,1,TWD,54374.0,550.0,2026-07-01T04:00:11+08:00,2026-07-29,2026-07-01T21:46:11+08:00
ORD00054484,M005868,P00160,web,cancelled,4,TWD,50229.0,150.0,2026-06-12T16:56:15+08:00,2026-09-08,2026-07-01T17:07:06+08:00
ORD00101617,M007239,P00095,門市,paid,2,TWD,452027.0,450.0,2026-07-01T04:47:19+08:00,2026-10-10,2026-07-02T14:07:19+08:00
ORD00103193,M002432,P00230,web,paid,1,USD,6630.96,0.0,2026-07-01T14:32:41+08:00,2026-07-25,2026-07-04T05:10:41+08:00
ORD00100322,M005795,P00013,門市,paid,1,USD,4493.98,300.0,2026-07-01T06:23:44+08:00,2026-07-30,2026-07-01T19:09:44+08:00
ORD00101466,M000157,P00019,門市,paid,1,TWD,103586.0,700.0,2026-07-01T07:35:22+08:00,2026-10-06,2026-07-02T17:11:22+08:00
ORD00102549,M002138,P00148,門市,paid,1,TWD,30757.0,800.0,2026-07-01T08:00:36+08:00,2026-10-14,2026-07-02T02:29:36+08:00
ORD00100864,M006938,P00173,app,paid,1,USD,286.29,350.0,2026-07-01T00:15:02+08:00,2026-08-13,2026-07-02T01:35:02+08:00
ORD00016952,M005291,P00018,電銷,completed,2,USD,7388.92,500.0,2026-05-25T19:43:59+08:00,2026-09-19,2026-07-01T11:38:54+08:00
ORD00037828,M006100,P00241,app,cancelled,3,TWD,559848.0,500.0,2026-06-01T04:40:11+08:00,2026-06-14,2026-07-01T03:42:27+08:00
ORD00097704,M001903,P00172,app,completed,4,USD,15344.93,200.0,2026-05-29T16:23:19+08:00,2026-07-25,2026-07-01T22:10:18+08:00
ORD00101661,M007833,P00217,電銷,paid,2,TWD,324225.0,150.0,2026-07-01T19:15:33+08:00,2026-08-18,2026-07-03T11:49:33+08:00
ORD00101033,M007437,P00255,門市,paid,4,USD,26420.27,700.0,2026-07-01T00:15:16+08:00,2026-07-26,2026-07-01T16:21:16+08:00
ORD00101385,M006667,P00122,app,paid,1,TWD,203736.0,550.0,2026-07-01T20:57:37+08:00,2026-10-16,2026-07-02T14:45:37+08:00
ORD00103382,M007892,P00278,web,paid,3,TWD,480884.0,850.0,2026-07-01T16:39:01+08:00,2026-09-01,2026-07-03T20:22:01+08:00
ORD00102273,M005426,P00229,app,paid,4,JPY,3393268.0,850.0,2026-07-01T06:55:00+08:00,2026-07-09,2026-07-02T21:17:00+08:00
ORD00081552,M002493,P00182,web,cancelled,1,USD,228.2,950.0,2026-05-19T01:03:27+08:00,2026-06-28,2026-07-01T01:54:31+08:00
ORD00102172,M004580,P00207,門市,paid,1,TWD,80422.0,350.0,2026-07-01T02:48:49+08:00,2026-10-11,2026-07-01T13:26:49+08:00
ORD00022775,M004838,P00199,門市,completed,2,TWD,13253.0,400.0,2026-05-06T21:22:18+08:00,2026-07-19,2026-07-01T05:42:18+08:00
ORD00101561,M004700,P00017,電銷,paid,2,USD,10685.43,100.0,2026-07-01T06:55:40+08:00,2026-07-08,2026-07-01T09:34:40+08:00
ORD00102668,M007719,P00200,web,created,1,TWD,146938.0,550.0,2026-07-01T11:07:18+08:00,2026-07-13,2026-07-02T01:09:18+08:00
ORD00100934,M005118,P00029,web,cancelled,4,TWD,487654.0,750.0,2026-07-01T21:09:10+08:00,2026-07-29,2026-07-03T12:48:10+08:00
ORD00101271,M001866,P00183,門市,paid,4,TWD,527863.0,100.0,2026-07-01T16:42:49+08:00,2026-07-15,2026-07-03T19:20:49+08:00
ORD00102792,M007426,P00159,web,paid,3,TWD,151843.0,900.0,2026-07-01T15:04:04+08:00,2026-10-13,2026-07-02T01:05:04+08:00
ORD00023120,M002585,P00037,app,cancelled,2,TWD,235807.0,750.0,2026-05-09T17:14:13+08:00,2026-07-19,2026-07-01T20:05:42+08:00
ORD00103546,M004464,P00167,web,created,1,TWD,135262.0,750.0,2026-07-01T10:30:41+08:00,2026-10-20,2026-07-03T13:15:41+08:00
ORD00102022,M004559,P00151,電銷,paid,1,TWD,79590.0,550.0,2026-07-01T15:44:55+08:00,2026-08-19,2026-07-02T19:20:55+08:00
ORD00102728,M002043,P00242,電銷,paid,3,TWD,81962.0,500.0,2026-07-01T09:20:22+08:00,2026-10-23,2026-07-03T23:59:22+08:00
ORD00101690,M004769,P00220,電銷,paid,4,TWD,158383.0,150.0,2026-07-01T11:45:44+08:00,2026-09-03,2026-07-03T05:09:44+08:00
ORD00100260,M002156,P00272,電銷,created,2,TWD,228571.0,100.0,2026-07-01T09:01:08+08:00,2026-08-24,2026-07-03T08:57:08+08:00
ORD00100959,M000877,P00258,門市,created,4,TWD,578792.0,500.0,2026-07-01T20:48:48+08:00,2026-08-25,2026-07-02T21:00:48+08:00
ORD00102976,M007024,P00277,門市,paid,1,TWD,153275.0,700.0,2026-07-01T11:49:37+08:00,2026-07-24,2026-07-02T08:14:37+08:00
ORD00103220,M007632,P00226,門市,created,4,TWD,353754.0,250.0,2026-07-01T18:26:16+08:00,2026-08-11,2026-07-03T13:45:16+08:00
ORD00101000,M002370,P00126,電銷,paid,3,TWD,85819.0,250.0,2026-07-01T10:09:40+08:00,2026-08-27,2026-07-02T22:52:40+08:00
ORD00102939,M001702,P00237,web,paid,4,USD,20890.79,200.0,2026-07-01T08:35:51+08:00,2026-10-13,2026-07-02T07:36:51+08:00
ORD00102298,M000734,P00078,app,paid,3,TWD,368530.0,350.0,2026-07-01T07:40:16+08:00,2026-07-22,2026-07-02T08:22:16+08:00
ORD00067296,M005678,P00201,門市,completed,1,TWD,110284.0,0.0,2026-06-15T04:25:35+08:00,2026-09-10,2026-07-01T00:22:28+08:00
ORD00102045,M007350,P00254,app,created,1,TWD,2981.0,600.0,2026-07-01T09:58:03+08:00,2026-08-18,2026-07-03T08:47:03+08:00
ORD00100803,M000837,P00122,app,created,1,TWD,197003.0,450.0,2026-07-01T11:46:43+08:00,2026-09-23,2026-07-03T09:35:43+08:00
ORD00047813,M007911,P00041,電銷,completed,1,JPY,44706.0,950.0,2026-06-26T03:25:35+08:00,2026-09-22,2026-07-01T08:48:48+08:00
ORD00102674,M006487,P00264,電銷,created,4,TWD,46859.0,150.0,2026-07-01T19:27:10+08:00,2026-10-07,2026-07-02T19:06:10+08:00
ORD00100913,M002181,P00018,app,paid,3,TWD,380873.0,350.0,2026-07-01T23:23:06+08:00,2026-08-29,2026-07-04T06:20:06+08:00
ORD00100316,M000328,P00021,app,created,4,JPY,3475276.0,250.0,2026-07-01T06:45:07+08:00,2026-09-19,2026-07-03T09:34:07+08:00
ORD00103775,M002840,P00210,app,created,2,TWD,377551.0,350.0,2026-07-01T12:46:00+08:00,2026-07-17,2026-07-01T19:35:00+08:00
ORD00100731,M000091,P00072,web,created,1,TWD,16682.0,600.0,2026-07-01T00:42:27+08:00,2026-10-02,2026-07-02T07:37:27+08:00
ORD00100027,M001491,P00068,門市,paid,3,TWD,261165.0,700.0,2026-07-01T00:44:56+08:00,2026-08-13,2026-07-01T03:19:56+08:00
ORD00101507,M004185,P00204,門市,paid,3,TWD,541523.0,200.0,2026-07-01T00:42:36+08:00,2026-07-28,2026-07-03T04:47:36+08:00
ORD00023513,M006743,P00074,門市,completed,3,JPY,2331285.0,750.0,2026-06-17T05:17:42+08:00,2026-06-28,2026-07-01T16:26:29+08:00
ORD00102482,M002405,P00156,app,paid,1,JPY,787276.0,800.0,2026-07-01T13:39:47+08:00,2026-09-05,2026-07-02T13:57:47+08:00
ORD00102230,M007722,P00229,web,created,3,TWD,593241.0,350.0,2026-07-01T23:00:16+08:00,2026-10-01,2026-07-04T03:45:16+08:00
ORD00100806,M006410,P00293,web,created,1,USD,1953.7,50.0,2026-07-01T02:33:41+08:00,2026-07-19,2026-07-03T18:10:41+08:00
ORD00050819,M003750,P00221,電銷,cancelled,4,TWD,507520.0,900.0,2026-06-30T19:17:43+08:00,2026-08-23,2026-07-01T14:50:58+08:00
ORD00100537,M001259,P00137,web,paid,2,TWD,275098.0,550.0,2026-07-01T17:36:48+08:00,2026-10-15,2026-07-04T04:33:48+08:00
ORD00100124,M001366,P00163,電銷,created,4,JPY,2008224.0,950.0,2026-07-01T16:10:46+08:00,2026-10-12,2026-07-03T05:28:46+08:00
ORD00103386,M006215,P00248,app,created,2,TWD,48820.0,150.0,2026-07-01T16:15:50+08:00,2026-10-13,2026-07-03T01:35:50+08:00
ORD00026157,M003972,P00020,web,completed,1,TWD,68630.0,500.0,2026-06-13T20:03:05+08:00,2026-08-19,2026-07-01T12:11:46+08:00
ORD00103598,M002249,P00241,電銷,paid,3,TWD,486222.0,200.0,2026-07-01T08:23:34+08:00,2026-09-03,2026-07-02T16:42:34+08:00
ORD00102712,M005297,P00035,web,paid,1,TWD,165865.0,500.0,2026-07-01T04:44:18+08:00,2026-07-29,2026-07-03T21:41:18+08:00
ORD00103138,M007628,P00212,web,created,1,TWD,25527.0,400.0,2026-07-01T11:02:44+08:00,2026-10-03,2026-07-03T23:05:44+08:00
ORD00100686,M004860,P00048,門市,paid,1,USD,2626.42,750.0,2026-07-01T20:26:59+08:00,2026-08-24,2026-07-03T09:36:59+08:00
ORD00103897,M000913,P00272,電銷,created,1,JPY,519261.0,500.0,2026-07-01T23:46:58+08:00,2026-07-22,2026-07-04T12:47:58+08:00
ORD00100533,M007853,P00121,app,created,4,TWD,99561.0,200.0,2026-07-01T22:24:51+08:00,2026-07-31,2026-07-02T07:30:51+08:00
ORD00101856,M003144,P00081,電銷,paid,4,TWD,578240.0,400.0,2026-07-01T21:15:09+08:00,2026-10-16,2026-07-04T11:08:09+08:00
ORD00083079,M005213,P00197,web,completed,3,TWD,232754.0,200.0,2026-06-24T00:42:58+08:00,2026-08-14,2026-07-01T23:18:52+08:00
ORD00102251,M004814,P00145,app,paid,4,TWD,330622.0,50.0,2026-07-01T06:35:35+08:00,2026-07-27,2026-07-03T00:14:35+08:00
ORD00102352,M001342,P00298,門市,paid,3,TWD,385444.0,150.0,2026-07-01T22:22:59+08:00,2026-09-09,2026-07-02T01:06:59+08:00
ORD00103659,M002070,P00050,web,paid,2,TWD,6678.0,600.0,2026-07-01T16:37:49+08:00,2026-08-25,2026-07-03T10:12:49+08:00
ORD00101961,M005296,P00294,web,paid,1,TWD,181314.0,200.0,2026-07-01T22:55:51+08:00,2026-10-15,2026-07-04T10:25:51+08:00
ORD00101667,M003446,P00271,web,paid,4,USD,2607.97,700.0,2026-07-01T08:56:23+08:00,2026-07-25,2026-07-02T00:47:23+08:00
ORD00101612,M001545,P00176,app,paid,1,TWD,180092.0,800.0,2026-07-01T19:30:59+08:00,2026-08-30,2026-07-03T18:52:59+08:00
ORD00100592,M002663,P00277,電銷,paid,3,TWD,450244.0,750.0,2026-07-01T08:59:02+08:00,2026-10-17,2026-07-03T00:49:02+08:00
ORD00103909,M001330,P00055,電銷,paid,2,TWD,203765.0,100.0,2026-07-01T20:44:57+08:00,2026-09-06,2026-07-03T00:12:57+08:00
ORD00103906,M006733,P00164,app,paid,2,TWD,85817.0,600.0,2026-07-01T15:52:01+08:00,2026-09-07,2026-07-02T09:57:01+08:00
ORD00103413,M005452,P00249,電銷,paid,1,TWD,68626.0,950.0,2026-07-01T16:02:13+08:00,2026-07-18,2026-07-03T20:43:13+08:00
ORD00101740,M006093,P00120,app,paid,2,USD,7856.56,50.0,2026-07-01T16:23:36+08:00,2026-07-11,2026-07-03T18:27:36+08:00
ORD00102516,M004365,P00033,電銷,created,1,TWD,112652.0,300.0,2026-07-01T11:44:17+08:00,2026-10-26,2026-07-02T19:46:17+08:00
ORD00101449,M007530,P00171,web,paid,1,TWD,77340.0,0.0,2026-07-01T02:50:51+08:00,2026-10-25,2026-07-03T12:01:51+08:00
ORD00100735,M004038,P00282,門市,created,3,JPY,3226221.0,900.0,2026-07-01T15:57:32+08:00,2026-08-27,2026-07-02T10:37:32+08:00
ORD00101637,M006787,P00253,app,created,1,TWD,176795.0,700.0,2026-07-01T04:33:06+08:00,2026-08-30,2026-07-01T11:44:06+08:00
ORD00102000,M002575,P00213,app,created,3,TWD,374136.0,150.0,2026-07-01T05:24:52+08:00,2026-10-07,2026-07-02T19:16:52+08:00
ORD00091577,M001241,P00037,web,cancelled,4,TWD,412507.0,450.0,2026-05-04T04:09:04+08:00,2026-06-02,2026-07-01T15:56:09+08:00
ORD00100242,M001445,P00235,門市,created,1,TWD,72382.0,50.0,2026-07-01T18:07:39+08:00,2026-09-28,2026-07-03T01:29:39+08:00
ORD00101883,M007124,P00256,app,paid,3,TWD,684298.0,700.0,2026-07-01T22:33:55+08:00,2026-10-03,2026-07-04T09:09:55+08:00
ORD00103258,M004451,P00044,web,created,4,TWD,128811.0,400.0,2026-07-01T07:06:15+08:00,2026-09-20,2026-07-03T04:28:15+08:00
ORD00101671,M005501,P00047,門市,created,2,TWD,49081.0,250.0,2026-07-01T23:27:07+08:00,2026-10-20,2026-07-02T01:06:07+08:00
ORD00103078,M003092,P00149,app,paid,4,USD,24610.66,950.0,2026-07-01T03:30:06+08:00,2026-08-17,2026-07-01T20:13:06+08:00
ORD00100801,M004466,P00273,門市,paid,3,TWD,294822.0,600.0,2026-07-01T22:03:17+08:00,2026-10-11,2026-07-02T02:13:17+08:00
ORD00100030,M007497,P00107,門市,created,3,USD,18735.1,250.0,2026-07-01T02:42:30+08:00,2026-08-02,2026-07-03T15:37:30+08:00
ORD00102229,M004960,P00271,app,created,2,TWD,47761.0,450.0,2026-07-01T08:57:08+08:00,2026-10-20,2026-07-02T14:14:08+08:00
ORD00103781,M006525,P00187,web,paid,3,TWD,77967.0,550.0,2026-07-01T02:45:23+08:00,2026-08-18,2026-07-01T08:21:23+08:00
ORD00098187,M004692,P00045,web,cancelled,3,TWD,29599.0,650.0,2026-05-02T11:04:10+08:00,2026-06-30,2026-07-01T08:37:53+08:00
ORD00102875,M000892,P00224,電銷,paid,3,TWD,356581.0,800.0,2026-07-01T12:03:57+08:00,2026-08-14,2026-07-02T06:42:57+08:00
ORD00103631,M004501,P00193,app,created,1,JPY,822323.0,850.0,2026-07-01T09:54:11+08:00,2026-07-18,2026-07-02T22:16:11+08:00
ORD00101207,M002343,P00140,app,paid,3,USD,3718.69,0.0,2026-07-01T10:54:04+08:00,2026-07-28,2026-07-02T00:04:04+08:00
ORD00101065,M001663,P00182,門市,created,1,TWD,6011.0,0.0,2026-07-01T22:17:20+08:00,2026-09-29,2026-07-03T18:36:20+08:00
ORD00103357,M004115,P00075,門市,paid,2,TWD,46245.0,300.0,2026-07-01T00:13:36+08:00,2026-09-05,2026-07-01T22:42:36+08:00
ORD00102241,M003629,P00063,電銷,paid,4,TWD,750075.0,650.0,2026-07-01T21:55:04+08:00,2026-10-26,2026-07-01T22:47:04+08:00
ORD00101034,M007975,P00105,app,paid,1,TWD,64943.0,950.0,2026-07-01T04:35:30+08:00,2026-10-25,2026-07-02T20:07:30+08:00
ORD00102390,M002535,P00011,app,paid,4,TWD,681555.0,350.0,2026-07-01T01:03:47+08:00,2026-08-14,2026-07-01T22:03:47+08:00
ORD00102073,M005824,P00160,電銷,created,3,TWD,39506.0,450.0,2026-07-01T15:37:04+08:00,2026-08-29,2026-07-04T09:38:04+08:00
ORD00103639,M002719,P00207,web,paid,1,USD,2260.19,600.0,2026-07-01T22:37:35+08:00,2026-10-14,2026-07-02T00:07:35+08:00
ORD00100314,M001004,P00201,web,created,2,TWD,223108.0,100.0,2026-07-01T12:02:11+08:00,2026-10-02,2026-07-04T00:45:11+08:00
ORD00102706,M004148,P00255,app,created,2,TWD,436699.0,450.0,2026-07-01T11:01:39+08:00,2026-10-24,2026-07-02T02:33:39+08:00
ORD00102999,M000939,P00195,電銷,paid,4,TWD,230603.0,600.0,2026-07-01T12:15:09+08:00,2026-10-22,2026-07-03T19:23:09+08:00
ORD00100791,M005104,P00261,web,created,1,USD,165.36,500.0,2026-07-01T12:52:15+08:00,2026-08-01,2026-07-03T20:38:15+08:00
ORD00102236,M007203,P00227,app,paid,3,USD,12335.31,850.0,2026-07-01T21:23:38+08:00,2026-09-26,2026-07-04T10:25:38+08:00
ORD00102153,M006462,P00082,門市,paid,4,TWD,836570.0,700.0,2026-07-01T14:53:55+08:00,2026-09-18,2026-07-01T22:35:55+08:00
ORD00100125,M002928,P00121,web,paid,4,JPY,540849.0,550.0,2026-07-01T22:26:09+08:00,2026-07-25,2026-07-02T21:17:09+08:00
ORD00004052,M001854,P00027,電銷,cancelled,2,TWD,301113.0,950.0,2026-06-03T18:01:21+08:00,2026-09-27,2026-07-01T09:19:28+08:00
ORD00101946,M001379,P00072,門市,paid,2,JPY,183716.0,750.0,2026-07-01T16:11:57+08:00,2026-07-14,2026-07-02T09:23:57+08:00
ORD00100648,M000414,P00123,app,created,3,JPY,957724.0,900.0,2026-07-01T16:44:58+08:00,2026-10-17,2026-07-01T18:34:58+08:00
ORD00102548,M001659,P00203,電銷,paid,4,USD,16287.33,400.0,2026-07-01T23:00:42+08:00,2026-09-08,2026-07-03T07:35:42+08:00
ORD00100277,M003085,P00105,web,paid,1,TWD,64140.0,750.0,2026-07-01T17:08:58+08:00,2026-07-12,2026-07-02T01:27:58+08:00
ORD00103402,M006583,P00211,電銷,created,1,TWD,113156.0,150.0,2026-07-01T12:14:05+08:00,2026-09-16,2026-07-04T06:40:05+08:00
ORD00100783,M006562,P00002,電銷,paid,4,TWD,296284.0,800.0,2026-07-01T17:32:26+08:00,2026-08-12,2026-07-03T04:43:26+08:00
ORD00101978,M004489,P00173,電銷,paid,1,USD,246.44,400.0,2026-07-01T22:11:13+08:00,2026-07-11,2026-07-04T06:19:13+08:00
ORD00100650,M000297,P00004,app,paid,1,TWD,188296.0,450.0,2026-07-01T15:16:27+08:00,2026-10-27,2026-07-04T08:16:27+08:00
ORD00056997,M007671,P00159,門市,completed,4,TWD,182363.0,750.0,2026-05-14T18:18:49+08:00,2026-05-22,2026-07-01T02:50:40+08:00
ORD00103188,M003337,P00205,web,paid,2,TWD,22496.0,200.0,2026-07-01T17:48:19+08:00,2026-07-11,2026-07-01T20:37:19+08:00
ORD00102279,M003322,P00173,web,paid,2,TWD,17808.0,500.0,2026-07-01T05:29:26+08:00,2026-10-05,2026-07-02T05:03:26+08:00
ORD00102476,M007092,P00044,門市,paid,3,TWD,137586.0,600.0,2026-07-01T17:22:36+08:00,2026-08-04,2026-07-04T11:38:36+08:00
ORD00103539,M005176,P00067,app,paid,4,TWD,507755.0,350.0,2026-07-01T13:19:31+08:00,2026-10-27,2026-07-03T01:59:31+08:00
ORD00100582,M007679,P00274,web,paid,3,TWD,260597.0,100.0,2026-07-01T11:13:56+08:00,2026-08-24,2026-07-03T08:15:56+08:00
ORD00021835,M002061,P00196,web,completed,3,TWD,143752.0,200.0,2026-06-26T17:28:31+08:00,2026-08-12,2026-07-01T11:25:30+08:00
ORD00094704,M003609,P00257,web,cancelled,1,TWD,40217.0,50.0,2026-06-14T16:00:39+08:00,2026-07-03,2026-07-01T17:53:13+08:00
ORD00100590,M001522,P00241,電銷,paid,3,TWD,501452.0,50.0,2026-07-01T01:07:59+08:00,2026-08-13,2026-07-03T02:53:59+08:00
ORD00096505,M005271,P00205,門市,completed,3,JPY,147943.0,900.0,2026-06-20T16:45:49+08:00,2026-09-27,2026-07-01T14:21:35+08:00
ORD00100406,M003621,P00116,app,created,3,USD,7407.08,950.0,2026-07-01T21:40:23+08:00,2026-09-27,2026-07-03T19:50:23+08:00
ORD00088984,M006068,P00056,web,completed,3,JPY,1214162.0,700.0,2026-06-25T04:35:17+08:00,2026-07-07,2026-07-01T01:14:05+08:00
ORD00101567,M007516,P00180,web,created,3,USD,10233.13,150.0,2026-07-01T15:20:54+08:00,2026-10-20,2026-07-01T23:43:54+08:00
ORD00102424,M007283,P00213,web,paid,3,TWD,339057.0,300.0,2026-07-01T15:28:44+08:00,2026-10-12,2026-07-02T13:28:44+08:00
ORD00100766,M001130,P00257,web,paid,3,TWD,126855.0,400.0,2026-07-01T08:13:46+08:00,2026-07-09,2026-07-03T17:41:46+08:00
ORD00100827,M005124,P00027,門市,paid,1,USD,4377.38,600.0,2026-07-01T06:23:51+08:00,2026-10-17,2026-07-03T00:55:51+08:00
ORD00100145,M001450,P00137,web,created,4,JPY,2271705.0,800.0,2026-07-01T22:27:52+08:00,2026-09-14,2026-07-03T15:40:52+08:00
ORD00066607,M005896,P00089,web,completed,2,TWD,155662.0,650.0,2026-06-27T00:50:47+08:00,2026-08-29,2026-07-01T10:14:24+08:00
ORD00102359,M007032,P00273,電銷,paid,2,TWD,214728.0,700.0,2026-07-01T22:19:10+08:00,2026-08-09,2026-07-04T16:40:10+08:00
ORD00100799,M004119,P00190,電銷,paid,4,TWD,754967.0,250.0,2026-07-01T02:45:32+08:00,2026-08-04,2026-07-02T23:37:32+08:00
ORD00103585,M000385,P00105,電銷,paid,1,USD,2246.18,950.0,2026-07-01T13:54:42+08:00,2026-08-12,2026-07-03T23:06:42+08:00
ORD00102434,M006865,P00106,門市,paid,1,TWD,38999.0,200.0,2026-07-01T09:51:23+08:00,2026-10-03,2026-07-03T09:35:23+08:00
ORD00103463,M004539,P00043,電銷,created,3,JPY,1592680.0,800.0,2026-07-01T03:51:43+08:00,2026-10-19,2026-07-01T22:52:43+08:00
ORD00102688,M002309,P00052,門市,paid,4,TWD,347240.0,700.0,2026-07-01T23:29:54+08:00,2026-08-04,2026-07-02T20:19:54+08:00
ORD00101901,M006990,P00064,電銷,paid,1,JPY,122119.0,550.0,2026-07-01T22:41:24+08:00,2026-08-17,2026-07-02T06:18:24+08:00
ORD00103359,M007592,P00168,web,paid,2,TWD,310158.0,100.0,2026-07-01T07:51:44+08:00,2026-08-16,2026-07-03T10:45:44+08:00
ORD00103660,M005706,P00200,門市,paid,4,USD,20649.21,0.0,2026-07-01T03:20:18+08:00,2026-09-01,2026-07-02T00:31:18+08:00
ORD00100640,M003059,P00136,app,created,2,JPY,161456.0,850.0,2026-07-01T12:27:27+08:00,2026-08-04,2026-07-04T04:57:27+08:00
ORD00102194,M005826,P00270,app,created,4,TWD,87919.0,500.0,2026-07-01T07:41:37+08:00,2026-09-18,2026-07-03T03:15:37+08:00
ORD00103547,M007343,P00230,電銷,paid,2,TWD,344736.0,900.0,2026-07-01T16:33:43+08:00,2026-07-12,2026-07-02T06:00:43+08:00
ORD00015577,M001584,P00127,web,cancelled,1,USD,1613.71,0.0,2026-05-29T22:18:49+08:00,2026-08-19,2026-07-01T06:42:20+08:00
ORD00102581,M007759,P00189,電銷,paid,4,USD,12095.98,500.0,2026-07-01T09:16:32+08:00,2026-09-16,2026-07-02T12:53:32+08:00
ORD00100043,M000788,P00110,門市,paid,2,USD,10348.81,700.0,2026-07-01T20:14:51+08:00,2026-10-11,2026-07-04T07:50:51+08:00
ORD00103695,M006025,P00262,電銷,paid,2,TWD,336436.0,500.0,2026-07-01T23:33:47+08:00,2026-08-19,2026-07-02T14:14:47+08:00
ORD00103588,M004031,P00277,門市,created,2,TWD,315126.0,0.0,2026-07-01T03:48:29+08:00,2026-07-31,2026-07-02T16:53:29+08:00
ORD00101538,M000045,P00272,app,paid,4,JPY,2036479.0,100.0,2026-07-01T05:32:33+08:00,2026-08-20,2026-07-02T21:53:33+08:00
ORD00102813,M002416,P00029,電銷,created,3,TWD,365521.0,300.0,2026-07-01T20:41:36+08:00,2026-08-20,2026-07-04T10:18:36+08:00
ORD00103215,M001408,P00114,app,paid,3,TWD,289382.0,700.0,2026-07-01T18:39:43+08:00,2026-10-05,2026-07-04T07:11:43+08:00
ORD00101064,M006215,P00126,門市,created,3,TWD,82376.0,400.0,2026-07-01T07:38:44+08:00,2026-08-07,2026-07-03T11:05:44+08:00
ORD00101994,M003027,P00146,電銷,paid,2,JPY,190904.0,200.0,2026-07-01T13:04:47+08:00,2026-09-06,2026-07-02T08:34:47+08:00
ORD00101411,M007428,P00192,app,paid,1,TWD,198726.0,700.0,2026-07-01T01:12:36+08:00,2026-08-14,2026-07-03T18:47:36+08:00
ORD00100991,M001744,P00234,門市,paid,4,TWD,33982.0,900.0,2026-07-01T17:10:34+08:00,2026-08-14,2026-07-02T09:56:34+08:00
ORD00102212,M004710,P00289,門市,created,2,JPY,1013210.0,300.0,2026-07-01T20:31:14+08:00,2026-07-16,2026-07-04T04:16:14+08:00
ORD00102569,M001958,P00168,門市,paid,2,TWD,238009.0,700.0,2026-07-01T19:38:53+08:00,2026-07-09,2026-07-03T10:01:53+08:00
ORD00102186,M004195,P00041,web,paid,4,TWD,27856.0,100.0,2026-07-01T02:19:23+08:00,2026-07-27,2026-07-01T08:11:23+08:00
ORD00102620,M002349,P00250,門市,created,4,TWD,281175.0,600.0,2026-07-01T15:08:50+08:00,2026-08-27,2026-07-04T07:07:50+08:00
ORD00103712,M001161,P00130,app,paid,2,USD,13881.45,650.0,2026-07-01T08:15:09+08:00,2026-08-23,2026-07-01T20:45:09+08:00
ORD00100536,M004180,P00299,門市,paid,3,TWD,88747.0,300.0,2026-07-01T06:50:46+08:00,2026-09-24,2026-07-03T12:47:46+08:00
ORD00101099,M002396,P00211,電銷,paid,4,TWD,418001.0,650.0,2026-07-01T01:45:41+08:00,2026-08-01,2026-07-02T17:30:41+08:00
ORD00033386,M003641,P00201,web,completed,2,TWD,230285.0,300.0,2026-05-11T00:47:06+08:00,2026-08-25,2026-07-01T05:10:47+08:00
ORD00100867,M005735,P00210,web,paid,4,TWD,724181.0,200.0,2026-07-01T16:31:41+08:00,2026-10-03,2026-07-04T06:56:41+08:00
ORD00100782,M006297,P00294,電銷,paid,3,TWD,386161.0,0.0,2026-07-01T06:13:53+08:00,2026-10-02,2026-07-03T20:47:53+08:00
ORD00100606,M006917,P00032,web,paid,2,TWD,289032.0,550.0,2026-07-01T12:19:06+08:00,2026-08-31,2026-07-01T17:22:06+08:00
ORD00102164,M007336,P00145,app,paid,3,JPY,1044653.0,400.0,2026-07-01T09:09:14+08:00,2026-10-05,2026-07-03T21:42:14+08:00
ORD00100764,M004172,P00141,web,paid,4,USD,9046.32,50.0,2026-07-01T23:12:05+08:00,2026-10-19,2026-07-04T05:36:05+08:00
ORD00000271,M001773,P00106,電銷,completed,4,TWD,170930.0,700.0,2026-05-14T20:52:36+08:00,2026-06-22,2026-07-01T05:10:40+08:00
ORD00103365,M006710,P00269,app,paid,2,TWD,112731.0,150.0,2026-07-01T13:52:47+08:00,2026-07-29,2026-07-03T19:57:47+08:00
ORD00103275,M003146,P00220,電銷,paid,4,USD,4160.12,400.0,2026-07-01T18:59:32+08:00,2026-09-12,2026-07-03T02:38:32+08:00
ORD00103820,M007268,P00112,電銷,created,4,TWD,37178.0,450.0,2026-07-01T18:17:22+08:00,2026-10-17,2026-07-03T23:47:22+08:00
ORD00102871,M001067,P00142,web,paid,4,TWD,646333.0,200.0,2026-07-01T03:21:21+08:00,2026-09-24,2026-07-02T18:33:21+08:00
ORD00103810,M002208,P00080,app,paid,4,TWD,603908.0,250.0,2026-07-01T08:03:17+08:00,2026-08-15,2026-07-03T06:36:17+08:00
ORD00102608,M004396,P00246,web,paid,2,TWD,270496.0,150.0,2026-07-01T06:51:17+08:00,2026-07-13,2026-07-02T04:10:17+08:00
ORD00100485,M001510,P00242,電銷,paid,4,JPY,485750.0,450.0,2026-07-01T05:43:30+08:00,2026-08-28,2026-07-02T22:20:30+08:00
ORD00102628,M001070,P00228,app,paid,2,TWD,203688.0,100.0,2026-07-01T00:56:32+08:00,2026-07-10,2026-07-03T03:17:32+08:00
ORD00100690,M001638,P00082,app,paid,2,TWD,455066.0,600.0,2026-07-01T19:30:44+08:00,2026-10-12,2026-07-03T05:14:44+08:00
ORD00103513,M000002,P00239,門市,created,2,TWD,278027.0,250.0,2026-07-01T19:40:04+08:00,2026-09-25,2026-07-03T03:25:04+08:00
ORD00102174,M007470,P00260,電銷,created,2,TWD,245016.0,150.0,2026-07-01T15:17:20+08:00,2026-10-05,2026-07-02T04:28:20+08:00
ORD00009405,M004591,P00126,web,completed,3,TWD,65955.0,150.0,2026-06-16T05:51:07+08:00,2026-08-28,2026-07-01T03:45:12+08:00
ORD00001131,M007542,P00066,電銷,cancelled,3,TWD,575775.0,550.0,2026-05-19T08:19:05+08:00,2026-06-20,2026-07-01T09:59:46+08:00
ORD00103448,M005584,P00132,電銷,created,1,TWD,46053.0,600.0,2026-07-01T19:34:31+08:00,2026-08-29,2026-07-02T04:40:31+08:00
ORD00094534,M003814,P00211,app,cancelled,4,TWD,464243.0,350.0,2026-05-26T00:19:49+08:00,2026-09-12,2026-07-01T12:12:18+08:00
ORD00100144,M007424,P00061,web,paid,4,TWD,695819.0,50.0,2026-07-01T04:06:20+08:00,2026-09-11,2026-07-02T14:13:20+08:00
ORD00101071,M000110,P00288,門市,paid,2,TWD,22516.0,150.0,2026-07-01T23:38:26+08:00,2026-08-01,2026-07-03T08:01:26+08:00
ORD00100810,M003062,P00159,app,created,4,TWD,211447.0,950.0,2026-07-01T13:35:11+08:00,2026-07-26,2026-07-04T01:41:11+08:00
ORD00023769,M006921,P00247,web,completed,4,JPY,3245841.0,350.0,2026-06-18T01:35:04+08:00,2026-09-27,2026-07-01T17:21:03+08:00
ORD00059878,M002468,P00125,app,completed,2,TWD,126998.0,0.0,2026-06-08T08:23:51+08:00,2026-07-12,2026-07-01T00:31:31+08:00
ORD00100623,M000035,P00185,web,created,3,USD,19236.83,350.0,2026-07-01T23:38:38+08:00,2026-09-22,2026-07-04T13:35:38+08:00
ORD00102614,M007094,P00119,門市,paid,4,TWD,819834.0,800.0,2026-07-01T17:03:00+08:00,2026-10-13,2026-07-03T08:36:00+08:00
ORD00078762,M001640,P00127,app,cancelled,4,TWD,213978.0,750.0,2026-06-12T13:16:19+08:00,2026-06-22,2026-07-01T05:15:35+08:00
ORD00102546,M006027,P00057,app,created,3,TWD,308074.0,750.0,2026-07-01T00:38:17+08:00,2026-08-06,2026-07-02T19:55:17+08:00
ORD00103751,M007271,P00205,app,paid,2,USD,653.6,900.0,2026-07-01T06:31:52+08:00,2026-09-26,2026-07-02T01:57:52+08:00
ORD00100823,M007212,P00194,門市,paid,3,TWD,258859.0,0.0,2026-07-01T14:00:51+08:00,2026-09-25,2026-07-02T11:29:51+08:00
ORD00100461,M003988,P00238,門市,paid,3,JPY,1322736.0,250.0,2026-07-01T05:05:12+08:00,2026-08-31,2026-07-01T23:46:12+08:00
ORD00102474,M001487,P00031,電銷,paid,2,TWD,301960.0,950.0,2026-07-01T05:00:26+08:00,2026-10-16,2026-07-01T10:23:26+08:00
ORD00102991,M003608,P00074,web,paid,3,TWD,419368.0,850.0,2026-07-01T08:41:08+08:00,2026-07-31,2026-07-03T00:27:08+08:00
ORD00101367,M003291,P00191,電銷,created,3,TWD,313886.0,600.0,2026-07-01T13:53:25+08:00,2026-07-19,2026-07-02T05:32:25+08:00
ORD00103575,M005965,P00181,電銷,paid,3,USD,1382.65,900.0,2026-07-01T10:21:20+08:00,2026-09-25,2026-07-01T17:01:20+08:00
ORD00087381,M005579,P00219,web,cancelled,4,TWD,481014.0,250.0,2026-06-28T10:54:33+08:00,2026-08-06,2026-07-01T21:20:39+08:00
ORD00101291,M006227,P00222,app,created,4,TWD,182163.0,150.0,2026-07-01T11:07:50+08:00,2026-07-10,2026-07-03T00:53:50+08:00
ORD00100818,M005050,P00298,app,paid,3,USD,9574.17,700.0,2026-07-01T06:07:23+08:00,2026-09-17,2026-07-01T15:23:23+08:00
ORD00101047,M003576,P00014,web,paid,4,TWD,407592.0,750.0,2026-07-01T03:25:44+08:00,2026-07-10,2026-07-02T01:34:44+08:00
ORD00100062,M007548,P00053,電銷,paid,1,TWD,65938.0,650.0,2026-07-01T17:26:05+08:00,2026-10-13,2026-07-03T14:58:05+08:00
ORD00102304,M000430,P00188,web,created,4,JPY,1009263.0,300.0,2026-07-01T11:33:41+08:00,2026-09-17,2026-07-03T04:22:41+08:00
ORD00101914,M005263,P00229,電銷,paid,4,TWD,671968.0,850.0,2026-07-01T18:43:58+08:00,2026-07-26,2026-07-03T06:22:58+08:00
ORD00101564,M005725,P00037,門市,created,3,USD,11579.69,650.0,2026-07-01T06:09:40+08:00,2026-10-08,2026-07-02T14:43:40+08:00
ORD00102058,M004048,P00165,web,paid,1,TWD,57866.0,350.0,2026-07-01T22:40:53+08:00,2026-10-02,2026-07-04T08:34:53+08:00
ORD00103933,M004501,P00079,app,paid,2,TWD,99736.0,50.0,2026-07-01T10:34:52+08:00,2026-10-25,2026-07-03T11:51:52+08:00
ORD00046067,M001275,P00038,電銷,completed,3,JPY,282042.0,50.0,2026-06-23T06:48:41+08:00,2026-10-13,2026-07-01T00:29:00+08:00
ORD00100203,M001321,P00249,app,paid,4,TWD,330135.0,850.0,2026-07-01T16:28:48+08:00,2026-08-09,2026-07-04T02:59:48+08:00
ORD00078103,M007312,P00170,app,cancelled,1,JPY,312408.0,50.0,2026-05-25T05:01:25+08:00,2026-07-03,2026-07-01T17:12:35+08:00
ORD00100958,M001824,P00110,app,paid,1,TWD,196872.0,850.0,2026-07-01T01:31:33+08:00,2026-07-12,2026-07-02T16:10:33+08:00
ORD00103299,M000356,P00224,app,paid,3,USD,11778.93,100.0,2026-07-01T10:42:58+08:00,2026-09-02,2026-07-02T23:34:58+08:00
ORD00101780,M002724,P00132,app,paid,1,JPY,249663.0,250.0,2026-07-01T01:37:45+08:00,2026-10-25,2026-07-02T05:43:45+08:00
ORD00101934,M001681,P00111,門市,paid,4,USD,13522.21,0.0,2026-07-01T09:16:50+08:00,2026-08-15,2026-07-04T00:19:50+08:00
ORD00102694,M005292,P00024,電銷,paid,3,USD,7642.07,300.0,2026-07-01T10:08:11+08:00,2026-09-25,2026-07-03T08:50:11+08:00
ORD00005909,M004252,P00030,app,cancelled,4,TWD,550006.0,0.0,2026-06-03T22:42:30+08:00,2026-08-18,2026-07-01T01:56:03+08:00
ORD00100619,M004792,P00060,web,cancelled,3,TWD,415120.0,750.0,2026-07-01T17:29:35+08:00,2026-08-21,2026-07-04T03:07:35+08:00
ORD00101440,M001666,P00251,門市,paid,2,TWD,243960.0,800.0,2026-07-01T13:26:20+08:00,2026-10-26,2026-07-02T21:53:20+08:00
ORD00101769,M007077,P00261,門市,created,3,USD,551.71,400.0,2026-07-01T07:31:43+08:00,2026-09-14,2026-07-03T18:38:43+08:00
ORD00003906,M005727,P00269,電銷,completed,2,TWD,145136.0,250.0,2026-05-14T03:18:03+08:00,2026-08-21,2026-07-01T08:07:19+08:00
ORD00101590,M001174,P00067,電銷,paid,2,TWD,236914.0,0.0,2026-07-01T22:43:02+08:00,2026-09-03,2026-07-04T00:23:02+08:00
ORD00101223,M005540,P00006,web,paid,2,TWD,336832.0,900.0,2026-07-01T11:55:35+08:00,2026-09-23,2026-07-02T15:36:35+08:00
ORD00100730,M002547,P00259,web,paid,1,USD,4104.54,250.0,2026-07-01T05:30:21+08:00,2026-08-18,2026-07-01T11:38:21+08:00
ORD00101656,M001274,P00191,web,paid,4,TWD,418999.0,200.0,2026-07-01T09:37:48+08:00,2026-07-14,2026-07-02T21:01:48+08:00
ORD00102971,M001392,P00254,app,paid,4,TWD,11673.0,450.0,2026-07-01T15:53:58+08:00,2026-10-21,2026-07-01T18:50:58+08:00
ORD00034710,M004930,P00035,app,cancelled,3,TWD,681574.0,800.0,2026-05-03T10:23:19+08:00,2026-06-12,2026-07-01T11:58:27+08:00
ORD00101421,M001568,P00231,web,created,4,USD,19681.45,700.0,2026-07-01T01:15:05+08:00,2026-08-21,2026-07-02T03:24:05+08:00
ORD00103787,M000616,P00286,web,paid,3,TWD,448186.0,750.0,2026-07-01T06:38:41+08:00,2026-09-11,2026-07-01T18:29:41+08:00
ORD00101847,M002518,P00070,app,paid,4,TWD,521164.0,100.0,2026-07-01T21:32:18+08:00,2026-07-15,2026-07-02T21:24:18+08:00
ORD00101719,M005755,P00025,門市,paid,3,TWD,530972.0,50.0,2026-07-01T16:53:52+08:00,2026-08-24,2026-07-02T06:45:52+08:00
ORD00101364,M000673,P00226,門市,created,3,TWD,271776.0,250.0,2026-07-01T08:00:07+08:00,2026-07-16,2026-07-01T18:51:07+08:00
ORD00103581,M007011,P00270,門市,created,4,TWD,105925.0,900.0,2026-07-01T16:40:50+08:00,2026-07-14,2026-07-02T15:58:50+08:00
ORD00100166,M007002,P00277,電銷,created,1,TWD,139011.0,500.0,2026-07-01T08:08:21+08:00,2026-08-07,2026-07-03T16:55:21+08:00
ORD00100212,M006331,P00083,門市,created,1,USD,3958.03,950.0,2026-07-01T23:33:13+08:00,2026-07-24,2026-07-03T06:04:13+08:00
ORD00058002,M001448,P00111,web,cancelled,2,JPY,982905.0,350.0,2026-05-14T07:07:57+08:00,2026-09-08,2026-07-01T02:02:16+08:00
ORD00100842,M003446,P00079,門市,paid,2,TWD,90819.0,100.0,2026-07-01T20:06:45+08:00,2026-10-20,2026-07-04T07:58:45+08:00
ORD00022185,M004862,P00101,app,cancelled,4,TWD,205944.0,850.0,2026-05-29T11:27:22+08:00,2026-08-04,2026-07-01T02:26:06+08:00
ORD00102070,M000320,P00149,web,paid,3,TWD,513880.0,450.0,2026-07-01T02:14:16+08:00,2026-10-01,2026-07-03T16:54:16+08:00
ORD00047034,M003348,P00249,web,completed,3,TWD,281690.0,800.0,2026-06-28T18:18:05+08:00,2026-09-04,2026-07-01T19:06:36+08:00
ORD00047397,M003170,P00034,web,cancelled,3,TWD,76682.0,550.0,2026-06-13T06:04:28+08:00,2026-08-22,2026-07-01T00:40:49+08:00
ORD00060576,M004114,P00021,app,completed,2,USD,12307.54,200.0,2026-06-24T23:01:33+08:00,2026-09-08,2026-07-01T00:17:48+08:00
ORD00101452,M007977,P00278,app,paid,3,JPY,2841626.0,150.0,2026-07-01T07:27:16+08:00,2026-08-23,2026-07-03T09:34:16+08:00
ORD00101598,M004207,P00230,app,paid,4,USD,25584.57,950.0,2026-07-01T16:15:25+08:00,2026-09-24,2026-07-02T05:24:25+08:00
ORD00103491,M004600,P00272,門市,paid,3,TWD,428098.0,200.0,2026-07-01T18:20:47+08:00,2026-10-11,2026-07-02T12:33:47+08:00
ORD00100804,M000823,P00086,web,created,1,USD,677.41,250.0,2026-07-01T16:36:04+08:00,2026-10-10,2026-07-02T00:23:04+08:00
ORD00103230,M002187,P00196,app,paid,3,TWD,174414.0,650.0,2026-07-01T23:01:10+08:00,2026-10-03,2026-07-03T09:20:10+08:00
ORD00102856,M004230,P00251,門市,paid,3,USD,10806.84,0.0,2026-07-01T22:17:24+08:00,2026-07-16,2026-07-03T17:38:24+08:00
ORD00103601,M000635,P00152,web,paid,2,TWD,80100.0,700.0,2026-07-01T14:33:31+08:00,2026-09-29,2026-07-03T15:41:31+08:00
ORD00100355,M003380,P00048,web,paid,1,USD,2952.6,100.0,2026-07-01T06:40:46+08:00,2026-08-11,2026-07-02T03:35:46+08:00
ORD00101002,M001578,P00136,門市,paid,1,JPY,94732.0,500.0,2026-07-01T00:33:31+08:00,2026-10-19,2026-07-03T19:01:31+08:00
ORD00103379,M007464,P00016,門市,paid,1,TWD,95389.0,400.0,2026-07-01T08:43:13+08:00,2026-08-27,2026-07-02T01:22:13+08:00
ORD00013049,M002606,P00169,web,completed,3,USD,4570.79,300.0,2026-05-10T15:39:07+08:00,2026-08-09,2026-07-01T04:20:13+08:00
ORD00102044,M006552,P00266,web,created,2,TWD,37064.0,350.0,2026-07-01T19:26:14+08:00,2026-09-09,2026-07-04T13:12:14+08:00
ORD00102483,M000984,P00191,web,created,4,USD,14372.97,450.0,2026-07-01T06:14:03+08:00,2026-09-15,2026-07-01T07:34:03+08:00
ORD00103954,M000856,P00127,app,paid,4,USD,7073.6,50.0,2026-07-01T06:48:25+08:00,2026-10-14,2026-07-01T10:39:25+08:00
ORD00103802,M007249,P00209,電銷,created,1,TWD,108742.0,950.0,2026-07-01T15:40:05+08:00,2026-09-05,2026-07-01T18:57:05+08:00
ORD00100672,M003664,P00070,web,created,1,TWD,106551.0,650.0,2026-07-01T12:32:34+08:00,2026-09-15,2026-07-01T20:45:34+08:00
ORD00038400,M003820,P00012,電銷,cancelled,4,JPY,1627559.0,150.0,2026-05-17T18:10:56+08:00,2026-06-03,2026-07-01T05:02:48+08:00
ORD00102288,M003287,P00074,門市,paid,3,TWD,402882.0,450.0,2026-07-01T04:34:23+08:00,2026-08-02,2026-07-01T09:33:23+08:00
ORD00022221,M005703,P00066,web,cancelled,3,TWD,492237.0,500.0,2026-06-24T10:54:27+08:00,2026-10-21,2026-07-01T01:50:53+08:00
ORD00103774,M002585,P00113,電銷,created,4,TWD,591514.0,100.0,2026-07-01T17:01:54+08:00,2026-08-25,2026-07-02T08:08:54+08:00
ORD00015880,M002031,P00088,app,completed,3,TWD,211274.0,100.0,2026-05-24T22:07:46+08:00,2026-07-07,2026-07-01T11:34:38+08:00
ORD00101045,M000755,P00238,web,paid,3,JPY,1271426.0,700.0,2026-07-01T15:49:05+08:00,2026-08-28,2026-07-01T23:32:05+08:00
ORD00101838,M001486,P00214,電銷,paid,4,TWD,602887.0,250.0,2026-07-01T17:36:09+08:00,2026-10-27,2026-07-04T07:20:09+08:00
ORD00101953,M001859,P00069,門市,created,2,USD,12315.3,650.0,2026-07-01T18:23:16+08:00,2026-07-18,2026-07-02T12:01:16+08:00
ORD00103494,M002986,P00111,電銷,paid,2,TWD,168061.0,400.0,2026-07-01T21:33:48+08:00,2026-08-16,2026-07-01T21:47:48+08:00
ORD00103749,M003475,P00224,電銷,paid,3,USD,12123.53,150.0,2026-07-01T13:14:00+08:00,2026-07-15,2026-07-03T13:48:00+08:00
ORD00100949,M002595,P00181,門市,paid,3,TWD,48218.0,750.0,2026-07-01T23:44:10+08:00,2026-09-01,2026-07-03T11:55:10+08:00
ORD00102035,M000483,P00199,app,paid,2,JPY,55154.0,0.0,2026-07-01T18:47:22+08:00,2026-07-16,2026-07-02T12:28:22+08:00
ORD00102821,M007491,P00023,電銷,paid,3,USD,18313.71,0.0,2026-07-01T01:56:30+08:00,2026-09-20,2026-07-03T16:22:30+08:00
ORD00102896,M005695,P00074,web,paid,2,TWD,342369.0,0.0,2026-07-01T03:15:56+08:00,2026-08-31,2026-07-01T16:15:56+08:00
ORD00100442,M000078,P00061,電銷,paid,2,TWD,390330.0,400.0,2026-07-01T13:16:15+08:00,2026-07-09,2026-07-02T01:23:15+08:00
ORD00103084,M006340,P00176,電銷,created,2,TWD,355739.0,300.0,2026-07-01T18:42:23+08:00,2026-10-22,2026-07-02T20:28:23+08:00
ORD00058058,M007271,P00075,web,cancelled,4,TWD,98403.0,100.0,2026-05-17T06:00:10+08:00,2026-08-05,2026-07-01T06:36:02+08:00
ORD00103246,M005476,P00125,web,created,4,TWD,197583.0,200.0,2026-07-01T11:49:22+08:00,2026-08-03,2026-07-03T23:36:22+08:00
ORD00100243,M002806,P00066,web,paid,4,JPY,3952444.0,350.0,2026-07-01T12:09:05+08:00,2026-09-08,2026-07-03T14:28:05+08:00
ORD00100270,M000603,P00155,電銷,paid,4,JPY,931203.0,300.0,2026-07-01T14:59:38+08:00,2026-07-09,2026-07-02T10:27:38+08:00
ORD00100599,M005588,P00227,門市,paid,4,TWD,571055.0,100.0,2026-07-01T10:59:03+08:00,2026-10-15,2026-07-02T20:51:09+08:00
ORD00101471,M001242,P00002,app,paid,4,USD,10898.0,200.0,2026-07-01T16:45:01+08:00,2026-10-11,2026-07-04T02:21:01+08:00
ORD00074975,M002813,P00215,門市,cancelled,4,USD,6100.88,600.0,2026-06-13T16:52:46+08:00,2026-08-30,2026-07-01T23:48:23+08:00
ORD00102369,M007755,P00210,web,paid,3,TWD,505427.0,450.0,2026-07-01T21:43:32+08:00,2026-07-21,2026-07-02T16:02:32+08:00
ORD00102998,M004686,P00256,web,paid,4,USD,26877.88,350.0,2026-07-01T17:06:04+08:00,2026-08-10,2026-07-03T09:25:04+08:00
ORD00042685,M000681,P00283,app,completed,2,TWD,47429.0,850.0,2026-06-11T07:55:03+08:00,2026-08-04,2026-07-01T10:58:32+08:00
ORD00102653,M007774,P00186,電銷,created,2,TWD,302755.0,750.0,2026-07-01T02:37:55+08:00,2026-07-09,2026-07-02T18:06:55+08:00
ORD00101955,M006294,P00240,app,paid,3,TWD,296705.0,250.0,2026-07-01T04:34:07+08:00,2026-08-28,2026-07-03T17:40:36+08:00
ORD00101956,M007150,P00018,門市,created,4,TWD,660551.0,250.0,2026-07-01T15:13:26+08:00,2026-07-27,2026-07-02T15:16:26+08:00
ORD00101840,M005986,P00182,電銷,paid,2,TWD,12782.0,450.0,2026-07-01T14:38:09+08:00,2026-10-20,2026-07-03T03:40:09+08:00
ORD00102699,M000053,P00269,app,created,1,TWD,71766.0,750.0,2026-07-01T07:18:17+08:00,2026-09-08,2026-07-03T07:41:17+08:00
ORD00103800,M001447,P00026,app,paid,3,TWD,336185.0,350.0,2026-07-01T04:38:39+08:00,2026-09-07,2026-07-01T19:31:39+08:00
ORD00103649,M006269,P00072,app,created,3,JPY,243273.0,600.0,2026-07-01T10:50:41+08:00,2026-10-22,2026-07-03T01:34:41+08:00
ORD00100643,M005910,P00206,門市,paid,1,TWD,157334.0,150.0,2026-07-01T03:01:15+08:00,2026-09-18,2026-07-01T22:01:15+08:00
ORD00101739,M002627,P00106,門市,paid,1,TWD,43157.0,750.0,2026-07-01T08:03:21+08:00,2026-08-14,2026-07-02T01:08:21+08:00
ORD00103894,M003004,P00263,門市,paid,2,USD,5645.93,350.0,2026-07-01T01:14:53+08:00,2026-07-11,2026-07-02T14:18:53+08:00
ORD00102593,M007056,P00283,門市,paid,3,TWD,87320.0,100.0,2026-07-01T21:37:49+08:00,2026-08-25,2026-07-03T03:27:49+08:00
ORD00067405,M005477,P00139,web,cancelled,1,TWD,109573.0,750.0,2026-05-25T23:42:29+08:00,2026-08-10,2026-07-01T17:30:48+08:00
ORD00103407,M006341,P00042,web,created,3,USD,14376.6,650.0,2026-07-01T00:55:44+08:00,2026-10-19,2026-07-03T14:59:44+08:00
ORD00103191,M003395,P00027,web,paid,3,JPY,2282503.0,350.0,2026-07-01T12:06:22+08:00,2026-09-18,2026-07-01T17:45:22+08:00
ORD00102845,M002025,P00019,門市,created,3,JPY,1526164.0,250.0,2026-07-01T21:57:16+08:00,2026-10-02,2026-07-01T23:36:16+08:00
ORD00103501,M000202,P00212,web,created,3,TWD,82378.0,400.0,2026-07-01T05:08:19+08:00,2026-09-22,2026-07-03T04:45:19+08:00
ORD00103313,M000331,P00037,電銷,paid,3,USD,12594.15,250.0,2026-07-01T19:48:06+08:00,2026-08-05,2026-07-04T03:29:06+08:00
ORD00100869,M002931,P00060,電銷,created,1,USD,4653.79,150.0,2026-07-01T23:47:22+08:00,2026-10-02,2026-07-02T14:51:22+08:00
ORD00100297,M006442,P00281,web,created,3,TWD,621235.0,950.0,2026-07-01T15:00:24+08:00,2026-08-31,2026-07-02T13:20:24+08:00
ORD00103110,M007932,P00073,電銷,paid,1,TWD,129382.0,900.0,2026-07-01T03:37:07+08:00,2026-09-18,2026-07-02T05:48:07+08:00
ORD00100820,M000156,P00182,電銷,created,2,TWD,12174.0,700.0,2026-07-01T09:54:52+08:00,2026-08-04,2026-07-01T14:13:52+08:00
ORD00102910,M007120,P00133,app,created,2,JPY,57192.0,0.0,2026-07-01T04:22:42+08:00,2026-09-07,2026-07-03T08:49:42+08:00
ORD00100387,M006985,P00187,app,paid,2,JPY,261806.0,950.0,2026-07-01T06:05:05+08:00,2026-07-21,2026-07-01T15:37:05+08:00
ORD00101054,M005238,P00199,app,paid,3,TWD,18696.0,750.0,2026-07-01T18:37:17+08:00,2026-07-15,2026-07-04T02:13:17+08:00
ORD00101673,M006280,P00014,門市,paid,4,TWD,484994.0,800.0,2026-07-01T12:36:31+08:00,2026-10-15,2026-07-01T14:39:31+08:00
ORD00103979,M004436,P00048,電銷,paid,1,TWD,86987.0,650.0,2026-07-01T18:36:34+08:00,2026-10-15,2026-07-03T22:42:34+08:00
ORD00082153,M000727,P00192,電銷,cancelled,1,USD,6502.11,950.0,2026-05-21T13:39:24+08:00,2026-07-31,2026-07-01T06:07:20+08:00
ORD00100747,M007370,P00100,門市,created,4,TWD,646258.0,500.0,2026-07-01T16:49:37+08:00,2026-07-11,2026-07-04T00:14:37+08:00
ORD00103006,M002695,P00264,app,paid,4,USD,1224.97,800.0,2026-07-01T03:32:06+08:00,2026-09-28,2026-07-03T20:41:06+08:00
ORD00100266,M001483,P00075,門市,created,4,JPY,367060.0,850.0,2026-07-01T04:47:06+08:00,2026-09-03,2026-07-02T18:00:06+08:00
ORD00100944,M003316,P00294,app,created,4,TWD,672017.0,250.0,2026-07-01T03:38:24+08:00,2026-10-27,2026-07-03T13:23:24+08:00
ORD00100033,M002281,P00181,app,paid,3,TWD,53126.0,500.0,2026-07-01T05:34:15+08:00,2026-08-26,2026-07-02T13:44:15+08:00
ORD00100169,M005540,P00132,門市,created,3,TWD,141653.0,250.0,2026-07-01T05:59:25+08:00,2026-10-10,2026-07-02T22:59:25+08:00
ORD00101020,M007178,P00004,app,created,4,TWD,854894.0,0.0,2026-07-01T06:33:56+08:00,2026-10-27,2026-07-02T12:38:56+08:00
ORD00100825,M007067,P00146,電銷,created,2,TWD,40610.0,150.0,2026-07-01T14:10:57+08:00,2026-10-07,2026-07-02T16:20:57+08:00
ORD00057414,M000424,P00059,電銷,completed,4,USD,10475.95,600.0,2026-06-22T10:21:10+08:00,2026-10-17,2026-07-01T10:25:17+08:00
ORD00101949,M006330,P00002,門市,created,2,TWD,158165.0,900.0,2026-07-01T14:30:33+08:00,2026-07-15,2026-07-02T02:23:33+08:00
ORD00100015,M007306,P00232,app,paid,3,USD,21552.28,950.0,2026-07-01T21:30:02+08:00,2026-10-25,2026-07-04T03:18:02+08:00
ORD00102366,M006266,P00140,app,created,3,TWD,119829.0,900.0,2026-07-01T19:37:41+08:00,2026-10-25,2026-07-03T00:07:41+08:00
ORD00103905,M003874,P00197,app,created,1,USD,2112.71,400.0,2026-07-01T16:33:34+08:00,2026-08-17,2026-07-04T07:00:34+08:00
ORD00102448,M005652,P00241,web,paid,2,JPY,1779934.0,750.0,2026-07-01T21:10:35+08:00,2026-07-30,2026-07-03T19:55:35+08:00
ORD00101390,M006303,P00112,app,created,1,TWD,8463.0,200.0,2026-07-01T05:07:17+08:00,2026-09-07,2026-07-02T23:56:17+08:00
ORD00078551,M002081,P00239,門市,completed,4,TWD,713367.0,700.0,2026-05-30T23:52:44+08:00,2026-07-09,2026-07-01T02:10:58+08:00
ORD00101605,M006004,P00113,電銷,created,1,TWD,164023.0,450.0,2026-07-01T16:58:21+08:00,2026-10-10,2026-07-02T08:09:21+08:00
ORD00103646,M004415,P00159,電銷,created,2,TWD,105643.0,600.0,2026-07-01T02:07:14+08:00,2026-09-20,2026-07-02T16:00:14+08:00
ORD00102012,M007401,P00034,web,created,3,TWD,57387.0,0.0,2026-07-01T23:30:43+08:00,2026-08-29,2026-07-03T00:25:43+08:00
ORD00100794,M001158,P00102,web,paid,1,JPY,152646.0,400.0,2026-07-01T05:15:28+08:00,2026-07-22,2026-07-03T11:53:28+08:00
ORD00103999,M002358,P00125,電銷,paid,2,USD,4149.38,400.0,2026-07-01T23:00:40+08:00,2026-10-21,2026-07-03T21:35:40+08:00
ORD00081231,M004717,P00107,web,completed,2,TWD,324583.0,500.0,2026-06-05T01:58:23+08:00,2026-06-14,2026-07-01T23:33:19+08:00
ORD00096923,M004300,P00158,web,cancelled,3,TWD,125805.0,300.0,2026-06-02T17:32:56+08:00,2026-08-14,2026-07-01T18:03:57+08:00
ORD00100025,M004064,P00069,電銷,paid,3,USD,17519.86,150.0,2026-07-01T16:50:16+08:00,2026-08-26,2026-07-04T07:03:16+08:00
ORD00100997,M002245,P00242,web,paid,4,TWD,128504.0,800.0,2026-07-01T11:06:22+08:00,2026-10-28,2026-07-01T22:30:22+08:00
ORD00103705,M003480,P00106,門市,created,3,TWD,141767.0,800.0,2026-07-01T23:02:38+08:00,2026-09-19,2026-07-04T01:07:38+08:00
ORD00100194,M006627,P00167,web,created,4,TWD,699850.0,50.0,2026-07-01T10:39:27+08:00,2026-10-12,2026-07-03T03:34:27+08:00
ORD00102076,M006085,P00286,web,paid,1,USD,4760.8,0.0,2026-07-01T06:27:59+08:00,2026-10-16,2026-07-03T01:34:59+08:00
ORD00103429,M000801,P00013,web,paid,2,JPY,1327241.0,650.0,2026-07-01T01:25:27+08:00,2026-09-11,2026-07-02T05:57:27+08:00
ORD00100152,M005803,P00242,門市,created,1,USD,886.2,550.0,2026-07-01T14:39:16+08:00,2026-08-16,2026-07-01T21:52:16+08:00
ORD00101201,M001523,P00085,web,created,2,TWD,360764.0,550.0,2026-07-01T01:02:10+08:00,2026-07-11,2026-07-03T14:13:10+08:00
ORD00101235,M004663,P00217,app,paid,4,TWD,701378.0,800.0,2026-07-01T03:42:33+08:00,2026-09-25,2026-07-01T19:29:33+08:00
ORD00102383,M006622,P00092,電銷,paid,4,USD,19051.29,200.0,2026-07-01T23:08:45+08:00,2026-10-18,2026-07-02T14:53:45+08:00
ORD00103964,M004135,P00263,門市,created,3,TWD,369453.0,500.0,2026-07-01T20:36:14+08:00,2026-08-05,2026-07-01T22:39:14+08:00
ORD00103477,M001185,P00134,門市,created,2,USD,6167.6,300.0,2026-07-01T01:15:07+08:00,2026-09-12,2026-07-01T21:25:07+08:00
ORD00101380,M000182,P00284,門市,created,1,TWD,147419.0,150.0,2026-07-01T17:15:45+08:00,2026-10-11,2026-07-02T01:46:45+08:00
ORD00101910,M001096,P00075,app,paid,2,TWD,36763.0,850.0,2026-07-01T12:08:07+08:00,2026-10-21,2026-07-01T23:22:07+08:00
ORD00100965,M002709,P00120,門市,paid,3,TWD,405590.0,300.0,2026-07-01T20:36:31+08:00,2026-10-24,2026-07-03T18:45:31+08:00
ORD00100661,M003200,P00009,門市,paid,1,TWD,71740.0,550.0,2026-07-01T10:44:23+08:00,2026-10-06,2026-07-03T12:42:23+08:00
ORD00101131,M005562,P00296,web,paid,1,TWD,6622.0,200.0,2026-07-01T21:01:22+08:00,2026-07-12,2026-07-03T22:48:22+08:00
ORD00102180,M004722,P00167,門市,paid,1,TWD,149692.0,150.0,2026-07-01T22:41:46+08:00,2026-07-24,2026-07-02T09:03:46+08:00
ORD00103141,M000761,P00156,web,paid,2,TWD,353891.0,450.0,2026-07-01T18:49:04+08:00,2026-07-09,2026-07-03T00:22:04+08:00
ORD00100429,M000519,P00282,web,paid,3,USD,16275.95,900.0,2026-07-01T09:52:22+08:00,2026-09-16,2026-07-02T01:07:22+08:00
ORD00101859,M001757,P00294,電銷,created,2,TWD,260975.0,150.0,2026-07-01T07:49:10+08:00,2026-07-24,2026-07-02T10:15:10+08:00
ORD00086289,M001171,P00055,app,completed,4,TWD,455504.0,300.0,2026-05-23T02:09:59+08:00,2026-07-10,2026-07-01T16:25:22+08:00
ORD00102299,M004114,P00228,app,created,1,USD,4064.97,850.0,2026-07-01T09:12:33+08:00,2026-07-28,2026-07-03T12:21:33+08:00
ORD00101252,M004249,P00028,電銷,paid,3,TWD,350467.0,300.0,2026-07-01T21:38:52+08:00,2026-07-26,2026-07-03T05:23:52+08:00
ORD00101166,M001516,P00190,電銷,created,4,TWD,830088.0,900.0,2026-07-01T16:58:21+08:00,2026-09-29,2026-07-04T02:37:21+08:00
ORD00100749,M006975,P00042,電銷,paid,2,USD,8731.17,250.0,2026-07-01T20:57:16+08:00,2026-07-29,2026-07-03T14:28:16+08:00
ORD00101753,M006618,P00144,電銷,paid,4,USD,17222.58,250.0,2026-07-01T12:46:57+08:00,2026-08-31,2026-07-03T22:32:57+08:00
ORD00102703,M001583,P00054,app,created,2,TWD,281070.0,250.0,2026-07-01T02:50:53+08:00,2026-08-04,2026-07-01T13:41:53+08:00
ORD00100863,M003202,P00021,app,paid,1,TWD,197995.0,550.0,2026-07-01T19:58:26+08:00,2026-09-29,2026-07-02T14:12:26+08:00
ORD00101175,M007654,P00260,門市,paid,3,JPY,1617735.0,700.0,2026-07-01T05:27:00+08:00,2026-10-01,2026-07-01T16:43:00+08:00
ORD00021501,M007458,P00195,門市,completed,1,TWD,69037.0,600.0,2026-05-04T21:29:54+08:00,2026-06-18,2026-07-01T07:01:44+08:00
ORD00100777,M004192,P00203,web,created,4,TWD,579447.0,900.0,2026-07-01T08:12:45+08:00,2026-09-04,2026-07-01T12:40:45+08:00
ORD00063442,M005465,P00275,門市,completed,3,TWD,324769.0,700.0,2026-05-02T08:31:36+08:00,2026-05-13,2026-07-01T01:48:56+08:00
ORD00100538,M000578,P00256,門市,created,2,USD,12383.64,250.0,2026-07-01T03:41:02+08:00,2026-10-25,2026-07-03T07:16:02+08:00
ORD00042363,M002865,P00019,門市,completed,3,JPY,1294129.0,250.0,2026-05-30T02:34:19+08:00,2026-09-09,2026-07-01T03:09:33+08:00
ORD00012900,M007059,P00292,門市,completed,3,TWD,528580.0,0.0,2026-06-20T17:57:41+08:00,2026-07-09,2026-07-01T18:10:34+08:00
ORD00101610,M005114,P00031,web,paid,4,TWD,866604.0,200.0,2026-07-01T23:52:54+08:00,2026-10-20,2026-07-04T11:35:54+08:00
ORD00100519,M003731,P00080,電銷,paid,1,USD,4522.32,900.0,2026-07-01T15:00:17+08:00,2026-10-18,2026-07-04T06:57:17+08:00
ORD00103967,M002220,P00069,web,paid,2,USD,12786.66,50.0,2026-07-01T22:26:29+08:00,2026-10-08,2026-07-02T07:16:29+08:00
ORD00101638,M000879,P00191,門市,created,3,TWD,420773.0,800.0,2026-07-01T09:05:25+08:00,2026-08-21,2026-07-02T10:49:25+08:00
ORD00101604,M000902,P00195,app,paid,2,TWD,117528.0,950.0,2026-07-01T11:25:49+08:00,2026-09-15,2026-07-02T14:46:49+08:00
ORD00100702,M000124,P00207,門市,paid,1,TWD,84473.0,500.0,2026-07-01T17:12:25+08:00,2026-10-28,2026-07-03T14:40:25+08:00
ORD00101693,M002008,P00039,門市,created,2,TWD,283134.0,50.0,2026-07-01T06:04:56+08:00,2026-10-21,2026-07-02T10:05:56+08:00
ORD00102725,M005792,P00133,電銷,paid,4,TWD,20865.0,650.0,2026-07-01T01:10:49+08:00,2026-10-16,2026-07-03T15:01:49+08:00
ORD00102923,M007558,P00236,app,paid,1,TWD,164865.0,300.0,2026-07-01T15:59:39+08:00,2026-07-15,2026-07-03T04:13:39+08:00
ORD00101705,M000231,P00268,app,paid,4,TWD,195866.0,900.0,2026-07-01T19:32:13+08:00,2026-10-13,2026-07-04T12:43:13+08:00
ORD00103853,M001325,P00204,電銷,paid,4,USD,19684.1,800.0,2026-07-01T07:52:29+08:00,2026-09-14,2026-07-01T12:43:29+08:00
ORD00102309,M007964,P00042,門市,paid,1,TWD,126439.0,900.0,2026-07-01T12:22:01+08:00,2026-08-18,2026-07-04T02:13:01+08:00
ORD00102651,M003898,P00098,門市,created,2,TWD,318638.0,850.0,2026-07-01T14:57:30+08:00,2026-08-02,2026-07-03T04:33:30+08:00
ORD00100465,M001811,P00144,門市,paid,4,TWD,504061.0,650.0,2026-07-01T00:11:09+08:00,2026-08-12,2026-07-02T18:45:09+08:00
ORD00101132,M002312,P00256,電銷,created,1,TWD,200508.0,0.0,2026-07-01T18:15:43+08:00,2026-08-30,2026-07-01T21:54:43+08:00
ORD00102250,M005676,P00163,門市,created,4,USD,11296.25,550.0,2026-07-01T21:12:32+08:00,2026-09-02,2026-07-02T08:55:32+08:00
ORD00103710,M002578,P00183,門市,created,4,TWD,687184.0,900.0,2026-07-01T01:48:17+08:00,2026-08-21,2026-07-02T06:03:17+08:00
ORD00103764,M003446,P00048,門市,paid,2,TWD,205938.0,700.0,2026-07-01T00:47:09+08:00,2026-08-30,2026-07-01T08:20:09+08:00
ORD00101168,M007134,P00140,電銷,paid,1,TWD,51534.0,600.0,2026-07-01T04:56:28+08:00,2026-10-19,2026-07-02T02:15:28+08:00
ORD00103127,M007354,P00050,門市,created,1,TWD,3211.0,550.0,2026-07-01T16:44:07+08:00,2026-09-07,2026-07-03T02:24:07+08:00
ORD00101017,M002595,P00262,app,paid,3,USD,22287.19,450.0,2026-07-01T05:48:47+08:00,2026-10-15,2026-07-03T05:11:47+08:00
ORD00103936,M001993,P00217,門市,created,1,TWD,213720.0,250.0,2026-07-01T23:36:29+08:00,2026-10-05,2026-07-03T09:07:29+08:00
ORD00005511,M007166,P00041,電銷,cancelled,2,TWD,15634.0,250.0,2026-06-03T19:44:34+08:00,2026-09-07,2026-07-01T07:12:10+08:00
ORD00102574,M005128,P00198,門市,paid,2,JPY,242660.0,700.0,2026-07-01T20:49:40+08:00,2026-09-25,2026-07-04T11:43:40+08:00
ORD00103143,M003384,P00207,app,created,4,USD,8864.27,900.0,2026-07-01T06:18:18+08:00,2026-09-02,2026-07-02T16:18:18+08:00
ORD00101592,M000047,P00293,web,paid,1,USD,1897.24,0.0,2026-07-01T01:56:34+08:00,2026-09-16,2026-07-02T02:55:34+08:00
ORD00103604,M006203,P00056,app,created,4,TWD,356407.0,450.0,2026-07-01T17:11:18+08:00,2026-08-04,2026-07-02T08:54:18+08:00
ORD00015723,M004962,P00064,app,cancelled,1,TWD,25673.0,950.0,2026-06-22T18:27:07+08:00,2026-09-30,2026-07-01T05:57:08+08:00
ORD00100115,M000820,P00042,web,paid,2,JPY,1212140.0,250.0,2026-07-01T12:17:34+08:00,2026-07-25,2026-07-02T13:45:34+08:00
ORD00101318,M002933,P00290,門市,paid,4,TWD,557730.0,450.0,2026-07-01T02:51:34+08:00,2026-09-29,2026-07-03T14:02:34+08:00
ORD00100722,M001548,P00258,web,paid,1,TWD,120097.0,700.0,2026-07-01T10:24:43+08:00,2026-09-25,2026-07-03T16:16:43+08:00
ORD00101811,M007707,P00274,app,paid,1,JPY,545185.0,250.0,2026-07-01T09:06:20+08:00,2026-08-04,2026-07-02T23:48:20+08:00
ORD00102532,M004948,P00104,電銷,paid,1,TWD,3163.0,0.0,2026-07-01T01:24:18+08:00,2026-08-28,2026-07-02T19:30:18+08:00
ORD00101912,M007412,P00221,門市,paid,1,TWD,101620.0,250.0,2026-07-01T10:58:58+08:00,2026-09-29,2026-07-02T05:31:58+08:00
ORD00016075,M005584,P00122,門市,cancelled,1,JPY,939878.0,950.0,2026-05-10T07:05:31+08:00,2026-06-02,2026-07-01T00:14:03+08:00
ORD00050304,M001552,P00058,web,completed,4,TWD,153824.0,200.0,2026-05-25T00:18:54+08:00,2026-08-27,2026-07-01T20:08:48+08:00
ORD00013311,M007011,P00284,web,completed,2,USD,7868.37,950.0,2026-05-24T00:13:08+08:00,2026-08-07,2026-07-01T21:03:35+08:00
ORD00102617,M006187,P00103,電銷,paid,3,TWD,61374.0,900.0,2026-07-01T09:26:08+08:00,2026-07-27,2026-07-03T23:43:08+08:00
ORD00100994,M003419,P00048,門市,paid,4,USD,13964.02,300.0,2026-07-01T15:05:34+08:00,2026-07-13,2026-07-02T06:25:34+08:00
ORD00102781,M003718,P00270,web,paid,4,JPY,398038.0,350.0,2026-07-01T18:06:13+08:00,2026-08-01,2026-07-04T09:55:13+08:00
ORD00102797,M003244,P00159,web,created,1,TWD,44756.0,500.0,2026-07-01T03:09:20+08:00,2026-07-16,2026-07-03T21:20:20+08:00
ORD00101540,M006441,P00151,app,paid,1,JPY,320791.0,0.0,2026-07-01T22:19:41+08:00,2026-07-16,2026-07-03T14:03:41+08:00
ORD00103027,M005978,P00050,web,paid,3,USD,344.27,50.0,2026-07-01T07:04:18+08:00,2026-08-22,2026-07-01T21:51:18+08:00
ORD00101863,M004016,P00096,電銷,created,3,USD,569.45,250.0,2026-07-01T14:32:36+08:00,2026-09-20,2026-07-01T17:55:36+08:00
ORD00100642,M000023,P00227,app,paid,2,TWD,324399.0,650.0,2026-07-01T04:54:05+08:00,2026-10-23,2026-07-03T09:41:05+08:00
ORD00101308,M002317,P00085,電銷,paid,3,TWD,660806.0,450.0,2026-07-01T19:00:40+08:00,2026-07-15,2026-07-02T17:13:40+08:00
ORD00102418,M000062,P00013,app,created,1,TWD,159292.0,750.0,2026-07-01T08:31:01+08:00,2026-10-27,2026-07-03T02:42:01+08:00
ORD00101216,M006148,P00055,門市,paid,2,TWD,239450.0,500.0,2026-07-01T06:56:49+08:00,2026-08-20,2026-07-01T19:34:49+08:00
ORD00101665,M000745,P00078,電銷,paid,4,TWD,418889.0,700.0,2026-07-01T07:27:51+08:00,2026-07-14,2026-07-02T02:01:51+08:00
ORD00101454,M006645,P00237,電銷,created,4,TWD,746083.0,800.0,2026-07-01T02:54:58+08:00,2026-09-19,2026-07-01T04:53:58+08:00
ORD00101059,M004102,P00243,app,created,2,JPY,1747980.0,600.0,2026-07-01T04:02:38+08:00,2026-07-20,2026-07-03T05:33:38+08:00
ORD00082133,M000708,P00120,app,cancelled,2,TWD,228743.0,400.0,2026-05-17T07:30:09+08:00,2026-08-31,2026-07-01T20:58:32+08:00
ORD00101176,M003216,P00174,門市,created,3,USD,1942.89,250.0,2026-07-01T07:49:08+08:00,2026-09-18,2026-07-03T10:53:08+08:00
ORD00064541,M007760,P00035,門市,cancelled,3,USD,20977.58,200.0,2026-06-22T19:15:43+08:00,2026-07-30,2026-07-01T17:29:42+08:00
ORD00100829,M000972,P00265,電銷,paid,3,TWD,488600.0,650.0,2026-07-01T20:08:11+08:00,2026-08-15,2026-07-01T20:24:11+08:00
ORD00101481,M006236,P00163,web,paid,4,TWD,320235.0,850.0,2026-07-01T08:12:12+08:00,2026-07-24,2026-07-03T14:59:12+08:00
ORD00103634,M007266,P00098,電銷,created,4,JPY,3194755.0,400.0,2026-07-01T07:51:01+08:00,2026-10-21,2026-07-02T00:41:01+08:00
ORD00101186,M004524,P00107,電銷,created,3,TWD,667239.0,850.0,2026-07-01T08:20:35+08:00,2026-08-12,2026-07-02T01:53:35+08:00
ORD00101706,M002722,P00016,app,created,2,TWD,190629.0,200.0,2026-07-01T13:16:23+08:00,2026-08-31,2026-07-02T08:42:23+08:00
ORD00103907,M000305,P00081,門市,paid,2,TWD,280276.0,750.0,2026-07-01T21:43:51+08:00,2026-10-26,2026-07-04T13:22:51+08:00
ORD00100969,M004065,P00224,app,paid,3,TWD,367533.0,650.0,2026-07-01T02:24:59+08:00,2026-08-15,2026-07-02T23:52:59+08:00
ORD00101765,M001755,P00076,web,created,1,TWD,3665.0,250.0,2026-07-01T04:51:05+08:00,2026-10-25,2026-07-02T21:53:05+08:00
ORD00102184,M007656,P00065,電銷,created,2,USD,13636.69,700.0,2026-07-01T02:46:25+08:00,2026-09-30,2026-07-01T16:04:25+08:00
ORD00099336,M005481,P00065,電銷,cancelled,2,TWD,441226.0,100.0,2026-05-20T11:34:53+08:00,2026-07-06,2026-07-01T03:51:37+08:00
ORD00103251,M000249,P00253,門市,paid,4,JPY,4804065.0,900.0,2026-07-01T08:04:49+08:00,2026-08-28,2026-07-01T18:31:49+08:00
ORD00102347,M007982,P00059,電銷,paid,2,TWD,150406.0,300.0,2026-07-01T08:31:40+08:00,2026-08-29,2026-07-02T11:43:40+08:00
ORD00101360,M007192,P00256,web,created,3,TWD,532762.0,650.0,2026-07-01T01:45:35+08:00,2026-07-20,2026-07-01T23:30:35+08:00
ORD00101520,M005117,P00244,app,paid,4,TWD,237916.0,850.0,2026-07-01T05:28:38+08:00,2026-08-16,2026-07-03T20:50:38+08:00
ORD00101731,M002465,P00121,門市,paid,2,TWD,46005.0,650.0,2026-07-01T06:13:51+08:00,2026-10-03,2026-07-01T15:19:51+08:00
ORD00101477,M001761,P00264,電銷,paid,1,TWD,8946.0,550.0,2026-07-01T12:01:47+08:00,2026-09-05,2026-07-01T23:42:47+08:00
ORD00102618,M004280,P00163,app,created,2,USD,6506.07,400.0,2026-07-01T09:04:30+08:00,2026-10-25,2026-07-03T13:16:30+08:00
ORD00100742,M000602,P00060,門市,paid,4,TWD,493078.0,750.0,2026-07-01T00:02:03+08:00,2026-07-24,2026-07-03T08:14:03+08:00
ORD00101969,M006024,P00155,app,paid,4,TWD,180981.0,250.0,2026-07-01T10:47:13+08:00,2026-08-01,2026-07-03T12:29:13+08:00
ORD00102603,M002453,P00296,門市,paid,2,TWD,17497.0,100.0,2026-07-01T14:27:43+08:00,2026-08-22,2026-07-02T08:13:43+08:00
ORD00100882,M005183,P00185,電銷,paid,1,TWD,186451.0,750.0,2026-07-01T21:29:48+08:00,2026-09-30,2026-07-03T04:50:48+08:00
ORD00101358,M003768,P00024,門市,paid,2,TWD,168494.0,700.0,2026-07-01T12:32:16+08:00,2026-07-31,2026-07-01T16:02:16+08:00
ORD00100142,M007026,P00005,門市,paid,1,TWD,107921.0,550.0,2026-07-01T06:12:40+08:00,2026-07-24,2026-07-03T13:31:40+08:00
ORD00103510,M003089,P00275,門市,paid,1,TWD,93931.0,800.0,2026-07-01T03:19:06+08:00,2026-08-16,2026-07-02T03:29:06+08:00
ORD00100756,M001788,P00101,電銷,paid,3,JPY,1039535.0,150.0,2026-07-01T20:18:38+08:00,2026-08-09,2026-07-02T03:31:38+08:00
ORD00044699,M007264,P00150,門市,cancelled,1,TWD,142884.0,200.0,2026-05-16T07:27:14+08:00,2026-07-31,2026-07-01T10:29:34+08:00
ORD00102030,M005126,P00065,門市,paid,3,TWD,615614.0,350.0,2026-07-01T16:52:36+08:00,2026-07-25,2026-07-03T00:45:36+08:00
ORD00103024,M005356,P00295,app,created,4,TWD,231335.0,750.0,2026-07-01T21:04:21+08:00,2026-07-25,2026-07-02T23:57:21+08:00
ORD00103063,M007571,P00008,電銷,created,4,TWD,304821.0,450.0,2026-07-01T10:57:31+08:00,2026-07-15,2026-07-02T00:18:31+08:00
ORD00102139,M002650,P00113,web,paid,4,TWD,667152.0,800.0,2026-07-01T15:02:52+08:00,2026-07-24,2026-07-03T17:05:52+08:00
ORD00103103,M001483,P00202,web,paid,4,JPY,2217513.0,400.0,2026-07-01T07:38:35+08:00,2026-07-22,2026-07-03T05:47:35+08:00
ORD00103591,M004605,P00282,web,paid,1,TWD,237427.0,150.0,2026-07-01T01:34:25+08:00,2026-08-26,2026-07-02T08:58:25+08:00
ORD00102001,M005276,P00228,門市,paid,1,TWD,105579.0,400.0,2026-07-01T06:54:22+08:00,2026-10-06,2026-07-03T05:28:22+08:00
ORD00100106,M004137,P00132,web,paid,3,TWD,136967.0,350.0,2026-07-01T05:28:12+08:00,2026-08-19,2026-07-02T09:42:12+08:00
ORD00102031,M001115,P00277,app,created,2,JPY,1110176.0,800.0,2026-07-01T01:11:04+08:00,2026-09-14,2026-07-02T13:34:04+08:00
ORD00102641,M007392,P00283,電銷,paid,1,TWD,30710.0,0.0,2026-07-01T22:07:19+08:00,2026-07-09,2026-07-04T00:51:19+08:00
ORD00101048,M006570,P00053,app,created,1,TWD,66983.0,550.0,2026-07-01T06:29:17+08:00,2026-07-31,2026-07-03T09:49:17+08:00
ORD00101547,M006861,P00184,電銷,created,2,JPY,1444712.0,950.0,2026-07-01T05:20:42+08:00,2026-09-17,2026-07-03T08:50:42+08:00
ORD00006196,M000440,P00076,門市,cancelled,2,TWD,7932.0,850.0,2026-05-16T02:25:19+08:00,2026-06-11,2026-07-01T05:28:34+08:00
ORD00100376,M006913,P00071,web,paid,1,TWD,58469.0,0.0,2026-07-01T02:41:01+08:00,2026-10-23,2026-07-01T10:20:01+08:00
ORD00000398,M004455,P00158,門市,completed,4,USD,4642.2,800.0,2026-05-01T17:31:49+08:00,2026-05-27,2026-07-01T10:55:38+08:00
ORD00102187,M003845,P00100,app,created,1,TWD,164060.0,600.0,2026-07-01T08:57:59+08:00,2026-10-24,2026-07-03T23:27:59+08:00
ORD00100176,M007428,P00246,app,paid,1,TWD,163216.0,600.0,2026-07-01T02:32:12+08:00,2026-10-27,2026-07-03T06:34:12+08:00
ORD00100740,M001725,P00299,app,created,2,USD,1886.48,100.0,2026-07-01T06:08:09+08:00,2026-09-25,2026-07-01T15:06:09+08:00
ORD00037044,M005997,P00064,web,completed,2,USD,1643.7,700.0,2026-06-27T04:47:34+08:00,2026-08-29,2026-07-01T16:24:42+08:00
ORD00101453,M002150,P00012,web,paid,2,USD,5830.86,800.0,2026-07-01T17:46:37+08:00,2026-09-15,2026-07-03T13:55:37+08:00
ORD00101210,M003163,P00228,web,paid,2,TWD,256763.0,200.0,2026-07-01T14:53:25+08:00,2026-09-29,2026-07-01T16:15:25+08:00
ORD00103648,M004081,P00269,電銷,created,1,USD,2231.48,850.0,2026-07-01T14:25:14+08:00,2026-09-10,2026-07-03T08:26:14+08:00
ORD00102619,M000629,P00218,電銷,paid,1,TWD,39539.0,550.0,2026-07-01T17:54:31+08:00,2026-08-30,2026-07-02T11:54:31+08:00
ORD00100788,M005198,P00042,web,created,1,TWD,120452.0,800.0,2026-07-01T15:50:02+08:00,2026-08-04,2026-07-03T21:52:02+08:00
ORD00101351,M007333,P00156,門市,paid,4,TWD,624491.0,250.0,2026-07-01T09:00:58+08:00,2026-10-06,2026-07-02T17:26:58+08:00
ORD00103577,M004490,P00051,電銷,created,2,TWD,315001.0,550.0,2026-07-01T09:14:03+08:00,2026-07-25,2026-07-02T05:27:03+08:00
ORD00102170,M002732,P00196,app,paid,3,TWD,186437.0,500.0,2026-07-01T00:42:57+08:00,2026-07-25,2026-07-01T20:36:57+08:00
ORD00102485,M000271,P00276,app,created,4,JPY,2760244.0,750.0,2026-07-01T07:23:17+08:00,2026-07-20,2026-07-03T18:28:17+08:00
ORD00055710,M007742,P00055,web,completed,1,TWD,97371.0,950.0,2026-06-26T19:14:40+08:00,2026-09-19,2026-07-01T08:19:09+08:00
ORD00100710,M005720,P00014,門市,paid,4,USD,15414.02,250.0,2026-07-01T16:14:31+08:00,2026-10-27,2026-07-01T17:36:31+08:00
ORD00102803,M000772,P00011,門市,paid,1,TWD,154270.0,400.0,2026-07-01T01:11:47+08:00,2026-08-16,2026-07-02T06:36:47+08:00
ORD00102268,M005771,P00192,web,paid,1,TWD,220338.0,250.0,2026-07-01T17:00:24+08:00,2026-07-22,2026-07-02T02:47:24+08:00
ORD00100200,M002039,P00075,電銷,paid,4,TWD,85964.0,350.0,2026-07-01T04:45:59+08:00,2026-10-19,2026-07-02T16:53:59+08:00
ORD00061237,M002489,P00224,電銷,completed,3,TWD,301005.0,700.0,2026-06-21T03:20:42+08:00,2026-07-15,2026-07-01T14:49:28+08:00
ORD00103563,M000791,P00128,門市,paid,4,USD,22901.37,50.0,2026-07-01T04:49:31+08:00,2026-10-22,2026-07-02T04:46:31+08:00
ORD00103044,M003868,P00114,門市,paid,4,JPY,1717648.0,750.0,2026-07-01T11:23:31+08:00,2026-09-21,2026-07-01T12:08:31+08:00
ORD00102644,M005737,P00097,app,paid,4,USD,13910.1,600.0,2026-07-01T02:06:26+08:00,2026-08-20,2026-07-03T11:59:26+08:00
ORD00100063,M007075,P00085,web,paid,2,USD,13633.83,350.0,2026-07-01T14:20:27+08:00,2026-10-06,2026-07-03T09:17:27+08:00
ORD00103067,M002149,P00180,門市,created,1,USD,2882.41,550.0,2026-07-01T11:17:32+08:00,2026-09-21,2026-07-04T01:10:32+08:00
ORD00068775,M000297,P00013,app,completed,2,TWD,307787.0,650.0,2026-05-24T22:46:34+08:00,2026-06-01,2026-07-01T09:24:06+08:00
ORD00101361,M007994,P00148,app,paid,4,TWD,142784.0,350.0,2026-07-01T21:33:09+08:00,2026-07-13,2026-07-02T15:52:09+08:00
ORD00101502,M006880,P00109,門市,paid,3,TWD,160556.0,900.0,2026-07-01T04:23:20+08:00,2026-07-13,2026-07-02T17:44:20+08:00
ORD00102839,M003587,P00059,app,paid,2,TWD,178258.0,800.0,2026-07-01T02:19:53+08:00,2026-09-11,2026-07-03T03:46:53+08:00
ORD00100651,M003513,P00207,門市,created,4,TWD,289127.0,150.0,2026-07-01T17:27:32+08:00,2026-07-15,2026-07-03T00:26:32+08:00
ORD00029235,M004843,P00105,app,cancelled,1,TWD,57321.0,350.0,2026-05-01T15:27:38+08:00,2026-07-17,2026-07-01T04:24:51+08:00
ORD00100296,M003809,P00078,門市,created,4,USD,12997.94,200.0,2026-07-01T06:41:58+08:00,2026-07-16,2026-07-03T21:39:58+08:00
ORD00101062,M001563,P00248,電銷,paid,1,TWD,18737.0,750.0,2026-07-01T19:01:59+08:00,2026-10-09,2026-07-02T02:16:59+08:00
ORD00102835,M005742,P00191,電銷,paid,4,TWD,432165.0,700.0,2026-07-01T22:05:22+08:00,2026-10-22,2026-07-04T14:07:22+08:00
ORD00100901,M007929,P00150,app,paid,1,TWD,188517.0,800.0,2026-07-01T13:31:06+08:00,2026-08-07,2026-07-02T00:19:06+08:00
ORD00066373,M002381,P00225,app,cancelled,1,TWD,53442.0,300.0,2026-05-12T05:39:43+08:00,2026-08-27,2026-07-01T05:48:18+08:00
ORD00103690,M000436,P00078,web,created,2,TWD,223753.0,500.0,2026-07-01T13:37:34+08:00,2026-09-15,2026-07-01T19:54:34+08:00
ORD00101646,M003894,P00071,app,created,2,JPY,472777.0,900.0,2026-07-01T23:12:32+08:00,2026-08-10,2026-07-02T14:26:32+08:00
ORD00100604,M006777,P00001,電銷,created,3,TWD,319001.0,850.0,2026-07-01T05:35:08+08:00,2026-08-15,2026-07-01T18:35:08+08:00
ORD00103768,M001694,P00001,app,paid,3,TWD,328173.0,500.0,2026-07-01T22:38:04+08:00,2026-09-12,2026-07-02T01:19:04+08:00
ORD00103203,M002991,P00145,web,paid,1,TWD,73406.0,900.0,2026-07-01T20:09:40+08:00,2026-08-23,2026-07-02T08:54:40+08:00
ORD00101104,M004517,P00268,web,paid,2,TWD,102269.0,850.0,2026-07-01T05:40:13+08:00,2026-10-01,2026-07-01T17:20:13+08:00
ORD00100579,M004963,P00202,web,paid,2,TWD,196517.0,100.0,2026-07-01T08:40:37+08:00,2026-10-02,2026-07-03T17:05:37+08:00
ORD00101943,M002651,P00182,門市,paid,3,USD,723.67,750.0,2026-07-01T23:06:41+08:00,2026-10-17,2026-07-03T19:06:41+08:00
ORD00100677,M007737,P00115,web,created,3,JPY,2259836.0,250.0,2026-07-01T09:20:17+08:00,2026-07-22,2026-07-03T03:14:17+08:00
ORD00100247,M003435,P00035,web,created,1,TWD,197139.0,350.0,2026-07-01T22:55:52+08:00,2026-08-11,2026-07-02T22:45:52+08:00
ORD00061278,M004344,P00066,門市,completed,2,TWD,416238.0,300.0,2026-05-11T16:59:28+08:00,2026-07-20,2026-07-01T12:39:57+08:00
ORD00101925,M000843,P00244,電銷,paid,3,TWD,177779.0,200.0,2026-07-01T21:32:16+08:00,2026-10-15,2026-07-02T17:35:16+08:00
ORD00101851,M003064,P00263,電銷,paid,1,TWD,119937.0,0.0,2026-07-01T09:08:12+08:00,2026-08-12,2026-07-01T17:52:12+08:00
ORD00101314,M001719,P00144,電銷,paid,2,TWD,214698.0,350.0,2026-07-01T04:04:25+08:00,2026-08-29,2026-07-01T08:17:25+08:00
ORD00103234,M003701,P00060,電銷,created,2,TWD,335175.0,400.0,2026-07-01T19:49:16+08:00,2026-08-31,2026-07-02T22:09:16+08:00
ORD00103229,M001012,P00112,電銷,paid,4,USD,863.6,650.0,2026-07-01T19:26:29+08:00,2026-08-23,2026-07-03T10:42:29+08:00
ORD00102201,M003637,P00223,web,paid,4,TWD,863074.0,250.0,2026-07-01T04:01:21+08:00,2026-07-23,2026-07-03T04:23:21+08:00
ORD00100950,M004717,P00033,web,created,4,TWD,470399.0,700.0,2026-07-01T23:55:38+08:00,2026-10-27,2026-07-04T02:08:38+08:00
ORD00101499,M004477,P00090,電銷,paid,1,TWD,163210.0,700.0,2026-07-01T04:46:14+08:00,2026-08-28,2026-07-03T17:18:14+08:00
ORD00100337,M003370,P00297,app,created,1,TWD,123471.0,400.0,2026-07-01T08:28:05+08:00,2026-07-09,2026-07-02T00:26:05+08:00
ORD00102722,M006068,P00171,app,paid,4,TWD,267471.0,150.0,2026-07-01T11:04:08+08:00,2026-10-12,2026-07-03T07:01:08+08:00
ORD00103542,M002171,P00232,app,created,4,JPY,4322152.0,250.0,2026-07-01T17:10:22+08:00,2026-08-07,2026-07-04T06:15:22+08:00
ORD00100889,M004590,P00039,web,paid,3,TWD,593655.0,150.0,2026-07-01T09:16:42+08:00,2026-08-30,2026-07-02T18:29:42+08:00
ORD00101241,M000210,P00158,電銷,paid,3,TWD,115784.0,100.0,2026-07-01T09:17:01+08:00,2026-10-13,2026-07-03T19:11:01+08:00
ORD00102324,M003888,P00196,電銷,created,4,TWD,224552.0,750.0,2026-07-01T03:20:18+08:00,2026-09-12,2026-07-03T13:29:18+08:00
ORD00103792,M007479,P00145,app,created,4,TWD,328929.0,100.0,2026-07-01T12:23:03+08:00,2026-10-25,2026-07-04T01:52:03+08:00
ORD00101877,M006626,P00134,web,created,4,USD,15538.86,300.0,2026-07-01T07:37:24+08:00,2026-09-23,2026-07-03T00:18:24+08:00
ORD00103667,M006279,P00270,app,paid,4,TWD,96726.0,950.0,2026-07-01T22:23:30+08:00,2026-09-29,2026-07-03T22:05:30+08:00
ORD00065437,M001339,P00092,門市,completed,1,USD,4677.15,950.0,2026-05-31T06:52:39+08:00,2026-08-21,2026-07-01T09:47:00+08:00
ORD00102059,M005647,P00201,門市,paid,4,TWD,571204.0,700.0,2026-07-01T11:18:14+08:00,2026-08-27,2026-07-03T13:25:14+08:00
ORD00036457,M000272,P00113,電銷,cancelled,4,USD,18042.46,900.0,2026-06-21T16:53:45+08:00,2026-10-18,2026-07-01T21:19:51+08:00
ORD00103612,M001538,P00289,電銷,paid,2,JPY,1100551.0,500.0,2026-07-01T18:34:30+08:00,2026-09-14,2026-07-03T00:02:30+08:00
ORD00043168,M001992,P00251,門市,completed,3,JPY,1896586.0,600.0,2026-06-14T23:31:02+08:00,2026-07-19,2026-07-01T14:11:44+08:00
ORD00100649,M007175,P00029,app,paid,3,TWD,341355.0,400.0,2026-07-01T04:13:30+08:00,2026-09-14,2026-07-01T09:49:30+08:00
ORD00100779,M001910,P00072,電銷,paid,3,TWD,48063.0,500.0,2026-07-01T14:34:27+08:00,2026-10-20,2026-07-03T14:19:27+08:00
ORD00075361,M004873,P00123,門市,completed,1,USD,2210.96,350.0,2026-06-08T22:39:53+08:00,2026-06-30,2026-07-01T23:31:44+08:00
ORD00100634,M003011,P00077,電銷,paid,4,TWD,858433.0,750.0,2026-07-01T14:31:55+08:00,2026-09-20,2026-07-02T21:20:55+08:00
ORD00102016,M002844,P00152,web,paid,2,TWD,82497.0,900.0,2026-07-01T02:11:38+08:00,2026-09-11,2026-07-02T02:49:38+08:00
ORD00103701,M005024,P00283,web,created,1,USD,826.08,700.0,2026-07-01T20:37:30+08:00,2026-10-06,2026-07-03T17:41:30+08:00
ORD00100522,M002621,P00163,電銷,paid,3,TWD,312448.0,50.0,2026-07-01T20:20:26+08:00,2026-10-10,2026-07-04T11:24:26+08:00
ORD00102060,M005847,P00102,門市,paid,3,TWD,114756.0,200.0,2026-07-01T05:10:15+08:00,2026-08-29,2026-07-03T15:30:15+08:00
ORD00101464,M003622,P00051,門市,paid,1,TWD,158243.0,450.0,2026-07-01T21:35:37+08:00,2026-08-25,2026-07-04T04:27:37+08:00
ORD00100408,M001183,P00125,電銷,created,4,TWD,191037.0,100.0,2026-07-01T19:14:21+08:00,2026-09-17,2026-07-03T01:01:21+08:00
ORD00103384,M007698,P00137,電銷,paid,2,TWD,235562.0,350.0,2026-07-01T00:17:59+08:00,2026-09-16,2026-07-02T04:35:59+08:00
ORD00070268,M006640,P00093,web,cancelled,1,JPY,661692.0,100.0,2026-06-11T04:20:14+08:00,2026-08-25,2026-07-01T03:07:58+08:00
ORD00103114,M005129,P00138,web,paid,2,TWD,127421.0,400.0,2026-07-01T23:58:29+08:00,2026-09-18,2026-07-04T09:28:29+08:00
ORD00102739,M003859,P00251,門市,created,4,TWD,375657.0,100.0,2026-07-01T22:03:18+08:00,2026-07-11,2026-07-03T12:57:18+08:00
ORD00102360,M000365,P00151,app,paid,3,TWD,236826.0,200.0,2026-07-01T22:15:10+08:00,2026-09-01,2026-07-04T05:31:10+08:00
ORD00103419,M001507,P00298,門市,paid,2,TWD,261714.0,450.0,2026-07-01T19:24:35+08:00,2026-07-27,2026-07-04T10:07:35+08:00
ORD00103252,M000095,P00063,門市,paid,3,USD,18522.24,300.0,2026-07-01T14:23:59+08:00,2026-10-16,2026-07-03T18:02:59+08:00
ORD00103702,M000811,P00242,電銷,paid,1,TWD,29379.0,650.0,2026-07-01T08:50:29+08:00,2026-09-14,2026-07-03T19:06:29+08:00
ORD00102637,M007115,P00167,電銷,paid,2,TWD,324405.0,300.0,2026-07-01T20:49:04+08:00,2026-09-12,2026-07-03T23:02:04+08:00
ORD00102423,M005746,P00042,app,paid,4,TWD,605151.0,800.0,2026-07-01T23:22:23+08:00,2026-10-05,2026-07-02T11:36:23+08:00
ORD00100754,M002491,P00264,web,paid,2,USD,573.65,350.0,2026-07-01T22:07:48+08:00,2026-07-23,2026-07-03T00:40:48+08:00
ORD00100707,M001943,P00040,門市,created,1,TWD,79775.0,700.0,2026-07-01T03:46:59+08:00,2026-08-02,2026-07-03T10:02:59+08:00
ORD00096946,M000112,P00043,web,completed,2,USD,6300.15,550.0,2026-05-18T14:27:12+08:00,2026-07-02,2026-07-01T00:06:07+08:00
ORD00103509,M006171,P00227,電銷,paid,4,USD,15260.64,100.0,2026-07-01T09:38:53+08:00,2026-10-04,2026-07-03T06:31:53+08:00
ORD00103869,M005529,P00009,web,paid,1,JPY,360769.0,950.0,2026-07-01T09:05:45+08:00,2026-10-21,2026-07-01T09:26:45+08:00
ORD00102559,M007619,P00006,電銷,created,1,TWD,187755.0,0.0,2026-07-01T20:07:55+08:00,2026-09-20,2026-07-02T02:57:55+08:00
ORD00103050,M002825,P00008,門市,paid,4,USD,9082.65,850.0,2026-07-01T23:34:50+08:00,2026-10-18,2026-07-02T01:32:50+08:00
ORD00102633,M001227,P00286,app,paid,3,TWD,478885.0,300.0,2026-07-01T01:25:14+08:00,2026-08-16,2026-07-03T05:21:14+08:00
ORD00100831,M007046,P00056,app,paid,3,TWD,201029.0,350.0,2026-07-01T12:45:53+08:00,2026-08-20,2026-07-04T05:58:53+08:00
ORD00103326,M005066,P00151,門市,created,2,USD,4779.63,450.0,2026-07-01T07:39:39+08:00,2026-10-24,2026-07-04T01:51:39+08:00
ORD00057924,M000986,P00032,門市,completed,2,USD,8147.19,500.0,2026-05-03T17:04:55+08:00,2026-07-17,2026-07-01T09:51:08+08:00
ORD00100190,M004494,P00054,web,created,1,USD,4144.1,400.0,2026-07-01T10:06:31+08:00,2026-07-26,2026-07-03T19:02:36+08:00
ORD00103619,M000471,P00001,web,paid,1,TWD,93817.0,100.0,2026-07-01T08:38:36+08:00,2026-09-25,2026-07-01T18:15:36+08:00
ORD00102479,M000381,P00070,app,paid,3,USD,10898.57,800.0,2026-07-01T03:36:44+08:00,2026-09-10,2026-07-02T08:45:44+08:00
ORD00070557,M005008,P00282,web,completed,2,USD,10808.34,450.0,2026-06-25T12:49:42+08:00,2026-08-30,2026-07-01T11:25:51+08:00
ORD00101998,M001248,P00140,門市,paid,2,USD,3238.62,550.0,2026-07-01T06:57:12+08:00,2026-10-18,2026-07-04T01:14:12+08:00
ORD00100214,M005535,P00116,門市,created,2,TWD,178444.0,50.0,2026-07-01T22:40:43+08:00,2026-10-18,2026-07-02T17:51:43+08:00
ORD00079313,M001387,P00247,app,cancelled,2,TWD,359164.0,600.0,2026-05-23T12:02:45+08:00,2026-07-13,2026-07-01T07:54:51+08:00
ORD00100038,M002087,P00176,app,created,3,TWD,384437.0,800.0,2026-07-01T06:44:30+08:00,2026-10-10,2026-07-02T23:04:30+08:00
ORD00101842,M000409,P00003,web,created,3,TWD,320815.0,550.0,2026-07-01T17:33:18+08:00,2026-07-21,2026-07-02T11:06:18+08:00
ORD00101545,M006053,P00284,門市,created,2,TWD,264175.0,500.0,2026-07-01T19:25:08+08:00,2026-09-29,2026-07-03T01:21:08+08:00
ORD00037955,M001879,P00250,電銷,cancelled,1,TWD,76944.0,500.0,2026-06-02T20:16:17+08:00,2026-09-25,2026-07-01T14:14:51+08:00
ORD00101654,M002648,P00176,web,created,3,TWD,479790.0,300.0,2026-07-01T13:24:17+08:00,2026-09-27,2026-07-03T13:55:17+08:00
ORD00100526,M003217,P00212,web,created,1,TWD,31014.0,150.0,2026-07-01T05:26:45+08:00,2026-10-15,2026-07-01T08:21:45+08:00
ORD00102255,M006055,P00055,電銷,created,2,TWD,201071.0,650.0,2026-07-01T05:25:46+08:00,2026-09-23,2026-07-03T00:53:46+08:00
ORD00029959,M006122,P00237,門市,cancelled,2,JPY,2008099.0,550.0,2026-06-09T01:08:40+08:00,2026-08-31,2026-07-01T11:30:46+08:00
ORD00103885,M001116,P00026,電銷,paid,2,USD,7027.5,650.0,2026-07-01T17:44:56+08:00,2026-07-10,2026-07-02T02:47:56+08:00
ORD00102136,M004245,P00203,app,paid,2,USD,8866.93,600.0,2026-07-01T20:36:17+08:00,2026-10-24,2026-07-03T12:57:17+08:00
ORD00049946,M006198,P00039,web,cancelled,4,TWD,558346.0,50.0,2026-05-01T22:48:38+08:00,2026-05-25,2026-07-01T18:48:59+08:00
ORD00102892,M005281,P00283,app,created,4,JPY,475165.0,0.0,2026-07-01T06:52:07+08:00,2026-09-25,2026-07-03T04:17:07+08:00
ORD00100420,M000859,P00173,app,paid,1,TWD,9072.0,700.0,2026-07-01T23:28:11+08:00,2026-08-15,2026-07-04T09:15:11+08:00
ORD00102908,M006528,P00104,電銷,paid,4,TWD,14492.0,300.0,2026-07-01T14:32:14+08:00,2026-08-23,2026-07-02T07:59:14+08:00
ORD00057828,M004087,P00186,門市,completed,2,TWD,280698.0,0.0,2026-05-28T00:01:46+08:00,2026-08-23,2026-07-01T09:04:18+08:00
ORD00101254,M005815,P00026,app,paid,4,TWD,499744.0,0.0,2026-07-01T07:48:41+08:00,2026-10-08,2026-07-03T07:05:41+08:00
ORD00103606,M001302,P00265,電銷,cancelled,2,TWD,318942.0,850.0,2026-07-01T18:51:50+08:00,2026-08-16,2026-07-04T15:38:50+08:00
ORD00102604,M001004,P00115,web,paid,3,USD,12753.38,700.0,2026-07-01T11:44:55+08:00,2026-10-27,2026-07-03T03:28:55+08:00
ORD00068663,M006603,P00235,電銷,completed,1,TWD,69478.0,950.0,2026-06-01T20:37:04+08:00,2026-09-21,2026-07-01T00:51:35+08:00
ORD00101233,M004163,P00048,電銷,created,4,TWD,380467.0,900.0,2026-07-01T12:27:25+08:00,2026-10-01,2026-07-01T15:56:25+08:00
ORD00101026,M005793,P00122,電銷,paid,3,TWD,588885.0,850.0,2026-07-01T05:56:14+08:00,2026-08-01,2026-07-01T07:59:14+08:00
ORD00100626,M005172,P00079,app,paid,3,USD,4685.11,800.0,2026-07-01T11:36:13+08:00,2026-09-15,2026-07-02T05:34:13+08:00
ORD00100981,M000062,P00275,電銷,created,4,TWD,355144.0,450.0,2026-07-01T05:12:05+08:00,2026-09-10,2026-07-01T19:23:05+08:00
ORD00103140,M007966,P00129,門市,paid,4,TWD,733297.0,0.0,2026-07-01T13:26:01+08:00,2026-10-28,2026-07-02T20:30:01+08:00
ORD00101669,M005645,P00153,app,paid,1,JPY,419268.0,200.0,2026-07-01T21:41:00+08:00,2026-08-28,2026-07-02T10:42:00+08:00
ORD00102981,M003830,P00289,門市,paid,2,TWD,217354.0,150.0,2026-07-01T01:19:20+08:00,2026-10-07,2026-07-01T13:34:20+08:00
ORD00101548,M007720,P00185,電銷,paid,2,TWD,384996.0,900.0,2026-07-01T10:32:41+08:00,2026-07-24,2026-07-02T18:47:41+08:00
ORD00101463,M002207,P00116,門市,paid,1,USD,2238.15,0.0,2026-07-01T21:14:34+08:00,2026-08-24,2026-07-04T08:44:34+08:00
ORD00103691,M000335,P00121,app,created,1,TWD,22907.0,800.0,2026-07-01T03:42:57+08:00,2026-10-09,2026-07-03T05:00:57+08:00
ORD00089343,M004948,P00222,門市,completed,4,TWD,189869.0,250.0,2026-06-26T13:53:04+08:00,2026-08-08,2026-07-01T07:34:59+08:00
ORD00103179,M003313,P00119,app,created,1,TWD,201025.0,800.0,2026-07-01T15:32:13+08:00,2026-08-13,2026-07-03T06:57:13+08:00
ORD00103729,M005613,P00019,app,paid,4,JPY,2181307.0,250.0,2026-07-01T14:24:46+08:00,2026-09-30,2026-07-03T01:24:46+08:00
ORD00103675,M001942,P00292,門市,paid,4,TWD,614917.0,0.0,2026-07-01T22:39:38+08:00,2026-10-21,2026-07-03T15:58:38+08:00
ORD00102884,M006100,P00072,門市,created,4,TWD,86232.0,150.0,2026-07-01T12:47:14+08:00,2026-08-16,2026-07-01T16:56:14+08:00
ORD00100367,M001917,P00085,app,paid,4,TWD,773594.0,300.0,2026-07-01T00:00:27+08:00,2026-08-26,2026-07-03T12:47:27+08:00
ORD00100574,M003606,P00079,電銷,paid,4,USD,5097.62,400.0,2026-07-01T05:46:38+08:00,2026-07-08,2026-07-03T02:14:38+08:00
ORD00101290,M003439,P00216,app,paid,1,USD,317.46,400.0,2026-07-01T04:46:10+08:00,2026-08-22,2026-07-03T23:01:10+08:00
ORD00101376,M005368,P00214,門市,paid,1,TWD,116003.0,400.0,2026-07-01T13:39:50+08:00,2026-10-15,2026-07-02T22:55:50+08:00
ORD00101796,M002333,P00208,門市,created,1,JPY,907198.0,500.0,2026-07-01T21:20:51+08:00,2026-07-26,2026-07-03T10:19:51+08:00
ORD00103878,M004688,P00282,app,paid,2,TWD,408443.0,500.0,2026-07-01T16:38:42+08:00,2026-08-14,2026-07-01T22:39:42+08:00
ORD00100340,M004463,P00028,電銷,paid,3,TWD,301156.0,550.0,2026-07-01T16:02:13+08:00,2026-08-18,2026-07-01T17:20:13+08:00
ORD00101480,M001476,P00049,app,paid,3,TWD,49542.0,100.0,2026-07-01T21:20:23+08:00,2026-10-09,2026-07-03T17:05:23+08:00
ORD00100763,M006869,P00273,電銷,created,4,TWD,364517.0,300.0,2026-07-01T18:58:24+08:00,2026-07-09,2026-07-03T08:34:24+08:00
ORD00102393,M003613,P00119,門市,created,3,TWD,553738.0,950.0,2026-07-01T04:30:42+08:00,2026-08-08,2026-07-01T20:01:42+08:00
ORD00100929,M006189,P00222,app,created,2,TWD,87743.0,200.0,2026-07-01T17:39:35+08:00,2026-08-11,2026-07-04T11:13:35+08:00
ORD00102470,M005623,P00263,web,created,3,TWD,345352.0,550.0,2026-07-01T02:33:11+08:00,2026-08-29,2026-07-02T08:59:11+08:00
ORD00102643,M007568,P00234,門市,paid,2,TWD,18357.0,350.0,2026-07-01T03:17:35+08:00,2026-10-25,2026-07-01T23:44:35+08:00
ORD00010442,M000328,P00156,門市,completed,4,TWD,779520.0,900.0,2026-06-19T07:14:09+08:00,2026-07-26,2026-07-01T10:03:50+08:00
ORD00101772,M005863,P00118,app,created,1,TWD,131067.0,550.0,2026-07-01T03:48:32+08:00,2026-09-28,2026-07-02T20:13:32+08:00
ORD00103165,M005850,P00295,web,paid,4,TWD,194128.0,300.0,2026-07-01T03:05:00+08:00,2026-07-09,2026-07-01T06:24:00+08:00
ORD00102330,M006108,P00101,門市,paid,3,TWD,204392.0,400.0,2026-07-01T03:30:45+08:00,2026-07-12,2026-07-03T20:19:45+08:00
ORD00005194,M006923,P00167,app,completed,4,TWD,644493.0,350.0,2026-06-02T07:07:09+08:00,2026-09-26,2026-07-01T17:20:17+08:00
ORD00070574,M001339,P00056,app,cancelled,1,USD,2726.25,300.0,2026-06-14T13:13:54+08:00,2026-09-16,2026-07-01T17:54:43+08:00
ORD00101144,M006142,P00185,web,paid,3,USD,20255.16,100.0,2026-07-01T23:26:20+08:00,2026-08-14,2026-07-03T11:19:20+08:00
ORD00102226,M003789,P00160,電銷,created,1,TWD,14361.0,150.0,2026-07-01T02:39:16+08:00,2026-09-17,2026-07-01T17:42:16+08:00
ORD00102738,M003424,P00169,電銷,paid,4,USD,5805.25,600.0,2026-07-01T05:39:36+08:00,2026-08-20,2026-07-03T21:33:36+08:00
ORD00103370,M003724,P00247,app,paid,4,USD,21411.15,200.0,2026-07-01T06:34:11+08:00,2026-09-08,2026-07-03T01:38:11+08:00
ORD00101289,M007933,P00138,電銷,paid,4,USD,10565.45,0.0,2026-07-01T20:09:39+08:00,2026-08-10,2026-07-03T16:48:39+08:00
ORD00101970,M007709,P00223,門市,created,4,TWD,780949.0,950.0,2026-07-01T21:32:05+08:00,2026-10-27,2026-07-02T23:24:05+08:00
ORD00103243,M002386,P00084,web,paid,3,TWD,160463.0,500.0,2026-07-01T09:43:47+08:00,2026-10-08,2026-07-02T07:11:47+08:00
ORD00101988,M000309,P00134,web,created,2,TWD,231255.0,750.0,2026-07-01T00:09:44+08:00,2026-07-18,2026-07-03T07:44:44+08:00
ORD00100939,M003743,P00119,電銷,paid,1,TWD,166010.0,100.0,2026-07-01T19:47:36+08:00,2026-09-16,2026-07-03T12:42:36+08:00
ORD00101760,M000804,P00181,app,paid,1,TWD,19048.0,200.0,2026-07-01T00:35:33+08:00,2026-09-12,2026-07-03T15:13:33+08:00
ORD00102541,M000437,P00065,門市,paid,3,TWD,615135.0,200.0,2026-07-01T10:56:21+08:00,2026-08-18,2026-07-03T15:19:21+08:00
ORD00102165,M007282,P00277,app,paid,4,TWD,521395.0,950.0,2026-07-01T10:48:26+08:00,2026-09-16,2026-07-01T22:06:26+08:00
ORD00102254,M003381,P00079,電銷,paid,4,JPY,865890.0,0.0,2026-07-01T13:14:13+08:00,2026-10-20,2026-07-03T14:34:13+08:00
ORD00103068,M006885,P00074,門市,paid,1,TWD,127714.0,250.0,2026-07-01T21:34:50+08:00,2026-08-05,2026-07-02T17:36:50+08:00
ORD00097559,M003862,P00136,web,cancelled,3,JPY,289271.0,50.0,2026-06-06T11:53:48+08:00,2026-09-27,2026-07-01T08:34:22+08:00
ORD00103958,M004143,P00072,app,paid,3,TWD,62146.0,350.0,2026-07-01T03:39:00+08:00,2026-09-01,2026-07-01T20:04:00+08:00
ORD00102168,M003534,P00121,電銷,created,2,USD,1900.98,200.0,2026-07-01T08:22:25+08:00,2026-10-20,2026-07-02T17:58:25+08:00
ORD00047793,M004517,P00001,app,cancelled,2,TWD,218714.0,200.0,2026-05-07T03:29:13+08:00,2026-06-14,2026-07-01T14:25:09+08:00
ORD00101083,M001921,P00201,門市,paid,1,TWD,144783.0,850.0,2026-07-01T13:42:45+08:00,2026-10-14,2026-07-03T06:34:45+08:00
ORD00100656,M006150,P00205,app,paid,2,TWD,17427.0,0.0,2026-07-01T10:16:42+08:00,2026-09-16,2026-07-01T20:46:42+08:00
ORD00103431,M005988,P00266,app,paid,4,TWD,54569.0,750.0,2026-07-01T01:52:02+08:00,2026-08-14,2026-07-01T08:24:02+08:00
ORD00102513,M000047,P00052,門市,paid,4,TWD,311185.0,250.0,2026-07-01T18:41:16+08:00,2026-10-25,2026-07-02T04:09:16+08:00
ORD00101622,M000314,P00237,app,paid,4,TWD,759579.0,550.0,2026-07-01T12:39:06+08:00,2026-10-04,2026-07-02T10:10:06+08:00
ORD00101741,M002018,P00095,web,paid,1,USD,5780.73,450.0,2026-07-01T20:17:23+08:00,2026-07-24,2026-07-02T23:50:23+08:00
ORD00103783,M002700,P00238,web,paid,3,TWD,259380.0,0.0,2026-07-01T10:23:01+08:00,2026-08-27,2026-07-03T17:39:01+08:00
ORD00100336,M005626,P00153,app,paid,4,TWD,342915.0,600.0,2026-07-01T02:31:28+08:00,2026-09-25,2026-07-03T12:26:28+08:00
ORD00103038,M001144,P00133,電銷,paid,3,TWD,16330.0,400.0,2026-07-01T08:19:48+08:00,2026-08-23,2026-07-03T23:56:48+08:00
ORD00102399,M005671,P00136,門市,paid,1,TWD,17685.0,750.0,2026-07-01T19:22:49+08:00,2026-09-21,2026-07-04T01:02:49+08:00
ORD00100392,M001219,P00015,電銷,created,4,JPY,1017453.0,750.0,2026-07-01T13:01:28+08:00,2026-08-10,2026-07-02T18:03:28+08:00
ORD00100662,M001919,P00078,門市,paid,3,TWD,296247.0,750.0,2026-07-01T17:09:00+08:00,2026-07-14,2026-07-04T09:59:00+08:00
ORD00100156,M005862,P00208,app,paid,4,TWD,632905.0,400.0,2026-07-01T16:58:25+08:00,2026-10-01,2026-07-02T14:13:25+08:00
ORD00102876,M004510,P00200,電銷,created,4,TWD,632387.0,150.0,2026-07-01T14:20:34+08:00,2026-10-17,2026-07-02T21:29:34+08:00
ORD00101281,M006841,P00087,電銷,paid,1,TWD,218056.0,700.0,2026-07-01T22:41:27+08:00,2026-09-29,2026-07-03T23:10:27+08:00
ORD00103760,M004220,P00268,web,paid,4,USD,6800.77,0.0,2026-07-01T21:18:23+08:00,2026-09-26,2026-07-03T00:48:23+08:00
ORD00103718,M005096,P00015,web,paid,2,JPY,677040.0,250.0,2026-07-01T08:21:09+08:00,2026-09-07,2026-07-01T14:41:09+08:00
ORD00100925,M001884,P00181,電銷,created,3,USD,1402.98,250.0,2026-07-01T12:58:04+08:00,2026-10-07,2026-07-01T17:56:04+08:00
ORD00102131,M000434,P00051,web,created,4,USD,18498.92,900.0,2026-07-01T22:51:33+08:00,2026-10-04,2026-07-04T08:50:33+08:00
ORD00008275,M000550,P00219,門市,completed,2,USD,5499.04,200.0,2026-06-01T21:32:36+08:00,2026-06-15,2026-07-01T13:53:55+08:00
ORD00101006,M003171,P00026,web,created,4,TWD,582968.0,200.0,2026-07-01T03:39:31+08:00,2026-09-11,2026-07-02T11:44:31+08:00
ORD00101143,M004763,P00011,電銷,paid,2,TWD,278278.0,950.0,2026-07-01T22:38:02+08:00,2026-07-14,2026-07-04T10:50:02+08:00
ORD00102447,M002868,P00049,門市,paid,4,JPY,334163.0,50.0,2026-07-01T06:31:44+08:00,2026-07-12,2026-07-02T17:49:44+08:00
ORD00102686,M000871,P00076,web,paid,4,TWD,16142.0,300.0,2026-07-01T07:40:07+08:00,2026-09-01,2026-07-02T18:13:07+08:00
ORD00101562,M004625,P00142,門市,created,1,JPY,1121214.0,550.0,2026-07-01T09:40:07+08:00,2026-08-28,2026-07-01T15:35:07+08:00
ORD00102625,M004815,P00045,app,created,2,JPY,94229.0,300.0,2026-07-01T05:40:45+08:00,2026-10-10,2026-07-02T13:45:45+08:00
ORD00101443,M005996,P00097,app,paid,1,TWD,127590.0,150.0,2026-07-01T11:06:15+08:00,2026-08-27,2026-07-03T06:42:15+08:00
ORD00102930,M000967,P00012,web,paid,2,TWD,170417.0,400.0,2026-07-01T16:27:56+08:00,2026-09-02,2026-07-02T14:08:56+08:00
ORD00100488,M002012,P00194,app,created,2,USD,4315.13,600.0,2026-07-01T23:58:41+08:00,2026-07-12,2026-07-02T09:42:41+08:00
ORD00100812,M000539,P00036,app,created,1,TWD,64139.0,500.0,2026-07-01T03:05:40+08:00,2026-08-17,2026-07-01T08:30:40+08:00
ORD00050108,M002352,P00007,app,completed,2,TWD,123254.0,500.0,2026-05-05T23:17:28+08:00,2026-08-13,2026-07-01T06:08:20+08:00
ORD00102828,M005658,P00159,電銷,created,2,TWD,102597.0,850.0,2026-07-01T20:54:22+08:00,2026-10-07,2026-07-02T18:52:22+08:00
ORD00101212,M002616,P00015,app,created,1,USD,1693.5,800.0,2026-07-01T23:35:17+08:00,2026-10-05,2026-07-03T18:34:17+08:00
ORD00103131,M004992,P00215,門市,paid,2,TWD,87043.0,500.0,2026-07-01T15:35:32+08:00,2026-08-27,2026-07-02T21:33:32+08:00
ORD00102491,M001020,P00061,app,paid,1,TWD,195444.0,650.0,2026-07-01T15:04:28+08:00,2026-08-22,2026-07-03T22:10:28+08:00
ORD00100259,M006518,P00105,門市,paid,3,USD,6064.4,350.0,2026-07-01T21:36:01+08:00,2026-09-15,2026-07-04T02:00:01+08:00
ORD00100384,M002660,P00218,web,paid,3,TWD,117799.0,300.0,2026-07-01T12:48:58+08:00,2026-10-25,2026-07-03T15:35:58+08:00
ORD00103629,M004123,P00144,web,paid,3,TWD,434276.0,250.0,2026-07-01T10:01:57+08:00,2026-10-14,2026-07-01T21:31:57+08:00
ORD00101664,M003449,P00072,門市,paid,1,TWD,15866.0,200.0,2026-07-01T21:40:28+08:00,2026-09-06,2026-07-02T21:57:28+08:00
ORD00100833,M002789,P00240,門市,paid,1,USD,2812.77,900.0,2026-07-01T18:46:25+08:00,2026-09-24,2026-07-02T15:50:25+08:00
ORD00102982,M007614,P00041,門市,paid,2,TWD,19727.0,550.0,2026-07-01T17:50:08+08:00,2026-08-18,2026-07-03T16:47:08+08:00
ORD00094602,M006460,P00153,電銷,completed,4,TWD,412641.0,400.0,2026-05-09T06:02:18+08:00,2026-07-14,2026-07-01T19:57:59+08:00
ORD00100984,M001175,P00169,電銷,paid,1,TWD,34138.0,550.0,2026-07-01T04:50:07+08:00,2026-10-19,2026-07-03T18:18:07+08:00
ORD00102771,M002006,P00100,app,paid,1,TWD,186968.0,750.0,2026-07-01T05:30:34+08:00,2026-10-20,2026-07-02T19:32:34+08:00
ORD00103064,M002344,P00189,電銷,paid,3,USD,11526.19,800.0,2026-07-01T14:30:41+08:00,2026-09-01,2026-07-03T06:28:41+08:00
ORD00100023,M007442,P00004,電銷,paid,1,TWD,198123.0,900.0,2026-07-01T03:20:46+08:00,2026-09-30,2026-07-02T07:22:46+08:00
ORD00101839,M006177,P00182,web,paid,3,TWD,21806.0,50.0,2026-07-01T09:56:24+08:00,2026-09-07,2026-07-01T15:46:24+08:00
ORD00101658,M003688,P00108,web,paid,2,TWD,239748.0,50.0,2026-07-01T21:48:32+08:00,2026-08-23,2026-07-03T07:36:32+08:00
ORD00103916,M003941,P00005,電銷,paid,3,TWD,249367.0,900.0,2026-07-01T03:32:00+08:00,2026-08-18,2026-07-01T10:30:00+08:00
ORD00103447,M003477,P00244,web,paid,1,TWD,56146.0,350.0,2026-07-01T14:26:53+08:00,2026-09-10,2026-07-04T01:00:53+08:00
ORD00004673,M007920,P00136,電銷,completed,2,TWD,41383.0,300.0,2026-06-29T17:04:16+08:00,2026-08-04,2026-07-01T16:37:26+08:00
ORD00102094,M003163,P00170,web,created,3,TWD,162072.0,250.0,2026-07-01T23:52:58+08:00,2026-10-25,2026-07-04T18:18:58+08:00
ORD00100294,M004357,P00267,電銷,paid,2,JPY,1849570.0,50.0,2026-07-01T22:50:21+08:00,2026-09-28,2026-07-02T18:29:21+08:00
ORD00102342,M000404,P00225,web,created,4,TWD,198593.0,550.0,2026-07-01T15:39:06+08:00,2026-07-30,2026-07-03T17:03:06+08:00
ORD00101788,M000621,P00143,門市,paid,4,USD,1162.05,500.0,2026-07-01T02:16:34+08:00,2026-09-27,2026-07-03T15:13:34+08:00
ORD00057148,M000605,P00157,web,completed,4,TWD,353657.0,400.0,2026-06-17T15:05:40+08:00,2026-09-08,2026-07-01T13:54:13+08:00
ORD00103721,M006152,P00008,web,paid,1,TWD,96777.0,100.0,2026-07-01T17:06:33+08:00,2026-10-18,2026-07-02T02:17:33+08:00
ORD00101035,M007438,P00036,app,created,3,USD,6001.31,100.0,2026-07-01T04:22:28+08:00,2026-08-09,2026-07-02T17:57:28+08:00
ORD00102221,M005690,P00297,電銷,paid,1,JPY,694215.0,850.0,2026-07-01T05:57:17+08:00,2026-08-23,2026-07-02T22:31:17+08:00
ORD00092930,M002438,P00275,電銷,cancelled,1,JPY,430831.0,750.0,2026-06-09T10:34:45+08:00,2026-07-19,2026-07-01T00:41:47+08:00
ORD00102426,M005699,P00018,web,paid,4,TWD,654697.0,450.0,2026-07-01T02:44:18+08:00,2026-09-10,2026-07-01T13:53:18+08:00
ORD00101526,M003358,P00155,web,created,4,TWD,205746.0,800.0,2026-07-01T06:08:41+08:00,2026-07-25,2026-07-03T00:59:41+08:00
ORD00101898,M003371,P00292,app,paid,2,JPY,1354577.0,0.0,2026-07-01T17:45:07+08:00,2026-07-08,2026-07-03T15:17:07+08:00
ORD00101775,M000382,P00093,電銷,paid,3,USD,12179.97,200.0,2026-07-01T07:37:06+08:00,2026-09-24,2026-07-03T17:04:06+08:00
ORD00103706,M003898,P00078,電銷,created,4,TWD,418050.0,50.0,2026-07-01T00:51:17+08:00,2026-07-24,2026-07-02T00:56:17+08:00
ORD00100750,M007190,P00042,門市,paid,4,TWD,492216.0,850.0,2026-07-01T18:06:15+08:00,2026-10-23,2026-07-01T22:31:15+08:00
ORD00102995,M005615,P00212,門市,paid,1,TWD,24859.0,350.0,2026-07-01T02:12:55+08:00,2026-08-11,2026-07-03T14:38:55+08:00
ORD00101623,M001731,P00254,web,paid,3,TWD,8564.0,250.0,2026-07-01T11:13:54+08:00,2026-08-02,2026-07-02T16:59:54+08:00
ORD00100179,M005915,P00169,電銷,created,1,TWD,33466.0,450.0,2026-07-01T16:30:59+08:00,2026-08-05,2026-07-03T14:35:59+08:00
ORD00100177,M005977,P00111,app,created,2,JPY,903171.0,150.0,2026-07-01T06:57:57+08:00,2026-09-30,2026-07-02T00:28:57+08:00
ORD00103761,M002225,P00133,門市,created,4,JPY,85799.0,450.0,2026-07-01T07:51:50+08:00,2026-07-18,2026-07-02T00:17:50+08:00
ORD00102860,M002893,P00140,app,paid,2,TWD,89251.0,400.0,2026-07-01T17:57:19+08:00,2026-09-17,2026-07-03T15:35:19+08:00
ORD00102677,M000239,P00174,web,paid,2,TWD,41588.0,0.0,2026-07-01T20:51:44+08:00,2026-07-15,2026-07-04T06:04:44+08:00
ORD00101570,M006209,P00107,app,paid,4,TWD,697057.0,350.0,2026-07-01T00:57:02+08:00,2026-09-05,2026-07-02T03:47:02+08:00
ORD00103797,M003436,P00235,web,created,2,TWD,141668.0,300.0,2026-07-01T06:27:20+08:00,2026-09-30,2026-07-03T12:27:20+08:00
ORD00100887,M003617,P00264,web,paid,3,JPY,126384.0,500.0,2026-07-01T05:43:52+08:00,2026-07-14,2026-07-02T22:17:52+08:00
ORD00101905,M001076,P00014,app,paid,1,TWD,106327.0,800.0,2026-07-01T15:38:09+08:00,2026-10-18,2026-07-02T00:55:09+08:00
ORD00102287,M005747,P00298,電銷,created,3,TWD,395921.0,450.0,2026-07-01T05:54:38+08:00,2026-07-19,2026-07-02T05:15:38+08:00
ORD00044578,M004261,P00196,電銷,completed,2,USD,2828.85,950.0,2026-06-06T15:03:49+08:00,2026-08-28,2026-07-01T22:44:42+08:00
ORD00100729,M002770,P00290,電銷,paid,1,TWD,140959.0,350.0,2026-07-01T21:26:09+08:00,2026-07-11,2026-07-02T23:59:09+08:00
ORD00102558,M002224,P00078,web,paid,3,TWD,340177.0,750.0,2026-07-01T17:10:37+08:00,2026-07-09,2026-07-04T04:55:37+08:00
ORD00101720,M000222,P00048,電銷,paid,2,TWD,234921.0,50.0,2026-07-01T12:37:04+08:00,2026-07-19,2026-07-03T20:05:04+08:00
ORD00035636,M005907,P00157,web,cancelled,3,USD,8549.5,150.0,2026-06-11T20:52:28+08:00,2026-09-10,2026-07-01T17:09:02+08:00
ORD00083592,M003695,P00142,app,cancelled,3,TWD,701606.0,950.0,2026-06-28T07:47:29+08:00,2026-09-21,2026-07-01T01:41:12+08:00
ORD00100190,M004494,P00054,web,created,1,USD,4144.1,400.0,2026-07-01T10:06:31+08:00,2026-07-26,2026-07-03T19:02:31+08:00
ORD00100450,M007924,P00271,門市,paid,1,TWD,26902.0,400.0,2026-07-01T11:39:01+08:00,2026-10-14,2026-07-03T12:40:01+08:00
ORD00101093,M004169,P00192,app,created,3,USD,17759.56,500.0,2026-07-01T21:59:09+08:00,2026-10-11,2026-07-04T02:52:09+08:00
ORD00102647,M003974,P00210,門市,paid,4,JPY,2683489.0,650.0,2026-07-01T19:04:51+08:00,2026-07-20,2026-07-02T15:52:51+08:00
ORD00101256,M006626,P00170,電銷,created,4,TWD,218547.0,500.0,2026-07-01T23:18:46+08:00,2026-10-13,2026-07-03T03:19:46+08:00
ORD00100896,M007327,P00089,web,paid,4,TWD,330094.0,200.0,2026-07-01T23:38:24+08:00,2026-10-17,2026-07-02T09:51:24+08:00
ORD00030503,M007485,P00227,app,completed,3,USD,11952.25,950.0,2026-05-03T10:06:49+08:00,2026-05-20,2026-07-01T05:08:21+08:00
ORD00102970,M005076,P00141,門市,paid,4,TWD,359979.0,400.0,2026-07-01T12:16:20+08:00,2026-09-04,2026-07-02T14:05:20+08:00
ORD00037592,M005687,P00213,app,cancelled,4,TWD,441435.0,300.0,2026-05-24T17:21:30+08:00,2026-07-11,2026-07-01T20:57:12+08:00
ORD00102524,M005484,P00136,web,paid,3,TWD,60726.0,700.0,2026-07-01T19:54:53+08:00,2026-08-14,2026-07-03T22:08:53+08:00
ORD00100008,M006344,P00037,web,paid,1,TWD,110428.0,350.0,2026-07-01T23:24:51+08:00,2026-07-10,2026-07-02T05:48:51+08:00
ORD00100096,M007479,P00109,web,paid,3,USD,4525.24,0.0,2026-07-01T20:13:42+08:00,2026-07-08,2026-07-03T16:42:42+08:00
ORD00101277,M000826,P00176,門市,created,2,USD,7930.36,400.0,2026-07-01T15:26:28+08:00,2026-09-03,2026-07-04T00:49:28+08:00
ORD00100926,M001535,P00144,門市,paid,3,TWD,312965.0,950.0,2026-07-01T08:54:19+08:00,2026-09-12,2026-07-03T08:54:19+08:00
ORD00100210,M005957,P00015,web,created,4,JPY,1440175.0,950.0,2026-07-01T05:33:01+08:00,2026-09-20,2026-07-02T04:57:01+08:00
ORD00100773,M005431,P00047,app,paid,4,USD,2513.16,500.0,2026-07-01T12:44:52+08:00,2026-08-17,2026-07-03T19:04:52+08:00
ORD00100386,M007582,P00218,門市,paid,3,TWD,84160.0,350.0,2026-07-01T21:32:30+08:00,2026-09-13,2026-07-04T01:05:30+08:00
ORD00101776,M005315,P00125,門市,paid,4,TWD,229656.0,50.0,2026-07-01T06:42:33+08:00,2026-09-16,2026-07-02T15:29:33+08:00
ORD00103083,M007031,P00299,web,paid,1,USD,705.87,200.0,2026-07-01T20:49:27+08:00,2026-07-21,2026-07-04T00:17:27+08:00
ORD00102886,M005193,P00040,電銷,cancelled,2,TWD,182011.0,900.0,2026-07-01T07:32:23+08:00,2026-09-11,2026-07-04T06:58:23+08:00
ORD00102099,M004133,P00214,電銷,created,1,JPY,561022.0,0.0,2026-07-01T01:08:39+08:00,2026-08-17,2026-07-01T07:26:39+08:00
ORD00101172,M007011,P00204,門市,paid,1,TWD,138577.0,600.0,2026-07-01T12:31:09+08:00,2026-09-14,2026-07-04T00:30:09+08:00
ORD00102648,M007590,P00151,web,created,2,TWD,131249.0,300.0,2026-07-01T11:08:36+08:00,2026-08-27,2026-07-01T17:13:36+08:00
ORD00103392,M005226,P00069,門市,paid,1,TWD,223718.0,350.0,2026-07-01T18:33:46+08:00,2026-07-08,2026-07-02T22:50:46+08:00
ORD00101130,M000719,P00029,電銷,paid,1,USD,3735.11,200.0,2026-07-01T21:30:51+08:00,2026-10-15,2026-07-04T01:40:51+08:00
ORD00101850,M006963,P00059,app,paid,3,USD,10187.48,750.0,2026-07-01T09:09:21+08:00,2026-09-12,2026-07-02T23:44:21+08:00
ORD00102801,M004361,P00282,門市,created,4,TWD,834608.0,750.0,2026-07-01T19:03:55+08:00,2026-08-17,2026-07-04T13:32:55+08:00
ORD00055798,M002500,P00134,門市,cancelled,3,JPY,1839346.0,600.0,2026-05-03T01:45:26+08:00,2026-08-04,2026-07-01T21:48:02+08:00
ORD00102291,M000727,P00051,門市,paid,2,USD,9390.96,250.0,2026-07-01T12:28:40+08:00,2026-07-20,2026-07-01T19:43:40+08:00
ORD00079258,M004875,P00211,門市,completed,3,USD,10617.11,400.0,2026-05-21T17:07:11+08:00,2026-08-27,2026-07-01T00:04:13+08:00
ORD00102902,M004863,P00121,web,created,3,TWD,81991.0,750.0,2026-07-01T07:37:05+08:00,2026-09-09,2026-07-03T09:05:05+08:00
ORD00101614,M002687,P00146,電銷,paid,4,TWD,98971.0,200.0,2026-07-01T00:30:55+08:00,2026-10-08,2026-07-01T22:10:55+08:00
ORD00103028,M007835,P00220,app,created,3,TWD,94731.0,850.0,2026-07-01T12:03:05+08:00,2026-07-15,2026-07-03T10:50:05+08:00
ORD00100970,M006950,P00094,web,paid,4,TWD,779196.0,550.0,2026-07-01T22:18:57+08:00,2026-08-16,2026-07-04T12:27:57+08:00
ORD00101718,M000353,P00261,門市,created,1,TWD,5226.0,250.0,2026-07-01T04:46:20+08:00,2026-08-03,2026-07-01T23:34:20+08:00
ORD00102899,M007226,P00251,電銷,paid,4,TWD,438269.0,950.0,2026-07-01T09:09:19+08:00,2026-07-27,2026-07-02T01:58:19+08:00
ORD00102270,M002456,P00098,app,paid,2,TWD,350118.0,900.0,2026-07-01T14:32:33+08:00,2026-07-15,2026-07-02T14:13:33+08:00
ORD00100741,M006012,P00099,web,paid,2,TWD,343386.0,50.0,2026-07-01T13:58:28+08:00,2026-09-12,2026-07-02T17:22:28+08:00
ORD00100254,M002897,P00236,門市,paid,1,TWD,185672.0,850.0,2026-07-01T05:35:11+08:00,2026-07-17,2026-07-01T06:01:11+08:00
ORD00103059,M004298,P00251,app,paid,2,TWD,249178.0,300.0,2026-07-01T22:51:41+08:00,2026-09-26,2026-07-03T20:11:41+08:00
ORD00100996,M007555,P00174,app,paid,3,JPY,249944.0,700.0,2026-07-01T17:32:25+08:00,2026-07-27,2026-07-01T18:44:25+08:00
ORD00102410,M003119,P00083,web,paid,3,TWD,424227.0,700.0,2026-07-01T11:26:53+08:00,2026-10-20,2026-07-04T03:13:53+08:00
ORD00103268,M001140,P00113,門市,paid,4,JPY,3301275.0,200.0,2026-07-01T11:30:27+08:00,2026-08-08,2026-07-01T21:26:27+08:00
ORD00102137,M000565,P00190,門市,created,1,USD,6947.73,600.0,2026-07-01T02:07:43+08:00,2026-07-31,2026-07-01T10:28:43+08:00
ORD00101524,M003059,P00228,門市,created,4,USD,17397.83,250.0,2026-07-01T12:22:32+08:00,2026-08-16,2026-07-04T03:09:32+08:00
ORD00101607,M002121,P00070,app,paid,4,USD,14225.46,250.0,2026-07-01T16:47:48+08:00,2026-08-17,2026-07-02T10:23:48+08:00
ORD00101924,M001519,P00278,電銷,paid,1,USD,4623.46,650.0,2026-07-01T07:48:47+08:00,2026-10-20,2026-07-02T09:31:47+08:00
ORD00100753,M004375,P00256,電銷,created,4,USD,20127.77,400.0,2026-07-01T17:36:40+08:00,2026-07-22,2026-07-02T22:43:40+08:00
ORD00103425,M006702,P00033,web,paid,3,TWD,377643.0,600.0,2026-07-01T07:28:40+08:00,2026-08-14,2026-07-02T09:34:40+08:00
ORD00102568,M001138,P00258,app,created,4,TWD,598851.0,900.0,2026-07-01T10:05:58+08:00,2026-08-20,2026-07-03T10:21:58+08:00
ORD00101195,M005429,P00298,web,paid,2,USD,7703.47,950.0,2026-07-01T10:54:14+08:00,2026-07-25,2026-07-03T17:08:14+08:00
ORD00101483,M007949,P00192,電銷,created,1,TWD,234753.0,300.0,2026-07-01T08:32:41+08:00,2026-07-21,2026-07-03T13:43:41+08:00
ORD00103437,M000521,P00034,app,paid,4,USD,3126.28,150.0,2026-07-01T06:40:43+08:00,2026-10-25,2026-07-02T18:42:43+08:00
ORD00100608,M004872,P00032,電銷,created,1,USD,4030.89,850.0,2026-07-01T04:39:17+08:00,2026-10-19,2026-07-02T15:21:17+08:00
ORD00102478,M000223,P00119,web,paid,2,TWD,362456.0,0.0,2026-07-01T15:27:59+08:00,2026-10-20,2026-07-02T21:49:59+08:00
ORD00100046,M000304,P00048,web,paid,4,TWD,323174.0,800.0,2026-07-01T03:46:38+08:00,2026-07-31,2026-07-02T09:04:38+08:00
ORD00102814,M003348,P00041,門市,created,3,TWD,23104.0,350.0,2026-07-01T01:50:15+08:00,2026-09-06,2026-07-02T10:59:15+08:00
ORD00100019,M000305,P00165,web,paid,3,TWD,237194.0,0.0,2026-07-01T14:29:32+08:00,2026-10-28,2026-07-02T15:30:32+08:00
ORD00101333,M001647,P00259,門市,paid,2,TWD,247944.0,0.0,2026-07-01T07:55:44+08:00,2026-10-24,2026-07-03T09:59:44+08:00
ORD00101292,M002927,P00007,電銷,created,3,USD,5013.91,200.0,2026-07-01T14:31:30+08:00,2026-10-26,2026-07-01T20:04:30+08:00
ORD00103033,M006917,P00194,電銷,created,2,TWD,159788.0,750.0,2026-07-01T18:13:51+08:00,2026-09-17,2026-07-03T19:06:51+08:00
ORD00101767,M006934,P00232,app,paid,2,JPY,2149412.0,300.0,2026-07-01T05:42:37+08:00,2026-08-03,2026-07-02T17:23:37+08:00
ORD00091340,M003305,P00076,app,completed,3,USD,370.59,850.0,2026-06-03T21:15:24+08:00,2026-08-05,2026-07-01T18:32:52+08:00
ORD00033198,M001129,P00177,門市,completed,3,TWD,78525.0,650.0,2026-06-22T22:19:55+08:00,2026-07-20,2026-07-01T16:17:56+08:00
ORD00100945,M006941,P00202,門市,created,2,USD,7443.78,0.0,2026-07-01T19:08:26+08:00,2026-10-27,2026-07-03T14:53:26+08:00
ORD00102938,M007432,P00178,門市,paid,3,USD,2766.5,800.0,2026-07-01T19:11:45+08:00,2026-09-30,2026-07-03T04:27:45+08:00
ORD00103871,M003871,P00247,web,paid,3,TWD,462101.0,700.0,2026-07-01T03:23:17+08:00,2026-08-27,2026-07-02T02:55:17+08:00
ORD00101049,M000327,P00298,app,paid,4,JPY,2511164.0,550.0,2026-07-01T07:31:55+08:00,2026-07-09,2026-07-03T23:58:55+08:00
ORD00102987,M005102,P00074,app,paid,4,TWD,557572.0,800.0,2026-07-01T08:36:52+08:00,2026-07-19,2026-07-03T13:11:52+08:00
ORD00100180,M003647,P00024,電銷,paid,1,TWD,78995.0,200.0,2026-07-01T07:07:47+08:00,2026-07-31,2026-07-01T08:27:47+08:00
ORD00101907,M006352,P00020,web,paid,4,TWD,286119.0,150.0,2026-07-01T08:15:52+08:00,2026-08-28,2026-07-03T00:17:52+08:00
ORD00101768,M005906,P00045,電銷,paid,3,TWD,22460.0,600.0,2026-07-01T21:51:07+08:00,2026-10-23,2026-07-03T08:21:07+08:00
ORD00103316,M002276,P00021,電銷,paid,2,JPY,2145290.0,350.0,2026-07-01T03:24:41+08:00,2026-10-28,2026-07-03T09:58:41+08:00
ORD00103955,M006449,P00026,門市,paid,2,TWD,280612.0,500.0,2026-07-01T04:13:35+08:00,2026-07-29,2026-07-02T10:31:35+08:00
ORD00100431,M000375,P00018,電銷,created,3,TWD,451684.0,100.0,2026-07-01T08:17:03+08:00,2026-09-15,2026-07-02T07:26:03+08:00
ORD00102450,M005075,P00050,web,created,4,USD,380.26,900.0,2026-07-01T03:36:09+08:00,2026-08-19,2026-07-02T21:42:09+08:00
ORD00102169,M007104,P00170,門市,created,1,TWD,75132.0,650.0,2026-07-01T04:13:03+08:00,2026-08-08,2026-07-03T03:01:03+08:00
ORD00102319,M004313,P00284,門市,paid,4,JPY,2575053.0,750.0,2026-07-01T06:10:30+08:00,2026-08-24,2026-07-02T19:43:30+08:00
ORD00104000,M002052,P00119,web,created,2,TWD,419651.0,550.0,2026-07-01T23:41:55+08:00,2026-08-18,2026-07-04T01:36:55+08:00
ORD00102724,M002109,P00194,電銷,paid,1,USD,2710.88,100.0,2026-07-01T09:16:19+08:00,2026-08-12,2026-07-03T20:08:19+08:00
ORD00103003,M006625,P00041,web,created,4,TWD,38670.0,0.0,2026-07-01T21:42:15+08:00,2026-07-28,2026-07-02T09:44:15+08:00
ORD00103325,M004562,P00081,門市,created,1,TWD,119546.0,50.0,2026-07-01T12:04:58+08:00,2026-10-19,2026-07-02T02:40:58+08:00
ORD00102453,M000177,P00080,門市,paid,3,USD,13004.16,500.0,2026-07-01T09:02:09+08:00,2026-08-11,2026-07-03T16:52:09+08:00
ORD00103163,M004770,P00139,電銷,paid,2,TWD,314663.0,0.0,2026-07-01T07:37:02+08:00,2026-09-07,2026-07-02T13:56:02+08:00
ORD00102238,M005658,P00162,app,paid,1,TWD,6605.0,400.0,2026-07-01T17:20:16+08:00,2026-10-03,2026-07-03T08:15:16+08:00
ORD00103786,M001441,P00091,web,paid,2,TWD,207473.0,850.0,2026-07-01T00:05:28+08:00,2026-10-22,2026-07-02T05:17:28+08:00
ORD00103998,M001441,P00199,門市,paid,2,JPY,65548.0,50.0,2026-07-01T02:37:16+08:00,2026-07-08,2026-07-03T01:03:16+08:00
ORD00100280,M000305,P00165,web,paid,4,TWD,231645.0,600.0,2026-07-01T12:51:36+08:00,2026-08-10,2026-07-01T16:26:36+08:00
ORD00103360,M004774,P00087,app,paid,3,USD,20491.28,400.0,2026-07-01T23:31:16+08:00,2026-10-16,2026-07-04T16:42:16+08:00
ORD00102753,M000924,P00248,web,paid,2,TWD,52275.0,350.0,2026-07-01T10:41:23+08:00,2026-07-16,2026-07-02T10:59:23+08:00
ORD00101374,M003874,P00284,電銷,created,2,TWD,254009.0,900.0,2026-07-01T00:00:43+08:00,2026-09-09,2026-07-02T23:21:43+08:00
ORD00103438,M007697,P00085,電銷,paid,3,JPY,3093781.0,700.0,2026-07-01T06:09:12+08:00,2026-08-20,2026-07-02T16:15:12+08:00
ORD00046882,M000686,P00134,門市,completed,2,TWD,200952.0,850.0,2026-05-10T12:30:42+08:00,2026-09-01,2026-07-01T12:04:09+08:00
ORD00103170,M000301,P00048,門市,paid,3,TWD,334344.0,350.0,2026-07-01T10:26:28+08:00,2026-07-11,2026-07-02T15:30:28+08:00
ORD00102716,M000813,P00099,app,created,3,TWD,489469.0,950.0,2026-07-01T02:30:55+08:00,2026-10-16,2026-07-03T15:18:55+08:00
ORD00102794,M007058,P00171,web,created,3,TWD,259621.0,0.0,2026-07-01T06:41:36+08:00,2026-08-24,2026-07-02T11:12:36+08:00
ORD00102331,M000741,P00209,門市,paid,1,USD,3100.78,450.0,2026-07-01T04:38:53+08:00,2026-10-06,2026-07-02T03:17:53+08:00
ORD00103572,M003831,P00207,app,paid,4,TWD,264122.0,900.0,2026-07-01T20:03:19+08:00,2026-07-25,2026-07-03T19:08:19+08:00
ORD00103173,M007139,P00282,web,paid,4,JPY,4459092.0,600.0,2026-07-01T08:23:49+08:00,2026-09-03,2026-07-02T18:45:49+08:00
ORD00102774,M007437,P00097,電銷,created,4,TWD,494419.0,0.0,2026-07-01T21:13:20+08:00,2026-10-22,2026-07-02T13:55:20+08:00
ORD00103767,M006712,P00099,門市,created,3,TWD,421699.0,150.0,2026-07-01T15:04:17+08:00,2026-09-22,2026-07-03T15:34:17+08:00
ORD00103698,M007738,P00225,電銷,created,4,USD,5473.4,650.0,2026-07-01T17:42:06+08:00,2026-09-13,2026-07-01T22:06:06+08:00
ORD00100987,M000755,P00294,app,paid,2,TWD,301991.0,150.0,2026-07-01T06:02:20+08:00,2026-08-12,2026-07-01T09:08:20+08:00
ORD00101729,M002175,P00199,電銷,created,4,JPY,120254.0,350.0,2026-07-01T06:08:13+08:00,2026-10-17,2026-07-02T02:28:13+08:00
ORD00102913,M006970,P00274,app,paid,1,USD,3722.93,250.0,2026-07-01T07:34:05+08:00,2026-10-24,2026-07-02T07:33:05+08:00
ORD00100311,M004180,P00178,電銷,paid,2,JPY,401008.0,750.0,2026-07-01T08:19:42+08:00,2026-08-14,2026-07-02T13:59:42+08:00
ORD00103454,M000341,P00256,電銷,created,4,JPY,4485760.0,700.0,2026-07-01T13:01:28+08:00,2026-08-17,2026-07-02T23:31:28+08:00
ORD00101869,M007649,P00092,app,created,3,TWD,624177.0,900.0,2026-07-01T05:38:00+08:00,2026-08-05,2026-07-03T22:43:00+08:00
ORD00102203,M005710,P00114,app,created,2,JPY,943959.0,950.0,2026-07-01T22:31:55+08:00,2026-10-12,2026-07-04T12:23:55+08:00
ORD00103856,M004161,P00198,app,created,4,TWD,82849.0,250.0,2026-07-01T21:23:11+08:00,2026-09-20,2026-07-02T18:04:11+08:00
ORD00101050,M005200,P00095,web,paid,1,USD,7618.5,300.0,2026-07-01T10:53:46+08:00,2026-07-31,2026-07-02T01:31:46+08:00
ORD00101985,M007166,P00140,app,created,1,TWD,37869.0,550.0,2026-07-01T14:39:54+08:00,2026-08-17,2026-07-04T03:44:54+08:00
ORD00102572,M000139,P00197,門市,created,2,USD,4155.15,200.0,2026-07-01T18:34:48+08:00,2026-07-27,2026-07-02T16:08:48+08:00
ORD00102589,M002110,P00220,web,created,4,TWD,144953.0,800.0,2026-07-01T11:36:47+08:00,2026-09-14,2026-07-03T08:06:47+08:00
ORD00078206,M003633,P00059,web,completed,1,TWD,101484.0,150.0,2026-05-24T18:40:14+08:00,2026-09-08,2026-07-01T07:25:10+08:00
ORD00101696,M006442,P00188,web,paid,4,TWD,265562.0,50.0,2026-07-01T00:47:47+08:00,2026-07-28,2026-07-03T16:06:47+08:00
ORD00101198,M003375,P00011,門市,paid,1,TWD,161124.0,900.0,2026-07-01T00:30:42+08:00,2026-09-15,2026-07-02T06:39:42+08:00
ORD00101258,M000338,P00151,app,created,1,TWD,82588.0,250.0,2026-07-01T15:09:53+08:00,2026-10-07,2026-07-01T16:07:53+08:00
ORD00102106,M003300,P00235,門市,created,2,TWD,110409.0,750.0,2026-07-01T01:00:12+08:00,2026-07-26,2026-07-02T10:31:12+08:00
ORD00103182,M006997,P00103,門市,paid,2,TWD,45160.0,50.0,2026-07-01T00:27:53+08:00,2026-07-28,2026-07-02T12:22:53+08:00
ORD00101789,M003241,P00095,電銷,created,1,USD,7299.91,800.0,2026-07-01T05:13:06+08:00,2026-09-10,2026-07-02T21:59:06+08:00
ORD00102919,M006052,P00067,web,paid,2,TWD,188813.0,500.0,2026-07-01T11:41:56+08:00,2026-09-02,2026-07-01T17:45:56+08:00
ORD00101723,M001170,P00252,電銷,paid,1,JPY,316800.0,150.0,2026-07-01T22:03:04+08:00,2026-09-20,2026-07-03T17:27:04+08:00
ORD00103548,M002028,P00094,app,created,2,TWD,292181.0,400.0,2026-07-01T11:49:06+08:00,2026-08-10,2026-07-03T19:19:06+08:00
ORD00095784,M002857,P00238,電銷,completed,4,TWD,408014.0,400.0,2026-06-05T03:20:25+08:00,2026-10-01,2026-07-01T07:49:56+08:00
ORD00100743,M004044,P00187,門市,paid,1,TWD,27133.0,850.0,2026-07-01T07:17:28+08:00,2026-07-26,2026-07-02T15:37:28+08:00
ORD00101300,M005791,P00292,門市,paid,2,TWD,345381.0,900.0,2026-07-01T00:03:57+08:00,2026-08-31,2026-07-01T12:18:57+08:00
ORD00103469,M000470,P00273,電銷,paid,1,USD,2644.42,0.0,2026-07-01T00:47:28+08:00,2026-07-10,2026-07-01T14:34:28+08:00
ORD00101118,M003343,P00226,web,created,4,TWD,477956.0,650.0,2026-07-01T09:46:15+08:00,2026-10-04,2026-07-04T02:28:15+08:00
ORD00102263,M002493,P00106,web,paid,3,USD,4818.32,800.0,2026-07-01T18:40:07+08:00,2026-09-07,2026-07-01T22:39:07+08:00
ORD00100995,M005416,P00090,電銷,paid,3,USD,17023.93,900.0,2026-07-01T21:05:04+08:00,2026-09-06,2026-07-03T03:56:04+08:00
ORD00103099,M003618,P00290,app,created,1,TWD,147866.0,400.0,2026-07-01T07:33:31+08:00,2026-08-07,2026-07-03T03:46:31+08:00
ORD00100530,M005097,P00263,門市,paid,4,TWD,483608.0,900.0,2026-07-01T16:26:33+08:00,2026-10-03,2026-07-02T03:54:33+08:00
ORD00101312,M002228,P00178,web,paid,2,USD,1842.64,850.0,2026-07-01T19:22:23+08:00,2026-10-18,2026-07-04T08:51:23+08:00
ORD00103535,M004715,P00123,web,created,4,TWD,297992.0,200.0,2026-07-01T18:21:26+08:00,2026-10-04,2026-07-04T08:43:26+08:00
ORD00102635,M003647,P00224,app,paid,4,TWD,458742.0,50.0,2026-07-01T03:51:32+08:00,2026-08-18,2026-07-03T00:18:32+08:00
ORD00100089,M001249,P00222,電銷,created,4,TWD,185773.0,0.0,2026-07-01T00:09:55+08:00,2026-09-09,2026-07-01T18:44:55+08:00
ORD00102824,M005112,P00118,app,created,3,USD,11869.45,200.0,2026-07-01T01:46:02+08:00,2026-10-21,2026-07-03T19:40:02+08:00
ORD00102258,M007342,P00229,app,created,2,TWD,387262.0,0.0,2026-07-01T05:07:03+08:00,2026-09-17,2026-07-03T16:04:03+08:00
ORD00101552,M003693,P00040,web,paid,3,TWD,233938.0,400.0,2026-07-01T09:05:42+08:00,2026-10-02,2026-07-03T15:38:42+08:00
ORD00103055,M007867,P00093,電銷,paid,2,TWD,211386.0,200.0,2026-07-01T08:46:19+08:00,2026-09-11,2026-07-02T18:28:19+08:00
ORD00103506,M007226,P00056,app,created,2,TWD,142873.0,150.0,2026-07-01T09:18:21+08:00,2026-10-24,2026-07-02T03:32:21+08:00
ORD00101820,M006274,P00290,app,paid,4,USD,18032.53,300.0,2026-07-01T19:06:00+08:00,2026-10-01,2026-07-03T07:08:00+08:00
ORD00100496,M000002,P00044,電銷,paid,4,TWD,182480.0,900.0,2026-07-01T06:17:05+08:00,2026-07-10,2026-07-02T09:09:05+08:00
ORD00086359,M004636,P00298,web,completed,3,TWD,283510.0,550.0,2026-05-31T18:48:29+08:00,2026-07-25,2026-07-01T07:11:46+08:00
ORD00102836,M003237,P00173,電銷,paid,1,USD,229.91,350.0,2026-07-01T00:42:48+08:00,2026-09-26,2026-07-03T03:09:48+08:00
ORD00082784,M006123,P00282,門市,completed,1,USD,5737.48,300.0,2026-06-09T02:00:06+08:00,2026-09-06,2026-07-01T21:38:25+08:00
ORD00100244,M006379,P00153,web,paid,2,USD,5836.13,800.0,2026-07-01T02:10:35+08:00,2026-07-15,2026-07-02T07:56:35+08:00
ORD00103304,M007460,P00286,app,paid,3,TWD,489215.0,450.0,2026-07-01T18:14:31+08:00,2026-07-13,2026-07-02T01:39:31+08:00
ORD00100874,M006222,P00105,電銷,paid,1,TWD,56138.0,250.0,2026-07-01T04:20:33+08:00,2026-07-20,2026-07-01T05:26:33+08:00
ORD00026078,M005021,P00280,app,cancelled,3,USD,11274.21,450.0,2026-05-24T05:14:14+08:00,2026-08-19,2026-07-01T07:40:16+08:00
ORD00057073,M006097,P00143,電銷,cancelled,3,TWD,25755.0,350.0,2026-05-12T13:45:51+08:00,2026-09-02,2026-07-01T05:39:10+08:00
ORD00102387,M005327,P00116,門市,created,1,TWD,97356.0,750.0,2026-07-01T11:53:54+08:00,2026-07-20,2026-07-01T20:21:54+08:00
ORD00103049,M003176,P00224,門市,paid,4,JPY,2474460.0,600.0,2026-07-01T04:47:46+08:00,2026-10-16,2026-07-02T15:52:46+08:00
ORD00103520,M000382,P00239,app,created,2,TWD,325176.0,200.0,2026-07-01T15:50:47+08:00,2026-07-11,2026-07-04T09:24:47+08:00
ORD00100845,M006586,P00177,電銷,paid,4,TWD,74988.0,600.0,2026-07-01T16:59:40+08:00,2026-07-25,2026-07-03T06:48:40+08:00
ORD00063404,M005161,P00139,app,completed,4,TWD,467832.0,400.0,2026-06-02T02:29:39+08:00,2026-06-14,2026-07-01T04:43:07+08:00
ORD00103917,M004218,P00017,app,paid,4,TWD,563179.0,50.0,2026-07-01T10:23:03+08:00,2026-10-06,2026-07-02T01:09:03+08:00
ORD00103625,M004394,P00134,電銷,paid,2,TWD,248661.0,50.0,2026-07-01T09:02:10+08:00,2026-10-16,2026-07-03T23:28:10+08:00
ORD00100755,M005622,P00279,門市,paid,2,USD,7246.85,850.0,2026-07-01T23:51:00+08:00,2026-10-20,2026-07-03T05:55:00+08:00
ORD00103149,M006714,P00154,app,paid,3,TWD,369851.0,850.0,2026-07-01T18:02:58+08:00,2026-09-19,2026-07-01T21:38:58+08:00
ORD00102721,M001457,P00271,web,paid,4,USD,2827.64,950.0,2026-07-01T00:43:28+08:00,2026-08-28,2026-07-03T15:34:28+08:00
ORD00100412,M000836,P00029,app,created,3,JPY,1567072.0,50.0,2026-07-01T22:01:18+08:00,2026-08-17,2026-07-04T03:01:18+08:00
ORD00101349,M004599,P00101,電銷,paid,2,TWD,128657.0,0.0,2026-07-01T06:59:41+08:00,2026-08-13,2026-07-02T02:19:41+08:00
ORD00102455,M004278,P00145,電銷,paid,4,JPY,1433530.0,750.0,2026-07-01T15:36:39+08:00,2026-07-08,2026-07-04T02:36:39+08:00
ORD00101603,M000136,P00152,門市,created,1,TWD,45525.0,650.0,2026-07-01T01:18:13+08:00,2026-07-10,2026-07-03T15:11:13+08:00
ORD00100840,M000026,P00230,app,created,3,TWD,519940.0,600.0,2026-07-01T21:20:57+08:00,2026-09-11,2026-07-03T11:50:57+08:00
ORD00100119,M007565,P00036,web,created,3,JPY,1004469.0,900.0,2026-07-01T23:17:18+08:00,2026-07-08,2026-07-02T20:42:18+08:00
ORD00102271,M003647,P00244,電銷,paid,2,TWD,118503.0,200.0,2026-07-01T08:18:11+08:00,2026-08-05,2026-07-03T04:16:11+08:00
ORD00026645,M000996,P00269,電銷,cancelled,1,TWD,69288.0,750.0,2026-06-14T11:06:14+08:00,2026-09-13,2026-07-01T03:16:11+08:00
ORD00101746,M006712,P00075,門市,paid,2,USD,1325.46,150.0,2026-07-01T22:17:05+08:00,2026-07-25,2026-07-02T12:56:05+08:00
ORD00102004,M006911,P00058,電銷,created,2,TWD,75768.0,500.0,2026-07-01T18:07:30+08:00,2026-08-29,2026-07-03T19:41:30+08:00
ORD00101022,M007931,P00044,web,paid,2,TWD,80903.0,650.0,2026-07-01T12:57:39+08:00,2026-08-22,2026-07-03T05:07:39+08:00
ORD00100184,M003210,P00287,web,paid,1,JPY,641017.0,50.0,2026-07-01T13:07:26+08:00,2026-08-31,2026-07-04T05:01:26+08:00
ORD00103497,M001871,P00140,門市,paid,1,TWD,47651.0,650.0,2026-07-01T16:08:47+08:00,2026-10-26,2026-07-04T08:07:47+08:00
ORD00101990,M005287,P00183,電銷,created,2,TWD,327914.0,50.0,2026-07-01T01:06:21+08:00,2026-10-10,2026-07-02T03:05:21+08:00
ORD00102582,M003899,P00284,電銷,paid,4,USD,17595.28,600.0,2026-07-01T20:31:56+08:00,2026-10-06,2026-07-03T17:58:56+08:00
ORD00103345,M001621,P00029,web,created,2,TWD,227012.0,200.0,2026-07-01T20:48:04+08:00,2026-10-21,2026-07-04T04:46:04+08:00
ORD00101434,M001887,P00241,電銷,paid,1,TWD,192717.0,700.0,2026-07-01T22:05:12+08:00,2026-09-10,2026-07-03T08:28:12+08:00
ORD00102882,M004025,P00098,門市,created,1,TWD,175884.0,750.0,2026-07-01T03:40:54+08:00,2026-08-23,2026-07-03T10:23:54+08:00
ORD00103232,M007910,P00009,app,paid,3,USD,7836.76,850.0,2026-07-01T14:09:09+08:00,2026-09-24,2026-07-03T08:35:09+08:00
ORD00102642,M006483,P00241,門市,created,1,JPY,843771.0,850.0,2026-07-01T20:07:41+08:00,2026-09-11,2026-07-03T18:06:41+08:00
ORD00102626,M001607,P00241,web,paid,4,TWD,817356.0,450.0,2026-07-01T02:06:02+08:00,2026-09-05,2026-07-02T05:12:02+08:00
ORD00065545,M006029,P00216,web,completed,4,TWD,44108.0,250.0,2026-06-16T12:27:30+08:00,2026-09-03,2026-07-01T21:30:49+08:00
ORD00100961,M000650,P00015,web,created,2,USD,3604.41,300.0,2026-07-01T13:00:00+08:00,2026-09-06,2026-07-03T12:34:00+08:00
ORD00100149,M006355,P00101,門市,created,4,TWD,289193.0,250.0,2026-07-01T14:27:35+08:00,2026-07-26,2026-07-04T08:24:35+08:00
ORD00101496,M007501,P00230,門市,paid,3,TWD,489982.0,550.0,2026-07-01T01:59:50+08:00,2026-08-08,2026-07-03T19:58:50+08:00
ORD00018612,M002024,P00209,門市,completed,2,TWD,202712.0,50.0,2026-05-31T23:21:37+08:00,2026-07-27,2026-07-01T23:36:08+08:00
ORD00102762,M000513,P00077,電銷,paid,4,TWD,924873.0,350.0,2026-07-01T22:57:00+08:00,2026-08-04,2026-07-02T11:11:00+08:00
ORD00101857,M000960,P00043,web,created,1,TWD,104132.0,450.0,2026-07-01T23:12:20+08:00,2026-10-19,2026-07-02T10:09:20+08:00
ORD00103782,M005524,P00236,app,paid,4,TWD,528977.0,850.0,2026-07-01T23:20:53+08:00,2026-08-19,2026-07-04T03:11:53+08:00
ORD00103849,M001712,P00056,門市,created,4,TWD,335119.0,500.0,2026-07-01T04:17:40+08:00,2026-10-07,2026-07-01T06:33:40+08:00
ORD00100532,M004399,P00085,門市,created,4,TWD,710355.0,450.0,2026-07-01T22:26:37+08:00,2026-08-29,2026-07-03T22:40:37+08:00
ORD00066990,M000828,P00045,電銷,cancelled,1,TWD,9840.0,250.0,2026-05-10T10:03:52+08:00,2026-07-14,2026-07-01T00:10:36+08:00
ORD00100289,M004980,P00230,web,paid,1,TWD,210552.0,800.0,2026-07-01T17:09:06+08:00,2026-07-08,2026-07-02T17:48:06+08:00
ORD00001271,M002705,P00019,web,completed,4,TWD,332888.0,750.0,2026-05-20T19:14:41+08:00,2026-07-05,2026-07-01T17:27:38+08:00
ORD00101800,M003383,P00172,門市,paid,4,TWD,469599.0,350.0,2026-07-01T23:17:12+08:00,2026-10-23,2026-07-02T04:15:12+08:00
ORD00101736,M006851,P00251,門市,paid,4,TWD,385381.0,850.0,2026-07-01T19:42:23+08:00,2026-07-23,2026-07-01T23:17:23+08:00
ORD00100627,M006752,P00291,web,created,4,TWD,126050.0,400.0,2026-07-01T03:01:41+08:00,2026-10-27,2026-07-02T08:43:41+08:00
ORD00080044,M007433,P00016,門市,cancelled,2,JPY,729047.0,750.0,2026-05-20T20:02:33+08:00,2026-06-04,2026-07-01T15:52:22+08:00
ORD00102862,M002355,P00282,門市,created,4,TWD,730848.0,900.0,2026-07-01T06:27:30+08:00,2026-07-24,2026-07-02T21:55:30+08:00
ORD00100012,M007327,P00006,電銷,created,1,TWD,188750.0,300.0,2026-07-01T00:10:11+08:00,2026-09-28,2026-07-01T20:23:11+08:00
ORD00102997,M002978,P00229,電銷,paid,1,USD,4666.34,600.0,2026-07-01T16:42:39+08:00,2026-08-15,2026-07-02T04:53:39+08:00
ORD00101280,M007216,P00289,電銷,paid,2,TWD,208359.0,450.0,2026-07-01T06:53:35+08:00,2026-09-04,2026-07-04T00:10:35+08:00
ORD00103738,M003902,P00115,電銷,paid,1,TWD,146614.0,300.0,2026-07-01T13:50:54+08:00,2026-10-24,2026-07-03T07:08:54+08:00
ORD00103745,M005598,P00006,電銷,created,1,TWD,179034.0,500.0,2026-07-01T00:48:48+08:00,2026-09-05,2026-07-03T10:19:48+08:00
ORD00100304,M006792,P00228,web,created,4,TWD,566321.0,600.0,2026-07-01T00:50:23+08:00,2026-10-10,2026-07-01T10:24:23+08:00
ORD00101246,M006642,P00156,web,paid,4,TWD,668777.0,700.0,2026-07-01T22:35:57+08:00,2026-10-23,2026-07-02T06:18:57+08:00
ORD00102561,M001299,P00191,web,created,4,TWD,514878.0,0.0,2026-07-01T23:23:21+08:00,2026-07-25,2026-07-04T16:25:21+08:00
ORD00101933,M000685,P00195,web,paid,3,TWD,168679.0,700.0,2026-07-01T19:39:38+08:00,2026-07-16,2026-07-02T14:22:38+08:00
ORD00100577,M002759,P00095,app,created,1,TWD,225804.0,750.0,2026-07-01T01:48:55+08:00,2026-10-20,2026-07-03T17:07:55+08:00
ORD00100610,M003805,P00178,web,paid,1,JPY,198517.0,450.0,2026-07-01T18:49:52+08:00,2026-10-11,2026-07-02T07:34:52+08:00
ORD00044915,M004503,P00059,門市,cancelled,4,TWD,427031.0,700.0,2026-06-15T05:21:01+08:00,2026-10-11,2026-07-01T06:10:52+08:00
ORD00103260,M002452,P00087,app,paid,1,TWD,194672.0,850.0,2026-07-01T18:43:09+08:00,2026-07-29,2026-07-03T16:06:09+08:00
ORD00101417,M007874,P00082,app,created,4,USD,26831.33,50.0,2026-07-01T03:07:06+08:00,2026-10-04,2026-07-02T15:23:06+08:00
ORD00100109,M003045,P00127,門市,paid,3,TWD,190115.0,0.0,2026-07-01T00:23:32+08:00,2026-07-17,2026-07-02T17:33:32+08:00
ORD00101014,M001800,P00272,app,created,2,JPY,1140866.0,350.0,2026-07-01T20:33:56+08:00,2026-08-07,2026-07-02T06:44:56+08:00
ORD00103385,M000813,P00209,電銷,paid,3,USD,8078.92,50.0,2026-07-01T05:32:36+08:00,2026-09-12,2026-07-01T07:01:36+08:00
ORD00102822,M001663,P00185,web,created,3,TWD,594243.0,350.0,2026-07-01T02:32:54+08:00,2026-08-18,2026-07-01T21:29:54+08:00
ORD00103682,M001226,P00187,app,created,4,TWD,103200.0,450.0,2026-07-01T09:28:48+08:00,2026-08-29,2026-07-02T07:19:48+08:00
ORD00100543,M003739,P00035,app,paid,4,TWD,732833.0,250.0,2026-07-01T01:46:59+08:00,2026-08-23,2026-07-03T06:49:59+08:00
ORD00032885,M005304,P00092,web,completed,2,TWD,363231.0,0.0,2026-06-22T04:17:43+08:00,2026-10-13,2026-07-01T12:38:54+08:00
ORD00101427,M004998,P00290,web,paid,3,JPY,1676913.0,500.0,2026-07-01T07:26:37+08:00,2026-08-17,2026-07-02T04:18:37+08:00
ORD00006046,M002551,P00152,app,cancelled,4,JPY,828953.0,150.0,2026-05-24T09:29:13+08:00,2026-06-25,2026-07-01T18:23:09+08:00
ORD00082299,M006988,P00255,電銷,completed,3,TWD,535167.0,950.0,2026-05-12T15:22:17+08:00,2026-06-25,2026-07-01T06:38:40+08:00
ORD00102177,M007670,P00249,門市,paid,4,USD,11849.65,900.0,2026-07-01T10:47:57+08:00,2026-10-10,2026-07-03T00:00:57+08:00
ORD00103465,M000612,P00275,電銷,created,4,TWD,373355.0,600.0,2026-07-01T18:56:24+08:00,2026-08-26,2026-07-03T16:20:24+08:00
ORD00100695,M005613,P00275,電銷,created,2,USD,6276.73,200.0,2026-07-01T03:27:22+08:00,2026-07-12,2026-07-02T13:32:22+08:00
ORD00101190,M000188,P00177,app,paid,1,JPY,92333.0,850.0,2026-07-01T00:43:52+08:00,2026-07-12,2026-07-01T20:55:52+08:00
ORD00100329,M002973,P00177,app,paid,4,TWD,102420.0,250.0,2026-07-01T14:30:06+08:00,2026-07-28,2026-07-03T11:09:06+08:00
ORD00100748,M004903,P00137,門市,created,4,TWD,589720.0,150.0,2026-07-01T19:43:52+08:00,2026-07-29,2026-07-03T17:19:52+08:00
ORD00101410,M002958,P00014,門市,paid,3,TWD,393244.0,0.0,2026-07-01T07:28:49+08:00,2026-09-29,2026-07-03T17:55:49+08:00
ORD00103560,M003132,P00061,web,paid,1,USD,5435.56,600.0,2026-07-01T15:09:37+08:00,2026-08-05,2026-07-02T03:58:37+08:00
ORD00100637,M007984,P00084,web,created,1,USD,1711.54,150.0,2026-07-01T17:59:20+08:00,2026-08-24,2026-07-02T09:38:20+08:00
ORD00102972,M007071,P00286,電銷,paid,3,TWD,547710.0,350.0,2026-07-01T16:28:20+08:00,2026-09-24,2026-07-01T20:36:20+08:00
ORD00102734,M006180,P00122,門市,created,4,TWD,779615.0,50.0,2026-07-01T18:22:40+08:00,2026-10-05,2026-07-03T23:18:40+08:00
ORD00102193,M001123,P00144,app,paid,1,USD,4210.72,50.0,2026-07-01T09:27:24+08:00,2026-10-09,2026-07-03T23:09:24+08:00
ORD00101557,M007550,P00250,門市,paid,4,TWD,346945.0,450.0,2026-07-01T02:09:02+08:00,2026-07-09,2026-07-01T18:57:02+08:00
ORD00102657,M000077,P00031,電銷,created,3,TWD,448916.0,550.0,2026-07-01T08:25:50+08:00,2026-07-09,2026-07-01T20:20:50+08:00
ORD00015700,M004672,P00013,電銷,completed,2,TWD,329479.0,700.0,2026-06-21T04:47:02+08:00,2026-10-07,2026-07-01T07:44:49+08:00
ORD00100527,M000907,P00096,app,created,4,TWD,25615.0,450.0,2026-07-01T06:17:21+08:00,2026-07-29,2026-07-03T02:09:21+08:00
ORD00102069,M005166,P00104,app,paid,1,USD,103.52,100.0,2026-07-01T06:07:32+08:00,2026-07-22,2026-07-03T13:49:32+08:00
ORD00102353,M004479,P00261,電銷,paid,3,TWD,15161.0,0.0,2026-07-01T21:22:59+08:00,2026-09-21,2026-07-02T18:40:59+08:00
ORD00094623,M004014,P00102,web,cancelled,1,TWD,39667.0,100.0,2026-05-06T04:47:51+08:00,2026-05-13,2026-07-01T16:58:57+08:00
ORD00103524,M006350,P00164,門市,created,2,TWD,63040.0,200.0,2026-07-01T22:40:37+08:00,2026-09-06,2026-07-04T06:28:37+08:00
ORD00101920,M004662,P00260,app,paid,1,TWD,142609.0,200.0,2026-07-01T03:11:01+08:00,2026-10-16,2026-07-03T16:07:01+08:00
ORD00103048,M002058,P00210,web,paid,3,JPY,2636684.0,200.0,2026-07-01T06:12:09+08:00,2026-07-24,2026-07-03T19:00:09+08:00
ORD00101569,M003101,P00091,電銷,paid,2,TWD,233620.0,700.0,2026-07-01T22:49:58+08:00,2026-08-20,2026-07-02T19:03:58+08:00
ORD00100216,M000033,P00290,app,paid,4,TWD,560003.0,0.0,2026-07-01T12:34:27+08:00,2026-08-24,2026-07-03T01:31:27+08:00
ORD00102026,M003233,P00061,web,paid,4,TWD,792508.0,250.0,2026-07-01T14:21:43+08:00,2026-07-14,2026-07-02T11:22:43+08:00
ORD00101888,M005287,P00077,web,created,4,JPY,3646344.0,200.0,2026-07-01T13:13:39+08:00,2026-09-21,2026-07-02T09:42:39+08:00
ORD00102825,M000553,P00267,電銷,created,4,TWD,709096.0,150.0,2026-07-01T03:06:58+08:00,2026-10-07,2026-07-03T12:39:58+08:00
ORD00004543,M001369,P00125,電銷,completed,1,USD,2008.45,850.0,2026-05-03T13:08:42+08:00,2026-08-04,2026-07-01T08:32:39+08:00
ORD00103859,M001261,P00175,門市,created,1,TWD,18487.0,50.0,2026-07-01T19:36:00+08:00,2026-10-15,2026-07-03T16:58:00+08:00
ORD00102471,M002107,P00216,web,created,3,TWD,38495.0,50.0,2026-07-01T14:21:49+08:00,2026-08-24,2026-07-03T14:25:49+08:00
ORD00100757,M004404,P00057,門市,paid,3,USD,10301.83,0.0,2026-07-01T20:35:25+08:00,2026-08-28,2026-07-02T06:39:25+08:00
ORD00102744,M001596,P00151,門市,created,4,TWD,253467.0,700.0,2026-07-01T13:19:23+08:00,2026-08-12,2026-07-03T21:22:23+08:00
ORD00100469,M003704,P00197,電銷,paid,2,JPY,849393.0,150.0,2026-07-01T19:06:20+08:00,2026-09-10,2026-07-03T07:52:20+08:00
ORD00100332,M004420,P00022,門市,paid,4,JPY,794245.0,600.0,2026-07-01T18:47:11+08:00,2026-07-21,2026-07-03T18:05:11+08:00
ORD00100553,M006391,P00092,電銷,created,4,TWD,768906.0,300.0,2026-07-01T11:44:05+08:00,2026-10-08,2026-07-02T14:12:05+08:00
ORD00103286,M004566,P00277,電銷,created,2,TWD,235266.0,0.0,2026-07-01T02:57:51+08:00,2026-08-01,2026-07-02T04:23:51+08:00
ORD00102021,M002157,P00052,電銷,created,4,TWD,290411.0,300.0,2026-07-01T11:36:00+08:00,2026-08-02,2026-07-03T10:45:00+08:00
ORD00102490,M000740,P00023,電銷,created,3,TWD,653645.0,950.0,2026-07-01T03:55:23+08:00,2026-08-02,2026-07-01T05:40:23+08:00
ORD00102080,M004917,P00209,web,paid,4,TWD,429544.0,250.0,2026-07-01T22:28:12+08:00,2026-08-09,2026-07-02T21:27:12+08:00
ORD00100550,M003593,P00120,電銷,created,3,TWD,421593.0,450.0,2026-07-01T23:20:49+08:00,2026-10-02,2026-07-04T17:23:49+08:00
ORD00101555,M004745,P00219,電銷,paid,4,TWD,334883.0,550.0,2026-07-01T04:08:17+08:00,2026-07-15,2026-07-02T00:17:17+08:00
ORD00100671,M005260,P00146,app,created,2,TWD,43871.0,500.0,2026-07-01T10:25:36+08:00,2026-10-14,2026-07-04T00:29:36+08:00
ORD00101635,M006891,P00153,app,paid,2,TWD,174165.0,550.0,2026-07-01T17:57:42+08:00,2026-08-25,2026-07-02T20:25:42+08:00
ORD00100609,M003507,P00122,app,created,1,TWD,171172.0,450.0,2026-07-01T15:53:09+08:00,2026-07-13,2026-07-03T20:37:09+08:00
ORD00103435,M003241,P00040,門市,paid,4,TWD,341910.0,50.0,2026-07-01T13:22:50+08:00,2026-08-10,2026-07-03T21:31:50+08:00
ORD00101323,M002929,P00024,app,paid,1,USD,2832.7,800.0,2026-07-01T07:08:19+08:00,2026-07-17,2026-07-01T09:39:19+08:00
ORD00103198,M002025,P00049,app,paid,2,TWD,34224.0,900.0,2026-07-01T15:24:40+08:00,2026-08-05,2026-07-03T05:04:40+08:00
ORD00102557,M002966,P00266,電銷,paid,4,USD,2304.08,0.0,2026-07-01T10:39:03+08:00,2026-09-21,2026-07-02T01:59:03+08:00
ORD00102272,M006403,P00070,門市,paid,3,TWD,305621.0,850.0,2026-07-01T12:37:17+08:00,2026-08-10,2026-07-02T19:39:17+08:00
ORD00101672,M003565,P00265,app,created,2,TWD,340472.0,300.0,2026-07-01T18:39:41+08:00,2026-10-01,2026-07-03T02:29:41+08:00
ORD00103960,M002484,P00257,電銷,created,2,TWD,59739.0,300.0,2026-07-01T14:41:09+08:00,2026-09-24,2026-07-03T03:48:09+08:00
ORD00102518,M001523,P00014,電銷,created,2,TWD,244586.0,300.0,2026-07-01T17:07:58+08:00,2026-10-14,2026-07-03T08:00:58+08:00
ORD00100067,M004108,P00298,門市,paid,3,TWD,366058.0,900.0,2026-07-01T11:46:12+08:00,2026-08-18,2026-07-01T18:46:12+08:00
ORD00103176,M003172,P00263,web,paid,2,TWD,225652.0,600.0,2026-07-01T03:16:28+08:00,2026-10-19,2026-07-03T04:06:28+08:00
ORD00101305,M002464,P00257,門市,created,4,USD,5433.16,800.0,2026-07-01T15:26:37+08:00,2026-08-23,2026-07-02T08:46:37+08:00
ORD00102579,M003605,P00012,app,paid,2,TWD,157113.0,50.0,2026-07-01T21:14:00+08:00,2026-08-02,2026-07-02T12:12:00+08:00
ORD00101834,M006304,P00237,web,paid,4,JPY,3796491.0,300.0,2026-07-01T20:12:59+08:00,2026-08-04,2026-07-03T23:11:59+08:00
ORD00101514,M006796,P00292,web,created,1,TWD,163114.0,100.0,2026-07-01T03:41:37+08:00,2026-10-05,2026-07-03T03:11:37+08:00
ORD00103627,M003313,P00208,門市,paid,2,TWD,302772.0,900.0,2026-07-01T20:44:39+08:00,2026-07-20,2026-07-03T15:38:39+08:00
ORD00102586,M000158,P00145,門市,paid,4,TWD,394560.0,750.0,2026-07-01T00:46:51+08:00,2026-08-01,2026-07-01T10:33:51+08:00
ORD00102750,M000022,P00277,app,created,4,JPY,2707239.0,100.0,2026-07-01T21:34:33+08:00,2026-07-16,2026-07-03T06:07:33+08:00
ORD00101906,M001410,P00166,app,created,1,TWD,171884.0,50.0,2026-07-01T06:17:44+08:00,2026-09-29,2026-07-03T00:13:44+08:00
ORD00100403,M000105,P00169,app,paid,1,TWD,38020.0,750.0,2026-07-01T16:30:24+08:00,2026-09-23,2026-07-02T14:04:24+08:00
ORD00100134,M000263,P00029,門市,paid,2,TWD,195338.0,400.0,2026-07-01T01:45:39+08:00,2026-08-24,2026-07-01T13:55:39+08:00
ORD00101056,M000242,P00111,web,created,1,TWD,86598.0,850.0,2026-07-01T22:27:01+08:00,2026-08-18,2026-07-02T08:56:01+08:00
ORD00101303,M000839,P00093,門市,paid,2,JPY,1050143.0,600.0,2026-07-01T15:24:26+08:00,2026-07-17,2026-07-02T07:19:26+08:00
ORD00101316,M004813,P00184,web,created,2,TWD,293672.0,400.0,2026-07-01T15:34:16+08:00,2026-10-01,2026-07-02T02:31:16+08:00
ORD00103053,M003736,P00047,門市,created,3,TWD,59808.0,850.0,2026-07-01T01:26:51+08:00,2026-10-21,2026-07-01T13:01:51+08:00
ORD00102277,M006290,P00292,電銷,created,3,USD,14198.61,700.0,2026-07-01T02:37:12+08:00,2026-10-03,2026-07-03T16:22:12+08:00
ORD00103283,M001801,P00259,門市,paid,2,TWD,239336.0,450.0,2026-07-01T01:55:36+08:00,2026-08-09,2026-07-02T17:12:36+08:00
ORD00101818,M001521,P00143,app,created,4,TWD,38959.0,900.0,2026-07-01T15:47:39+08:00,2026-10-25,2026-07-02T13:39:39+08:00
ORD00100211,M006096,P00107,web,paid,1,TWD,171588.0,600.0,2026-07-01T10:05:12+08:00,2026-07-14,2026-07-04T01:10:12+08:00
ORD00102898,M001597,P00040,電銷,created,1,TWD,71206.0,500.0,2026-07-01T08:50:08+08:00,2026-07-30,2026-07-03T04:22:08+08:00
ORD00102636,M006131,P00151,門市,created,4,TWD,268285.0,150.0,2026-07-01T15:33:37+08:00,2026-10-15,2026-07-02T03:30:37+08:00
ORD00101974,M001141,P00125,門市,paid,2,USD,4000.36,150.0,2026-07-01T20:04:35+08:00,2026-08-31,2026-07-02T22:56:35+08:00
ORD00025084,M002749,P00217,web,cancelled,3,TWD,528103.0,800.0,2026-06-17T04:22:27+08:00,2026-08-30,2026-07-01T12:55:52+08:00
ORD00100663,M003700,P00144,app,created,1,USD,4669.29,850.0,2026-07-01T03:02:02+08:00,2026-10-03,2026-07-01T07:45:02+08:00
ORD00103818,M000794,P00079,web,created,2,USD,3108.09,500.0,2026-07-01T15:17:00+08:00,2026-09-26,2026-07-04T01:42:00+08:00
ORD00079672,M002547,P00270,web,cancelled,3,USD,2123.06,900.0,2026-06-24T13:25:22+08:00,2026-08-30,2026-07-01T17:11:23+08:00
ORD00101712,M000253,P00020,門市,paid,4,TWD,253578.0,900.0,2026-07-01T21:51:23+08:00,2026-09-14,2026-07-04T02:46:23+08:00
ORD00102371,M000017,P00076,電銷,paid,2,TWD,6936.0,450.0,2026-07-01T03:25:34+08:00,2026-09-26,2026-07-03T00:39:34+08:00
ORD00100138,M004339,P00230,電銷,created,1,TWD,168529.0,500.0,2026-07-01T06:49:54+08:00,2026-07-11,2026-07-01T08:41:54+08:00
ORD00103341,M002345,P00092,web,paid,3,TWD,617924.0,500.0,2026-07-01T05:13:59+08:00,2026-07-16,2026-07-03T04:51:59+08:00
ORD00100476,M007303,P00091,門市,paid,1,USD,4116.45,900.0,2026-07-01T20:55:53+08:00,2026-09-02,2026-07-03T10:38:53+08:00
ORD00101423,M001967,P00006,app,created,2,TWD,351880.0,500.0,2026-07-01T22:21:53+08:00,2026-08-26,2026-07-04T14:56:53+08:00
ORD00100010,M007184,P00263,web,created,3,USD,11395.96,900.0,2026-07-01T03:08:48+08:00,2026-07-08,2026-07-03T08:38:48+08:00
ORD00103294,M003789,P00062,app,paid,3,TWD,379140.0,200.0,2026-07-01T02:29:39+08:00,2026-07-16,2026-07-03T09:11:39+08:00
ORD00088462,M006251,P00272,門市,cancelled,3,TWD,323442.0,0.0,2026-06-15T03:29:20+08:00,2026-09-16,2026-07-01T13:52:42+08:00
ORD00103274,M006808,P00275,web,paid,3,JPY,1572741.0,750.0,2026-07-01T19:10:23+08:00,2026-10-02,2026-07-04T09:01:23+08:00
ORD00103371,M004683,P00155,app,paid,1,TWD,42877.0,100.0,2026-07-01T02:45:51+08:00,2026-10-23,2026-07-01T14:01:51+08:00
ORD00102368,M001340,P00228,電銷,created,3,JPY,1902952.0,800.0,2026-07-01T13:56:43+08:00,2026-07-23,2026-07-02T03:37:43+08:00
ORD00100578,M007707,P00187,web,created,3,TWD,69843.0,850.0,2026-07-01T00:23:45+08:00,2026-07-14,2026-07-02T19:01:45+08:00
ORD00100549,M005995,P00094,電銷,created,3,TWD,500930.0,750.0,2026-07-01T10:47:52+08:00,2026-09-11,2026-07-03T07:52:52+08:00
ORD00100310,M003033,P00274,web,created,1,TWD,118229.0,750.0,2026-07-01T06:46:29+08:00,2026-07-16,2026-07-01T23:52:29+08:00
ORD00103896,M002035,P00116,web,paid,1,TWD,85495.0,950.0,2026-07-01T09:56:59+08:00,2026-10-24,2026-07-01T12:38:59+08:00
ORD00102631,M005639,P00019,app,paid,1,TWD,106678.0,450.0,2026-07-01T01:00:52+08:00,2026-09-23,2026-07-02T06:28:52+08:00
ORD00100388,M007063,P00176,app,created,2,TWD,323989.0,400.0,2026-07-01T12:43:41+08:00,2026-09-11,2026-07-02T20:46:41+08:00
ORD00102758,M007697,P00300,門市,paid,2,TWD,182005.0,100.0,2026-07-01T14:47:03+08:00,2026-09-14,2026-07-02T08:32:03+08:00
ORD00101606,M007549,P00034,app,paid,3,TWD,58918.0,400.0,2026-07-01T21:31:05+08:00,2026-08-03,2026-07-02T13:29:05+08:00
ORD00102356,M002101,P00083,web,paid,3,TWD,465333.0,250.0,2026-07-01T00:40:35+08:00,2026-10-06,2026-07-01T23:37:35+08:00
ORD00103605,M002983,P00210,web,paid,1,USD,4422.56,350.0,2026-07-01T07:05:03+08:00,2026-07-28,2026-07-03T11:41:03+08:00
ORD00102903,M004690,P00195,門市,paid,3,TWD,195761.0,200.0,2026-07-01T01:33:20+08:00,2026-08-27,2026-07-03T04:41:20+08:00
ORD00102495,M001744,P00136,app,created,1,TWD,19202.0,50.0,2026-07-01T22:15:14+08:00,2026-08-22,2026-07-02T19:07:14+08:00
ORD00102583,M005976,P00051,門市,created,2,TWD,320656.0,500.0,2026-07-01T11:29:35+08:00,2026-07-09,2026-07-03T18:53:35+08:00
ORD00102156,M007425,P00156,電銷,paid,3,TWD,638413.0,250.0,2026-07-01T14:47:38+08:00,2026-07-21,2026-07-02T22:17:38+08:00
ORD00100127,M006108,P00124,電銷,paid,2,TWD,94674.0,0.0,2026-07-01T08:53:06+08:00,2026-09-17,2026-07-02T03:48:06+08:00
ORD00103880,M001436,P00160,web,created,2,TWD,24991.0,450.0,2026-07-01T02:35:16+08:00,2026-10-12,2026-07-03T12:04:16+08:00
ORD00100792,M002395,P00218,門市,paid,3,TWD,100756.0,450.0,2026-07-01T05:03:46+08:00,2026-08-20,2026-07-03T15:42:46+08:00
ORD00103694,M004555,P00299,web,paid,3,TWD,74740.0,400.0,2026-07-01T02:15:11+08:00,2026-07-25,2026-07-01T04:51:11+08:00
ORD00103321,M003505,P00061,門市,paid,3,TWD,471118.0,700.0,2026-07-01T20:41:10+08:00,2026-08-14,2026-07-02T14:34:10+08:00
ORD00100207,M000860,P00173,app,paid,1,JPY,33438.0,150.0,2026-07-01T04:36:01+08:00,2026-08-15,2026-07-03T10:59:01+08:00
ORD00103900,M005362,P00205,電銷,paid,1,TWD,12459.0,200.0,2026-07-01T01:54:09+08:00,2026-08-15,2026-07-02T15:44:09+08:00
ORD00103676,M001329,P00018,app,created,3,TWD,489472.0,50.0,2026-07-01T16:49:05+08:00,2026-09-29,2026-07-02T06:47:05+08:00
ORD00101347,M002321,P00092,web,paid,3,TWD,539661.0,450.0,2026-07-01T13:22:51+08:00,2026-08-12,2026-07-02T10:12:51+08:00
ORD00103678,M000086,P00093,電銷,paid,3,TWD,338421.0,850.0,2026-07-01T12:42:25+08:00,2026-08-17,2026-07-03T03:19:25+08:00
ORD00101660,M006699,P00197,web,paid,3,TWD,181297.0,550.0,2026-07-01T03:14:24+08:00,2026-09-20,2026-07-01T22:58:24+08:00
ORD00101960,M002863,P00245,web,created,2,JPY,1342699.0,950.0,2026-07-01T06:47:26+08:00,2026-08-13,2026-07-03T08:48:26+08:00
ORD00046109,M001558,P00060,門市,completed,4,TWD,476026.0,450.0,2026-05-26T15:07:52+08:00,2026-06-23,2026-07-01T01:52:36+08:00
ORD00102307,M005820,P00184,web,created,2,TWD,349981.0,300.0,2026-07-01T05:38:23+08:00,2026-09-13,2026-07-02T01:02:23+08:00
ORD00098744,M004222,P00138,web,completed,4,TWD,252880.0,300.0,2026-06-25T04:47:54+08:00,2026-09-22,2026-07-01T13:17:29+08:00
ORD00102406,M004258,P00137,app,paid,3,TWD,378352.0,800.0,2026-07-01T20:01:23+08:00,2026-08-22,2026-07-04T13:37:23+08:00
ORD00100113,M001030,P00124,web,paid,3,USD,4493.54,100.0,2026-07-01T16:49:36+08:00,2026-10-14,2026-07-03T10:15:36+08:00
ORD00102181,M005923,P00103,電銷,paid,3,TWD,75866.0,600.0,2026-07-01T20:38:57+08:00,2026-09-13,2026-07-02T02:38:57+08:00
ORD00084330,M001846,P00260,app,cancelled,4,TWD,560883.0,750.0,2026-05-25T04:16:58+08:00,2026-08-23,2026-07-01T08:40:20+08:00
ORD00100665,M005735,P00060,電銷,created,4,USD,19668.96,450.0,2026-07-01T17:09:05+08:00,2026-09-24,2026-07-02T06:53:05+08:00
ORD00046373,M002246,P00071,門市,completed,4,TWD,221298.0,300.0,2026-06-19T05:39:03+08:00,2026-10-09,2026-07-01T19:20:00+08:00
ORD00103276,M002566,P00115,電銷,paid,4,TWD,603324.0,50.0,2026-07-01T08:47:50+08:00,2026-07-15,2026-07-03T09:39:50+08:00
ORD00100059,M003451,P00079,門市,paid,3,TWD,133617.0,650.0,2026-07-01T08:08:54+08:00,2026-08-09,2026-07-02T16:39:54+08:00
ORD00102840,M000492,P00028,web,paid,1,USD,3106.31,850.0,2026-07-01T20:49:48+08:00,2026-08-23,2026-07-03T09:12:48+08:00
ORD00101801,M007830,P00135,app,created,1,TWD,7335.0,250.0,2026-07-01T23:51:28+08:00,2026-10-02,2026-07-04T10:11:28+08:00
ORD00101325,M000936,P00288,web,created,1,TWD,11889.0,150.0,2026-07-01T17:30:00+08:00,2026-08-06,2026-07-02T04:54:00+08:00
ORD00101408,M006650,P00284,電銷,created,3,TWD,474462.0,300.0,2026-07-01T17:12:22+08:00,2026-09-01,2026-07-02T00:43:22+08:00
ORD00100873,M002487,P00228,web,paid,3,TWD,395200.0,850.0,2026-07-01T00:05:12+08:00,2026-08-31,2026-07-02T04:55:12+08:00
ORD00060247,M005640,P00240,app,completed,3,TWD,270303.0,100.0,2026-05-18T17:56:07+08:00,2026-07-16,2026-07-01T05:52:25+08:00
ORD00102084,M004510,P00162,電銷,created,2,USD,410.96,300.0,2026-07-01T05:23:37+08:00,2026-08-08,2026-07-01T08:33:42+08:00
ORD00101180,M005441,P00187,電銷,paid,3,JPY,428970.0,600.0,2026-07-01T18:22:03+08:00,2026-09-08,2026-07-03T12:07:03+08:00
ORD00103061,M004028,P00203,門市,paid,4,USD,18498.28,300.0,2026-07-01T14:59:47+08:00,2026-09-10,2026-07-03T06:21:47+08:00
ORD00101218,M002758,P00222,web,paid,3,TWD,101897.0,350.0,2026-07-01T03:31:05+08:00,2026-09-03,2026-07-03T16:58:05+08:00
ORD00102428,M000127,P00270,app,created,3,TWD,83134.0,350.0,2026-07-01T11:16:07+08:00,2026-09-20,2026-07-03T10:52:07+08:00
ORD00103973,M005806,P00265,web,paid,2,TWD,370257.0,250.0,2026-07-01T19:22:58+08:00,2026-08-22,2026-07-03T18:21:58+08:00
ORD00100486,M001298,P00228,門市,paid,2,TWD,259275.0,800.0,2026-07-01T11:01:51+08:00,2026-09-29,2026-07-01T21:11:51+08:00
ORD00102350,M007218,P00098,app,paid,4,TWD,503112.0,150.0,2026-07-01T07:25:00+08:00,2026-08-28,2026-07-01T10:44:00+08:00
ORD00101849,M001592,P00131,web,created,2,JPY,1737941.0,200.0,2026-07-01T12:33:21+08:00,2026-08-05,2026-07-01T18:47:21+08:00
ORD00100154,M003461,P00169,web,created,4,TWD,144944.0,750.0,2026-07-01T00:26:51+08:00,2026-09-25,2026-07-01T05:16:51+08:00
ORD00101232,M000104,P00036,web,created,4,TWD,277998.0,0.0,2026-07-01T19:46:09+08:00,2026-09-05,2026-07-03T11:35:09+08:00
ORD00100724,M000691,P00113,門市,paid,4,TWD,617641.0,900.0,2026-07-01T08:14:52+08:00,2026-10-09,2026-07-03T07:37:52+08:00
ORD00102947,M003753,P00241,門市,paid,3,TWD,517686.0,350.0,2026-07-01T10:32:18+08:00,2026-08-25,2026-07-03T16:49:18+08:00
ORD00033453,M006383,P00127,app,completed,4,USD,8273.54,650.0,2026-06-10T00:43:34+08:00,2026-09-29,2026-07-01T00:44:07+08:00
ORD00102386,M003730,P00274,門市,paid,1,TWD,90316.0,600.0,2026-07-01T15:29:45+08:00,2026-10-15,2026-07-03T17:17:45+08:00
ORD00103615,M000009,P00142,門市,paid,2,USD,14590.43,150.0,2026-07-01T07:46:51+08:00,2026-09-03,2026-07-03T20:25:51+08:00
ORD00103090,M005995,P00224,門市,paid,1,TWD,106069.0,550.0,2026-07-01T10:30:11+08:00,2026-09-04,2026-07-02T01:28:11+08:00
ORD00100460,M005780,P00018,門市,paid,4,TWD,535680.0,100.0,2026-07-01T05:56:38+08:00,2026-10-22,2026-07-01T21:20:38+08:00
ORD00103111,M005788,P00095,門市,paid,3,TWD,664170.0,700.0,2026-07-01T23:57:30+08:00,2026-08-15,2026-07-02T07:13:30+08:00
ORD00102065,M003040,P00129,門市,paid,3,USD,15875.05,950.0,2026-07-01T18:06:37+08:00,2026-07-23,2026-07-03T14:23:37+08:00
ORD00101618,M001101,P00246,web,created,4,TWD,478952.0,600.0,2026-07-01T23:33:32+08:00,2026-07-23,2026-07-02T15:13:32+08:00
ORD00102773,M002148,P00083,電銷,paid,3,USD,12452.78,300.0,2026-07-01T19:34:39+08:00,2026-09-22,2026-07-03T06:23:39+08:00
ORD00103199,M002906,P00229,電銷,paid,4,TWD,601955.0,200.0,2026-07-01T06:53:43+08:00,2026-07-18,2026-07-03T21:08:43+08:00
ORD00100594,M000068,P00166,門市,created,2,TWD,452256.0,250.0,2026-07-01T10:24:43+08:00,2026-08-05,2026-07-03T07:07:43+08:00
ORD00101134,M001265,P00055,app,paid,1,USD,3347.57,150.0,2026-07-01T10:15:34+08:00,2026-10-13,2026-07-02T21:47:34+08:00
ORD00103830,M000463,P00105,門市,created,4,USD,9485.28,950.0,2026-07-01T20:05:00+08:00,2026-08-15,2026-07-02T05:43:00+08:00
ORD00100411,M003558,P00096,門市,created,2,TWD,15587.0,150.0,2026-07-01T18:10:29+08:00,2026-09-24,2026-07-01T19:12:29+08:00
ORD00100445,M006093,P00019,電銷,paid,3,TWD,262597.0,450.0,2026-07-01T04:38:32+08:00,2026-08-23,2026-07-01T05:11:32+08:00
ORD00103072,M001499,P00168,app,created,3,TWD,453823.0,850.0,2026-07-01T14:47:57+08:00,2026-09-20,2026-07-04T09:20:57+08:00
ORD00057994,M000175,P00084,app,completed,1,TWD,47749.0,750.0,2026-06-13T05:05:52+08:00,2026-07-07,2026-07-01T07:26:45+08:00
ORD00022607,M005408,P00181,web,cancelled,2,JPY,173385.0,300.0,2026-05-24T09:41:29+08:00,2026-09-10,2026-07-01T08:56:00+08:00
ORD00100489,M002233,P00100,門市,paid,2,TWD,362673.0,750.0,2026-07-01T06:54:28+08:00,2026-10-06,2026-07-01T13:30:28+08:00
ORD00090180,M006387,P00029,電銷,cancelled,1,USD,3536.72,950.0,2026-06-27T14:30:06+08:00,2026-07-04,2026-07-01T03:26:16+08:00
ORD00100321,M000245,P00132,web,paid,4,USD,7786.37,950.0,2026-07-01T09:36:33+08:00,2026-07-22,2026-07-03T23:58:33+08:00
ORD00103406,M001671,P00148,app,paid,2,TWD,69477.0,300.0,2026-07-01T12:15:43+08:00,2026-07-29,2026-07-02T12:05:43+08:00
ORD00095838,M005107,P00250,web,completed,1,USD,2489.32,350.0,2026-05-20T07:54:29+08:00,2026-09-09,2026-07-01T20:44:01+08:00
ORD00103938,M001423,P00147,app,created,2,JPY,1549923.0,750.0,2026-07-01T15:05:19+08:00,2026-10-19,2026-07-02T20:01:19+08:00
ORD00102355,M003417,P00116,web,created,4,USD,9836.69,600.0,2026-07-01T11:25:50+08:00,2026-08-14,2026-07-03T03:29:50+08:00
ORD00101362,M000291,P00166,web,created,2,USD,10928.57,400.0,2026-07-01T13:31:07+08:00,2026-09-14,2026-07-03T05:41:07+08:00
ORD00102917,M000227,P00147,app,created,1,USD,5998.36,350.0,2026-07-01T19:13:25+08:00,2026-07-12,2026-07-02T23:30:25+08:00
ORD00102133,M006891,P00183,電銷,paid,2,TWD,306746.0,100.0,2026-07-01T20:17:19+08:00,2026-10-04,2026-07-02T03:11:19+08:00
ORD00101866,M004034,P00051,電銷,paid,2,TWD,367370.0,650.0,2026-07-01T02:46:59+08:00,2026-10-20,2026-07-02T13:43:59+08:00
ORD00103584,M001718,P00165,app,created,2,TWD,152014.0,500.0,2026-07-01T16:18:07+08:00,2026-07-27,2026-07-02T09:13:07+08:00
ORD00100064,M005416,P00087,app,paid,1,TWD,182440.0,900.0,2026-07-01T13:47:02+08:00,2026-09-07,2026-07-01T18:58:02+08:00
ORD00102785,M000478,P00132,電銷,created,3,TWD,169925.0,150.0,2026-07-01T13:43:16+08:00,2026-09-22,2026-07-01T23:34:16+08:00
ORD00101704,M002756,P00241,web,created,4,JPY,3777585.0,650.0,2026-07-01T17:20:21+08:00,2026-07-31,2026-07-03T17:17:21+08:00
ORD00103381,M001829,P00036,電銷,paid,3,JPY,919623.0,650.0,2026-07-01T15:14:44+08:00,2026-08-19,2026-07-01T23:29:44+08:00
ORD00103496,M003804,P00141,web,paid,4,USD,8054.26,250.0,2026-07-01T20:48:21+08:00,2026-07-25,2026-07-03T13:50:21+08:00
ORD00103873,M002221,P00182,電銷,paid,3,TWD,24327.0,800.0,2026-07-01T10:45:22+08:00,2026-09-01,2026-07-02T08:08:22+08:00
ORD00103069,M000915,P00019,門市,paid,1,TWD,102903.0,750.0,2026-07-01T21:36:22+08:00,2026-10-18,2026-07-03T13:08:22+08:00
ORD00100909,M005356,P00179,門市,paid,2,TWD,283862.0,0.0,2026-07-01T02:43:38+08:00,2026-08-18,2026-07-02T16:23:38+08:00
ORD00102072,M007589,P00060,門市,paid,1,USD,4002.24,750.0,2026-07-01T15:24:23+08:00,2026-10-05,2026-07-02T17:12:23+08:00
ORD00103819,M004190,P00023,web,paid,1,TWD,222507.0,650.0,2026-07-01T19:01:00+08:00,2026-07-19,2026-07-04T04:15:00+08:00
ORD00102395,M004913,P00285,門市,paid,1,USD,3743.29,350.0,2026-07-01T15:39:14+08:00,2026-10-23,2026-07-01T20:45:20+08:00
ORD00103453,M004796,P00175,web,created,3,TWD,59985.0,750.0,2026-07-01T23:40:52+08:00,2026-08-04,2026-07-04T00:38:52+08:00
ORD00063443,M007602,P00279,電銷,completed,3,USD,8229.04,300.0,2026-05-09T12:44:09+08:00,2026-08-09,2026-07-01T20:49:05+08:00
ORD00101624,M001219,P00269,web,paid,4,TWD,302585.0,600.0,2026-07-01T19:20:01+08:00,2026-07-31,2026-07-01T21:08:01+08:00
ORD00103901,M002323,P00189,app,created,4,USD,12867.6,450.0,2026-07-01T05:14:25+08:00,2026-10-27,2026-07-02T18:49:25+08:00
ORD00097356,M005548,P00078,電銷,completed,1,USD,3800.73,900.0,2026-06-25T23:43:21+08:00,2026-07-03,2026-07-01T00:23:55+08:00
ORD00103374,M007277,P00263,電銷,paid,1,TWD,92231.0,350.0,2026-07-01T09:13:48+08:00,2026-10-19,2026-07-03T06:47:48+08:00
ORD00101182,M005341,P00280,app,paid,3,TWD,441357.0,150.0,2026-07-01T05:53:28+08:00,2026-10-21,2026-07-03T01:25:28+08:00
ORD00048009,M000433,P00208,電銷,cancelled,2,USD,10941.38,850.0,2026-06-07T09:31:26+08:00,2026-06-18,2026-07-01T19:53:11+08:00
ORD00103839,M005668,P00061,門市,paid,2,TWD,347518.0,800.0,2026-07-01T15:08:37+08:00,2026-10-22,2026-07-03T19:03:37+08:00
ORD00100383,M000474,P00120,app,created,4,USD,15588.72,750.0,2026-07-01T02:03:45+08:00,2026-09-19,2026-07-02T16:33:45+08:00
ORD00100657,M006903,P00098,門市,paid,3,JPY,2439149.0,600.0,2026-07-01T19:58:07+08:00,2026-08-30,2026-07-02T17:13:07+08:00
ORD00016589,M007814,P00180,app,cancelled,3,TWD,309279.0,150.0,2026-05-24T11:37:33+08:00,2026-09-18,2026-07-01T20:03:49+08:00
ORD00103277,M004167,P00264,app,created,2,USD,782.63,150.0,2026-07-01T17:27:21+08:00,2026-07-25,2026-07-03T08:32:21+08:00
ORD00103717,M007445,P00165,門市,created,4,USD,9359.17,900.0,2026-07-01T23:00:42+08:00,2026-10-01,2026-07-03T15:18:42+08:00
ORD00100580,M006445,P00185,電銷,created,3,TWD,581909.0,50.0,2026-07-01T01:15:00+08:00,2026-07-27,2026-07-03T10:18:00+08:00
ORD00103881,M004286,P00141,app,paid,3,TWD,262590.0,850.0,2026-07-01T00:09:41+08:00,2026-09-29,2026-07-03T16:49:41+08:00
ORD00101663,M000092,P00198,門市,paid,1,TWD,27669.0,850.0,2026-07-01T03:04:27+08:00,2026-08-14,2026-07-03T05:43:27+08:00
ORD00100499,M006962,P00204,web,created,2,USD,9780.3,250.0,2026-07-01T20:06:50+08:00,2026-08-09,2026-07-03T08:00:50+08:00
ORD00077732,M001891,P00290,app,cancelled,3,USD,10737.86,600.0,2026-05-08T01:19:40+08:00,2026-06-02,2026-07-01T08:55:12+08:00
ORD00100241,M002456,P00247,電銷,paid,4,USD,18668.34,650.0,2026-07-01T10:12:56+08:00,2026-09-05,2026-07-03T10:42:56+08:00
ORD00057186,M005319,P00234,web,cancelled,2,TWD,15904.0,950.0,2026-05-19T03:42:12+08:00,2026-09-07,2026-07-01T04:06:09+08:00
ORD00103633,M005012,P00039,web,paid,3,TWD,452050.0,550.0,2026-07-01T07:22:52+08:00,2026-09-20,2026-07-02T10:52:52+08:00
ORD00102701,M007565,P00214,web,paid,3,TWD,442644.0,650.0,2026-07-01T21:46:47+08:00,2026-10-09,2026-07-02T05:39:47+08:00
ORD00102062,M001391,P00015,門市,paid,1,TWD,52749.0,650.0,2026-07-01T02:06:29+08:00,2026-09-06,2026-07-01T13:13:29+08:00
ORD00102215,M000396,P00084,web,paid,2,TWD,123352.0,0.0,2026-07-01T14:13:50+08:00,2026-08-07,2026-07-02T05:21:50+08:00
ORD00101559,M006096,P00290,電銷,created,4,TWD,462802.0,900.0,2026-07-01T02:44:14+08:00,2026-09-27,2026-07-01T07:08:14+08:00
ORD00019844,M001916,P00073,app,completed,4,TWD,479261.0,200.0,2026-06-20T19:30:31+08:00,2026-08-16,2026-07-01T13:06:38+08:00
ORD00100357,M003071,P00226,app,paid,2,TWD,199190.0,450.0,2026-07-01T15:20:45+08:00,2026-10-17,2026-07-03T20:23:45+08:00
ORD00102922,M001162,P00059,門市,paid,2,TWD,207520.0,850.0,2026-07-01T15:46:53+08:00,2026-09-15,2026-07-04T03:09:53+08:00
ORD00102552,M003763,P00246,門市,created,4,TWD,564999.0,350.0,2026-07-01T11:02:05+08:00,2026-10-18,2026-07-02T06:14:05+08:00
ORD00103993,M004856,P00073,app,paid,1,USD,3353.99,450.0,2026-07-01T06:12:28+08:00,2026-07-31,2026-07-01T07:27:28+08:00
ORD00101745,M006921,P00231,門市,paid,1,TWD,147042.0,250.0,2026-07-01T21:06:07+08:00,2026-08-13,2026-07-04T12:37:07+08:00
ORD00094841,M002111,P00025,app,cancelled,4,TWD,749514.0,50.0,2026-06-02T19:50:34+08:00,2026-07-15,2026-07-01T17:22:43+08:00
ORD00102965,M004751,P00082,門市,paid,3,TWD,475149.0,900.0,2026-07-01T03:50:18+08:00,2026-09-09,2026-07-03T21:50:18+08:00
ORD00100082,M003782,P00197,電銷,created,3,TWD,209850.0,350.0,2026-07-01T02:10:37+08:00,2026-09-17,2026-07-03T12:01:37+08:00
ORD00103533,M002027,P00282,電銷,paid,1,JPY,1076094.0,900.0,2026-07-01T10:08:58+08:00,2026-08-26,2026-07-03T04:24:58+08:00
ORD00101311,M003586,P00004,電銷,paid,3,TWD,529056.0,700.0,2026-07-01T13:54:39+08:00,2026-07-22,2026-07-04T02:23:39+08:00
ORD00101625,M000296,P00157,web,created,3,TWD,239991.0,850.0,2026-07-01T11:15:23+08:00,2026-10-08,2026-07-03T14:29:23+08:00
ORD00103740,M006090,P00040,app,cancelled,1,TWD,86100.0,700.0,2026-07-01T20:50:01+08:00,2026-10-25,2026-07-04T22:48:01+08:00
ORD00102812,M003046,P00300,電銷,paid,2,TWD,221259.0,250.0,2026-07-01T11:17:00+08:00,2026-10-27,2026-07-03T14:59:00+08:00
ORD00048196,M004250,P00170,web,completed,4,TWD,266451.0,250.0,2026-06-13T03:03:37+08:00,2026-07-17,2026-07-01T09:29:06+08:00
ORD00103118,M003773,P00218,電銷,paid,4,TWD,153341.0,900.0,2026-07-01T17:28:26+08:00,2026-10-10,2026-07-02T03:18:26+08:00
ORD00100876,M000614,P00073,app,paid,4,TWD,391485.0,200.0,2026-07-01T10:49:52+08:00,2026-10-10,2026-07-03T00:15:52+08:00
ORD00100676,M000586,P00256,web,created,1,TWD,165633.0,200.0,2026-07-01T19:19:19+08:00,2026-09-24,2026-07-03T07:12:19+08:00
ORD00102162,M001275,P00183,app,paid,3,TWD,513038.0,600.0,2026-07-01T16:27:54+08:00,2026-09-11,2026-07-02T22:56:54+08:00
ORD00103551,M005456,P00258,app,paid,4,TWD,633571.0,300.0,2026-07-01T02:27:07+08:00,2026-10-10,2026-07-03T12:37:07+08:00
ORD00100193,M001523,P00169,電銷,paid,4,TWD,169732.0,600.0,2026-07-01T07:58:48+08:00,2026-09-14,2026-07-02T11:56:48+08:00
ORD00100745,M006051,P00002,web,paid,2,USD,4157.52,100.0,2026-07-01T14:18:01+08:00,2026-08-05,2026-07-02T11:50:01+08:00
ORD00100689,M007521,P00140,門市,paid,1,TWD,50699.0,450.0,2026-07-01T03:47:48+08:00,2026-09-02,2026-07-01T07:04:48+08:00
ORD00102958,M002193,P00273,web,paid,1,TWD,84083.0,450.0,2026-07-01T02:35:55+08:00,2026-08-03,2026-07-01T15:02:55+08:00
ORD00014277,M000700,P00148,電銷,completed,3,JPY,526997.0,150.0,2026-06-15T00:42:04+08:00,2026-09-06,2026-07-01T01:24:05+08:00
ORD00102998,M004686,P00256,web,paid,4,USD,26877.88,350.0,2026-07-01T17:06:04+08:00,2026-08-10,2026-07-03T09:25:06+08:00
ORD00102105,M005318,P00097,app,created,4,USD,17810.78,600.0,2026-07-01T05:59:51+08:00,2026-08-23,2026-07-01T11:38:51+08:00
ORD00103722,M005020,P00119,門市,paid,4,TWD,597938.0,250.0,2026-07-01T20:07:43+08:00,2026-10-04,2026-07-01T20:14:43+08:00
ORD00101698,M000121,P00197,門市,paid,2,USD,3980.3,50.0,2026-07-01T15:30:43+08:00,2026-09-21,2026-07-02T23:09:43+08:00
ORD00001033,M001155,P00109,門市,cancelled,4,TWD,199364.0,0.0,2026-06-03T22:40:12+08:00,2026-07-06,2026-07-01T00:48:31+08:00
ORD00100448,M004574,P00056,電銷,created,3,JPY,1295623.0,200.0,2026-07-01T00:38:54+08:00,2026-07-28,2026-07-02T07:45:54+08:00
ORD00102606,M005019,P00271,門市,paid,2,TWD,40993.0,200.0,2026-07-01T18:36:15+08:00,2026-10-21,2026-07-04T07:58:15+08:00
ORD00100188,M004939,P00038,門市,paid,2,USD,1173.94,500.0,2026-07-01T14:56:13+08:00,2026-09-23,2026-07-03T20:47:13+08:00
ORD00103020,M004390,P00006,web,paid,4,USD,21315.71,800.0,2026-07-01T09:55:47+08:00,2026-08-31,2026-07-02T03:01:47+08:00
ORD00100205,M000847,P00180,app,paid,2,USD,6174.91,250.0,2026-07-01T10:19:43+08:00,2026-10-22,2026-07-02T09:53:43+08:00
ORD00100614,M006024,P00154,web,created,3,JPY,1553495.0,800.0,2026-07-01T11:31:18+08:00,2026-08-28,2026-07-03T20:23:18+08:00
ORD00101188,M000783,P00093,電銷,created,4,USD,16975.99,750.0,2026-07-01T01:43:32+08:00,2026-07-09,2026-07-02T11:12:32+08:00
ORD00102759,M002860,P00218,app,paid,1,JPY,138438.0,600.0,2026-07-01T18:14:01+08:00,2026-09-01,2026-07-03T04:33:01+08:00
ORD00103184,M000116,P00226,電銷,paid,1,TWD,127090.0,600.0,2026-07-01T11:25:11+08:00,2026-10-25,2026-07-04T04:15:11+08:00
ORD00059325,M004376,P00134,web,cancelled,2,JPY,1081684.0,0.0,2026-05-06T14:01:37+08:00,2026-08-20,2026-07-01T17:47:26+08:00
ORD00100733,M006681,P00169,web,paid,4,USD,5944.41,100.0,2026-07-01T05:09:02+08:00,2026-07-26,2026-07-02T13:07:02+08:00
ORD00102068,M000187,P00020,web,created,1,USD,2103.57,50.0,2026-07-01T23:18:08+08:00,2026-08-24,2026-07-01T23:19:08+08:00
ORD00100836,M003390,P00144,門市,paid,1,JPY,618126.0,450.0,2026-07-01T06:38:58+08:00,2026-10-28,2026-07-01T17:34:58+08:00
ORD00100118,M007727,P00075,門市,created,3,TWD,57614.0,650.0,2026-07-01T17:03:04+08:00,2026-10-26,2026-07-03T23:05:04+08:00
ORD00031682,M001151,P00149,web,cancelled,3,TWD,662769.0,0.0,2026-05-24T05:45:39+08:00,2026-06-04,2026-07-01T18:50:25+08:00
ORD00101342,M000622,P00015,門市,created,1,TWD,67002.0,800.0,2026-07-01T02:51:58+08:00,2026-07-11,2026-07-01T06:56:58+08:00
ORD00103970,M005327,P00016,app,paid,4,TWD,353380.0,200.0,2026-07-01T13:28:13+08:00,2026-07-18,2026-07-02T12:43:13+08:00
ORD00102949,M002568,P00145,門市,paid,4,TWD,280027.0,250.0,2026-07-01T18:51:16+08:00,2026-07-22,2026-07-03T17:11:16+08:00
ORD00100931,M003267,P00290,app,created,2,TWD,257351.0,850.0,2026-07-01T18:57:33+08:00,2026-07-23,2026-07-02T08:03:33+08:00
ORD00101893,M003896,P00017,門市,paid,4,USD,20522.33,550.0,2026-07-01T09:25:11+08:00,2026-08-25,2026-07-02T08:48:11+08:00
ORD00102311,M007413,P00199,門市,paid,1,USD,216.81,0.0,2026-07-01T12:23:26+08:00,2026-07-19,2026-07-03T08:30:26+08:00
ORD00101044,M002417,P00076,app,created,2,TWD,7841.0,850.0,2026-07-01T08:59:48+08:00,2026-09-05,2026-07-02T18:42:48+08:00
ORD00103474,M005810,P00282,電銷,paid,1,TWD,186614.0,950.0,2026-07-01T19:51:17+08:00,2026-08-17,2026-07-02T09:22:17+08:00
ORD00103556,M001859,P00292,web,paid,4,TWD,747141.0,950.0,2026-07-01T23:41:29+08:00,2026-08-11,2026-07-04T14:55:29+08:00
ORD00103845,M005233,P00287,門市,created,2,TWD,249898.0,500.0,2026-07-01T00:10:02+08:00,2026-08-24,2026-07-02T08:41:02+08:00
ORD00102188,M001118,P00041,app,created,3,TWD,28044.0,400.0,2026-07-01T06:51:15+08:00,2026-10-18,2026-07-03T01:55:15+08:00
ORD00102078,M003288,P00291,web,paid,1,TWD,30060.0,0.0,2026-07-01T10:29:03+08:00,2026-08-20,2026-07-02T13:00:03+08:00
ORD00103308,M007799,P00195,app,paid,4,USD,7420.41,850.0,2026-07-01T17:49:03+08:00,2026-09-04,2026-07-02T02:05:03+08:00
ORD00102878,M004201,P00049,web,paid,3,TWD,53046.0,0.0,2026-07-01T21:26:09+08:00,2026-07-16,2026-07-02T14:53:09+08:00
ORD00101980,M006672,P00185,web,created,1,USD,6214.21,500.0,2026-07-01T15:51:56+08:00,2026-08-15,2026-07-01T20:59:56+08:00
ORD00101494,M005031,P00159,門市,created,2,TWD,90404.0,450.0,2026-07-01T14:13:42+08:00,2026-07-20,2026-07-02T06:19:42+08:00
ORD00101565,M007401,P00200,web,paid,4,TWD,600216.0,600.0,2026-07-01T10:14:34+08:00,2026-08-26,2026-07-02T08:29:34+08:00
ORD00101581,M002614,P00211,電銷,created,1,JPY,520535.0,50.0,2026-07-01T19:46:00+08:00,2026-10-16,2026-07-02T02:03:00+08:00
ORD00101983,M002971,P00145,門市,created,3,USD,7109.42,0.0,2026-07-01T07:39:12+08:00,2026-10-11,2026-07-01T12:22:12+08:00
ORD00102501,M007168,P00154,門市,created,1,TWD,88825.0,500.0,2026-07-01T04:42:20+08:00,2026-08-08,2026-07-03T00:00:20+08:00
ORD00053720,M007381,P00178,app,completed,3,USD,3384.26,0.0,2026-06-10T13:03:17+08:00,2026-09-13,2026-07-01T07:10:00+08:00
ORD00103911,M007479,P00002,web,paid,2,TWD,124242.0,500.0,2026-07-01T19:56:46+08:00,2026-10-12,2026-07-02T17:04:46+08:00
ORD00100472,M006293,P00096,門市,created,3,TWD,22166.0,750.0,2026-07-01T22:47:20+08:00,2026-07-19,2026-07-04T11:08:20+08:00
ORD00101419,M001966,P00116,web,created,1,TWD,98378.0,850.0,2026-07-01T16:04:21+08:00,2026-07-24,2026-07-03T12:32:21+08:00
ORD00028415,M002363,P00031,app,cancelled,1,TWD,166083.0,800.0,2026-06-29T09:05:40+08:00,2026-09-30,2026-07-01T11:11:29+08:00
ORD00103239,M006153,P00067,電銷,created,4,USD,14792.44,600.0,2026-07-01T12:48:37+08:00,2026-08-21,2026-07-02T14:19:37+08:00
ORD00102693,M006503,P00241,app,created,4,USD,26558.45,500.0,2026-07-01T10:12:21+08:00,2026-08-24,2026-07-02T16:37:21+08:00
ORD00103042,M007768,P00104,web,paid,4,TWD,10875.0,250.0,2026-07-01T02:28:58+08:00,2026-08-17,2026-07-01T14:48:58+08:00
ORD00103397,M006085,P00118,電銷,created,2,TWD,262230.0,450.0,2026-07-01T22:43:02+08:00,2026-08-10,2026-07-03T16:31:02+08:00
ORD00100192,M001012,P00198,門市,created,1,TWD,28113.0,300.0,2026-07-01T14:16:43+08:00,2026-09-30,2026-07-03T02:28:43+08:00
ORD00102918,M002785,P00156,門市,paid,4,USD,22679.63,600.0,2026-07-01T09:51:27+08:00,2026-07-20,2026-07-03T21:58:27+08:00
ORD00101699,M001302,P00039,app,paid,1,TWD,168973.0,300.0,2026-07-01T15:42:21+08:00,2026-08-17,2026-07-02T00:41:21+08:00
ORD00068081,M000348,P00225,門市,cancelled,3,TWD,135138.0,450.0,2026-06-03T13:01:49+08:00,2026-09-23,2026-07-01T14:06:31+08:00
ORD00101135,M001195,P00121,web,created,3,JPY,371205.0,650.0,2026-07-01T19:37:37+08:00,2026-09-18,2026-07-03T08:49:37+08:00
ORD00062495,M004723,P00069,app,cancelled,4,JPY,4245293.0,700.0,2026-06-26T13:01:43+08:00,2026-09-13,2026-07-01T00:36:35+08:00
ORD00100930,M007000,P00092,app,paid,3,USD,14388.34,100.0,2026-07-01T22:00:00+08:00,2026-09-26,2026-07-02T01:13:00+08:00
ORD00103338,M003078,P00028,門市,paid,1,TWD,131227.0,100.0,2026-07-01T04:41:46+08:00,2026-08-07,2026-07-02T10:30:46+08:00
ORD00101024,M002798,P00255,門市,created,2,TWD,348039.0,50.0,2026-07-01T15:33:45+08:00,2026-08-22,2026-07-04T07:15:45+08:00
ORD00100288,M006467,P00102,web,created,3,USD,3763.98,250.0,2026-07-01T21:44:33+08:00,2026-09-05,2026-07-03T03:47:33+08:00
ORD00102612,M002719,P00226,web,paid,1,TWD,106834.0,900.0,2026-07-01T00:04:26+08:00,2026-10-21,2026-07-02T05:27:26+08:00
ORD00102710,M001597,P00296,web,paid,4,JPY,147974.0,850.0,2026-07-01T12:44:25+08:00,2026-07-14,2026-07-03T10:32:25+08:00
ORD00100985,M000168,P00068,web,created,1,USD,2951.33,600.0,2026-07-01T04:06:08+08:00,2026-09-19,2026-07-03T19:38:08+08:00
ORD00103564,M003134,P00155,web,created,3,TWD,143173.0,150.0,2026-07-01T22:23:36+08:00,2026-10-21,2026-07-03T22:40:36+08:00
ORD00085963,M000733,P00139,app,cancelled,4,TWD,567830.0,950.0,2026-06-27T08:09:54+08:00,2026-09-30,2026-07-01T13:19:41+08:00
ORD00102020,M001655,P00172,電銷,created,3,TWD,437265.0,650.0,2026-07-01T10:32:43+08:00,2026-09-18,2026-07-02T18:54:43+08:00
ORD00083562,M004955,P00022,app,cancelled,2,USD,2456.9,50.0,2026-05-05T15:55:48+08:00,2026-06-19,2026-07-01T06:45:08+08:00
ORD00101773,M001726,P00266,web,paid,2,JPY,161656.0,850.0,2026-07-01T11:15:27+08:00,2026-07-18,2026-07-02T13:20:27+08:00
ORD00100173,M001724,P00080,web,paid,4,USD,21550.1,400.0,2026-07-01T20:11:00+08:00,2026-10-14,2026-07-04T11:29:00+08:00
ORD00102024,M002396,P00210,門市,cancelled,3,USD,14771.34,800.0,2026-07-01T13:40:54+08:00,2026-08-18,2026-07-03T00:40:54+08:00
ORD00102110,M005478,P00028,門市,created,4,TWD,439242.0,900.0,2026-07-01T10:33:31+08:00,2026-09-29,2026-07-01T10:51:31+08:00
ORD00102953,M003059,P00158,web,paid,2,JPY,399083.0,300.0,2026-07-01T00:54:24+08:00,2026-10-22,2026-07-01T05:43:24+08:00
ORD00101372,M003637,P00234,門市,paid,3,USD,899.84,300.0,2026-07-01T23:51:52+08:00,2026-10-05,2026-07-02T03:43:52+08:00
ORD00091240,M004347,P00058,電銷,completed,1,JPY,190499.0,100.0,2026-05-18T12:23:15+08:00,2026-07-25,2026-07-01T05:24:43+08:00
ORD00100057,M002962,P00157,app,paid,2,USD,4909.93,550.0,2026-07-01T21:59:49+08:00,2026-07-13,2026-07-02T01:44:49+08:00
ORD00103699,M002786,P00279,app,paid,4,USD,12134.37,800.0,2026-07-01T07:02:06+08:00,2026-07-25,2026-07-03T08:49:06+08:00
ORD00103016,M007393,P00154,web,paid,2,USD,7518.29,250.0,2026-07-01T11:38:45+08:00,2026-07-15,2026-07-03T21:45:45+08:00
ORD00102285,M000680,P00117,電銷,paid,4,TWD,616460.0,200.0,2026-07-01T12:31:20+08:00,2026-10-12,2026-07-02T15:21:20+08:00
ORD00057469,M000339,P00113,門市,completed,4,TWD,715987.0,650.0,2026-05-23T18:12:56+08:00,2026-09-07,2026-07-01T14:58:56+08:00
ORD00049631,M003186,P00043,web,completed,4,TWD,528838.0,950.0,2026-05-05T21:54:47+08:00,2026-06-08,2026-07-01T15:14:48+08:00
ORD00102289,M003266,P00121,電銷,created,1,USD,946.34,150.0,2026-07-01T00:02:12+08:00,2026-09-12,2026-07-01T09:05:12+08:00
ORD00065663,M006406,P00079,web,completed,2,TWD,87527.0,0.0,2026-05-07T21:38:44+08:00,2026-06-28,2026-07-01T13:44:11+08:00
ORD00102853,M000687,P00206,門市,cancelled,1,TWD,187944.0,0.0,2026-07-01T09:39:14+08:00,2026-10-16,2026-07-05T09:23:14+08:00
ORD00100502,M007091,P00298,app,paid,4,TWD,446884.0,850.0,2026-07-01T18:17:54+08:00,2026-08-15,2026-07-03T01:43:54+08:00
ORD00103511,M006688,P00068,門市,created,2,TWD,140562.0,500.0,2026-07-01T05:50:05+08:00,2026-07-15,2026-07-02T02:45:05+08:00
ORD00101295,M006062,P00033,電銷,created,4,TWD,639684.0,850.0,2026-07-01T13:46:43+08:00,2026-10-23,2026-07-04T07:09:43+08:00
ORD00103656,M004896,P00216,門市,paid,2,TWD,19496.0,0.0,2026-07-01T17:46:19+08:00,2026-09-21,2026-07-03T22:01:19+08:00
ORD00102627,M003962,P00011,app,paid,2,TWD,253736.0,250.0,2026-07-01T08:13:50+08:00,2026-08-10,2026-07-01T13:11:50+08:00
ORD00046010,M002472,P00039,app,completed,3,TWD,590963.0,600.0,2026-05-29T17:37:23+08:00,2026-07-17,2026-07-01T23:28:59+08:00
ORD00101354,M002460,P00175,門市,paid,4,TWD,73403.0,500.0,2026-07-01T07:43:41+08:00,2026-08-28,2026-07-01T15:24:41+08:00
ORD00102967,M002567,P00234,web,paid,2,USD,637.75,750.0,2026-07-01T20:24:44+08:00,2026-10-08,2026-07-02T18:54:44+08:00
ORD00101522,M002827,P00226,電銷,paid,2,TWD,192980.0,200.0,2026-07-01T03:27:49+08:00,2026-07-28,2026-07-01T20:17:49+08:00
ORD00102715,M004001,P00269,app,created,3,TWD,217964.0,150.0,2026-07-01T04:13:44+08:00,2026-09-06,2026-07-03T20:18:44+08:00
ORD00100621,M001918,P00217,門市,created,3,TWD,644295.0,750.0,2026-07-01T09:19:44+08:00,2026-10-21,2026-07-02T08:02:44+08:00
ORD00101327,M004872,P00054,app,created,4,TWD,516673.0,800.0,2026-07-01T02:45:07+08:00,2026-10-06,2026-07-02T13:16:07+08:00
ORD00103632,M005138,P00025,門市,paid,1,USD,6098.57,800.0,2026-07-01T20:12:28+08:00,2026-10-09,2026-07-01T21:24:28+08:00
ORD00102402,M004010,P00088,web,paid,4,TWD,358826.0,400.0,2026-07-01T13:51:03+08:00,2026-10-15,2026-07-02T04:55:03+08:00
ORD00100535,M004173,P00113,門市,paid,3,USD,15933.62,850.0,2026-07-01T20:23:01+08:00,2026-08-22,2026-07-02T21:37:01+08:00
ORD00103974,M000915,P00073,電銷,paid,4,USD,14711.21,200.0,2026-07-01T11:57:59+08:00,2026-09-29,2026-07-01T23:41:59+08:00
ORD00076118,M001652,P00065,電銷,cancelled,1,USD,7322.9,950.0,2026-06-04T19:18:56+08:00,2026-06-26,2026-07-01T18:48:46+08:00
ORD00101097,M003147,P00030,門市,paid,2,USD,10339.96,600.0,2026-07-01T01:06:35+08:00,2026-08-30,2026-07-02T05:37:35+08:00
ORD00100239,M006319,P00119,app,created,4,TWD,850959.0,300.0,2026-07-01T11:20:32+08:00,2026-10-12,2026-07-04T04:36:32+08:00
ORD00069869,M000601,P00012,app,cancelled,3,JPY,1273069.0,0.0,2026-06-05T10:51:01+08:00,2026-06-23,2026-07-01T13:55:17+08:00
ORD00100983,M004958,P00299,app,paid,2,TWD,54559.0,150.0,2026-07-01T09:51:54+08:00,2026-08-21,2026-07-01T23:41:54+08:00
ORD00076774,M002915,P00206,門市,completed,4,TWD,568351.0,650.0,2026-06-20T02:11:50+08:00,2026-08-12,2026-07-01T14:13:53+08:00
ORD00103523,M000182,P00091,web,paid,4,USD,15346.18,550.0,2026-07-01T03:34:55+08:00,2026-08-16,2026-07-02T03:19:55+08:00
ORD00100795,M003311,P00166,app,paid,4,TWD,810970.0,650.0,2026-07-01T18:37:03+08:00,2026-09-03,2026-07-04T10:35:03+08:00
ORD00100253,M003035,P00199,門市,created,2,TWD,11718.0,600.0,2026-07-01T18:59:31+08:00,2026-09-02,2026-07-02T15:27:31+08:00
ORD00101001,M007921,P00022,門市,paid,1,TWD,34108.0,900.0,2026-07-01T01:00:45+08:00,2026-08-26,2026-07-02T23:53:45+08:00
ORD00100342,M004235,P00126,門市,paid,1,USD,743.41,450.0,2026-07-01T21:37:17+08:00,2026-09-27,2026-07-02T09:47:17+08:00
ORD00103978,M000670,P00208,web,paid,2,USD,10993.86,400.0,2026-07-01T13:19:53+08:00,2026-08-20,2026-07-02T09:49:53+08:00
ORD00100918,M005403,P00010,門市,paid,2,TWD,287714.0,550.0,2026-07-01T15:39:34+08:00,2026-08-19,2026-07-02T22:40:34+08:00
ORD00103393,M007624,P00281,web,paid,1,USD,5919.01,300.0,2026-07-01T10:17:16+08:00,2026-07-11,2026-07-02T19:14:16+08:00
ORD00101819,M000477,P00047,web,created,4,USD,2542.52,850.0,2026-07-01T05:56:26+08:00,2026-09-05,2026-07-03T03:42:26+08:00
ORD00102467,M002812,P00237,app,created,2,JPY,2044450.0,300.0,2026-07-01T08:57:21+08:00,2026-08-25,2026-07-03T01:07:21+08:00
ORD00101486,M007000,P00049,門市,created,3,USD,1552.66,650.0,2026-07-01T22:52:07+08:00,2026-07-12,2026-07-03T03:58:07+08:00
ORD00100573,M005140,P00202,web,paid,3,TWD,301773.0,850.0,2026-07-01T10:17:52+08:00,2026-07-15,2026-07-03T16:39:52+08:00
ORD00103339,M006293,P00003,門市,paid,1,TWD,119731.0,300.0,2026-07-01T03:59:54+08:00,2026-10-19,2026-07-03T04:14:54+08:00
ORD00046756,M006593,P00158,web,completed,3,TWD,98216.0,500.0,2026-05-13T02:03:48+08:00,2026-09-05,2026-07-01T03:32:44+08:00
ORD00103812,M000346,P00227,web,paid,2,TWD,308612.0,650.0,2026-07-01T01:15:49+08:00,2026-09-06,2026-07-02T16:45:49+08:00
ORD00100075,M007676,P00037,app,created,3,TWD,391210.0,600.0,2026-07-01T15:54:10+08:00,2026-10-26,2026-07-03T22:00:10+08:00
ORD00070816,M005409,P00100,web,completed,4,USD,19800.15,150.0,2026-05-25T09:23:45+08:00,2026-09-03,2026-07-01T03:35:10+08:00
ORD00101169,M003490,P00076,門市,created,2,USD,261.52,150.0,2026-07-01T07:30:29+08:00,2026-09-22,2026-07-02T10:07:29+08:00
ORD00073287,M000294,P00117,門市,cancelled,3,TWD,425962.0,0.0,2026-05-15T03:49:57+08:00,2026-06-09,2026-07-01T01:18:01+08:00
ORD00103868,M000553,P00015,web,created,1,TWD,53350.0,300.0,2026-07-01T08:27:11+08:00,2026-08-04,2026-07-01T20:20:11+08:00
ORD00103451,M002171,P00254,app,paid,3,TWD,9621.0,600.0,2026-07-01T13:26:32+08:00,2026-07-10,2026-07-03T06:48:32+08:00
ORD00100160,M005009,P00288,電銷,created,2,TWD,29265.0,150.0,2026-07-01T14:33:18+08:00,2026-08-07,2026-07-02T11:04:18+08:00
ORD00023695,M007178,P00062,app,completed,2,TWD,215256.0,950.0,2026-06-20T02:21:30+08:00,2026-10-05,2026-07-01T21:50:04+08:00
ORD00048848,M003304,P00275,app,cancelled,4,TWD,361717.0,600.0,2026-05-31T16:12:43+08:00,2026-09-20,2026-07-01T14:36:24+08:00
ORD00100208,M001999,P00103,門市,paid,4,JPY,453922.0,800.0,2026-07-01T01:15:05+08:00,2026-09-27,2026-07-03T11:48:05+08:00
ORD00031950,M005580,P00171,電銷,completed,4,USD,8863.56,300.0,2026-05-22T07:47:52+08:00,2026-07-11,2026-07-01T00:20:43+08:00
ORD00000697,M002392,P00191,門市,completed,4,TWD,571797.0,50.0,2026-06-22T09:57:50+08:00,2026-09-06,2026-07-01T10:58:28+08:00
ORD00101053,M005901,P00012,app,created,3,TWD,227093.0,450.0,2026-07-01T19:40:27+08:00,2026-09-04,2026-07-02T05:48:27+08:00
ORD00103264,M001043,P00262,門市,created,4,TWD,731032.0,900.0,2026-07-01T19:00:28+08:00,2026-07-10,2026-07-02T04:03:28+08:00
ORD00102944,M006480,P00038,電銷,created,3,TWD,58053.0,750.0,2026-07-01T13:21:35+08:00,2026-10-13,2026-07-02T04:39:35+08:00
ORD00100716,M003145,P00262,門市,created,4,JPY,3398082.0,500.0,2026-07-01T20:48:43+08:00,2026-09-29,2026-07-03T23:02:43+08:00
ORD00021146,M002599,P00161,門市,completed,2,USD,13158.27,200.0,2026-05-30T11:57:02+08:00,2026-08-30,2026-07-01T10:36:01+08:00
ORD00100071,M003994,P00207,門市,created,2,JPY,670427.0,450.0,2026-07-01T01:33:11+08:00,2026-07-29,2026-07-03T18:08:11+08:00
ORD00101103,M007505,P00011,門市,paid,3,JPY,2253565.0,50.0,2026-07-01T16:10:41+08:00,2026-08-01,2026-07-02T21:34:41+08:00
ORD00102185,M006219,P00176,門市,created,2,USD,10307.45,700.0,2026-07-01T18:03:30+08:00,2026-09-17,2026-07-02T10:06:30+08:00
ORD00102907,M002487,P00036,門市,paid,1,TWD,61335.0,450.0,2026-07-01T15:11:47+08:00,2026-07-08,2026-07-02T10:18:47+08:00
ORD00101757,M004466,P00274,電銷,paid,2,USD,7258.77,700.0,2026-07-01T03:37:25+08:00,2026-09-01,2026-07-03T01:21:25+08:00
ORD00101393,M000636,P00012,電銷,paid,1,TWD,69779.0,300.0,2026-07-01T14:00:48+08:00,2026-07-13,2026-07-04T07:27:48+08:00
ORD00069614,M000665,P00004,web,completed,1,USD,7329.63,850.0,2026-05-06T02:31:40+08:00,2026-07-09,2026-07-01T15:20:50+08:00
ORD00076361,M007984,P00003,電銷,completed,3,TWD,382171.0,550.0,2026-05-11T12:41:28+08:00,2026-07-28,2026-07-01T17:41:42+08:00
ORD00103080,M004054,P00118,web,created,4,TWD,476563.0,550.0,2026-07-01T22:01:58+08:00,2026-07-19,2026-07-03T06:54:58+08:00
ORD00100315,M007662,P00238,web,paid,3,TWD,272060.0,150.0,2026-07-01T09:09:59+08:00,2026-08-06,2026-07-02T18:31:59+08:00
ORD00103460,M000421,P00031,電銷,paid,3,TWD,623228.0,750.0,2026-07-01T10:46:34+08:00,2026-07-14,2026-07-02T21:31:34+08:00
ORD00055146,M000009,P00235,門市,completed,2,TWD,109853.0,0.0,2026-05-30T23:06:57+08:00,2026-08-25,2026-07-01T15:12:55+08:00
ORD00057131,M007132,P00186,電銷,cancelled,4,TWD,461700.0,0.0,2026-05-25T06:03:56+08:00,2026-08-31,2026-07-01T15:28:00+08:00
ORD00103884,M001441,P00120,web,created,1,TWD,137533.0,800.0,2026-07-01T02:05:20+08:00,2026-10-11,2026-07-03T15:05:20+08:00
ORD00103874,M006461,P00193,app,created,4,TWD,664819.0,500.0,2026-07-01T12:35:48+08:00,2026-08-24,2026-07-03T19:28:48+08:00
ORD00101489,M007421,P00201,門市,paid,4,TWD,439216.0,600.0,2026-07-01T17:28:19+08:00,2026-08-22,2026-07-01T23:17:19+08:00
ORD00017894,M001578,P00081,電銷,cancelled,1,TWD,104955.0,500.0,2026-05-28T15:33:52+08:00,2026-08-20,2026-07-01T11:53:15+08:00
ORD00101036,M004745,P00206,web,paid,2,TWD,323609.0,300.0,2026-07-01T03:58:38+08:00,2026-09-11,2026-07-02T10:40:43+08:00
ORD00102463,M003010,P00007,門市,paid,4,TWD,237320.0,750.0,2026-07-01T20:41:45+08:00,2026-07-30,2026-07-04T06:56:45+08:00
ORD00103876,M002193,P00181,門市,paid,1,TWD,18445.0,50.0,2026-07-01T14:15:26+08:00,2026-08-06,2026-07-02T19:33:26+08:00
ORD00103962,M004237,P00182,門市,created,4,TWD,34127.0,950.0,2026-07-01T16:51:12+08:00,2026-09-08,2026-07-02T04:51:12+08:00
ORD00072464,M006023,P00153,門市,completed,3,TWD,294541.0,0.0,2026-06-14T07:16:24+08:00,2026-07-13,2026-07-01T01:41:22+08:00
ORD00103082,M007100,P00175,app,paid,2,TWD,38652.0,550.0,2026-07-01T06:37:49+08:00,2026-08-17,2026-07-03T16:59:49+08:00
ORD00101359,M007190,P00156,web,paid,2,TWD,396211.0,200.0,2026-07-01T10:01:28+08:00,2026-10-03,2026-07-04T04:00:28+08:00
ORD00100344,M006528,P00187,門市,paid,1,USD,963.1,450.0,2026-07-01T22:03:46+08:00,2026-10-21,2026-07-02T22:00:46+08:00
ORD00103579,M003826,P00204,電銷,paid,2,TWD,290123.0,450.0,2026-07-01T21:34:48+08:00,2026-07-21,2026-07-04T05:11:48+08:00
ORD00101220,M001897,P00236,app,paid,1,TWD,184726.0,150.0,2026-07-01T14:35:53+08:00,2026-09-26,2026-07-01T21:36:53+08:00
ORD00101425,M005946,P00207,app,created,3,TWD,200173.0,750.0,2026-07-01T10:57:54+08:00,2026-09-02,2026-07-01T12:58:54+08:00
ORD00100906,M000412,P00216,門市,paid,1,JPY,52699.0,600.0,2026-07-01T11:30:47+08:00,2026-08-03,2026-07-03T08:27:47+08:00
ORD00101226,M007462,P00266,web,paid,4,TWD,62692.0,100.0,2026-07-01T08:25:03+08:00,2026-09-06,2026-07-01T20:35:03+08:00
ORD00102818,M002019,P00013,app,created,4,USD,19934.89,250.0,2026-07-01T06:12:34+08:00,2026-08-29,2026-07-01T16:34:34+08:00
ORD00103178,M003876,P00041,電銷,created,3,JPY,140040.0,900.0,2026-07-01T10:12:04+08:00,2026-07-18,2026-07-02T18:12:04+08:00
ORD00100936,M000498,P00173,電銷,paid,3,TWD,26807.0,550.0,2026-07-01T05:28:48+08:00,2026-08-03,2026-07-02T05:50:48+08:00
ORD00103758,M002670,P00068,app,paid,3,TWD,277287.0,850.0,2026-07-01T16:53:38+08:00,2026-09-06,2026-07-03T11:58:38+08:00
ORD00101402,M006525,P00029,電銷,paid,3,TWD,335136.0,950.0,2026-07-01T08:26:59+08:00,2026-10-21,2026-07-03T04:22:59+08:00
ORD00102791,M002712,P00235,電銷,paid,2,JPY,713834.0,650.0,2026-07-01T04:07:52+08:00,2026-10-21,2026-07-01T22:18:52+08:00
ORD00102469,M007894,P00224,門市,paid,4,USD,12087.13,100.0,2026-07-01T15:25:41+08:00,2026-07-15,2026-07-02T05:45:41+08:00
ORD00038237,M003493,P00053,電銷,cancelled,1,USD,2374.76,250.0,2026-06-20T07:18:02+08:00,2026-07-20,2026-07-01T16:39:45+08:00
ORD00101929,M006662,P00226,電銷,paid,4,JPY,2370916.0,100.0,2026-07-01T01:23:48+08:00,2026-10-01,2026-07-02T16:42:48+08:00
ORD00025936,M001205,P00176,app,cancelled,3,USD,13095.41,900.0,2026-05-10T09:56:25+08:00,2026-06-26,2026-07-01T16:18:00+08:00
ORD00100921,M003541,P00235,門市,paid,2,TWD,120899.0,800.0,2026-07-01T00:01:20+08:00,2026-10-06,2026-07-01T08:16:20+08:00
ORD00102400,M000776,P00107,app,created,1,TWD,163959.0,450.0,2026-07-01T07:10:04+08:00,2026-07-27,2026-07-01T19:46:04+08:00
ORD00102988,M000801,P00167,app,created,2,JPY,1485612.0,0.0,2026-07-01T00:24:25+08:00,2026-08-30,2026-07-03T07:14:25+08:00
ORD00103432,M001498,P00180,電銷,paid,3,TWD,373034.0,450.0,2026-07-01T14:31:09+08:00,2026-10-09,2026-07-03T01:11:09+08:00
ORD00103153,M002981,P00256,app,created,3,TWD,545573.0,550.0,2026-07-01T14:36:12+08:00,2026-09-04,2026-07-02T04:32:12+08:00
ORD00102517,M006301,P00276,門市,created,2,USD,9942.93,750.0,2026-07-01T04:27:27+08:00,2026-10-01,2026-07-03T07:21:27+08:00
ORD00062165,M005023,P00050,電銷,completed,3,TWD,9519.0,700.0,2026-06-06T20:50:08+08:00,2026-06-30,2026-07-01T12:43:33+08:00
ORD00103125,M004166,P00102,電銷,paid,1,USD,1117.12,750.0,2026-07-01T16:39:46+08:00,2026-08-20,2026-07-03T02:28:46+08:00
ORD00100953,M004287,P00162,門市,paid,2,TWD,15702.0,950.0,2026-07-01T00:14:51+08:00,2026-09-12,2026-07-02T10:35:51+08:00
ORD00103323,M007249,P00065,門市,paid,4,TWD,749755.0,750.0,2026-07-01T20:57:46+08:00,2026-08-21,2026-07-04T13:21:46+08:00
ORD00100854,M000979,P00157,app,paid,2,TWD,175784.0,750.0,2026-07-01T11:35:16+08:00,2026-10-17,2026-07-03T15:45:16+08:00
ORD00101265,M002986,P00263,電銷,paid,1,TWD,113910.0,700.0,2026-07-01T03:37:37+08:00,2026-10-15,2026-07-03T20:44:37+08:00
ORD00100325,M001553,P00067,app,paid,3,JPY,1546886.0,600.0,2026-07-01T13:10:09+08:00,2026-09-29,2026-07-02T23:46:09+08:00
ORD00100493,M003985,P00061,電銷,paid,3,TWD,526523.0,500.0,2026-07-01T15:13:04+08:00,2026-08-03,2026-07-02T20:49:04+08:00
ORD00101518,M004360,P00155,app,paid,2,TWD,93152.0,550.0,2026-07-01T14:54:15+08:00,2026-08-28,2026-07-02T23:07:15+08:00
ORD00100968,M006733,P00156,web,paid,1,TWD,181980.0,50.0,2026-07-01T18:11:10+08:00,2026-10-28,2026-07-02T10:53:10+08:00
ORD00102417,M003084,P00202,web,paid,2,JPY,1086405.0,50.0,2026-07-01T06:07:39+08:00,2026-09-05,2026-07-01T22:10:39+08:00
ORD00005915,M001067,P00243,門市,cancelled,1,TWD,173672.0,400.0,2026-05-28T04:38:09+08:00,2026-08-24,2026-07-01T18:26:42+08:00
ORD00100230,M006413,P00274,電銷,paid,4,USD,12806.96,800.0,2026-07-01T17:30:47+08:00,2026-09-07,2026-07-03T23:56:47+08:00
ORD00101120,M004454,P00232,app,paid,1,TWD,183154.0,50.0,2026-07-01T20:50:11+08:00,2026-09-01,2026-07-02T15:57:11+08:00
ORD00100694,M003644,P00019,門市,created,1,JPY,475093.0,700.0,2026-07-01T15:07:05+08:00,2026-07-17,2026-07-02T18:16:05+08:00
ORD00103120,M000735,P00152,電銷,paid,4,TWD,141371.0,650.0,2026-07-01T02:12:19+08:00,2026-08-20,2026-07-03T16:00:19+08:00
ORD00103589,M001842,P00008,web,created,1,TWD,87691.0,100.0,2026-07-01T06:55:06+08:00,2026-09-18,2026-07-02T17:09:06+08:00
ORD00100798,M006594,P00208,電銷,paid,1,USD,4828.82,150.0,2026-07-01T06:41:34+08:00,2026-10-25,2026-07-02T00:39:34+08:00
ORD00102887,M004272,P00075,門市,created,4,TWD,77360.0,550.0,2026-07-01T15:30:35+08:00,2026-08-10,2026-07-04T05:15:35+08:00
ORD00100659,M005035,P00284,電銷,paid,3,JPY,1899109.0,800.0,2026-07-01T13:28:43+08:00,2026-09-09,2026-07-02T23:04:43+08:00
ORD00102737,M006262,P00227,web,created,3,TWD,467731.0,700.0,2026-07-01T02:58:42+08:00,2026-08-09,2026-07-01T11:46:42+08:00
ORD00101709,M006097,P00139,門市,paid,3,TWD,458890.0,100.0,2026-07-01T10:06:50+08:00,2026-09-04,2026-07-03T18:26:50+08:00
ORD00102975,M005466,P00088,門市,created,2,TWD,139281.0,700.0,2026-07-01T00:40:57+08:00,2026-09-13,2026-07-03T18:36:57+08:00
ORD00101844,M007589,P00036,門市,paid,4,USD,10218.6,500.0,2026-07-01T18:06:23+08:00,2026-07-13,2026-07-02T12:49:23+08:00
ORD00072447,M007067,P00046,門市,completed,2,TWD,143937.0,250.0,2026-06-11T09:17:15+08:00,2026-09-27,2026-07-01T15:26:58+08:00
ORD00103327,M004035,P00269,app,paid,4,USD,9011.87,650.0,2026-07-01T03:27:28+08:00,2026-09-29,2026-07-02T22:59:28+08:00
ORD00079954,M006525,P00295,web,completed,3,TWD,164318.0,500.0,2026-05-02T13:05:33+08:00,2026-07-23,2026-07-01T05:30:18+08:00
ORD00102227,M004840,P00106,web,paid,1,USD,1203.88,200.0,2026-07-01T02:39:56+08:00,2026-08-24,2026-07-02T12:19:56+08:00
ORD00103831,M003887,P00092,門市,paid,1,TWD,156867.0,0.0,2026-07-01T16:07:18+08:00,2026-09-20,2026-07-03T05:35:18+08:00
ORD00100622,M007573,P00184,web,paid,3,TWD,506386.0,50.0,2026-07-01T16:47:15+08:00,2026-07-20,2026-07-02T06:41:15+08:00
ORD00100056,M002325,P00110,電銷,paid,4,TWD,666698.0,550.0,2026-07-01T21:57:29+08:00,2026-08-03,2026-07-04T12:38:29+08:00
ORD00027806,M000938,P00133,web,completed,4,TWD,22618.0,150.0,2026-05-16T12:44:31+08:00,2026-06-26,2026-07-01T16:05:24+08:00
ORD00102144,M006909,P00076,web,paid,2,TWD,7916.0,250.0,2026-07-01T06:40:49+08:00,2026-09-05,2026-07-02T11:13:49+08:00
ORD00101340,M006149,P00104,app,paid,4,USD,449.12,650.0,2026-07-01T05:09:53+08:00,2026-07-31,2026-07-03T06:19:53+08:00
ORD00103092,M006779,P00037,電銷,created,3,TWD,394581.0,750.0,2026-07-01T00:53:51+08:00,2026-07-29,2026-07-02T11:58:51+08:00
ORD00103018,M005237,P00147,web,created,4,TWD,800876.0,500.0,2026-07-01T22:23:47+08:00,2026-09-09,2026-07-02T14:02:47+08:00
ORD00103860,M000858,P00077,電銷,paid,3,JPY,2733536.0,650.0,2026-07-01T13:48:05+08:00,2026-08-01,2026-07-03T00:42:05+08:00
ORD00100222,M006854,P00127,web,paid,2,TWD,105078.0,650.0,2026-07-01T08:12:08+08:00,2026-09-18,2026-07-02T03:29:08+08:00
ORD00103132,M006153,P00225,web,paid,3,TWD,150228.0,100.0,2026-07-01T04:02:23+08:00,2026-09-10,2026-07-01T06:33:23+08:00
ORD00103269,M004399,P00201,app,created,3,TWD,296408.0,850.0,2026-07-01T19:40:05+08:00,2026-10-27,2026-07-01T23:08:05+08:00
ORD00103791,M007127,P00092,電銷,paid,1,TWD,166851.0,500.0,2026-07-01T02:57:01+08:00,2026-08-11,2026-07-03T02:08:01+08:00
ORD00103650,M000590,P00048,電銷,paid,2,JPY,1061108.0,150.0,2026-07-01T17:41:59+08:00,2026-09-06,2026-07-02T02:50:59+08:00
ORD00081867,M003452,P00222,電銷,completed,2,TWD,67210.0,500.0,2026-06-02T08:41:41+08:00,2026-09-02,2026-07-01T22:32:15+08:00
ORD00100725,M000107,P00232,app,paid,2,TWD,338408.0,300.0,2026-07-01T13:29:53+08:00,2026-08-08,2026-07-03T10:05:53+08:00
ORD00103071,M001407,P00079,web,paid,1,TWD,51834.0,500.0,2026-07-01T01:29:11+08:00,2026-07-14,2026-07-02T11:37:11+08:00
ORD00102122,M003478,P00018,app,paid,3,TWD,363739.0,700.0,2026-07-01T19:34:40+08:00,2026-09-14,2026-07-02T05:59:40+08:00
ORD00101141,M003183,P00089,門市,created,3,TWD,269038.0,50.0,2026-07-01T23:26:59+08:00,2026-09-23,2026-07-04T06:39:59+08:00
ORD00102325,M005012,P00091,app,paid,4,JPY,1858774.0,250.0,2026-07-01T20:42:26+08:00,2026-09-28,2026-07-03T18:48:26+08:00
ORD00102100,M001729,P00014,app,created,1,TWD,133488.0,500.0,2026-07-01T07:53:28+08:00,2026-10-26,2026-07-03T18:34:28+08:00
ORD00100709,M004006,P00292,門市,paid,3,JPY,2480392.0,550.0,2026-07-01T21:17:00+08:00,2026-08-05,2026-07-01T21:29:00+08:00
ORD00101090,M000213,P00176,app,created,2,TWD,351922.0,500.0,2026-07-01T14:43:47+08:00,2026-08-14,2026-07-02T17:08:47+08:00
ORD00102098,M004018,P00217,門市,created,1,JPY,847659.0,900.0,2026-07-01T14:31:07+08:00,2026-08-08,2026-07-03T00:56:07+08:00
ORD00100249,M004107,P00024,app,paid,2,TWD,195715.0,50.0,2026-07-01T14:05:44+08:00,2026-08-20,2026-07-02T06:44:44+08:00
ORD00102395,M004913,P00285,門市,paid,1,USD,3743.29,350.0,2026-07-01T15:39:14+08:00,2026-10-23,2026-07-01T20:45:14+08:00
ORD00101986,M003684,P00270,app,created,1,JPY,108261.0,0.0,2026-07-01T18:26:31+08:00,2026-07-10,2026-07-02T17:27:31+08:00
ORD00102925,M006927,P00224,app,paid,2,USD,5752.36,300.0,2026-07-01T01:11:51+08:00,2026-09-03,2026-07-01T01:31:51+08:00
ORD00102615,M003698,P00022,門市,paid,3,TWD,132342.0,800.0,2026-07-01T23:53:19+08:00,2026-10-14,2026-07-04T12:21:19+08:00
ORD00101848,M002815,P00184,web,paid,1,JPY,890500.0,650.0,2026-07-01T14:26:00+08:00,2026-09-02,2026-07-01T22:54:00+08:00
ORD00101692,M007892,P00298,web,paid,4,TWD,541447.0,650.0,2026-07-01T19:13:25+08:00,2026-10-16,2026-07-03T21:47:25+08:00
ORD00101177,M003025,P00102,門市,paid,3,TWD,112024.0,700.0,2026-07-01T15:21:45+08:00,2026-08-05,2026-07-03T10:57:45+08:00
ORD00103867,M002525,P00145,門市,paid,3,TWD,209894.0,150.0,2026-07-01T00:57:37+08:00,2026-10-27,2026-07-02T00:44:37+08:00
ORD00101872,M001851,P00161,app,created,3,TWD,540644.0,850.0,2026-07-01T20:12:49+08:00,2026-10-14,2026-07-03T11:46:49+08:00
ORD00101467,M001081,P00120,app,created,4,TWD,474302.0,350.0,2026-07-01T18:05:44+08:00,2026-07-21,2026-07-02T05:06:44+08:00
ORD00100982,M001164,P00192,web,created,2,USD,13884.25,600.0,2026-07-01T05:39:32+08:00,2026-07-13,2026-07-02T16:04:32+08:00
ORD00103562,M003094,P00268,app,paid,4,TWD,237973.0,150.0,2026-07-01T06:55:58+08:00,2026-08-27,2026-07-02T13:58:58+08:00
ORD00102511,M003461,P00089,門市,paid,2,USD,5869.09,650.0,2026-07-01T15:03:13+08:00,2026-10-02,2026-07-02T03:48:13+08:00
ORD00100933,M000571,P00278,門市,created,2,TWD,415196.0,700.0,2026-07-01T22:53:35+08:00,2026-10-11,2026-07-03T09:15:35+08:00
ORD00100541,M005935,P00097,web,created,2,TWD,233961.0,600.0,2026-07-01T09:25:41+08:00,2026-10-19,2026-07-03T02:07:41+08:00
ORD00103117,M000409,P00077,app,paid,2,TWD,455688.0,350.0,2026-07-01T05:39:59+08:00,2026-09-20,2026-07-01T14:31:59+08:00
ORD00100685,M006973,P00298,門市,paid,4,TWD,380440.0,650.0,2026-07-01T08:05:37+08:00,2026-10-24,2026-07-01T14:52:37+08:00
ORD00102126,M003607,P00228,web,paid,1,TWD,123617.0,900.0,2026-07-01T23:29:06+08:00,2026-08-24,2026-07-02T14:46:06+08:00
ORD00067678,M006624,P00065,web,completed,3,TWD,664243.0,750.0,2026-05-06T14:39:11+08:00,2026-08-16,2026-07-01T23:02:20+08:00
ORD00101230,M006198,P00161,電銷,created,3,TWD,628752.0,650.0,2026-07-01T22:36:29+08:00,2026-10-02,2026-07-03T19:05:29+08:00
ORD00050658,M004521,P00117,電銷,completed,2,JPY,1398292.0,950.0,2026-06-28T15:00:40+08:00,2026-10-13,2026-07-01T06:50:41+08:00
ORD00101959,M001712,P00155,門市,created,4,TWD,230098.0,500.0,2026-07-01T17:50:44+08:00,2026-09-02,2026-07-03T05:21:44+08:00
ORD00102659,M007782,P00287,app,paid,4,TWD,592777.0,600.0,2026-07-01T14:08:45+08:00,2026-10-07,2026-07-03T07:24:45+08:00
ORD00101266,M005396,P00155,web,created,1,TWD,48138.0,100.0,2026-07-01T18:28:26+08:00,2026-09-08,2026-07-04T07:29:26+08:00
ORD00103449,M007917,P00251,app,created,3,TWD,337648.0,800.0,2026-07-01T08:58:49+08:00,2026-08-18,2026-07-03T18:50:49+08:00
ORD00103343,M005487,P00299,web,paid,1,TWD,21091.0,850.0,2026-07-01T22:15:21+08:00,2026-10-18,2026-07-02T10:15:21+08:00
ORD00102736,M005354,P00010,web,paid,3,TWD,349778.0,950.0,2026-07-01T15:46:17+08:00,2026-09-29,2026-07-02T08:34:17+08:00
ORD00102779,M002418,P00129,web,created,4,TWD,623081.0,600.0,2026-07-01T16:30:32+08:00,2026-08-31,2026-07-03T07:54:32+08:00
ORD00100120,M005813,P00121,web,created,4,TWD,115822.0,200.0,2026-07-01T14:48:49+08:00,2026-10-02,2026-07-03T05:14:49+08:00
ORD00100007,M001020,P00216,電銷,created,1,TWD,11212.0,250.0,2026-07-01T13:26:49+08:00,2026-09-05,2026-07-03T01:52:49+08:00
ORD00101764,M005769,P00041,app,created,4,USD,1090.5,550.0,2026-07-01T18:34:11+08:00,2026-09-21,2026-07-04T05:40:11+08:00
ORD00101086,M007962,P00159,門市,created,3,TWD,159333.0,750.0,2026-07-01T22:14:12+08:00,2026-08-25,2026-07-04T03:14:12+08:00
ORD00101553,M001857,P00220,web,paid,2,TWD,74453.0,750.0,2026-07-01T01:39:28+08:00,2026-10-08,2026-07-01T13:53:28+08:00
ORD00102084,M004510,P00162,電銷,created,2,USD,410.96,300.0,2026-07-01T05:23:37+08:00,2026-08-08,2026-07-01T08:33:37+08:00
ORD00101400,M004238,P00201,電銷,created,1,TWD,133314.0,200.0,2026-07-01T14:07:56+08:00,2026-09-27,2026-07-03T04:09:56+08:00
ORD00102151,M006538,P00086,web,created,1,TWD,17313.0,500.0,2026-07-01T06:41:02+08:00,2026-10-18,2026-07-02T01:48:02+08:00
ORD00103899,M004199,P00234,電銷,created,4,JPY,203167.0,700.0,2026-07-01T04:42:08+08:00,2026-08-25,2026-07-01T11:23:08+08:00
ORD00100421,M001015,P00239,門市,paid,3,TWD,501426.0,400.0,2026-07-01T11:32:56+08:00,2026-09-06,2026-07-04T05:32:56+08:00
ORD00103096,M002890,P00179,web,created,3,USD,11311.91,800.0,2026-07-01T05:02:00+08:00,2026-08-23,2026-07-02T07:42:00+08:00
ORD00056534,M000306,P00121,門市,completed,1,TWD,22177.0,350.0,2026-06-28T21:15:50+08:00,2026-09-29,2026-07-01T22:09:44+08:00
ORD00101412,M000981,P00200,web,created,1,TWD,141831.0,300.0,2026-07-01T22:54:12+08:00,2026-07-10,2026-07-02T09:30:12+08:00
ORD00102374,M004215,P00025,web,paid,3,TWD,465742.0,50.0,2026-07-01T16:37:30+08:00,2026-10-14,2026-07-02T06:49:30+08:00
ORD00100191,M002092,P00058,門市,paid,3,TWD,130322.0,0.0,2026-07-01T05:45:06+08:00,2026-07-16,2026-07-01T13:14:06+08:00
ORD00101105,M001120,P00212,電銷,paid,2,TWD,56637.0,600.0,2026-07-01T01:41:10+08:00,2026-07-24,2026-07-02T14:33:10+08:00
ORD00080085,M000082,P00289,web,cancelled,2,USD,7716.59,500.0,2026-05-21T22:55:23+08:00,2026-07-09,2026-07-01T11:56:01+08:00
ORD00102337,M006322,P00163,web,paid,2,USD,5047.01,450.0,2026-07-01T14:01:10+08:00,2026-10-11,2026-07-03T13:25:10+08:00
ORD00040342,M001484,P00177,門市,cancelled,1,TWD,20839.0,850.0,2026-05-21T18:13:18+08:00,2026-07-23,2026-07-01T23:27:44+08:00
ORD00079075,M005467,P00168,門市,completed,2,TWD,333148.0,550.0,2026-05-27T01:51:48+08:00,2026-07-15,2026-07-01T05:05:41+08:00
ORD00103895,M002924,P00004,門市,paid,1,TWD,189779.0,0.0,2026-07-01T00:42:02+08:00,2026-08-17,2026-07-01T06:02:02+08:00
ORD00103390,M003828,P00125,電銷,created,3,TWD,160883.0,600.0,2026-07-01T11:11:20+08:00,2026-08-02,2026-07-03T09:33:20+08:00
ORD00103752,M003817,P00218,電銷,paid,4,USD,3816.06,600.0,2026-07-01T01:53:07+08:00,2026-09-07,2026-07-02T18:50:07+08:00
ORD00103525,M003732,P00100,app,created,4,TWD,707289.0,500.0,2026-07-01T06:29:13+08:00,2026-10-04,2026-07-03T11:11:13+08:00
ORD00102551,M003641,P00129,電銷,paid,3,TWD,544753.0,500.0,2026-07-01T19:46:22+08:00,2026-07-22,2026-07-01T20:55:22+08:00
ORD00101173,M007544,P00284,門市,paid,4,TWD,631984.0,400.0,2026-07-01T20:28:06+08:00,2026-07-18,2026-07-02T03:14:06+08:00
ORD00103356,M000436,P00234,app,paid,1,TWD,10663.0,150.0,2026-07-01T07:19:41+08:00,2026-07-24,2026-07-02T23:26:41+08:00
ORD00050490,M002882,P00159,web,completed,2,JPY,398487.0,250.0,2026-06-15T14:31:49+08:00,2026-07-20,2026-07-01T17:56:15+08:00
ORD00102494,M005269,P00198,電銷,paid,4,TWD,82479.0,0.0,2026-07-01T19:45:09+08:00,2026-10-09,2026-07-04T01:51:09+08:00
ORD00102864,M007601,P00164,門市,paid,3,TWD,134170.0,650.0,2026-07-01T17:21:49+08:00,2026-07-21,2026-07-03T13:17:49+08:00
ORD00100116,M001953,P00208,電銷,paid,4,TWD,631195.0,450.0,2026-07-01T01:14:52+08:00,2026-08-30,2026-07-01T19:56:52+08:00
ORD00102246,M001642,P00248,web,paid,1,TWD,24780.0,800.0,2026-07-01T20:05:40+08:00,2026-08-07,2026-07-01T23:34:40+08:00
ORD00101621,M001299,P00219,app,paid,2,USD,6501.9,800.0,2026-07-01T23:50:24+08:00,2026-08-18,2026-07-04T16:45:24+08:00
ORD00103984,M001587,P00180,電銷,paid,4,TWD,405265.0,800.0,2026-07-01T18:40:00+08:00,2026-07-19,2026-07-03T09:50:00+08:00
ORD00102927,M002070,P00256,門市,created,4,TWD,647455.0,250.0,2026-07-01T18:01:05+08:00,2026-08-10,2026-07-02T02:11:05+08:00
ORD00103403,M004142,P00050,web,paid,2,USD,199.3,700.0,2026-07-01T11:42:34+08:00,2026-07-25,2026-07-02T23:38:34+08:00
ORD00103976,M002693,P00121,電銷,paid,3,TWD,70602.0,50.0,2026-07-01T03:35:01+08:00,2026-08-17,2026-07-02T03:25:01+08:00
ORD00101092,M005892,P00111,電銷,paid,2,TWD,161936.0,200.0,2026-07-01T22:04:41+08:00,2026-07-31,2026-07-04T09:33:41+08:00
ORD00102143,M005934,P00051,門市,paid,1,TWD,186809.0,0.0,2026-07-01T17:55:28+08:00,2026-09-18,2026-07-02T12:20:28+08:00
ORD00102457,M003617,P00002,門市,created,2,TWD,148645.0,700.0,2026-07-01T10:02:33+08:00,2026-09-19,2026-07-02T03:07:33+08:00
ORD00101837,M000950,P00233,門市,paid,1,JPY,421980.0,650.0,2026-07-01T10:20:19+08:00,2026-10-15,2026-07-03T18:42:19+08:00
ORD00102182,M001424,P00238,電銷,paid,1,USD,2703.82,400.0,2026-07-01T07:11:53+08:00,2026-10-19,2026-07-03T14:10:53+08:00
ORD00103426,M000463,P00061,電銷,created,1,TWD,186098.0,550.0,2026-07-01T15:33:49+08:00,2026-08-01,2026-07-02T10:49:49+08:00
ORD00100903,M000800,P00089,app,paid,2,TWD,174276.0,400.0,2026-07-01T15:23:28+08:00,2026-07-27,2026-07-03T10:25:28+08:00
ORD00103216,M001723,P00013,web,paid,3,TWD,406857.0,350.0,2026-07-01T20:11:37+08:00,2026-10-13,2026-07-02T02:18:37+08:00
ORD00100272,M002486,P00259,門市,paid,1,TWD,161018.0,700.0,2026-07-01T18:58:17+08:00,2026-07-20,2026-07-03T21:33:17+08:00
ORD00103218,M006380,P00046,web,paid,3,TWD,184158.0,150.0,2026-07-01T00:22:37+08:00,2026-09-30,2026-07-03T07:14:37+08:00
ORD00100554,M007258,P00183,web,paid,3,TWD,430681.0,750.0,2026-07-01T06:54:01+08:00,2026-10-21,2026-07-03T11:28:01+08:00
ORD00101779,M000023,P00075,app,paid,2,JPY,177235.0,600.0,2026-07-01T09:19:04+08:00,2026-08-12,2026-07-01T15:45:04+08:00
ORD00051538,M005880,P00068,電銷,completed,2,TWD,193583.0,850.0,2026-05-21T22:27:02+08:00,2026-08-01,2026-07-01T11:20:20+08:00
ORD00100625,M001216,P00088,電銷,paid,1,JPY,422012.0,900.0,2026-07-01T09:06:43+08:00,2026-08-23,2026-07-02T17:19:43+08:00
ORD00062190,M000944,P00274,電銷,completed,3,TWD,349813.0,0.0,2026-06-14T16:57:20+08:00,2026-07-20,2026-07-01T15:43:25+08:00
ORD00100776,M001447,P00150,web,paid,3,TWD,455537.0,750.0,2026-07-01T10:45:23+08:00,2026-08-05,2026-07-01T11:38:23+08:00
ORD00101046,M000805,P00050,電銷,paid,3,JPY,54168.0,950.0,2026-07-01T04:44:39+08:00,2026-09-04,2026-07-03T05:14:39+08:00
ORD00075809,M002043,P00026,web,cancelled,1,JPY,672764.0,200.0,2026-06-04T00:54:28+08:00,2026-06-23,2026-07-01T20:51:33+08:00
ORD00101199,M006439,P00127,門市,created,2,TWD,131290.0,350.0,2026-07-01T13:02:40+08:00,2026-09-04,2026-07-02T14:12:40+08:00
ORD00101792,M000526,P00058,web,paid,4,TWD,186842.0,200.0,2026-07-01T04:29:56+08:00,2026-08-19,2026-07-01T18:14:56+08:00
ORD00100618,M001027,P00277,門市,paid,1,USD,4959.85,150.0,2026-07-01T03:11:37+08:00,2026-07-10,2026-07-03T06:20:37+08:00
ORD00103929,M002795,P00298,app,created,4,TWD,390965.0,700.0,2026-07-01T07:13:10+08:00,2026-10-18,2026-07-02T03:33:10+08:00
ORD00102565,M005932,P00203,app,paid,1,TWD,104917.0,250.0,2026-07-01T08:45:06+08:00,2026-07-10,2026-07-03T07:36:06+08:00
ORD00050301,M005774,P00098,web,completed,3,TWD,505769.0,250.0,2026-06-08T13:18:24+08:00,2026-08-02,2026-07-01T15:23:25+08:00
ORD00101999,M004059,P00263,門市,paid,1,TWD,110436.0,550.0,2026-07-01T08:37:02+08:00,2026-09-28,2026-07-02T09:08:02+08:00
ORD00103087,M001679,P00108,web,paid,3,TWD,292035.0,650.0,2026-07-01T06:54:32+08:00,2026-10-17,2026-07-02T07:14:32+08:00
ORD00100571,M004878,P00132,門市,paid,3,JPY,809648.0,0.0,2026-07-01T07:34:52+08:00,2026-09-20,2026-07-01T15:04:52+08:00
ORD00100631,M005578,P00295,web,paid,4,USD,7363.51,450.0,2026-07-01T08:19:59+08:00,2026-08-01,2026-07-02T12:16:59+08:00
ORD00103443,M006288,P00084,門市,paid,4,TWD,182083.0,200.0,2026-07-01T00:32:18+08:00,2026-10-27,2026-07-01T03:25:18+08:00
ORD00100459,M001462,P00045,app,created,2,TWD,15575.0,150.0,2026-07-01T20:04:01+08:00,2026-08-15,2026-07-03T16:44:01+08:00
ORD00102510,M007133,P00225,app,created,3,TWD,124122.0,850.0,2026-07-01T02:39:06+08:00,2026-09-25,2026-07-01T10:21:06+08:00
ORD00100492,M007649,P00120,app,created,4,TWD,495002.0,950.0,2026-07-01T23:30:51+08:00,2026-07-13,2026-07-04T16:27:51+08:00
ORD00102403,M002601,P00201,app,paid,1,TWD,134548.0,650.0,2026-07-01T11:07:48+08:00,2026-09-12,2026-07-03T18:44:48+08:00
ORD00101653,M002417,P00198,web,created,3,TWD,85802.0,900.0,2026-07-01T11:40:18+08:00,2026-08-19,2026-07-01T22:58:18+08:00
ORD00102040,M003052,P00219,電銷,paid,1,USD,3296.32,850.0,2026-07-01T13:11:35+08:00,2026-08-29,2026-07-01T21:34:35+08:00
ORD00102817,M004693,P00008,app,cancelled,1,TWD,88842.0,450.0,2026-07-01T09:01:38+08:00,2026-08-28,2026-07-03T03:04:38+08:00
ORD00101875,M004251,P00231,web,created,4,TWD,698974.0,900.0,2026-07-01T05:38:33+08:00,2026-09-14,2026-07-02T10:38:33+08:00
ORD00101015,M001270,P00295,app,paid,4,USD,5900.16,50.0,2026-07-01T02:52:58+08:00,2026-08-28,2026-07-02T09:02:58+08:00
ORD00100746,M007462,P00226,app,paid,4,TWD,473589.0,100.0,2026-07-01T02:35:27+08:00,2026-10-21,2026-07-03T06:55:27+08:00
ORD00103108,M005786,P00152,門市,created,3,USD,4100.98,0.0,2026-07-01T10:45:45+08:00,2026-10-18,2026-07-02T20:12:45+08:00
ORD00101510,M005849,P00163,門市,paid,4,TWD,413798.0,100.0,2026-07-01T10:43:41+08:00,2026-09-27,2026-07-04T02:51:41+08:00
ORD00102125,M001088,P00047,電銷,created,4,USD,3119.69,650.0,2026-07-01T03:21:52+08:00,2026-07-30,2026-07-03T07:55:52+08:00
ORD00096594,M004550,P00001,web,cancelled,1,TWD,102445.0,100.0,2026-05-05T03:33:09+08:00,2026-06-15,2026-07-01T09:34:41+08:00
ORD00103001,M003097,P00065,app,created,4,TWD,855749.0,0.0,2026-07-01T18:05:33+08:00,2026-09-17,2026-07-02T08:47:33+08:00
ORD00100372,M002075,P00165,web,paid,4,USD,9013.02,200.0,2026-07-01T02:31:03+08:00,2026-08-20,2026-07-03T01:58:03+08:00
ORD00100443,M001979,P00287,web,paid,1,JPY,549027.0,200.0,2026-07-01T09:19:28+08:00,2026-09-28,2026-07-03T10:33:28+08:00
ORD00101591,M006352,P00254,web,paid,3,TWD,10867.0,350.0,2026-07-01T00:55:27+08:00,2026-08-26,2026-07-02T15:38:27+08:00
ORD00103742,M002293,P00203,web,paid,4,TWD,469914.0,850.0,2026-07-01T22:38:28+08:00,2026-10-15,2026-07-04T12:40:28+08:00
ORD00103250,M000941,P00213,電銷,paid,1,TWD,129815.0,350.0,2026-07-01T06:27:57+08:00,2026-07-28,2026-07-03T05:48:57+08:00
ORD00044871,M004509,P00161,電銷,completed,1,TWD,189704.0,600.0,2026-05-25T06:03:33+08:00,2026-06-26,2026-07-01T05:24:38+08:00
ORD00101613,M004236,P00202,web,created,4,JPY,2192194.0,400.0,2026-07-01T23:12:03+08:00,2026-08-02,2026-07-03T12:41:03+08:00
ORD00100436,M003611,P00196,門市,created,4,TWD,196951.0,150.0,2026-07-01T17:27:57+08:00,2026-08-22,2026-07-02T11:08:57+08:00
ORD00100771,M006774,P00176,web,paid,1,USD,4060.17,900.0,2026-07-01T12:42:14+08:00,2026-08-08,2026-07-01T14:50:14+08:00
ORD00103441,M001115,P00062,門市,paid,1,USD,3611.74,750.0,2026-07-01T04:58:46+08:00,2026-08-24,2026-07-01T06:58:46+08:00
ORD00103557,M004814,P00125,web,created,4,TWD,192249.0,150.0,2026-07-01T04:31:52+08:00,2026-10-16,2026-07-01T14:07:52+08:00
ORD00103177,M007362,P00275,門市,paid,4,TWD,343065.0,50.0,2026-07-01T04:16:20+08:00,2026-09-30,2026-07-03T17:08:20+08:00
ORD00101498,M000693,P00185,電銷,paid,2,TWD,391589.0,700.0,2026-07-01T06:53:53+08:00,2026-09-30,2026-07-02T02:16:53+08:00
ORD00101597,M005412,P00077,app,created,2,USD,15473.9,400.0,2026-07-01T14:55:12+08:00,2026-08-19,2026-07-03T22:07:12+08:00
ORD00100343,M001034,P00158,web,paid,3,USD,3885.6,650.0,2026-07-01T21:56:23+08:00,2026-09-07,2026-07-04T06:37:23+08:00
ORD00100382,M006521,P00232,門市,paid,3,TWD,631940.0,200.0,2026-07-01T14:47:12+08:00,2026-08-31,2026-07-03T00:38:12+08:00
ORD00070867,M007270,P00125,app,cancelled,4,TWD,217226.0,550.0,2026-05-06T07:33:13+08:00,2026-08-15,2026-07-01T03:19:16+08:00
ORD00102645,M004027,P00084,電銷,paid,2,TWD,97418.0,150.0,2026-07-01T08:53:44+08:00,2026-09-21,2026-07-02T13:34:44+08:00
ORD00103081,M000362,P00088,門市,paid,2,TWD,146867.0,100.0,2026-07-01T18:06:53+08:00,2026-08-03,2026-07-02T18:38:53+08:00
ORD00102861,M004267,P00132,門市,created,1,USD,1459.9,750.0,2026-07-01T22:39:32+08:00,2026-08-02,2026-07-04T05:01:32+08:00
ORD00100302,M004861,P00176,app,created,1,TWD,175783.0,500.0,2026-07-01T18:56:05+08:00,2026-07-27,2026-07-02T07:05:05+08:00
ORD00101200,M003551,P00184,web,created,4,USD,18925.32,750.0,2026-07-01T02:01:22+08:00,2026-09-29,2026-07-02T03:20:22+08:00
ORD00101282,M005039,P00180,電銷,created,2,TWD,233445.0,250.0,2026-07-01T21:13:23+08:00,2026-10-12,2026-07-02T05:25:23+08:00
ORD00100364,M007601,P00042,app,created,1,TWD,156320.0,750.0,2026-07-01T01:43:08+08:00,2026-07-21,2026-07-03T01:28:08+08:00
ORD00100739,M003608,P00208,web,paid,4,TWD,730912.0,950.0,2026-07-01T23:15:46+08:00,2026-07-29,2026-07-02T13:57:46+08:00
ORD00028104,M001171,P00264,web,completed,4,TWD,38087.0,150.0,2026-06-19T13:37:39+08:00,2026-08-03,2026-07-01T07:53:08+08:00
ORD00103318,M000337,P00101,web,paid,3,USD,6165.28,650.0,2026-07-01T08:03:52+08:00,2026-10-11,2026-07-03T19:43:52+08:00
ORD00102305,M007259,P00219,app,created,3,TWD,358438.0,650.0,2026-07-01T22:15:49+08:00,2026-07-31,2026-07-04T13:08:49+08:00
ORD00100805,M006405,P00123,web,paid,3,TWD,254323.0,750.0,2026-07-01T20:10:14+08:00,2026-09-01,2026-07-02T01:03:14+08:00
ORD00100613,M005327,P00137,門市,paid,3,TWD,338559.0,300.0,2026-07-01T22:32:55+08:00,2026-07-30,2026-07-03T14:02:55+08:00
ORD00101674,M005826,P00205,app,created,3,USD,1146.75,950.0,2026-07-01T08:49:17+08:00,2026-09-29,2026-07-04T03:27:17+08:00
ORD00102211,M000580,P00062,門市,created,3,TWD,289828.0,600.0,2026-07-01T00:23:02+08:00,2026-07-08,2026-07-03T08:48:02+08:00
ORD00101461,M006183,P00045,門市,paid,1,TWD,8787.0,50.0,2026-07-01T03:03:52+08:00,2026-07-15,2026-07-03T21:20:52+08:00
ORD00102357,M002514,P00278,電銷,paid,2,JPY,2029397.0,550.0,2026-07-01T19:58:19+08:00,2026-07-22,2026-07-02T16:55:19+08:00
ORD00102909,M002113,P00052,門市,paid,3,TWD,203461.0,200.0,2026-07-01T09:13:54+08:00,2026-07-31,2026-07-01T18:45:54+08:00
ORD00100859,M005707,P00024,門市,created,4,TWD,415704.0,0.0,2026-07-01T10:12:34+08:00,2026-09-14,2026-07-04T03:35:34+08:00
ORD00100717,M000521,P00006,web,paid,3,TWD,446379.0,600.0,2026-07-01T21:03:43+08:00,2026-08-12,2026-07-04T12:56:43+08:00
ORD00101957,M001714,P00278,門市,created,2,TWD,347481.0,500.0,2026-07-01T03:12:02+08:00,2026-09-14,2026-07-01T09:41:02+08:00
ORD00100458,M000300,P00257,app,paid,4,TWD,120664.0,300.0,2026-07-01T07:08:55+08:00,2026-09-18,2026-07-02T15:24:55+08:00
ORD00100583,M004729,P00080,web,paid,1,USD,5410.6,100.0,2026-07-01T19:19:03+08:00,2026-07-11,2026-07-03T08:45:03+08:00
ORD00070144,M001789,P00196,web,cancelled,3,TWD,173529.0,150.0,2026-05-19T00:20:58+08:00,2026-08-12,2026-07-01T15:14:55+08:00
ORD00089969,M001808,P00077,電銷,completed,2,TWD,441044.0,200.0,2026-05-14T17:43:57+08:00,2026-07-18,2026-07-01T10:04:40+08:00
ORD00071991,M003013,P00224,app,cancelled,3,TWD,364247.0,800.0,2026-06-12T13:06:48+08:00,2026-08-02,2026-07-01T01:14:25+08:00
ORD00101373,M004280,P00051,app,created,2,USD,9000.0,950.0,2026-07-01T14:44:11+08:00,2026-08-21,2026-07-03T02:19:11+08:00
ORD00076857,M001531,P00172,電銷,cancelled,2,TWD,272537.0,500.0,2026-05-11T01:17:11+08:00,2026-05-18,2026-07-01T08:54:42+08:00
ORD00102103,M007697,P00127,web,created,3,TWD,160037.0,950.0,2026-07-01T01:47:50+08:00,2026-10-27,2026-07-01T11:25:50+08:00
ORD00103949,M002213,P00057,web,paid,2,USD,6595.88,100.0,2026-07-01T19:39:33+08:00,2026-08-17,2026-07-04T11:32:33+08:00
ORD00100784,M007076,P00131,電銷,created,1,TWD,175669.0,550.0,2026-07-01T19:06:33+08:00,2026-08-10,2026-07-04T09:39:33+08:00
ORD00102600,M007485,P00299,門市,paid,3,TWD,77514.0,500.0,2026-07-01T21:47:30+08:00,2026-09-20,2026-07-04T15:55:30+08:00
ORD00103951,M005473,P00133,app,paid,3,USD,513.92,450.0,2026-07-01T08:54:06+08:00,2026-07-16,2026-07-02T22:51:06+08:00
ORD00100797,M007953,P00008,門市,cancelled,4,USD,11514.5,350.0,2026-07-01T00:14:15+08:00,2026-10-16,2026-07-02T12:16:15+08:00
ORD00101903,M006296,P00160,app,paid,1,TWD,17061.0,650.0,2026-07-01T05:43:05+08:00,2026-08-10,2026-07-01T14:36:05+08:00
ORD00101435,M005106,P00033,電銷,paid,2,TWD,268986.0,900.0,2026-07-01T01:20:35+08:00,2026-09-01,2026-07-02T20:07:35+08:00
ORD00101301,M003671,P00258,電銷,created,4,TWD,595868.0,750.0,2026-07-01T18:32:24+08:00,2026-10-26,2026-07-02T09:39:24+08:00
ORD00101687,M001234,P00118,電銷,paid,3,TWD,396553.0,850.0,2026-07-01T13:58:35+08:00,2026-08-17,2026-07-02T07:35:35+08:00
ORD00103421,M001522,P00061,web,paid,4,TWD,663909.0,350.0,2026-07-01T09:32:33+08:00,2026-10-11,2026-07-02T10:56:33+08:00
ORD00056883,M004516,P00278,門市,completed,3,USD,15227.26,700.0,2026-05-06T06:55:55+08:00,2026-06-26,2026-07-01T05:02:52+08:00
ORD00102696,M002559,P00269,web,paid,1,TWD,52862.0,150.0,2026-07-01T05:40:39+08:00,2026-07-28,2026-07-02T05:52:39+08:00
ORD00103238,M002007,P00013,app,created,2,TWD,289764.0,100.0,2026-07-01T04:51:26+08:00,2026-07-20,2026-07-03T01:29:26+08:00
ORD00100775,M005993,P00056,app,paid,3,USD,7919.31,900.0,2026-07-01T01:39:07+08:00,2026-07-14,2026-07-02T21:30:07+08:00
ORD00103105,M005746,P00011,門市,paid,4,USD,18475.6,950.0,2026-07-01T06:59:45+08:00,2026-07-17,2026-07-01T23:00:45+08:00
ORD00103608,M007340,P00158,電銷,created,3,JPY,530162.0,700.0,2026-07-01T09:31:07+08:00,2026-07-09,2026-07-02T00:05:07+08:00
ORD00102535,M001559,P00068,電銷,created,3,TWD,255684.0,600.0,2026-07-01T15:41:39+08:00,2026-10-24,2026-07-04T05:21:39+08:00
ORD00103030,M005726,P00274,web,created,4,USD,14617.48,250.0,2026-07-01T23:05:41+08:00,2026-08-18,2026-07-03T08:08:41+08:00
ORD00101964,M003400,P00070,app,paid,1,TWD,91557.0,50.0,2026-07-01T02:47:52+08:00,2026-08-22,2026-07-02T22:02:52+08:00
ORD00102318,M004052,P00220,門市,created,4,TWD,127945.0,450.0,2026-07-01T11:49:31+08:00,2026-09-15,2026-07-02T03:23:31+08:00
ORD00101460,M005507,P00064,app,created,4,TWD,107780.0,300.0,2026-07-01T01:48:50+08:00,2026-08-16,2026-07-02T12:00:50+08:00
ORD00101915,M001689,P00045,web,paid,4,USD,1085.24,150.0,2026-07-01T10:06:53+08:00,2026-07-19,2026-07-04T03:17:53+08:00
ORD00102684,M001476,P00136,門市,paid,3,TWD,55589.0,50.0,2026-07-01T02:16:59+08:00,2026-07-15,2026-07-03T00:50:59+08:00
ORD00103715,M005585,P00293,電銷,created,1,JPY,276871.0,500.0,2026-07-01T19:57:04+08:00,2026-07-29,2026-07-03T09:32:04+08:00
ORD00100345,M005100,P00214,app,paid,3,TWD,465454.0,550.0,2026-07-01T15:24:56+08:00,2026-07-26,2026-07-03T22:15:56+08:00
ORD00102605,M001145,P00295,web,paid,3,JPY,861938.0,950.0,2026-07-01T10:56:27+08:00,2026-09-16,2026-07-02T22:36:27+08:00
ORD00102431,M000989,P00255,電銷,created,3,TWD,529659.0,300.0,2026-07-01T06:39:29+08:00,2026-08-08,2026-07-03T02:01:29+08:00
ORD00032533,M002964,P00026,web,completed,3,USD,13999.1,750.0,2026-05-26T06:22:27+08:00,2026-08-14,2026-07-01T16:58:08+08:00
ORD00102017,M000533,P00214,電銷,created,2,TWD,268884.0,450.0,2026-07-01T00:12:55+08:00,2026-10-17,2026-07-03T11:35:55+08:00
ORD00103310,M000570,P00041,電銷,created,2,TWD,17230.0,600.0,2026-07-01T13:36:26+08:00,2026-08-06,2026-07-01T17:15:26+08:00
ORD00103582,M005681,P00003,電銷,paid,2,TWD,195204.0,650.0,2026-07-01T19:03:10+08:00,2026-10-17,2026-07-04T13:11:10+08:00
ORD00103219,M000025,P00048,門市,paid,1,USD,2898.13,300.0,2026-07-01T09:28:32+08:00,2026-08-27,2026-07-02T03:24:32+08:00
ORD00102315,M002255,P00102,門市,created,4,TWD,140902.0,200.0,2026-07-01T08:39:56+08:00,2026-07-09,2026-07-01T17:29:56+08:00
ORD00102904,M004679,P00052,電銷,paid,3,TWD,237471.0,650.0,2026-07-01T11:38:55+08:00,2026-08-07,2026-07-03T23:08:55+08:00
ORD00100478,M007215,P00047,門市,created,3,TWD,84854.0,750.0,2026-07-01T22:35:34+08:00,2026-09-05,2026-07-03T17:05:34+08:00
ORD00097644,M006087,P00242,app,completed,2,TWD,45931.0,950.0,2026-05-20T23:06:18+08:00,2026-07-15,2026-07-01T03:50:13+08:00
ORD00103292,M006845,P00040,web,paid,1,TWD,63737.0,300.0,2026-07-01T17:24:52+08:00,2026-08-24,2026-07-03T10:23:52+08:00
ORD00100545,M006265,P00120,app,paid,3,USD,11902.36,650.0,2026-07-01T15:39:52+08:00,2026-08-02,2026-07-03T07:59:52+08:00
ORD00103990,M006432,P00034,門市,created,4,TWD,85363.0,200.0,2026-07-01T09:06:45+08:00,2026-08-07,2026-07-04T01:08:45+08:00
ORD00049204,M000556,P00165,電銷,cancelled,2,TWD,137571.0,350.0,2026-06-11T16:51:30+08:00,2026-07-10,2026-07-01T12:33:29+08:00
ORD00100940,M000853,P00086,web,paid,1,TWD,18643.0,700.0,2026-07-01T05:25:55+08:00,2026-10-03,2026-07-03T16:03:55+08:00
ORD00100042,M006783,P00013,電銷,paid,3,TWD,453462.0,200.0,2026-07-01T15:05:37+08:00,2026-09-09,2026-07-02T05:57:37+08:00
ORD00100105,M002835,P00171,電銷,paid,4,TWD,349244.0,0.0,2026-07-01T19:28:02+08:00,2026-09-02,2026-07-02T20:12:02+08:00
ORD00100900,M006344,P00180,電銷,created,1,TWD,108579.0,450.0,2026-07-01T22:01:02+08:00,2026-07-31,2026-07-02T12:10:02+08:00
ORD00100482,M002134,P00227,電銷,paid,2,TWD,278985.0,200.0,2026-07-01T06:00:50+08:00,2026-07-29,2026-07-03T20:07:50+08:00
ORD00102261,M003891,P00223,電銷,paid,2,TWD,437281.0,750.0,2026-07-01T04:00:07+08:00,2026-09-28,2026-07-03T00:28:07+08:00
ORD00103124,M001771,P00004,門市,created,2,USD,14374.66,350.0,2026-07-01T22:20:16+08:00,2026-10-13,2026-07-02T02:09:16+08:00
ORD00102607,M004832,P00116,web,created,2,TWD,167807.0,900.0,2026-07-01T01:25:24+08:00,2026-08-01,2026-07-02T22:40:24+08:00
ORD00103734,M003991,P00296,app,paid,1,TWD,7282.0,600.0,2026-07-01T08:34:41+08:00,2026-10-15,2026-07-01T08:55:41+08:00
ORD00100696,M002437,P00128,電銷,created,1,USD,5885.01,450.0,2026-07-01T01:43:48+08:00,2026-08-28,2026-07-03T04:18:48+08:00
ORD00102303,M004671,P00229,app,paid,1,USD,4832.17,800.0,2026-07-01T14:37:22+08:00,2026-10-06,2026-07-03T23:07:22+08:00
ORD00103039,M000473,P00070,web,created,1,USD,3213.68,550.0,2026-07-01T16:00:29+08:00,2026-09-10,2026-07-03T14:24:29+08:00
ORD00103681,M004475,P00038,app,created,4,USD,2756.93,350.0,2026-07-01T08:41:07+08:00,2026-10-03,2026-07-01T16:07:07+08:00
ORD00100084,M000694,P00282,app,paid,3,TWD,669924.0,500.0,2026-07-01T04:28:39+08:00,2026-10-22,2026-07-01T22:52:39+08:00
ORD00102124,M001164,P00203,app,paid,3,TWD,371535.0,800.0,2026-07-01T16:43:25+08:00,2026-10-21,2026-07-03T01:22:25+08:00
ORD00103093,M003565,P00106,web,paid,3,TWD,113731.0,600.0,2026-07-01T18:46:35+08:00,2026-08-21,2026-07-03T02:14:35+08:00
ORD00100014,M005834,P00147,app,created,2,JPY,2085455.0,600.0,2026-07-01T09:37:59+08:00,2026-09-17,2026-07-03T04:37:59+08:00
ORD00102134,M003404,P00049,app,paid,3,JPY,274912.0,550.0,2026-07-01T05:45:55+08:00,2026-08-02,2026-07-03T03:55:55+08:00
ORD00101458,M001016,P00176,門市,created,1,TWD,161568.0,500.0,2026-07-01T02:22:40+08:00,2026-08-22,2026-07-03T15:00:40+08:00
ORD00102054,M001816,P00197,電銷,paid,1,TWD,60210.0,550.0,2026-07-01T19:20:58+08:00,2026-10-16,2026-07-03T09:20:58+08:00
ORD00103754,M007879,P00244,電銷,paid,3,TWD,160117.0,400.0,2026-07-01T02:11:30+08:00,2026-10-11,2026-07-02T01:46:30+08:00
ORD00101829,M000908,P00106,app,paid,1,TWD,50766.0,550.0,2026-07-01T04:40:59+08:00,2026-07-22,2026-07-03T19:34:59+08:00
ORD00102793,M004016,P00151,門市,paid,2,TWD,155364.0,900.0,2026-07-01T23:38:00+08:00,2026-08-20,2026-07-02T12:28:00+08:00
ORD00103194,M003324,P00207,電銷,created,2,TWD,174670.0,600.0,2026-07-01T08:43:41+08:00,2026-10-10,2026-07-01T20:38:41+08:00
ORD00034812,M002447,P00010,app,cancelled,3,TWD,355934.0,100.0,2026-06-24T10:09:14+08:00,2026-08-06,2026-07-01T21:23:22+08:00
ORD00101332,M005617,P00022,app,paid,4,TWD,181014.0,700.0,2026-07-01T10:13:43+08:00,2026-08-13,2026-07-03T23:16:43+08:00
ORD00102667,M002498,P00128,電銷,created,4,USD,18075.92,900.0,2026-07-01T10:19:11+08:00,2026-09-17,2026-07-01T16:12:11+08:00
ORD00101377,M007682,P00171,門市,paid,1,TWD,91753.0,350.0,2026-07-01T07:11:58+08:00,2026-09-14,2026-07-02T18:03:58+08:00
ORD00100058,M003557,P00078,門市,paid,3,JPY,1370698.0,650.0,2026-07-01T19:58:45+08:00,2026-09-18,2026-07-02T05:30:45+08:00
ORD00083109,M005686,P00196,web,completed,3,TWD,169089.0,250.0,2026-06-08T23:50:08+08:00,2026-09-18,2026-07-01T23:47:40+08:00
ORD00103480,M000212,P00028,web,paid,1,TWD,107890.0,450.0,2026-07-01T13:07:30+08:00,2026-08-28,2026-07-03T18:16:30+08:00
ORD00101228,M006956,P00114,web,paid,1,JPY,385304.0,800.0,2026-07-01T14:21:37+08:00,2026-09-16,2026-07-03T09:05:37+08:00
ORD00102327,M001757,P00242,app,created,4,JPY,579442.0,300.0,2026-07-01T08:36:41+08:00,2026-09-12,2026-07-02T09:01:41+08:00
ORD00102466,M002309,P00268,web,paid,1,USD,2211.51,450.0,2026-07-01T21:08:17+08:00,2026-09-10,2026-07-03T20:38:17+08:00
ORD00103688,M005309,P00178,web,paid,3,TWD,94365.0,150.0,2026-07-01T03:49:35+08:00,2026-10-08,2026-07-03T11:55:35+08:00
ORD00034203,M005418,P00087,app,completed,1,TWD,207595.0,550.0,2026-06-07T22:22:15+08:00,2026-06-17,2026-07-01T23:40:50+08:00
ORD00101087,M006862,P00146,web,paid,2,USD,1733.37,100.0,2026-07-01T04:55:22+08:00,2026-09-22,2026-07-01T05:49:22+08:00
ORD00100708,M006022,P00082,app,paid,4,JPY,3240955.0,800.0,2026-07-01T03:17:09+08:00,2026-07-13,2026-07-03T08:20:09+08:00
ORD00102940,M001377,P00220,門市,created,4,USD,5183.53,900.0,2026-07-01T06:29:50+08:00,2026-08-20,2026-07-02T16:28:50+08:00
ORD00100399,M005579,P00171,電銷,paid,1,TWD,86563.0,750.0,2026-07-01T09:39:35+08:00,2026-08-23,2026-07-03T04:07:35+08:00
ORD00102550,M004898,P00070,電銷,paid,3,TWD,342865.0,950.0,2026-07-01T03:14:30+08:00,2026-10-16,2026-07-03T02:55:30+08:00
ORD00103107,M003785,P00073,電銷,paid,4,TWD,511394.0,500.0,2026-07-01T12:28:04+08:00,2026-10-26,2026-07-03T04:43:04+08:00
ORD00100947,M003024,P00267,門市,paid,3,TWD,657276.0,750.0,2026-07-01T21:23:45+08:00,2026-07-31,2026-07-04T10:13:45+08:00
ORD00100737,M004362,P00127,電銷,paid,4,JPY,924171.0,600.0,2026-07-01T20:33:00+08:00,2026-08-21,2026-07-03T04:52:00+08:00
ORD00101556,M004149,P00291,門市,paid,2,JPY,331821.0,200.0,2026-07-01T22:07:36+08:00,2026-10-07,2026-07-03T19:58:36+08:00
ORD00102265,M006053,P00122,app,created,4,JPY,3848189.0,150.0,2026-07-01T12:52:39+08:00,2026-08-05,2026-07-02T14:11:39+08:00
ORD00102420,M003597,P00254,app,paid,1,TWD,3647.0,100.0,2026-07-01T08:24:54+08:00,2026-08-11,2026-07-03T14:40:54+08:00
ORD00102336,M004651,P00111,電銷,paid,1,TWD,88082.0,600.0,2026-07-01T14:12:44+08:00,2026-07-26,2026-07-03T15:52:44+08:00
ORD00100555,M000854,P00271,門市,paid,4,TWD,107394.0,800.0,2026-07-01T16:40:38+08:00,2026-09-01,2026-07-04T05:19:38+08:00
ORD00100265,M001726,P00193,app,paid,3,TWD,492629.0,650.0,2026-07-01T15:37:39+08:00,2026-10-21,2026-07-04T02:15:39+08:00
ORD00100815,M006730,P00122,電銷,created,1,USD,6443.75,100.0,2026-07-01T23:25:11+08:00,2026-09-09,2026-07-02T08:24:11+08:00
ORD00103180,M007079,P00032,web,paid,2,TWD,305033.0,250.0,2026-07-01T10:18:25+08:00,2026-07-14,2026-07-02T15:16:25+08:00
ORD00025907,M006464,P00077,門市,completed,3,USD,18898.9,400.0,2026-06-20T22:19:27+08:00,2026-08-26,2026-07-01T15:24:03+08:00
ORD00103362,M002175,P00206,app,created,3,TWD,593620.0,200.0,2026-07-01T11:57:26+08:00,2026-09-21,2026-07-02T02:26:26+08:00
ORD00103882,M007111,P00117,app,paid,4,USD,18630.16,250.0,2026-07-01T12:58:34+08:00,2026-09-11,2026-07-03T04:16:34+08:00
ORD00103352,M004923,P00088,門市,paid,3,JPY,1188721.0,550.0,2026-07-01T02:52:59+08:00,2026-09-16,2026-07-02T11:51:59+08:00
ORD00102743,M000709,P00098,web,created,4,TWD,555895.0,400.0,2026-07-01T16:03:23+08:00,2026-10-22,2026-07-04T04:56:23+08:00
ORD00100524,M003822,P00122,app,created,4,TWD,888648.0,200.0,2026-07-01T20:28:38+08:00,2026-08-03,2026-07-03T10:07:38+08:00
ORD00039633,M003380,P00198,門市,completed,1,TWD,23796.0,750.0,2026-05-15T15:11:19+08:00,2026-08-08,2026-07-01T10:08:38+08:00
ORD00101398,M002655,P00243,app,paid,3,TWD,561421.0,600.0,2026-07-01T06:32:55+08:00,2026-08-30,2026-07-02T06:13:55+08:00
ORD00101825,M000404,P00090,app,created,1,TWD,160707.0,550.0,2026-07-01T17:41:14+08:00,2026-08-07,2026-07-02T12:03:14+08:00
ORD00090512,M001166,P00047,門市,cancelled,2,JPY,276550.0,300.0,2026-05-08T09:20:46+08:00,2026-05-15,2026-07-01T18:18:17+08:00
ORD00101758,M007694,P00282,電銷,paid,2,TWD,421927.0,700.0,2026-07-01T14:03:10+08:00,2026-08-25,2026-07-02T16:59:10+08:00
ORD00102081,M003043,P00070,app,paid,4,TWD,481446.0,750.0,2026-07-01T22:30:16+08:00,2026-07-15,2026-07-03T22:03:16+08:00
ORD00102663,M004063,P00288,web,paid,2,TWD,27920.0,250.0,2026-07-01T22:31:44+08:00,2026-08-29,2026-07-03T09:39:44+08:00
ORD00102601,M000160,P00194,電銷,created,1,USD,2260.67,100.0,2026-07-01T14:38:09+08:00,2026-08-28,2026-07-03T14:50:09+08:00
ORD00100140,M007619,P00049,app,paid,2,TWD,42697.0,850.0,2026-07-01T04:15:47+08:00,2026-07-19,2026-07-01T17:43:47+08:00
ORD00098030,M006538,P00067,app,completed,1,USD,3076.06,300.0,2026-05-31T19:19:46+08:00,2026-09-13,2026-07-01T06:49:28+08:00
ORD00018432,M007381,P00143,電銷,cancelled,4,JPY,152642.0,100.0,2026-05-10T05:28:38+08:00,2026-08-12,2026-07-01T13:45:09+08:00
ORD00035580,M003910,P00007,門市,cancelled,3,TWD,178125.0,200.0,2026-06-03T05:04:52+08:00,2026-08-19,2026-07-01T23:49:35+08:00
ORD00100006,M005694,P00300,app,created,1,USD,3231.0,150.0,2026-07-01T20:16:38+08:00,2026-09-24,2026-07-02T10:39:38+08:00
ORD00101884,M002329,P00076,門市,created,1,TWD,3922.0,750.0,2026-07-01T06:27:13+08:00,2026-08-28,2026-07-03T02:23:13+08:00
ORD00022268,M004959,P00259,門市,completed,4,TWD,579960.0,350.0,2026-05-27T14:50:04+08:00,2026-09-05,2026-07-01T12:17:57+08:00
ORD00103507,M007648,P00017,電銷,paid,4,JPY,3584232.0,550.0,2026-07-01T19:24:31+08:00,2026-08-08,2026-07-02T13:38:31+08:00
ORD00101245,M006217,P00299,電銷,created,3,USD,2321.1,200.0,2026-07-01T21:53:30+08:00,2026-07-19,2026-07-03T02:51:30+08:00
ORD00033818,M004083,P00222,門市,cancelled,4,TWD,169182.0,200.0,2026-05-30T09:42:52+08:00,2026-09-11,2026-07-01T01:13:09+08:00
ORD00103200,M002716,P00299,app,created,2,TWD,57820.0,750.0,2026-07-01T11:01:32+08:00,2026-09-16,2026-07-02T09:38:32+08:00
ORD00101108,M007311,P00046,門市,paid,3,TWD,204421.0,450.0,2026-07-01T22:48:44+08:00,2026-08-07,2026-07-03T16:21:44+08:00
ORD00020254,M000905,P00217,電銷,completed,3,JPY,2512549.0,600.0,2026-06-22T12:30:25+08:00,2026-09-25,2026-07-01T23:45:38+08:00
ORD00101306,M004762,P00032,門市,created,1,TWD,124999.0,300.0,2026-07-01T04:01:40+08:00,2026-07-14,2026-07-01T23:07:40+08:00
ORD00086418,M001770,P00193,門市,completed,3,TWD,409678.0,350.0,2026-06-26T23:35:45+08:00,2026-09-09,2026-07-01T01:00:57+08:00
ORD00101551,M007973,P00215,app,paid,2,TWD,76570.0,50.0,2026-07-01T04:06:03+08:00,2026-09-21,2026-07-01T15:33:03+08:00
ORD00101615,M000015,P00132,web,paid,2,TWD,94985.0,450.0,2026-07-01T02:04:49+08:00,2026-10-27,2026-07-03T17:39:49+08:00
ORD00033457,M005859,P00022,電銷,completed,2,TWD,84309.0,250.0,2026-05-06T05:07:48+08:00,2026-06-22,2026-07-01T17:22:35+08:00
ORD00100401,M002803,P00048,電銷,created,4,JPY,2075887.0,700.0,2026-07-01T15:38:02+08:00,2026-10-22,2026-07-03T23:26:02+08:00
ORD00101580,M003387,P00107,app,paid,3,TWD,592153.0,450.0,2026-07-01T00:16:45+08:00,2026-09-21,2026-07-02T12:37:45+08:00
ORD00083610,M007139,P00068,門市,cancelled,3,TWD,215013.0,150.0,2026-05-26T03:22:12+08:00,2026-08-10,2026-07-01T14:11:35+08:00
ORD00103031,M000501,P00208,app,created,1,TWD,201506.0,450.0,2026-07-01T10:31:26+08:00,2026-10-07,2026-07-03T07:15:26+08:00
ORD00102799,M004015,P00247,app,paid,1,TWD,187448.0,900.0,2026-07-01T22:33:42+08:00,2026-08-12,2026-07-04T10:31:42+08:00
ORD00086406,M001440,P00115,web,completed,2,TWD,276053.0,500.0,2026-06-29T20:10:19+08:00,2026-08-31,2026-07-01T09:28:34+08:00
ORD00102786,M002055,P00027,web,paid,1,TWD,118661.0,550.0,2026-07-01T16:24:44+08:00,2026-07-17,2026-07-03T04:31:44+08:00
ORD00101641,M007638,P00022,web,paid,4,USD,4364.37,250.0,2026-07-01T03:14:45+08:00,2026-08-24,2026-07-02T15:49:45+08:00
ORD00103097,M000684,P00080,app,paid,2,JPY,1405921.0,300.0,2026-07-01T11:58:13+08:00,2026-10-12,2026-07-02T18:24:13+08:00
ORD00103915,M005822,P00156,電銷,paid,4,TWD,709025.0,200.0,2026-07-01T05:48:58+08:00,2026-10-21,2026-07-03T22:50:58+08:00
ORD00100228,M004778,P00034,門市,paid,4,USD,3426.64,100.0,2026-07-01T04:43:51+08:00,2026-09-26,2026-07-03T17:31:51+08:00
ORD00103850,M003816,P00065,電銷,paid,2,TWD,362651.0,550.0,2026-07-01T01:15:11+08:00,2026-08-16,2026-07-02T01:04:11+08:00
ORD00088416,M002245,P00113,電銷,cancelled,2,TWD,301524.0,600.0,2026-05-19T13:18:57+08:00,2026-07-21,2026-07-01T11:07:01+08:00
ORD00032700,M007136,P00283,門市,cancelled,3,TWD,91795.0,150.0,2026-05-31T13:03:41+08:00,2026-07-19,2026-07-01T22:56:42+08:00
ORD00103540,M002995,P00029,app,paid,2,TWD,235154.0,750.0,2026-07-01T01:42:14+08:00,2026-10-07,2026-07-03T13:37:14+08:00
ORD00103288,M007976,P00076,app,paid,1,TWD,4171.0,100.0,2026-07-01T07:36:51+08:00,2026-08-22,2026-07-01T21:26:51+08:00
ORD00102157,M001373,P00287,門市,created,3,TWD,449367.0,850.0,2026-07-01T13:47:35+08:00,2026-07-23,2026-07-03T12:37:35+08:00
ORD00000386,M004669,P00134,電銷,completed,1,USD,3689.72,700.0,2026-05-28T04:06:02+08:00,2026-08-11,2026-07-01T17:27:05+08:00
ORD00100660,M007884,P00191,app,paid,2,TWD,280625.0,500.0,2026-07-01T20:43:28+08:00,2026-09-04,2026-07-04T02:16:28+08:00
ORD00103399,M001569,P00212,web,paid,2,TWD,62704.0,450.0,2026-07-01T23:03:58+08:00,2026-08-24,2026-07-02T09:21:58+08:00
ORD00101967,M003351,P00080,app,paid,3,USD,12554.5,100.0,2026-07-01T12:41:57+08:00,2026-08-15,2026-07-04T01:42:57+08:00
ORD00093273,M005175,P00110,web,completed,4,TWD,590967.0,750.0,2026-05-11T04:19:49+08:00,2026-08-24,2026-07-01T23:01:19+08:00
ORD00101966,M003841,P00195,app,created,1,TWD,52284.0,850.0,2026-07-01T02:55:07+08:00,2026-09-26,2026-07-02T22:57:07+08:00
ORD00101823,M001584,P00204,門市,created,1,USD,5587.95,700.0,2026-07-01T00:00:28+08:00,2026-09-05,2026-07-02T21:58:28+08:00
ORD00102442,M006151,P00261,app,paid,4,JPY,105506.0,50.0,2026-07-01T22:47:03+08:00,2026-08-03,2026-07-03T08:17:03+08:00
ORD00101363,M005680,P00019,app,created,3,TWD,257373.0,200.0,2026-07-01T03:12:41+08:00,2026-10-12,2026-07-01T20:23:41+08:00
ORD00103311,M005997,P00167,門市,created,2,TWD,287831.0,200.0,2026-07-01T19:29:25+08:00,2026-10-15,2026-07-02T18:42:25+08:00
ORD00102858,M007908,P00056,web,paid,4,JPY,1329963.0,900.0,2026-07-01T22:40:55+08:00,2026-09-21,2026-07-03T11:24:55+08:00
ORD00101170,M004488,P00043,app,created,2,TWD,275884.0,550.0,2026-07-01T10:25:09+08:00,2026-07-10,2026-07-03T10:10:09+08:00
ORD00100552,M002528,P00081,web,paid,4,TWD,553290.0,450.0,2026-07-01T06:57:45+08:00,2026-07-27,2026-07-03T11:03:45+08:00
ORD00100013,M006513,P00094,app,created,2,JPY,1360986.0,700.0,2026-07-01T09:58:57+08:00,2026-08-22,2026-07-03T05:33:57+08:00
ORD00100562,M006475,P00090,web,paid,2,TWD,266403.0,850.0,2026-07-01T07:13:26+08:00,2026-10-27,2026-07-02T09:56:26+08:00
ORD00100595,M006222,P00019,web,paid,1,TWD,87594.0,900.0,2026-07-01T04:37:08+08:00,2026-10-03,2026-07-02T07:55:08+08:00
ORD00082338,M000978,P00202,app,completed,1,TWD,125309.0,600.0,2026-06-07T06:48:57+08:00,2026-06-28,2026-07-01T14:03:16+08:00
ORD00100809,M007375,P00102,門市,created,3,TWD,89308.0,350.0,2026-07-01T10:00:08+08:00,2026-08-13,2026-07-01T19:34:08+08:00
ORD00103541,M002059,P00249,app,paid,2,USD,5038.96,250.0,2026-07-01T19:25:15+08:00,2026-10-06,2026-07-02T12:04:15+08:00
ORD00100456,M005163,P00300,app,paid,2,TWD,165902.0,900.0,2026-07-01T16:33:16+08:00,2026-08-22,2026-07-03T08:13:16+08:00
ORD00102977,M003560,P00155,門市,created,3,TWD,177820.0,50.0,2026-07-01T01:47:22+08:00,2026-07-30,2026-07-03T19:56:22+08:00
ORD00101019,M004329,P00004,電銷,created,4,TWD,804868.0,950.0,2026-07-01T02:53:05+08:00,2026-10-28,2026-07-03T01:30:05+08:00
ORD00100449,M001753,P00233,app,paid,2,USD,6395.01,850.0,2026-07-01T19:55:06+08:00,2026-07-26,2026-07-01T22:48:06+08:00
ORD00100561,M001746,P00232,web,paid,3,TWD,618614.0,450.0,2026-07-01T14:53:25+08:00,2026-07-18,2026-07-02T22:20:25+08:00
ORD00102780,M003448,P00102,電銷,paid,2,TWD,73548.0,450.0,2026-07-01T18:31:26+08:00,2026-10-18,2026-07-04T06:19:26+08:00
ORD00103452,M005584,P00217,電銷,paid,3,JPY,2816428.0,300.0,2026-07-01T06:20:26+08:00,2026-08-15,2026-07-02T14:10:26+08:00
ORD00103543,M006833,P00119,app,created,1,TWD,210575.0,100.0,2026-07-01T19:27:15+08:00,2026-08-28,2026-07-02T09:21:15+08:00
ORD00103361,M004272,P00132,電銷,paid,4,USD,6319.73,900.0,2026-07-01T13:12:37+08:00,2026-08-05,2026-07-03T05:49:37+08:00
ORD00100802,M004584,P00179,web,created,4,TWD,592982.0,550.0,2026-07-01T17:21:40+08:00,2026-10-08,2026-07-02T10:09:40+08:00
ORD00103963,M007419,P00071,電銷,created,2,TWD,90881.0,800.0,2026-07-01T02:08:47+08:00,2026-10-01,2026-07-01T11:00:47+08:00
ORD00101962,M003265,P00108,app,paid,3,JPY,1786115.0,750.0,2026-07-01T09:07:05+08:00,2026-10-17,2026-07-03T03:39:05+08:00
ORD00100452,M005653,P00064,門市,created,3,TWD,79147.0,100.0,2026-07-01T11:45:45+08:00,2026-08-28,2026-07-01T22:41:45+08:00
ORD00103446,M002845,P00270,web,paid,1,JPY,121460.0,450.0,2026-07-01T22:34:55+08:00,2026-10-01,2026-07-04T02:23:55+08:00
ORD00101846,M001248,P00094,app,paid,1,USD,5403.65,350.0,2026-07-01T13:14:21+08:00,2026-09-16,2026-07-01T14:22:21+08:00
ORD00100923,M003594,P00170,電銷,paid,3,TWD,212082.0,100.0,2026-07-01T15:01:35+08:00,2026-09-06,2026-07-02T17:54:35+08:00
ORD00101262,M002159,P00148,門市,paid,4,USD,4256.15,500.0,2026-07-01T14:54:00+08:00,2026-09-05,2026-07-03T20:30:00+08:00
ORD00102823,M002685,P00101,web,paid,4,TWD,283885.0,750.0,2026-07-01T00:49:51+08:00,2026-08-22,2026-07-01T17:35:51+08:00
ORD00101611,M007843,P00035,web,created,1,TWD,236462.0,750.0,2026-07-01T20:22:02+08:00,2026-07-11,2026-07-02T01:25:02+08:00
ORD00102444,M002271,P00090,電銷,paid,2,USD,10815.02,100.0,2026-07-01T19:57:52+08:00,2026-10-18,2026-07-02T19:40:52+08:00
ORD00102218,M003728,P00057,web,created,2,TWD,262097.0,200.0,2026-07-01T11:44:06+08:00,2026-09-11,2026-07-01T15:07:06+08:00
ORD00100520,M004805,P00278,app,paid,4,TWD,828157.0,950.0,2026-07-01T11:01:59+08:00,2026-10-28,2026-07-03T23:27:59+08:00
ORD00103355,M001779,P00167,web,paid,4,TWD,584755.0,350.0,2026-07-01T06:59:26+08:00,2026-09-21,2026-07-03T12:53:26+08:00
ORD00101955,M006294,P00240,app,paid,3,TWD,296705.0,250.0,2026-07-01T04:34:07+08:00,2026-08-28,2026-07-03T17:40:07+08:00
ORD00101702,M001802,P00134,app,paid,1,JPY,619076.0,200.0,2026-07-01T09:32:21+08:00,2026-07-20,2026-07-02T19:34:21+08:00
ORD00102191,M001934,P00036,門市,created,1,TWD,67251.0,950.0,2026-07-01T00:55:35+08:00,2026-10-13,2026-07-02T19:14:35+08:00
ORD00103653,M000718,P00030,web,paid,1,TWD,152735.0,350.0,2026-07-01T05:28:31+08:00,2026-08-14,2026-07-02T15:08:31+08:00
ORD00093738,M006570,P00258,web,completed,2,TWD,276762.0,550.0,2026-06-24T00:51:17+08:00,2026-10-21,2026-07-01T14:23:01+08:00
ORD00103518,M001131,P00200,電銷,paid,4,TWD,640876.0,50.0,2026-07-01T19:32:37+08:00,2026-10-22,2026-07-03T17:53:37+08:00
ORD00049275,M004320,P00197,電銷,completed,2,TWD,149350.0,250.0,2026-06-19T22:05:52+08:00,2026-07-04,2026-07-01T19:29:20+08:00
ORD00100269,M004376,P00226,web,paid,2,TWD,193880.0,350.0,2026-07-01T04:45:45+08:00,2026-08-15,2026-07-03T18:44:45+08:00
ORD00101724,M002633,P00020,web,paid,4,USD,7009.52,150.0,2026-07-01T05:57:57+08:00,2026-08-13,2026-07-02T06:48:57+08:00
ORD00101589,M003060,P00222,app,paid,2,TWD,66205.0,950.0,2026-07-01T19:28:41+08:00,2026-10-20,2026-07-03T11:30:41+08:00
ORD00097684,M001808,P00143,電銷,completed,1,JPY,40471.0,650.0,2026-05-25T20:04:58+08:00,2026-07-10,2026-07-01T23:44:05+08:00
ORD00101774,M000236,P00187,app,paid,4,USD,2938.95,450.0,2026-07-01T14:18:06+08:00,2026-08-09,2026-07-03T08:38:06+08:00
ORD00100769,M007464,P00004,門市,paid,1,TWD,238624.0,100.0,2026-07-01T16:23:33+08:00,2026-07-27,2026-07-02T22:39:33+08:00
ORD00100668,M002818,P00148,門市,created,2,TWD,56954.0,50.0,2026-07-01T01:12:33+08:00,2026-07-27,2026-07-03T05:49:33+08:00
ORD00102416,M005559,P00079,電銷,paid,1,TWD,40453.0,50.0,2026-07-01T10:34:40+08:00,2026-09-08,2026-07-02T15:36:40+08:00
ORD00102914,M005855,P00053,app,paid,1,JPY,348009.0,450.0,2026-07-01T12:56:26+08:00,2026-08-12,2026-07-02T03:33:26+08:00
ORD00102051,M005456,P00110,電銷,created,1,TWD,163286.0,150.0,2026-07-01T03:36:32+08:00,2026-09-28,2026-07-01T03:59:32+08:00
ORD00102833,M001564,P00231,門市,paid,2,TWD,363299.0,0.0,2026-07-01T10:25:26+08:00,2026-10-06,2026-07-02T00:10:26+08:00
ORD00100100,M001481,P00172,app,paid,3,TWD,389970.0,900.0,2026-07-01T21:29:58+08:00,2026-09-09,2026-07-03T14:28:58+08:00
ORD00099001,M007272,P00185,電銷,cancelled,4,TWD,803791.0,500.0,2026-06-12T16:49:00+08:00,2026-09-30,2026-07-01T21:49:56+08:00
ORD00102481,M002681,P00219,門市,created,2,USD,5535.85,50.0,2026-07-01T21:52:31+08:00,2026-09-21,2026-07-02T00:53:31+08:00
ORD00100267,M000011,P00131,app,paid,1,TWD,235577.0,300.0,2026-07-01T12:28:44+08:00,2026-08-28,2026-07-03T08:30:44+08:00
ORD00100880,M007155,P00214,門市,paid,4,TWD,555851.0,450.0,2026-07-01T09:31:05+08:00,2026-07-08,2026-07-01T17:25:05+08:00
ORD00103590,M005904,P00128,web,paid,2,TWD,350234.0,0.0,2026-07-01T07:12:58+08:00,2026-07-16,2026-07-02T18:41:58+08:00
ORD00069850,M003382,P00186,門市,cancelled,3,JPY,1970762.0,950.0,2026-06-12T20:45:04+08:00,2026-06-24,2026-07-01T10:41:19+08:00
ORD00100048,M005745,P00027,電銷,paid,2,TWD,229014.0,650.0,2026-07-01T19:57:38+08:00,2026-09-30,2026-07-02T23:49:38+08:00
ORD00102588,M007250,P00149,電銷,paid,3,TWD,574010.0,450.0,2026-07-01T15:58:34+08:00,2026-10-19,2026-07-03T22:44:34+08:00
ORD00101608,M000260,P00131,web,created,2,TWD,461710.0,450.0,2026-07-01T00:27:26+08:00,2026-09-18,2026-07-02T06:00:26+08:00
ORD00103723,M002428,P00268,門市,paid,3,TWD,208936.0,500.0,2026-07-01T07:26:17+08:00,2026-08-28,2026-07-03T00:10:17+08:00
ORD00100770,M004324,P00222,app,paid,2,USD,2619.54,500.0,2026-07-01T11:48:22+08:00,2026-07-23,2026-07-03T11:38:22+08:00
ORD00102210,M007136,P00083,app,paid,3,JPY,2328300.0,50.0,2026-07-01T01:42:34+08:00,2026-10-22,2026-07-01T12:31:34+08:00
ORD00102041,M005519,P00120,電銷,created,2,TWD,254690.0,0.0,2026-07-01T20:13:47+08:00,2026-09-15,2026-07-04T11:15:47+08:00
ORD00101287,M007155,P00096,電銷,created,4,USD,865.55,450.0,2026-07-01T10:40:36+08:00,2026-09-18,2026-07-02T06:48:36+08:00
ORD00102775,M007450,P00113,app,paid,3,JPY,2339176.0,750.0,2026-07-01T13:28:13+08:00,2026-09-16,2026-07-03T04:46:13+08:00
ORD00054341,M003033,P00013,app,cancelled,4,TWD,615518.0,950.0,2026-06-19T20:18:20+08:00,2026-09-27,2026-07-01T23:22:03+08:00
ORD00100385,M001299,P00193,web,created,2,USD,9980.78,500.0,2026-07-01T17:27:11+08:00,2026-10-15,2026-07-02T05:11:11+08:00
ORD00040393,M003354,P00207,web,completed,3,JPY,1068451.0,650.0,2026-06-01T11:57:30+08:00,2026-07-18,2026-07-01T18:08:54+08:00
ORD00103908,M003147,P00244,web,paid,2,TWD,114848.0,150.0,2026-07-01T12:42:23+08:00,2026-10-06,2026-07-02T04:22:23+08:00
ORD00103614,M003533,P00219,電銷,paid,4,USD,11489.92,150.0,2026-07-01T12:47:25+08:00,2026-09-09,2026-07-03T03:04:25+08:00
ORD00103057,M002057,P00203,門市,paid,3,JPY,1625658.0,900.0,2026-07-01T12:45:04+08:00,2026-09-27,2026-07-03T15:47:04+08:00
ORD00100684,M006442,P00211,門市,created,4,TWD,416477.0,450.0,2026-07-01T10:12:20+08:00,2026-09-01,2026-07-01T13:35:20+08:00
ORD00100895,M007505,P00069,門市,created,2,JPY,2079929.0,300.0,2026-07-01T05:19:34+08:00,2026-10-25,2026-07-02T04:10:34+08:00
ORD00101752,M005623,P00204,門市,paid,3,TWD,439522.0,300.0,2026-07-01T13:36:52+08:00,2026-08-21,2026-07-03T20:36:52+08:00
ORD00103794,M003269,P00200,app,paid,2,TWD,291788.0,50.0,2026-07-01T06:14:05+08:00,2026-07-19,2026-07-01T16:48:05+08:00
ORD00102147,M002440,P00106,門市,paid,2,TWD,90992.0,350.0,2026-07-01T01:49:05+08:00,2026-09-24,2026-07-02T16:10:05+08:00
ORD00102385,M004259,P00274,門市,cancelled,3,TWD,329808.0,750.0,2026-07-01T14:09:16+08:00,2026-09-25,2026-07-04T15:57:16+08:00
ORD00103986,M003393,P00125,電銷,paid,4,USD,8334.83,600.0,2026-07-01T22:30:00+08:00,2026-07-15,2026-07-02T03:33:00+08:00
ORD00103920,M001698,P00117,app,created,2,USD,9785.86,650.0,2026-07-01T01:50:34+08:00,2026-07-26,2026-07-03T00:58:34+08:00
ORD00103158,M007225,P00250,門市,paid,3,TWD,252553.0,150.0,2026-07-01T10:39:14+08:00,2026-07-11,2026-07-01T19:19:14+08:00
ORD00100377,M002310,P00132,電銷,paid,3,TWD,166326.0,750.0,2026-07-01T16:50:24+08:00,2026-08-29,2026-07-02T16:20:24+08:00
ORD00101891,M007365,P00117,電銷,paid,1,TWD,181119.0,250.0,2026-07-01T06:49:52+08:00,2026-09-08,2026-07-03T13:38:52+08:00
ORD00101816,M003479,P00075,app,paid,2,USD,1120.1,800.0,2026-07-01T04:40:17+08:00,2026-09-14,2026-07-01T13:59:17+08:00
ORD00101908,M003282,P00157,門市,paid,4,TWD,285326.0,950.0,2026-07-01T09:11:08+08:00,2026-10-08,2026-07-02T11:38:08+08:00
ORD00101676,M006166,P00069,web,created,2,TWD,416861.0,950.0,2026-07-01T19:21:12+08:00,2026-09-07,2026-07-02T20:28:12+08:00
ORD00100073,M003437,P00229,門市,paid,3,USD,14631.57,950.0,2026-07-01T20:59:07+08:00,2026-08-08,2026-07-02T07:44:07+08:00
ORD00058043,M005356,P00265,電銷,completed,1,TWD,193706.0,100.0,2026-06-23T00:43:53+08:00,2026-08-07,2026-07-01T02:03:12+08:00
ORD00025538,M004734,P00234,app,completed,2,USD,574.06,800.0,2026-06-25T22:30:06+08:00,2026-08-31,2026-07-01T07:15:52+08:00
ORD00102570,M001368,P00060,web,paid,3,TWD,409078.0,950.0,2026-07-01T06:54:34+08:00,2026-08-17,2026-07-03T11:53:34+08:00
ORD00061317,M006740,P00220,電銷,completed,3,TWD,119075.0,300.0,2026-06-28T05:22:01+08:00,2026-10-20,2026-07-01T09:43:51+08:00
ORD00100285,M005130,P00089,門市,paid,4,TWD,348292.0,900.0,2026-07-01T03:09:36+08:00,2026-09-23,2026-07-03T17:10:36+08:00
ORD00101890,M001595,P00129,app,paid,3,TWD,510875.0,550.0,2026-07-01T22:27:10+08:00,2026-08-15,2026-07-02T12:27:10+08:00
ORD00103668,M001429,P00205,app,paid,1,TWD,10077.0,450.0,2026-07-01T10:07:00+08:00,2026-08-28,2026-07-04T03:06:00+08:00
ORD00102085,M001803,P00215,web,paid,4,USD,4564.86,350.0,2026-07-01T19:00:36+08:00,2026-10-02,2026-07-04T02:24:36+08:00
ORD00102300,M004785,P00133,app,paid,1,TWD,4279.0,200.0,2026-07-01T04:39:38+08:00,2026-09-16,2026-07-01T15:56:38+08:00
ORD00100076,M003719,P00282,門市,paid,2,TWD,366977.0,400.0,2026-07-01T13:27:33+08:00,2026-09-18,2026-07-03T05:41:33+08:00
ORD00103119,M001957,P00056,電銷,created,1,USD,2550.89,150.0,2026-07-01T05:11:10+08:00,2026-09-14,2026-07-01T11:50:10+08:00
ORD00101213,M006536,P00299,app,created,2,TWD,57633.0,250.0,2026-07-01T17:12:25+08:00,2026-10-20,2026-07-03T10:52:25+08:00
ORD00103152,M001998,P00002,web,paid,2,TWD,150424.0,150.0,2026-07-01T16:09:54+08:00,2026-09-11,2026-07-01T22:16:54+08:00
ORD00103017,M007929,P00138,門市,paid,2,USD,5238.28,750.0,2026-07-01T23:19:41+08:00,2026-10-25,2026-07-04T07:14:41+08:00
ORD00101307,M007471,P00280,app,paid,4,TWD,571165.0,150.0,2026-07-01T21:31:58+08:00,2026-09-23,2026-07-02T15:40:58+08:00
ORD00101619,M007419,P00225,web,created,4,TWD,173976.0,250.0,2026-07-01T09:09:44+08:00,2026-09-02,2026-07-02T08:20:44+08:00
ORD00101414,M005232,P00021,web,paid,1,TWD,188077.0,100.0,2026-07-01T00:26:11+08:00,2026-10-17,2026-07-02T16:28:11+08:00
ORD00101383,M004520,P00295,web,paid,2,TWD,106982.0,350.0,2026-07-01T22:12:15+08:00,2026-09-19,2026-07-03T02:46:15+08:00
ORD00102894,M006244,P00092,電銷,paid,4,TWD,643190.0,150.0,2026-07-01T08:20:15+08:00,2026-08-14,2026-07-02T22:13:15+08:00
ORD00102829,M004363,P00182,app,created,3,TWD,19440.0,650.0,2026-07-01T01:44:31+08:00,2026-07-10,2026-07-02T06:07:31+08:00
ORD00102392,M001195,P00098,app,paid,3,TWD,422492.0,150.0,2026-07-01T21:15:09+08:00,2026-08-03,2026-07-04T01:21:09+08:00
ORD00102361,M000634,P00261,web,paid,3,TWD,18221.0,0.0,2026-07-01T06:42:04+08:00,2026-08-05,2026-07-03T02:51:04+08:00
ORD00102877,M000380,P00061,web,created,4,TWD,749146.0,300.0,2026-07-01T09:39:06+08:00,2026-10-01,2026-07-01T21:16:06+08:00
ORD00020388,M004074,P00212,電銷,cancelled,4,TWD,110540.0,750.0,2026-05-08T19:35:25+08:00,2026-08-20,2026-07-01T15:23:02+08:00
ORD00102954,M003648,P00166,app,paid,4,USD,25516.47,150.0,2026-07-01T15:57:16+08:00,2026-07-17,2026-07-04T03:20:16+08:00
ORD00100161,M003935,P00058,web,paid,1,TWD,36662.0,450.0,2026-07-01T16:34:04+08:00,2026-10-11,2026-07-04T08:44:04+08:00
ORD00101445,M002737,P00029,web,paid,3,JPY,1679330.0,200.0,2026-07-01T20:03:09+08:00,2026-08-26,2026-07-03T04:41:09+08:00
ORD00101337,M000578,P00144,電銷,created,4,USD,18560.62,500.0,2026-07-01T21:38:43+08:00,2026-10-09,2026-07-03T07:12:43+08:00
ORD00100394,M004675,P00107,門市,created,3,JPY,3048229.0,750.0,2026-07-01T22:21:23+08:00,2026-09-02,2026-07-03T19:14:23+08:00
ORD00103728,M003230,P00200,web,paid,4,TWD,558592.0,100.0,2026-07-01T11:07:31+08:00,2026-08-26,2026-07-03T09:35:31+08:00
ORD00102130,M004576,P00282,門市,paid,4,TWD,958725.0,300.0,2026-07-01T07:27:49+08:00,2026-10-06,2026-07-01T16:02:49+08:00
ORD00101785,M001516,P00136,web,paid,2,TWD,34859.0,350.0,2026-07-01T21:29:32+08:00,2026-08-26,2026-07-02T04:30:32+08:00
ORD00100111,M001188,P00033,門市,created,2,TWD,295014.0,500.0,2026-07-01T19:35:06+08:00,2026-09-26,2026-07-04T02:12:06+08:00
ORD00101630,M001693,P00222,門市,created,2,USD,2081.68,550.0,2026-07-01T00:16:50+08:00,2026-10-05,2026-07-03T11:27:50+08:00
ORD00103948,M002458,P00291,電銷,paid,4,TWD,110537.0,850.0,2026-07-01T10:09:28+08:00,2026-09-08,2026-07-01T18:28:28+08:00
ORD00102207,M002030,P00032,電銷,paid,3,TWD,348143.0,700.0,2026-07-01T18:02:33+08:00,2026-10-13,2026-07-02T19:59:33+08:00
ORD00102929,M001116,P00095,app,created,3,TWD,633231.0,950.0,2026-07-01T09:44:16+08:00,2026-08-30,2026-07-02T10:13:16+08:00
ORD00100028,M002083,P00099,app,paid,3,USD,13050.79,650.0,2026-07-01T15:50:37+08:00,2026-10-26,2026-07-02T02:10:37+08:00
ORD00050998,M000302,P00277,電銷,completed,4,USD,16417.05,350.0,2026-06-29T20:10:44+08:00,2026-07-06,2026-07-01T14:29:20+08:00
ORD00103578,M006342,P00207,app,created,4,USD,10154.58,350.0,2026-07-01T21:47:43+08:00,2026-08-23,2026-07-04T09:42:43+08:00
ORD00103383,M006143,P00095,電銷,paid,4,TWD,714645.0,900.0,2026-07-01T23:35:37+08:00,2026-09-26,2026-07-02T12:24:37+08:00
ORD00103284,M007364,P00218,web,paid,4,TWD,122427.0,150.0,2026-07-01T23:34:33+08:00,2026-07-24,2026-07-04T11:33:33+08:00
ORD00100473,M000381,P00026,電銷,paid,2,TWD,281503.0,450.0,2026-07-01T13:07:12+08:00,2026-10-08,2026-07-02T20:56:12+08:00
ORD00103508,M006691,P00023,app,created,4,TWD,877372.0,700.0,2026-07-01T13:12:42+08:00,2026-10-16,2026-07-04T03:40:42+08:00
ORD00101651,M006766,P00198,電銷,created,1,TWD,28572.0,400.0,2026-07-01T19:28:51+08:00,2026-08-11,2026-07-01T23:00:51+08:00
ORD00103724,M001713,P00129,門市,created,2,TWD,366273.0,750.0,2026-07-01T12:32:10+08:00,2026-10-07,2026-07-03T14:57:10+08:00
ORD00103835,M003962,P00264,app,paid,3,TWD,30712.0,350.0,2026-07-01T00:09:05+08:00,2026-09-30,2026-07-01T08:12:05+08:00
ORD00102854,M003757,P00283,web,paid,1,TWD,23663.0,50.0,2026-07-01T19:33:08+08:00,2026-09-16,2026-07-03T10:05:08+08:00
ORD00027350,M003649,P00184,app,cancelled,2,TWD,328010.0,400.0,2026-06-19T11:23:55+08:00,2026-07-16,2026-07-01T10:15:15+08:00
ORD00051902,M003581,P00163,門市,cancelled,1,TWD,106802.0,100.0,2026-05-27T10:41:07+08:00,2026-08-10,2026-07-01T18:19:53+08:00
ORD00103773,M001610,P00117,電銷,paid,1,TWD,175648.0,150.0,2026-07-01T17:25:10+08:00,2026-08-15,2026-07-03T16:46:10+08:00
ORD00100508,M002116,P00029,門市,paid,3,TWD,336767.0,850.0,2026-07-01T21:26:59+08:00,2026-08-08,2026-07-04T06:38:59+08:00
ORD00100370,M007835,P00293,門市,paid,1,TWD,68153.0,850.0,2026-07-01T08:16:32+08:00,2026-10-05,2026-07-03T05:57:32+08:00
ORD00100195,M002889,P00030,門市,paid,1,TWD,166786.0,800.0,2026-07-01T23:09:52+08:00,2026-09-17,2026-07-02T16:27:52+08:00
ORD00068359,M007358,P00121,app,cancelled,2,USD,1337.37,0.0,2026-06-06T03:07:14+08:00,2026-07-27,2026-07-01T16:04:22+08:00
ORD00103142,M000979,P00146,web,paid,1,TWD,23886.0,700.0,2026-07-01T15:40:27+08:00,2026-07-29,2026-07-02T09:18:27+08:00
ORD00065879,M006931,P00070,web,cancelled,4,USD,16645.27,750.0,2026-05-26T21:21:14+08:00,2026-08-16,2026-07-01T06:37:59+08:00
ORD00100600,M003126,P00154,門市,paid,2,TWD,193054.0,750.0,2026-07-01T16:46:07+08:00,2026-09-18,2026-07-03T09:07:07+08:00
ORD00101413,M007294,P00165,門市,paid,1,TWD,84050.0,150.0,2026-07-01T11:57:39+08:00,2026-10-18,2026-07-02T01:30:39+08:00
ORD00103462,M000099,P00158,web,paid,4,TWD,163911.0,600.0,2026-07-01T20:41:05+08:00,2026-08-25,2026-07-03T23:55:05+08:00
ORD00100227,M000041,P00108,電銷,created,1,TWD,120515.0,500.0,2026-07-01T09:59:31+08:00,2026-10-26,2026-07-01T20:28:31+08:00
ORD00100251,M000872,P00066,app,paid,1,TWD,195319.0,250.0,2026-07-01T08:59:12+08:00,2026-10-03,2026-07-02T20:15:12+08:00
ORD00103077,M001973,P00182,門市,created,3,USD,808.84,900.0,2026-07-01T15:59:04+08:00,2026-08-11,2026-07-03T11:31:04+08:00
ORD00103841,M005329,P00290,app,paid,3,USD,11778.68,350.0,2026-07-01T01:41:30+08:00,2026-09-05,2026-07-03T17:21:30+08:00
ORD00044191,M005025,P00107,門市,cancelled,2,TWD,338100.0,200.0,2026-06-04T22:24:07+08:00,2026-09-28,2026-07-01T23:49:43+08:00
ORD00101117,M004040,P00011,web,created,1,TWD,172646.0,850.0,2026-07-01T12:43:19+08:00,2026-08-27,2026-07-02T16:36:19+08:00
ORD00100752,M000882,P00144,門市,paid,3,TWD,320463.0,50.0,2026-07-01T05:59:12+08:00,2026-09-15,2026-07-01T13:15:12+08:00
ORD00092913,M006062,P00006,門市,cancelled,1,USD,5847.24,350.0,2026-06-15T17:57:42+08:00,2026-08-16,2026-07-01T12:48:23+08:00
ORD00100780,M002477,P00097,web,paid,1,TWD,110661.0,250.0,2026-07-01T01:12:19+08:00,2026-08-28,2026-07-01T18:39:19+08:00
ORD00102109,M002314,P00104,web,created,2,TWD,5581.0,350.0,2026-07-01T12:38:42+08:00,2026-09-26,2026-07-03T19:10:42+08:00
ORD00100219,M004258,P00007,web,paid,4,USD,7539.81,500.0,2026-07-01T18:23:34+08:00,2026-07-29,2026-07-04T00:32:34+08:00
ORD00103968,M005941,P00183,web,paid,2,TWD,339962.0,350.0,2026-07-01T00:46:00+08:00,2026-10-01,2026-07-01T04:00:00+08:00
ORD00101432,M001013,P00082,門市,created,2,USD,13016.23,600.0,2026-07-01T02:03:34+08:00,2026-08-17,2026-07-01T09:49:34+08:00
ORD00102145,M005836,P00060,電銷,paid,4,TWD,473207.0,750.0,2026-07-01T11:05:44+08:00,2026-08-21,2026-07-03T13:02:44+08:00
ORD00101341,M003394,P00003,web,paid,1,TWD,97198.0,450.0,2026-07-01T10:18:09+08:00,2026-07-27,2026-07-04T03:52:09+08:00
ORD00018368,M003127,P00283,電銷,completed,1,USD,776.17,600.0,2026-05-20T10:23:04+08:00,2026-07-05,2026-07-01T06:40:46+08:00
ORD00103756,M005407,P00197,web,created,2,TWD,157131.0,200.0,2026-07-01T06:48:11+08:00,2026-08-07,2026-07-02T06:56:11+08:00
ORD00101762,M000442,P00166,app,created,2,USD,13265.46,550.0,2026-07-01T22:54:03+08:00,2026-07-09,2026-07-04T13:22:03+08:00
ORD00103113,M003740,P00223,app,created,4,TWD,713935.0,750.0,2026-07-01T07:28:13+08:00,2026-09-02,2026-07-03T07:38:13+08:00
ORD00100359,M002537,P00112,電銷,created,3,USD,902.24,550.0,2026-07-01T13:12:36+08:00,2026-09-18,2026-07-01T16:49:36+08:00
ORD00102956,M000148,P00104,web,paid,1,TWD,3297.0,300.0,2026-07-01T05:57:54+08:00,2026-08-09,2026-07-01T17:31:54+08:00
ORD00103485,M006234,P00184,app,paid,4,TWD,751833.0,700.0,2026-07-01T16:26:44+08:00,2026-10-05,2026-07-03T14:01:44+08:00
ORD00102841,M007644,P00260,app,created,4,TWD,467877.0,100.0,2026-07-01T14:43:31+08:00,2026-08-24,2026-07-01T23:50:31+08:00
ORD00100398,M004353,P00138,門市,paid,2,TWD,136622.0,900.0,2026-07-01T22:07:56+08:00,2026-10-16,2026-07-03T12:26:56+08:00
ORD00103516,M006950,P00141,門市,paid,3,USD,7500.26,450.0,2026-07-01T12:33:56+08:00,2026-07-20,2026-07-03T17:26:56+08:00
ORD00103094,M001992,P00165,電銷,created,3,TWD,234130.0,650.0,2026-07-01T13:34:31+08:00,2026-09-30,2026-07-04T03:25:31+08:00
ORD00101616,M004987,P00180,電銷,paid,4,TWD,434217.0,350.0,2026-07-01T02:29:57+08:00,2026-08-28,2026-07-01T14:28:57+08:00
ORD00019372,M001712,P00005,app,completed,3,JPY,1355498.0,0.0,2026-05-31T06:12:16+08:00,2026-08-10,2026-07-01T17:59:51+08:00
ORD00101575,M004404,P00077,web,paid,2,USD,13451.37,200.0,2026-07-01T04:24:26+08:00,2026-07-25,2026-07-01T08:05:26+08:00
ORD00103442,M006005,P00258,web,paid,4,TWD,475266.0,800.0,2026-07-01T13:56:45+08:00,2026-08-04,2026-07-04T02:38:45+08:00
ORD00101077,M004426,P00100,app,paid,2,USD,12170.38,50.0,2026-07-01T16:08:39+08:00,2026-10-14,2026-07-01T18:54:39+08:00
ORD00098250,M002167,P00127,門市,completed,2,TWD,122674.0,850.0,2026-05-09T18:23:00+08:00,2026-07-12,2026-07-01T03:10:29+08:00
ORD00103168,M005540,P00198,web,paid,3,USD,2477.17,550.0,2026-07-01T20:06:48+08:00,2026-08-09,2026-07-04T02:25:48+08:00
ORD00101224,M001084,P00255,電銷,paid,1,TWD,175849.0,150.0,2026-07-01T06:08:48+08:00,2026-08-10,2026-07-01T09:19:48+08:00
ORD00102534,M002113,P00044,電銷,created,4,TWD,175805.0,250.0,2026-07-01T01:00:44+08:00,2026-09-29,2026-07-01T05:35:44+08:00
ORD00101025,M006965,P00213,web,paid,1,TWD,101506.0,800.0,2026-07-01T04:42:41+08:00,2026-09-01,2026-07-03T20:34:41+08:00
ORD00101927,M006767,P00224,app,paid,3,TWD,345654.0,200.0,2026-07-01T03:53:12+08:00,2026-09-15,2026-07-01T07:31:12+08:00
ORD00101916,M007806,P00067,app,paid,3,JPY,1547526.0,700.0,2026-07-01T14:47:39+08:00,2026-07-09,2026-07-02T08:17:39+08:00
ORD00100768,M003632,P00114,門市,paid,1,TWD,94255.0,300.0,2026-07-01T02:56:45+08:00,2026-10-14,2026-07-02T06:45:45+08:00
ORD00087927,M005164,P00131,電銷,cancelled,4,TWD,918878.0,50.0,2026-06-01T13:39:41+08:00,2026-07-17,2026-07-01T11:49:37+08:00
ORD00055594,M006526,P00030,web,completed,2,TWD,288006.0,550.0,2026-05-10T04:21:11+08:00,2026-07-15,2026-07-01T21:49:37+08:00
ORD00100255,M004001,P00200,web,paid,2,USD,10087.18,250.0,2026-07-01T21:27:00+08:00,2026-07-14,2026-07-02T18:35:00+08:00
ORD00100202,M003155,P00095,門市,created,3,TWD,626399.0,650.0,2026-07-01T07:55:11+08:00,2026-07-14,2026-07-03T12:24:11+08:00
ORD00102915,M002230,P00239,app,created,4,TWD,607840.0,900.0,2026-07-01T09:57:02+08:00,2026-07-16,2026-07-03T09:10:02+08:00
ORD00103836,M006310,P00104,app,created,1,TWD,3711.0,650.0,2026-07-01T15:01:49+08:00,2026-10-10,2026-07-02T17:00:49+08:00
ORD00100021,M003140,P00046,web,paid,4,TWD,256241.0,850.0,2026-07-01T13:17:43+08:00,2026-08-27,2026-07-03T09:38:43+08:00
ORD00102680,M007020,P00016,web,paid,1,USD,2185.29,0.0,2026-07-01T13:25:19+08:00,2026-08-07,2026-07-03T02:25:19+08:00
ORD00100444,M007879,P00097,web,paid,4,USD,15218.9,350.0,2026-07-01T12:22:47+08:00,2026-10-08,2026-07-03T05:27:47+08:00
ORD00101803,M007191,P00290,門市,created,3,TWD,356786.0,250.0,2026-07-01T03:01:48+08:00,2026-08-13,2026-07-03T05:57:48+08:00
ORD00102945,M002917,P00202,web,created,3,USD,10060.67,600.0,2026-07-01T19:22:18+08:00,2026-09-25,2026-07-03T23:36:18+08:00
ORD00101029,M004782,P00075,電銷,paid,3,TWD,58594.0,150.0,2026-07-01T11:58:28+08:00,2026-07-24,2026-07-03T10:52:28+08:00
ORD00102163,M007622,P00227,電銷,paid,1,TWD,160011.0,500.0,2026-07-01T12:20:31+08:00,2026-09-25,2026-07-03T15:37:31+08:00
ORD00100086,M006724,P00288,web,paid,1,TWD,14533.0,950.0,2026-07-01T17:47:57+08:00,2026-09-21,2026-07-02T15:11:57+08:00
ORD00101076,M003445,P00056,web,paid,4,USD,8519.13,200.0,2026-07-01T02:51:29+08:00,2026-09-10,2026-07-03T20:49:29+08:00
ORD00095786,M001174,P00001,門市,cancelled,2,TWD,213846.0,800.0,2026-05-03T04:57:10+08:00,2026-08-06,2026-07-01T17:25:29+08:00
ORD00103861,M000528,P00258,電銷,paid,1,TWD,135093.0,450.0,2026-07-01T15:56:02+08:00,2026-10-12,2026-07-02T00:10:02+08:00
ORD00102112,M007511,P00057,web,created,1,TWD,109859.0,750.0,2026-07-01T04:28:44+08:00,2026-10-24,2026-07-02T08:52:44+08:00
ORD00102748,M005549,P00017,電銷,paid,2,TWD,366019.0,0.0,2026-07-01T23:01:35+08:00,2026-09-18,2026-07-04T06:33:35+08:00
ORD00102735,M004666,P00195,web,created,4,TWD,218117.0,350.0,2026-07-01T03:55:23+08:00,2026-09-07,2026-07-01T19:51:23+08:00
ORD00101397,M005680,P00018,電銷,paid,4,USD,16838.7,200.0,2026-07-01T11:46:51+08:00,2026-09-19,2026-07-02T10:56:51+08:00
ORD00101648,M005391,P00234,app,paid,2,TWD,17566.0,50.0,2026-07-01T08:39:31+08:00,2026-09-20,2026-07-01T11:42:31+08:00
ORD00099837,M002371,P00226,web,cancelled,2,JPY,1087603.0,150.0,2026-06-01T12:31:49+08:00,2026-08-18,2026-07-01T18:10:59+08:00
ORD00101268,M000678,P00055,電銷,paid,1,TWD,96980.0,600.0,2026-07-01T20:50:14+08:00,2026-10-27,2026-07-03T12:41:14+08:00
ORD00101942,M002481,P00213,電銷,paid,2,USD,5918.67,600.0,2026-07-01T07:18:36+08:00,2026-08-06,2026-07-03T20:45:36+08:00
ORD00051958,M003214,P00064,web,cancelled,2,TWD,41321.0,250.0,2026-05-25T05:09:31+08:00,2026-07-17,2026-07-01T04:31:43+08:00
ORD00103273,M007657,P00002,web,created,4,TWD,351463.0,650.0,2026-07-01T11:51:32+08:00,2026-07-19,2026-07-02T21:23:32+08:00
ORD00019788,M002636,P00244,門市,cancelled,1,USD,1709.25,300.0,2026-06-03T07:20:45+08:00,2026-06-14,2026-07-01T19:31:05+08:00
ORD00101726,M005171,P00058,門市,paid,2,USD,2316.97,200.0,2026-07-01T21:57:24+08:00,2026-10-22,2026-07-02T18:30:24+08:00
ORD00101640,M006855,P00105,web,paid,2,TWD,136417.0,950.0,2026-07-01T06:31:36+08:00,2026-09-25,2026-07-02T11:09:36+08:00
ORD00063487,M003328,P00129,電銷,cancelled,4,JPY,3227425.0,100.0,2026-05-01T15:20:01+08:00,2026-07-07,2026-07-01T00:31:17+08:00
ORD00102789,M001275,P00001,app,paid,1,TWD,129471.0,500.0,2026-07-01T10:18:40+08:00,2026-09-11,2026-07-02T13:15:40+08:00
ORD00100053,M006081,P00086,app,paid,1,TWD,21743.0,0.0,2026-07-01T17:51:11+08:00,2026-07-19,2026-07-01T18:22:11+08:00
ORD00101426,M002456,P00131,app,paid,3,USD,17151.43,500.0,2026-07-01T22:06:55+08:00,2026-10-05,2026-07-03T07:54:55+08:00
ORD00100824,M001906,P00230,web,created,4,TWD,696577.0,200.0,2026-07-01T06:49:56+08:00,2026-08-19,2026-07-02T19:17:56+08:00
ORD00100334,M004093,P00147,門市,paid,1,TWD,169436.0,900.0,2026-07-01T12:52:32+08:00,2026-08-29,2026-07-03T08:28:32+08:00
ORD00103495,M004663,P00039,電銷,created,3,TWD,424169.0,800.0,2026-07-01T05:08:37+08:00,2026-09-08,2026-07-01T06:56:37+08:00
ORD00100964,M001461,P00139,web,paid,4,TWD,494150.0,300.0,2026-07-01T10:46:25+08:00,2026-07-26,2026-07-01T22:01:25+08:00
ORD00100948,M005938,P00219,門市,created,4,TWD,433184.0,800.0,2026-07-01T15:25:58+08:00,2026-10-15,2026-07-02T23:51:58+08:00
ORD00081364,M000805,P00049,電銷,completed,3,TWD,46367.0,0.0,2026-05-11T11:29:08+08:00,2026-06-22,2026-07-01T14:21:14+08:00
ORD00103305,M004972,P00251,web,paid,3,JPY,1453012.0,600.0,2026-07-01T12:04:52+08:00,2026-10-09,2026-07-03T11:40:52+08:00
ORD00103680,M006469,P00120,門市,paid,1,TWD,102407.0,150.0,2026-07-01T08:37:13+08:00,2026-09-27,2026-07-03T15:15:13+08:00
ORD00102994,M003435,P00081,app,paid,4,TWD,576275.0,850.0,2026-07-01T03:15:41+08:00,2026-09-13,2026-07-01T17:58:41+08:00
ORD00102652,M003063,P00155,電銷,paid,1,TWD,42870.0,850.0,2026-07-01T19:08:57+08:00,2026-10-04,2026-07-02T21:25:57+08:00
ORD00058959,M007371,P00176,app,cancelled,2,TWD,252452.0,200.0,2026-05-22T11:36:46+08:00,2026-07-24,2026-07-01T19:29:33+08:00
ORD00101511,M004205,P00045,電銷,paid,4,TWD,32578.0,50.0,2026-07-01T02:33:35+08:00,2026-08-17,2026-07-01T14:19:35+08:00
ORD00100990,M002936,P00033,web,paid,4,USD,19946.9,0.0,2026-07-01T15:09:14+08:00,2026-08-04,2026-07-01T23:07:14+08:00
ORD00102220,M002050,P00091,web,paid,4,TWD,413864.0,0.0,2026-07-01T03:51:05+08:00,2026-10-06,2026-07-03T12:14:05+08:00
ORD00103832,M001150,P00073,app,paid,3,TWD,278239.0,800.0,2026-07-01T20:52:00+08:00,2026-10-26,2026-07-03T07:06:00+08:00
ORD00100528,M005104,P00060,電銷,paid,3,TWD,363043.0,500.0,2026-07-01T17:51:41+08:00,2026-07-22,2026-07-02T17:05:41+08:00
ORD00100422,M003341,P00047,web,paid,2,USD,1320.38,350.0,2026-07-01T08:16:53+08:00,2026-09-25,2026-07-01T19:32:53+08:00
ORD00101537,M001749,P00267,電銷,paid,4,TWD,768197.0,200.0,2026-07-01T12:25:19+08:00,2026-07-10,2026-07-02T18:17:19+08:00
ORD00101634,M003759,P00165,web,paid,3,TWD,187628.0,400.0,2026-07-01T20:57:17+08:00,2026-10-20,2026-07-02T11:19:17+08:00
ORD00102542,M004993,P00258,門市,paid,3,TWD,464629.0,150.0,2026-07-01T18:06:54+08:00,2026-10-13,2026-07-03T04:30:54+08:00
ORD00101885,M006583,P00184,app,paid,1,TWD,149470.0,350.0,2026-07-01T13:02:08+08:00,2026-07-13,2026-07-04T03:31:08+08:00
ORD00100908,M002397,P00163,web,created,1,TWD,84301.0,150.0,2026-07-01T11:26:40+08:00,2026-10-12,2026-07-02T07:12:40+08:00
ORD00101976,M006435,P00081,app,paid,3,TWD,344878.0,650.0,2026-07-01T21:00:55+08:00,2026-07-13,2026-07-04T12:00:55+08:00
ORD00102003,M006859,P00043,門市,paid,3,TWD,360060.0,900.0,2026-07-01T17:21:13+08:00,2026-09-09,2026-07-03T23:44:13+08:00
ORD00100673,M005383,P00231,電銷,paid,2,TWD,387213.0,250.0,2026-07-01T07:27:40+08:00,2026-10-26,2026-07-03T21:24:40+08:00
ORD00100548,M003289,P00208,web,paid,3,TWD,428270.0,600.0,2026-07-01T16:37:21+08:00,2026-09-26,2026-07-03T06:01:21+08:00
ORD00060225,M007979,P00135,門市,cancelled,1,TWD,7554.0,400.0,2026-05-16T19:20:05+08:00,2026-08-14,2026-07-01T06:19:02+08:00
ORD00101738,M005736,P00276,門市,paid,4,TWD,598230.0,350.0,2026-07-01T13:50:52+08:00,2026-08-13,2026-07-02T11:57:52+08:00
ORD00101497,M002600,P00199,門市,paid,4,TWD,29426.0,100.0,2026-07-01T02:24:30+08:00,2026-07-22,2026-07-01T14:08:30+08:00
ORD00101734,M005701,P00133,web,created,2,TWD,10573.0,650.0,2026-07-01T22:59:42+08:00,2026-08-10,2026-07-04T00:20:42+08:00
ORD00103076,M002457,P00247,電銷,paid,3,USD,12430.26,600.0,2026-07-01T06:12:47+08:00,2026-10-13,2026-07-02T23:52:47+08:00
ORD00100353,M007236,P00274,app,created,4,TWD,474906.0,650.0,2026-07-01T11:15:34+08:00,2026-10-17,2026-07-03T15:09:34+08:00
ORD00102742,M006856,P00206,門市,created,1,TWD,163959.0,200.0,2026-07-01T18:11:34+08:00,2026-09-10,2026-07-04T02:27:34+08:00
ORD00103344,M004797,P00252,電銷,paid,4,USD,8165.28,800.0,2026-07-01T09:48:17+08:00,2026-10-25,2026-07-02T10:54:17+08:00
ORD00103750,M002809,P00034,app,paid,4,JPY,375541.0,800.0,2026-07-01T02:47:07+08:00,2026-08-30,2026-07-03T13:19:07+08:00
ORD00103394,M005773,P00068,電銷,created,4,TWD,355883.0,350.0,2026-07-01T08:21:09+08:00,2026-09-13,2026-07-04T02:33:09+08:00
ORD00063042,M005972,P00118,web,completed,4,TWD,561206.0,850.0,2026-05-18T16:22:18+08:00,2026-06-01,2026-07-01T14:58:27+08:00
ORD00103922,M001093,P00299,門市,paid,4,TWD,100129.0,600.0,2026-07-01T04:15:54+08:00,2026-07-21,2026-07-03T08:45:54+08:00
ORD00102443,M005317,P00043,app,created,4,TWD,429063.0,650.0,2026-07-01T03:00:05+08:00,2026-09-06,2026-07-03T16:58:05+08:00
ORD00099621,M007572,P00099,app,completed,1,TWD,141906.0,500.0,2026-05-30T22:19:11+08:00,2026-08-30,2026-07-01T07:03:40+08:00
ORD00101593,M004511,P00092,門市,paid,1,TWD,195172.0,650.0,2026-07-01T05:09:48+08:00,2026-08-20,2026-07-02T06:00:48+08:00
ORD00100787,M003686,P00071,web,created,2,TWD,99837.0,950.0,2026-07-01T19:44:56+08:00,2026-07-11,2026-07-01T21:46:56+08:00
ORD00103736,M004802,P00099,app,paid,3,TWD,424435.0,650.0,2026-07-01T04:52:39+08:00,2026-08-02,2026-07-01T13:52:39+08:00
ORD00100317,M001432,P00042,門市,paid,2,USD,9461.2,800.0,2026-07-01T14:28:38+08:00,2026-07-27,2026-07-03T04:05:38+08:00
ORD00102713,M007902,P00041,web,paid,1,TWD,7850.0,300.0,2026-07-01T15:36:14+08:00,2026-07-20,2026-07-04T04:10:14+08:00
ORD00100423,M000215,P00150,web,created,1,JPY,679550.0,100.0,2026-07-01T03:48:18+08:00,2026-09-14,2026-07-02T15:20:18+08:00
ORD00102389,M002525,P00177,門市,created,1,TWD,19743.0,850.0,2026-07-01T03:08:16+08:00,2026-07-08,2026-07-01T04:47:16+08:00
ORD00100647,M004439,P00204,web,created,3,TWD,477768.0,650.0,2026-07-01T14:21:52+08:00,2026-10-02,2026-07-02T03:19:52+08:00
ORD00100150,M005497,P00138,門市,created,4,TWD,307862.0,450.0,2026-07-01T21:12:55+08:00,2026-10-13,2026-07-03T11:56:55+08:00
ORD00100844,M000002,P00235,web,paid,2,USD,3441.69,500.0,2026-07-01T06:27:55+08:00,2026-09-12,2026-07-01T15:44:55+08:00
ORD00103996,M005242,P00284,web,paid,4,TWD,604922.0,200.0,2026-07-01T18:06:08+08:00,2026-07-15,2026-07-03T00:55:08+08:00
ORD00102116,M000217,P00060,門市,created,3,TWD,486042.0,500.0,2026-07-01T05:30:57+08:00,2026-09-21,2026-07-01T09:22:57+08:00
ORD00101714,M003381,P00220,web,created,1,TWD,36704.0,600.0,2026-07-01T02:48:02+08:00,2026-07-26,2026-07-01T12:30:02+08:00
ORD00103387,M007944,P00065,app,created,1,TWD,169729.0,950.0,2026-07-01T02:04:42+08:00,2026-09-07,2026-07-03T09:14:42+08:00
ORD00103719,M002530,P00185,電銷,created,2,JPY,1852337.0,900.0,2026-07-01T21:34:40+08:00,2026-09-17,2026-07-03T16:59:40+08:00
ORD00102768,M007335,P00018,web,created,3,USD,12126.77,50.0,2026-07-01T08:16:42+08:00,2026-08-18,2026-07-01T22:44:42+08:00
ORD00088064,M001331,P00127,web,completed,4,TWD,198949.0,600.0,2026-06-11T20:21:53+08:00,2026-08-16,2026-07-01T00:54:51+08:00
ORD00100037,M005036,P00226,門市,paid,3,TWD,380920.0,800.0,2026-07-01T10:16:59+08:00,2026-10-08,2026-07-03T07:04:59+08:00
ORD00032229,M001479,P00296,門市,completed,4,TWD,25376.0,650.0,2026-05-06T19:49:22+08:00,2026-07-23,2026-07-01T16:22:51+08:00
ORD00103479,M007868,P00012,app,paid,2,TWD,144559.0,950.0,2026-07-01T04:22:37+08:00,2026-08-18,2026-07-03T09:49:37+08:00
ORD00036466,M002852,P00117,電銷,completed,3,JPY,1940920.0,900.0,2026-05-21T03:57:14+08:00,2026-06-16,2026-07-01T11:15:29+08:00
ORD00101067,M001023,P00081,web,paid,2,TWD,278547.0,250.0,2026-07-01T10:40:18+08:00,2026-07-25,2026-07-01T15:00:18+08:00
ORD00100238,M005924,P00044,web,paid,3,TWD,132357.0,300.0,2026-07-01T15:44:16+08:00,2026-10-28,2026-07-03T20:56:16+08:00
ORD00102323,M003419,P00106,app,paid,3,TWD,138387.0,100.0,2026-07-01T12:53:29+08:00,2026-09-24,2026-07-03T16:22:29+08:00
ORD00103669,M002609,P00092,app,paid,1,TWD,173876.0,350.0,2026-07-01T07:15:45+08:00,2026-10-23,2026-07-02T12:29:45+08:00
ORD00100515,M000628,P00027,電銷,created,2,TWD,260684.0,850.0,2026-07-01T10:50:58+08:00,2026-09-27,2026-07-04T05:06:58+08:00
ORD00103332,M006317,P00047,門市,paid,3,TWD,61713.0,900.0,2026-07-01T17:18:22+08:00,2026-10-21,2026-07-02T17:34:22+08:00
ORD00102525,M000373,P00099,電銷,paid,4,TWD,538960.0,50.0,2026-07-01T10:20:25+08:00,2026-09-03,2026-07-02T21:05:25+08:00
ORD00100639,M002314,P00068,門市,created,1,TWD,92693.0,400.0,2026-07-01T09:33:34+08:00,2026-09-26,2026-07-02T17:05:34+08:00
ORD00101861,M000236,P00152,web,created,3,USD,3954.55,950.0,2026-07-01T23:13:24+08:00,2026-09-21,2026-07-03T22:26:24+08:00
ORD00051338,M005307,P00287,電銷,cancelled,1,TWD,153212.0,750.0,2026-06-04T05:35:01+08:00,2026-08-05,2026-07-01T23:38:25+08:00
ORD00100483,M003367,P00037,web,paid,4,TWD,458674.0,950.0,2026-07-01T03:13:18+08:00,2026-08-13,2026-07-01T21:22:18+08:00
ORD00101276,M000046,P00276,web,created,2,TWD,384003.0,100.0,2026-07-01T05:33:56+08:00,2026-08-27,2026-07-01T18:45:56+08:00
ORD00100358,M007795,P00091,web,created,4,USD,14452.16,150.0,2026-07-01T21:48:11+08:00,2026-09-11,2026-07-04T05:57:11+08:00
ORD00057481,M005090,P00274,電銷,cancelled,3,USD,8026.77,400.0,2026-06-06T13:05:51+08:00,2026-06-15,2026-07-01T06:19:02+08:00
ORD00101122,M003448,P00003,web,paid,4,TWD,417136.0,100.0,2026-07-01T07:04:22+08:00,2026-07-31,2026-07-02T06:27:22+08:00
ORD00102314,M000954,P00100,門市,paid,2,TWD,325152.0,50.0,2026-07-01T19:05:55+08:00,2026-08-19,2026-07-04T11:36:55+08:00
ORD00037692,M007894,P00001,web,completed,1,TWD,107027.0,0.0,2026-05-19T23:18:36+08:00,2026-09-08,2026-07-01T03:41:42+08:00
ORD00102766,M004166,P00075,web,paid,4,TWD,69810.0,150.0,2026-07-01T02:33:04+08:00,2026-08-25,2026-07-01T02:49:04+08:00
ORD00103226,M000240,P00092,app,created,1,TWD,150995.0,400.0,2026-07-01T15:35:45+08:00,2026-10-22,2026-07-03T01:36:45+08:00
ORD00054846,M005804,P00093,門市,cancelled,1,TWD,98226.0,350.0,2026-05-04T20:26:06+08:00,2026-05-19,2026-07-01T02:12:22+08:00
ORD00102838,M001057,P00085,電銷,created,3,TWD,539913.0,850.0,2026-07-01T15:55:33+08:00,2026-09-13,2026-07-02T21:30:33+08:00
ORD00101748,M006260,P00078,app,created,3,USD,10538.33,800.0,2026-07-01T15:25:05+08:00,2026-08-03,2026-07-03T08:11:05+08:00
ORD00102806,M006971,P00067,門市,paid,2,USD,6281.63,750.0,2026-07-01T14:29:55+08:00,2026-07-08,2026-07-04T03:22:55+08:00
ORD00101448,M007705,P00169,web,created,1,TWD,44315.0,300.0,2026-07-01T16:02:16+08:00,2026-08-08,2026-07-03T07:23:16+08:00
ORD00100440,M007646,P00219,web,created,2,USD,7070.37,400.0,2026-07-01T15:16:31+08:00,2026-07-30,2026-07-03T15:12:31+08:00
ORD00102577,M004885,P00082,電銷,created,3,TWD,521171.0,50.0,2026-07-01T04:33:41+08:00,2026-09-21,2026-07-01T05:23:41+08:00
ORD00103414,M006038,P00255,app,paid,1,TWD,233434.0,500.0,2026-07-01T06:15:13+08:00,2026-07-14,2026-07-02T00:04:13+08:00
ORD00068725,M000631,P00257,app,completed,1,TWD,40101.0,700.0,2026-05-05T05:43:14+08:00,2026-08-07,2026-07-01T17:02:33+08:00
ORD00101786,M006705,P00101,web,paid,2,TWD,112502.0,200.0,2026-07-01T22:30:40+08:00,2026-07-23,2026-07-01T23:03:40+08:00
ORD00100356,M006405,P00049,app,created,4,USD,2662.2,950.0,2026-07-01T05:22:19+08:00,2026-08-23,2026-07-03T04:05:19+08:00
ORD00101392,M006668,P00009,app,created,3,USD,7786.28,450.0,2026-07-01T06:06:46+08:00,2026-09-11,2026-07-03T00:02:46+08:00
ORD00102014,M007425,P00163,門市,paid,3,TWD,251060.0,550.0,2026-07-01T08:09:18+08:00,2026-08-30,2026-07-03T15:42:18+08:00
ORD00102259,M001459,P00027,app,paid,3,USD,10816.86,150.0,2026-07-01T08:39:22+08:00,2026-07-23,2026-07-03T09:29:22+08:00
ORD00103241,M004766,P00300,app,paid,1,TWD,112136.0,700.0,2026-07-01T10:18:51+08:00,2026-10-11,2026-07-01T21:26:51+08:00
ORD00031300,M006733,P00295,app,completed,2,TWD,104804.0,250.0,2026-06-24T03:04:52+08:00,2026-09-24,2026-07-01T22:28:37+08:00
ORD00100678,M005660,P00248,電銷,paid,4,TWD,97584.0,250.0,2026-07-01T08:21:40+08:00,2026-09-30,2026-07-02T01:02:40+08:00
ORD00101770,M002771,P00264,web,created,4,TWD,48904.0,750.0,2026-07-01T03:14:47+08:00,2026-07-29,2026-07-02T10:47:47+08:00
ORD00102538,M003263,P00232,門市,paid,1,USD,5300.55,500.0,2026-07-01T11:24:47+08:00,2026-09-13,2026-07-02T05:05:47+08:00
ORD00003098,M005162,P00199,門市,cancelled,1,TWD,5485.0,950.0,2026-05-02T05:50:01+08:00,2026-07-11,2026-07-01T07:36:18+08:00
ORD00103870,M002017,P00284,電銷,paid,1,USD,5283.76,300.0,2026-07-01T23:32:18+08:00,2026-09-21,2026-07-02T16:14:18+08:00
ORD00060312,M002078,P00201,app,completed,2,TWD,231374.0,750.0,2026-06-12T22:50:06+08:00,2026-07-06,2026-07-01T08:02:22+08:00
ORD00100410,M007576,P00282,app,paid,2,TWD,488113.0,100.0,2026-07-01T19:44:04+08:00,2026-09-01,2026-07-03T12:27:04+08:00
ORD00101159,M001850,P00170,web,paid,2,USD,4423.28,150.0,2026-07-01T17:31:40+08:00,2026-10-14,2026-07-02T22:52:40+08:00
ORD00102171,M003147,P00156,門市,paid,1,USD,5908.54,750.0,2026-07-01T23:08:06+08:00,2026-07-30,2026-07-04T04:26:06+08:00
ORD00103826,M007167,P00090,app,paid,2,TWD,281797.0,100.0,2026-07-01T18:25:01+08:00,2026-08-03,2026-07-02T20:39:01+08:00
ORD00005192,M005173,P00040,web,completed,3,USD,6927.0,500.0,2026-05-04T08:52:43+08:00,2026-05-19,2026-07-01T22:37:32+08:00
ORD00102673,M002267,P00062,門市,paid,2,USD,5737.69,700.0,2026-07-01T10:15:35+08:00,2026-10-21,2026-07-02T07:48:35+08:00
ORD00100638,M005373,P00134,門市,paid,3,TWD,276847.0,600.0,2026-07-01T19:33:30+08:00,2026-07-21,2026-07-03T12:08:30+08:00
ORD00100276,M004494,P00065,門市,paid,2,TWD,445962.0,900.0,2026-07-01T18:45:50+08:00,2026-07-11,2026-07-03T23:55:50+08:00
ORD00030015,M005991,P00197,門市,cancelled,3,USD,6509.9,750.0,2026-05-05T21:20:23+08:00,2026-08-20,2026-07-01T04:57:05+08:00
ORD00100121,M007240,P00247,電銷,paid,1,TWD,163085.0,450.0,2026-07-01T01:39:52+08:00,2026-07-16,2026-07-01T05:51:52+08:00
ORD00103145,M001209,P00202,web,created,1,TWD,102396.0,50.0,2026-07-01T15:17:04+08:00,2026-09-05,2026-07-02T09:57:04+08:00
ORD00100209,M003610,P00098,web,paid,1,USD,4558.96,700.0,2026-07-01T06:07:45+08:00,2026-09-02,2026-07-02T14:54:45+08:00
ORD00055333,M000396,P00014,app,cancelled,2,USD,6946.54,500.0,2026-05-22T20:10:21+08:00,2026-06-21,2026-07-01T21:21:04+08:00
ORD00100405,M001288,P00264,app,paid,1,USD,315.51,0.0,2026-07-01T18:00:03+08:00,2026-07-19,2026-07-01T21:22:03+08:00
ORD00101146,M003455,P00280,門市,paid,4,TWD,615797.0,100.0,2026-07-01T09:46:11+08:00,2026-08-23,2026-07-01T18:58:11+08:00
ORD00102985,M007488,P00119,web,created,1,TWD,187116.0,200.0,2026-07-01T07:32:44+08:00,2026-07-25,2026-07-01T20:53:44+08:00
ORD00100274,M000474,P00178,web,paid,1,TWD,41953.0,100.0,2026-07-01T10:17:38+08:00,2026-10-19,2026-07-02T03:31:38+08:00
ORD00101996,M000509,P00234,web,paid,3,JPY,141938.0,350.0,2026-07-01T08:41:50+08:00,2026-09-11,2026-07-01T22:12:50+08:00
ORD00101018,M004572,P00027,門市,created,1,TWD,143552.0,200.0,2026-07-01T18:51:20+08:00,2026-07-28,2026-07-02T22:32:20+08:00
ORD00102772,M000802,P00027,電銷,paid,2,JPY,1350102.0,300.0,2026-07-01T01:56:37+08:00,2026-08-24,2026-07-01T14:48:37+08:00
ORD00100404,M000523,P00052,電銷,created,4,TWD,359666.0,650.0,2026-07-01T10:34:52+08:00,2026-08-04,2026-07-03T08:48:52+08:00
ORD00103829,M001701,P00040,門市,paid,3,TWD,249101.0,50.0,2026-07-01T17:49:34+08:00,2026-08-30,2026-07-03T13:31:34+08:00
ORD00103287,M001145,P00034,app,paid,3,TWD,76502.0,500.0,2026-07-01T17:00:06+08:00,2026-08-26,2026-07-02T07:01:06+08:00
ORD00103553,M003922,P00214,web,paid,4,TWD,601340.0,300.0,2026-07-01T08:36:40+08:00,2026-07-28,2026-07-03T02:44:40+08:00
ORD00100024,M007119,P00026,app,created,2,USD,9003.51,500.0,2026-07-01T20:15:26+08:00,2026-10-14,2026-07-02T04:27:26+08:00
ORD00103259,M000259,P00238,電銷,created,1,TWD,104675.0,150.0,2026-07-01T19:22:03+08:00,2026-10-13,2026-07-03T16:15:03+08:00
ORD00102245,M006797,P00072,app,paid,4,USD,2644.41,750.0,2026-07-01T17:47:30+08:00,2026-10-26,2026-07-03T01:02:30+08:00
ORD00100986,M001445,P00002,web,paid,3,TWD,188904.0,300.0,2026-07-01T08:53:36+08:00,2026-10-21,2026-07-04T01:56:36+08:00
ORD00102796,M005780,P00254,web,created,1,TWD,2948.0,550.0,2026-07-01T19:28:41+08:00,2026-10-16,2026-07-04T02:55:41+08:00
ORD00102563,M005845,P00061,門市,paid,1,TWD,157033.0,150.0,2026-07-01T14:31:15+08:00,2026-10-09,2026-07-04T03:43:15+08:00
ORD00101563,M003489,P00107,門市,paid,2,JPY,1841794.0,350.0,2026-07-01T08:14:37+08:00,2026-07-09,2026-07-02T21:04:37+08:00
ORD00011515,M005451,P00094,門市,cancelled,1,JPY,807426.0,900.0,2026-05-24T21:11:28+08:00,2026-06-22,2026-07-01T02:35:35+08:00
ORD00103197,M005200,P00248,電銷,created,1,TWD,24139.0,350.0,2026-07-01T22:11:53+08:00,2026-09-12,2026-07-02T15:45:53+08:00
ORD00102770,M006784,P00233,電銷,paid,2,USD,5818.77,350.0,2026-07-01T19:47:11+08:00,2026-08-23,2026-07-02T04:45:11+08:00
ORD00101756,M006483,P00140,電銷,created,3,TWD,150141.0,750.0,2026-07-01T12:30:09+08:00,2026-10-08,2026-07-03T19:17:09+08:00
ORD00101008,M002339,P00091,app,paid,4,JPY,2522607.0,350.0,2026-07-01T06:29:52+08:00,2026-08-25,2026-07-03T17:22:52+08:00
ORD00101315,M001464,P00271,電銷,paid,1,TWD,25643.0,950.0,2026-07-01T00:12:19+08:00,2026-09-16,2026-07-02T15:21:19+08:00
ORD00100055,M004835,P00119,app,paid,2,USD,10932.16,450.0,2026-07-01T22:11:57+08:00,2026-09-20,2026-07-03T14:39:57+08:00
ORD00101075,M003033,P00279,web,paid,1,TWD,106375.0,350.0,2026-07-01T15:39:35+08:00,2026-10-20,2026-07-01T21:21:35+08:00
ORD00101444,M001954,P00002,web,paid,1,TWD,88107.0,950.0,2026-07-01T02:20:37+08:00,2026-07-30,2026-07-01T14:22:37+08:00
ORD00100380,M006570,P00196,app,paid,4,JPY,859596.0,250.0,2026-07-01T02:08:46+08:00,2026-10-10,2026-07-03T01:58:46+08:00
ORD00100870,M002245,P00276,門市,created,3,USD,15352.21,750.0,2026-07-01T00:10:29+08:00,2026-07-21,2026-07-02T04:24:29+08:00
ORD00100865,M007628,P00179,門市,created,1,TWD,165624.0,400.0,2026-07-01T10:57:58+08:00,2026-08-31,2026-07-03T03:42:58+08:00
ORD00103624,M002618,P00276,web,created,2,JPY,2019007.0,400.0,2026-07-01T08:43:10+08:00,2026-09-12,2026-07-01T23:20:10+08:00
ORD00100201,M007215,P00130,web,created,2,USD,11144.86,450.0,2026-07-01T08:36:13+08:00,2026-10-16,2026-07-03T00:04:13+08:00
ORD00013116,M001312,P00047,app,completed,3,TWD,83944.0,200.0,2026-06-16T14:42:14+08:00,2026-07-02,2026-07-01T10:59:31+08:00
ORD00016704,M005518,P00028,web,cancelled,1,USD,4199.36,300.0,2026-05-06T03:41:00+08:00,2026-08-03,2026-07-01T20:13:02+08:00
ORD00102037,M006637,P00130,門市,paid,1,TWD,173035.0,0.0,2026-07-01T21:28:23+08:00,2026-10-19,2026-07-03T04:52:23+08:00
ORD00103526,M007007,P00138,電銷,paid,4,TWD,256314.0,600.0,2026-07-01T16:20:01+08:00,2026-08-11,2026-07-02T23:14:01+08:00
ORD00103270,M005162,P00108,app,paid,1,JPY,545860.0,50.0,2026-07-01T00:22:15+08:00,2026-08-01,2026-07-02T00:45:15+08:00
ORD00103620,M005823,P00286,app,paid,1,USD,5531.29,50.0,2026-07-01T17:43:43+08:00,2026-07-19,2026-07-02T02:34:43+08:00
ORD00102005,M005986,P00101,app,paid,2,TWD,105625.0,950.0,2026-07-01T04:11:07+08:00,2026-10-18,2026-07-02T23:37:07+08:00
ORD00100711,M004896,P00246,web,paid,4,USD,19318.94,300.0,2026-07-01T22:12:54+08:00,2026-09-11,2026-07-02T04:35:54+08:00
ORD00100988,M004900,P00094,門市,paid,2,TWD,289531.0,700.0,2026-07-01T05:52:54+08:00,2026-08-23,2026-07-01T12:06:54+08:00
ORD00103150,M000398,P00060,web,created,2,TWD,263801.0,900.0,2026-07-01T08:20:46+08:00,2026-08-19,2026-07-01T15:32:46+08:00
ORD00100002,M006281,P00288,web,paid,2,USD,951.13,450.0,2026-07-01T15:26:27+08:00,2026-09-22,2026-07-04T07:34:27+08:00
ORD00103686,M006850,P00126,門市,created,1,TWD,30782.0,350.0,2026-07-01T04:33:33+08:00,2026-07-20,2026-07-03T09:27:33+08:00
ORD00100834,M002348,P00016,門市,paid,1,TWD,71616.0,700.0,2026-07-01T08:29:02+08:00,2026-09-30,2026-07-02T19:47:02+08:00
ORD00102935,M001594,P00283,門市,created,3,USD,2069.97,650.0,2026-07-01T05:08:54+08:00,2026-09-25,2026-07-02T01:33:54+08:00
ORD00102295,M007280,P00117,app,paid,3,USD,13900.0,600.0,2026-07-01T22:51:32+08:00,2026-07-28,2026-07-04T16:05:32+08:00
ORD00102784,M002449,P00242,app,paid,4,USD,3675.03,450.0,2026-07-01T02:52:28+08:00,2026-07-27,2026-07-03T17:53:28+08:00
ORD00102472,M001354,P00072,電銷,paid,4,USD,2526.01,200.0,2026-07-01T10:22:14+08:00,2026-10-19,2026-07-02T05:53:14+08:00
ORD00102235,M006308,P00291,電銷,paid,2,TWD,67042.0,300.0,2026-07-01T17:31:08+08:00,2026-10-09,2026-07-03T08:03:08+08:00
ORD00006745,M000090,P00175,web,completed,2,TWD,31301.0,950.0,2026-05-15T07:15:20+08:00,2026-08-22,2026-07-01T10:46:03+08:00
ORD00101465,M006890,P00133,門市,paid,1,USD,150.07,800.0,2026-07-01T11:36:55+08:00,2026-07-08,2026-07-04T05:20:55+08:00
ORD00100231,M002675,P00012,電銷,paid,3,TWD,235153.0,950.0,2026-07-01T21:43:11+08:00,2026-08-05,2026-07-04T06:11:11+08:00
ORD00101795,M000603,P00046,web,created,4,USD,9858.0,900.0,2026-07-01T04:25:48+08:00,2026-08-09,2026-07-03T03:00:48+08:00
ORD00103189,M001955,P00103,電銷,paid,3,TWD,53898.0,600.0,2026-07-01T22:57:25+08:00,2026-09-05,2026-07-03T08:10:25+08:00
ORD00101068,M004572,P00081,app,paid,1,TWD,132752.0,600.0,2026-07-01T08:31:58+08:00,2026-10-05,2026-07-03T23:02:58+08:00
ORD00103472,M000301,P00090,電銷,paid,4,USD,23063.37,500.0,2026-07-01T18:36:25+08:00,2026-07-17,2026-07-04T05:32:25+08:00
ORD00102978,M006309,P00044,app,paid,4,TWD,168303.0,50.0,2026-07-01T09:20:53+08:00,2026-10-06,2026-07-03T11:11:53+08:00
ORD00101231,M002265,P00172,門市,created,3,JPY,2113032.0,350.0,2026-07-01T05:27:09+08:00,2026-10-27,2026-07-02T05:23:09+08:00
ORD00100881,M006788,P00231,app,paid,2,TWD,344974.0,300.0,2026-07-01T03:01:08+08:00,2026-10-26,2026-07-01T23:44:08+08:00
ORD00023151,M005144,P00231,門市,completed,2,USD,9252.97,500.0,2026-05-27T20:50:57+08:00,2026-06-09,2026-07-01T21:10:42+08:00
ORD00102729,M005327,P00234,app,paid,4,USD,1106.86,0.0,2026-07-01T05:12:51+08:00,2026-08-25,2026-07-02T15:59:51+08:00
ORD00102013,M000455,P00237,app,paid,4,USD,25455.01,100.0,2026-07-01T14:27:04+08:00,2026-07-19,2026-07-02T06:55:04+08:00
ORD00102720,M004953,P00249,web,paid,1,USD,2880.95,850.0,2026-07-01T13:40:28+08:00,2026-10-21,2026-07-04T00:40:28+08:00
ORD00048088,M006765,P00174,web,cancelled,4,USD,3092.86,900.0,2026-05-02T16:01:03+08:00,2026-08-28,2026-07-01T22:55:06+08:00
ORD00057122,M007846,P00045,app,cancelled,4,TWD,30996.0,750.0,2026-05-17T17:59:57+08:00,2026-07-07,2026-07-01T04:24:45+08:00
ORD00101215,M004523,P00286,app,cancelled,2,USD,9271.77,150.0,2026-07-01T04:10:17+08:00,2026-09-22,2026-07-05T01:18:17+08:00
ORD00102340,M006971,P00228,電銷,paid,3,TWD,320694.0,400.0,2026-07-01T03:39:01+08:00,2026-08-21,2026-07-03T21:08:01+08:00
ORD00102749,M006452,P00168,電銷,paid,3,USD,13642.64,0.0,2026-07-01T05:06:08+08:00,2026-10-14,2026-07-02T04:13:08+08:00
ORD00103987,M004382,P00139,app,created,3,TWD,402351.0,600.0,2026-07-01T12:48:48+08:00,2026-07-15,2026-07-03T12:23:48+08:00
ORD00102404,M004498,P00185,電銷,paid,2,TWD,323067.0,450.0,2026-07-01T06:23:41+08:00,2026-08-28,2026-07-01T12:03:41+08:00
ORD00100872,M003766,P00001,web,paid,4,TWD,388450.0,600.0,2026-07-01T20:09:43+08:00,2026-10-05,2026-07-02T10:41:43+08:00
ORD00103167,M003585,P00056,app,paid,3,TWD,214690.0,250.0,2026-07-01T21:36:23+08:00,2026-07-12,2026-07-03T09:47:23+08:00
ORD00100351,M007811,P00185,app,paid,2,USD,14781.56,900.0,2026-07-01T23:55:45+08:00,2026-07-09,2026-07-02T01:27:45+08:00
ORD00102660,M002593,P00250,app,created,4,TWD,389583.0,250.0,2026-07-01T14:45:54+08:00,2026-10-02,2026-07-02T21:49:54+08:00
ORD00101566,M006652,P00239,web,paid,2,TWD,332401.0,650.0,2026-07-01T01:32:26+08:00,2026-09-28,2026-07-01T13:51:26+08:00
ORD00100972,M003986,P00173,門市,paid,3,USD,725.3,0.0,2026-07-01T15:19:04+08:00,2026-08-24,2026-07-04T04:49:04+08:00
ORD00100857,M001055,P00026,web,created,1,TWD,128127.0,850.0,2026-07-01T03:20:56+08:00,2026-08-14,2026-07-01T21:50:56+08:00
ORD00103366,M007442,P00161,web,paid,3,TWD,618869.0,250.0,2026-07-01T19:51:21+08:00,2026-09-06,2026-07-02T04:12:21+08:00
ORD00102849,M007322,P00284,app,created,2,TWD,317916.0,200.0,2026-07-01T06:53:14+08:00,2026-08-03,2026-07-02T08:45:14+08:00
ORD00100669,M007609,P00132,門市,paid,4,TWD,229050.0,100.0,2026-07-01T01:14:45+08:00,2026-09-28,2026-07-02T20:47:45+08:00
ORD00103237,M001743,P00225,web,created,1,JPY,185987.0,600.0,2026-07-01T07:48:42+08:00,2026-08-15,2026-07-03T09:44:42+08:00
ORD00103324,M006221,P00205,web,paid,2,TWD,20168.0,500.0,2026-07-01T07:48:46+08:00,2026-09-17,2026-07-01T21:05:46+08:00
ORD00103240,M001140,P00008,app,paid,2,TWD,151807.0,0.0,2026-07-01T23:32:12+08:00,2026-09-16,2026-07-02T20:23:12+08:00
ORD00100569,M005725,P00286,門市,created,4,USD,22372.29,400.0,2026-07-01T12:12:51+08:00,2026-09-30,2026-07-03T06:23:51+08:00
ORD00100978,M006263,P00051,web,paid,1,TWD,132181.0,0.0,2026-07-01T12:32:42+08:00,2026-10-19,2026-07-03T21:33:42+08:00
ORD00100041,M000006,P00004,web,created,4,TWD,768010.0,100.0,2026-07-01T19:47:06+08:00,2026-07-15,2026-07-01T20:33:06+08:00
ORD00003324,M004865,P00287,app,completed,3,JPY,1946867.0,150.0,2026-06-21T11:52:40+08:00,2026-09-08,2026-07-01T04:07:08+08:00
ORD00100307,M004021,P00094,電銷,paid,2,TWD,343424.0,200.0,2026-07-01T01:56:06+08:00,2026-07-27,2026-07-02T03:12:06+08:00
ORD00103574,M001214,P00056,app,paid,2,TWD,150490.0,450.0,2026-07-01T13:47:51+08:00,2026-10-19,2026-07-02T11:58:51+08:00
ORD00100761,M003424,P00127,app,paid,2,USD,3028.51,250.0,2026-07-01T23:07:56+08:00,2026-07-11,2026-07-04T03:37:56+08:00
ORD00038227,M006477,P00249,門市,cancelled,1,TWD,71041.0,500.0,2026-05-23T02:51:35+08:00,2026-07-01,2026-07-01T19:35:40+08:00
ORD00102529,M000906,P00250,web,paid,2,TWD,140521.0,700.0,2026-07-01T02:43:51+08:00,2026-09-20,2026-07-01T09:00:51+08:00
ORD00102650,M006287,P00101,門市,paid,2,JPY,553568.0,50.0,2026-07-01T08:08:44+08:00,2026-10-21,2026-07-01T23:55:44+08:00
ORD00101317,M006066,P00143,web,created,4,JPY,159807.0,250.0,2026-07-01T22:16:28+08:00,2026-10-27,2026-07-02T18:51:28+08:00
ORD00101101,M004200,P00276,web,paid,1,TWD,141964.0,450.0,2026-07-01T15:01:06+08:00,2026-07-25,2026-07-03T02:10:06+08:00
ORD00100851,M006681,P00238,web,paid,4,TWD,338744.0,300.0,2026-07-01T09:28:21+08:00,2026-10-12,2026-07-03T21:27:21+08:00
ORD00101636,M007936,P00206,門市,created,1,TWD,194338.0,600.0,2026-07-01T00:48:38+08:00,2026-07-28,2026-07-01T09:28:38+08:00
ORD00100402,M001742,P00015,電銷,created,1,USD,1709.5,550.0,2026-07-01T09:37:08+08:00,2026-08-06,2026-07-02T00:10:08+08:00
ORD00103364,M004143,P00054,電銷,paid,4,TWD,619242.0,600.0,2026-07-01T02:17:11+08:00,2026-10-23,2026-07-01T14:41:11+08:00
ORD00102231,M001232,P00192,app,paid,2,TWD,492669.0,200.0,2026-07-01T00:46:57+08:00,2026-07-19,2026-07-01T17:11:57+08:00
ORD00101936,M005790,P00026,web,paid,2,TWD,276594.0,450.0,2026-07-01T05:02:19+08:00,2026-10-27,2026-07-03T10:46:19+08:00
ORD00101652,M007071,P00241,app,paid,4,TWD,794811.0,600.0,2026-07-01T07:39:07+08:00,2026-09-10,2026-07-01T10:06:07+08:00
ORD00102924,M003107,P00220,門市,paid,3,TWD,94513.0,350.0,2026-07-01T06:10:16+08:00,2026-10-07,2026-07-01T21:56:16+08:00
ORD00101700,M005449,P00272,app,created,1,TWD,118159.0,700.0,2026-07-01T00:34:52+08:00,2026-07-11,2026-07-02T16:54:52+08:00
ORD00101749,M003962,P00001,app,created,1,USD,3343.51,250.0,2026-07-01T17:35:14+08:00,2026-07-29,2026-07-02T02:24:14+08:00
ORD00103450,M003860,P00124,web,paid,2,TWD,86798.0,750.0,2026-07-01T10:01:33+08:00,2026-10-03,2026-07-03T18:54:33+08:00
ORD00102879,M005742,P00086,門市,paid,1,TWD,18145.0,350.0,2026-07-01T14:22:08+08:00,2026-07-12,2026-07-03T03:17:08+08:00
ORD00100309,M000866,P00015,web,paid,2,USD,3908.8,50.0,2026-07-01T07:17:18+08:00,2026-07-12,2026-07-01T18:52:18+08:00
ORD00103434,M007451,P00156,web,created,2,TWD,420509.0,450.0,2026-07-01T10:30:10+08:00,2026-07-11,2026-07-03T22:13:10+08:00
ORD00103788,M004624,P00298,app,created,2,TWD,267824.0,400.0,2026-07-01T23:06:51+08:00,2026-09-26,2026-07-04T05:46:51+08:00
ORD00101506,M004413,P00091,app,paid,2,TWD,244855.0,350.0,2026-07-01T09:42:00+08:00,2026-08-12,2026-07-02T23:51:00+08:00
ORD00003895,M002469,P00090,門市,completed,4,TWD,727577.0,650.0,2026-06-29T15:57:48+08:00,2026-09-07,2026-07-01T10:45:44+08:00
ORD00103056,M001240,P00295,web,paid,3,TWD,156255.0,350.0,2026-07-01T02:52:40+08:00,2026-10-10,2026-07-03T06:40:40+08:00
ORD00102274,M005215,P00186,門市,created,4,USD,17856.35,700.0,2026-07-01T04:41:12+08:00,2026-08-11,2026-07-02T10:14:12+08:00
ORD00101128,M001275,P00230,門市,created,1,TWD,190633.0,550.0,2026-07-01T07:17:40+08:00,2026-08-30,2026-07-02T12:33:40+08:00
ORD00102866,M002136,P00090,門市,paid,2,TWD,370459.0,800.0,2026-07-01T07:20:38+08:00,2026-08-13,2026-07-02T18:17:38+08:00
ORD00101370,M003254,P00210,app,paid,2,TWD,378664.0,700.0,2026-07-01T23:20:23+08:00,2026-08-13,2026-07-02T03:21:23+08:00
ORD00103638,M005517,P00148,web,paid,3,USD,2867.41,450.0,2026-07-01T23:50:47+08:00,2026-08-01,2026-07-03T06:10:47+08:00
ORD00077520,M000566,P00039,app,cancelled,2,USD,11952.27,250.0,2026-05-09T21:01:05+08:00,2026-06-02,2026-07-01T08:17:00+08:00
ORD00102554,M000971,P00206,門市,created,4,JPY,3926781.0,800.0,2026-07-01T11:03:37+08:00,2026-09-04,2026-07-03T05:42:37+08:00
ORD00101627,M006715,P00268,web,created,1,JPY,313399.0,0.0,2026-07-01T14:32:19+08:00,2026-08-21,2026-07-03T18:14:19+08:00
ORD00103181,M007532,P00076,電銷,created,2,TWD,8603.0,250.0,2026-07-01T03:26:29+08:00,2026-09-16,2026-07-02T16:20:29+08:00
ORD00101455,M006166,P00284,門市,created,1,USD,4111.07,0.0,2026-07-01T16:09:55+08:00,2026-08-23,2026-07-01T21:05:55+08:00
ORD00101784,M007265,P00010,電銷,created,3,JPY,1679089.0,950.0,2026-07-01T12:25:56+08:00,2026-09-21,2026-07-02T16:52:56+08:00
ORD00102409,M007427,P00017,web,created,2,TWD,362821.0,400.0,2026-07-01T08:38:52+08:00,2026-08-14,2026-07-03T11:48:52+08:00
ORD00103805,M000432,P00107,app,paid,2,TWD,351344.0,0.0,2026-07-01T19:13:46+08:00,2026-10-28,2026-07-03T01:36:46+08:00
ORD00103770,M000075,P00036,門市,created,4,USD,8320.38,400.0,2026-07-01T16:13:18+08:00,2026-09-11,2026-07-03T23:27:18+08:00
ORD00101864,M003025,P00107,門市,created,3,TWD,567699.0,800.0,2026-07-01T11:48:12+08:00,2026-07-09,2026-07-02T11:47:12+08:00
ORD00100261,M007922,P00109,門市,paid,1,TWD,39617.0,250.0,2026-07-01T07:46:46+08:00,2026-09-05,2026-07-03T05:28:46+08:00
ORD00103322,M001677,P00056,web,paid,2,TWD,140562.0,300.0,2026-07-01T21:17:28+08:00,2026-10-01,2026-07-03T05:05:28+08:00
ORD00101715,M001431,P00030,web,paid,4,USD,19738.76,950.0,2026-07-01T12:33:20+08:00,2026-09-14,2026-07-02T16:35:20+08:00
ORD00103744,M000934,P00065,app,paid,1,TWD,227080.0,850.0,2026-07-01T05:56:26+08:00,2026-10-21,2026-07-03T06:19:26+08:00
ORD00100993,M004788,P00210,門市,paid,3,TWD,416432.0,150.0,2026-07-01T11:57:51+08:00,2026-10-04,2026-07-04T06:27:51+08:00
ORD00081101,M000714,P00016,app,cancelled,2,TWD,192117.0,0.0,2026-05-25T02:47:11+08:00,2026-07-17,2026-07-01T12:37:09+08:00
ORD00100605,M002618,P00137,門市,paid,3,TWD,338845.0,100.0,2026-07-01T01:28:25+08:00,2026-08-19,2026-07-02T04:55:25+08:00
ORD00101203,M000088,P00198,電銷,created,4,TWD,98971.0,500.0,2026-07-01T06:50:53+08:00,2026-09-11,2026-07-01T15:44:53+08:00
ORD00103566,M004678,P00077,app,paid,3,TWD,735070.0,950.0,2026-07-01T10:12:05+08:00,2026-07-12,2026-07-03T12:32:05+08:00
ORD00103769,M007142,P00170,web,paid,4,TWD,270213.0,250.0,2026-07-01T01:10:18+08:00,2026-07-08,2026-07-01T18:06:18+08:00
ORD00103011,M002347,P00009,電銷,created,2,TWD,183718.0,700.0,2026-07-01T09:07:34+08:00,2026-10-19,2026-07-03T00:03:34+08:00
ORD00102425,M004609,P00265,電銷,paid,2,USD,11573.86,300.0,2026-07-01T11:35:04+08:00,2026-09-09,2026-07-02T01:48:04+08:00
ORD00102382,M006460,P00134,門市,created,3,TWD,322371.0,400.0,2026-07-01T03:40:05+08:00,2026-10-09,2026-07-03T02:13:05+08:00
ORD00095950,M007718,P00198,門市,cancelled,1,JPY,122841.0,200.0,2026-06-23T02:11:31+08:00,2026-07-25,2026-07-01T23:38:08+08:00
ORD00100047,M001518,P00267,電銷,paid,2,TWD,460171.0,400.0,2026-07-01T19:26:47+08:00,2026-10-04,2026-07-03T07:31:47+08:00
ORD00100295,M000344,P00241,app,paid,4,TWD,648336.0,150.0,2026-07-01T09:24:13+08:00,2026-08-02,2026-07-02T07:21:13+08:00
ORD00101695,M004935,P00112,電銷,paid,1,TWD,8160.0,450.0,2026-07-01T05:03:35+08:00,2026-07-29,2026-07-03T00:53:35+08:00
ORD00102539,M002206,P00097,app,paid,3,USD,13185.06,500.0,2026-07-01T23:51:37+08:00,2026-07-25,2026-07-04T09:52:37+08:00
ORD00103104,M004927,P00253,門市,created,3,USD,18853.54,600.0,2026-07-01T20:34:16+08:00,2026-07-10,2026-07-03T17:24:16+08:00
ORD00103091,M005973,P00006,門市,created,4,TWD,699233.0,50.0,2026-07-01T11:07:23+08:00,2026-07-13,2026-07-03T09:44:23+08:00
ORD00100558,M007841,P00293,app,created,1,JPY,287252.0,650.0,2026-07-01T00:47:33+08:00,2026-09-18,2026-07-02T02:17:33+08:00
ORD00103940,M003904,P00281,app,paid,2,TWD,427215.0,950.0,2026-07-01T11:05:59+08:00,2026-07-28,2026-07-03T14:31:59+08:00
ORD00100617,M001539,P00018,門市,paid,4,TWD,548735.0,250.0,2026-07-01T22:18:31+08:00,2026-08-18,2026-07-02T22:54:31+08:00
ORD00103687,M001918,P00145,web,paid,4,USD,11984.42,0.0,2026-07-01T01:04:34+08:00,2026-08-29,2026-07-03T01:55:34+08:00
ORD00100199,M003889,P00085,web,paid,2,TWD,363156.0,250.0,2026-07-01T21:35:54+08:00,2026-08-24,2026-07-02T21:07:54+08:00
ORD00102158,M001072,P00265,門市,created,4,TWD,564678.0,400.0,2026-07-01T18:51:36+08:00,2026-08-25,2026-07-02T21:05:36+08:00
ORD00101813,M006332,P00204,app,paid,4,USD,24572.48,150.0,2026-07-01T04:52:00+08:00,2026-08-24,2026-07-02T09:10:00+08:00
ORD00103065,M001815,P00252,門市,created,4,TWD,283818.0,400.0,2026-07-01T15:18:22+08:00,2026-08-11,2026-07-02T11:45:22+08:00
ORD00100050,M000894,P00278,門市,paid,2,TWD,298813.0,0.0,2026-07-01T22:03:06+08:00,2026-08-21,2026-07-04T01:54:06+08:00
ORD00005335,M007649,P00017,門市,cancelled,1,USD,5307.72,50.0,2026-06-01T22:12:46+08:00,2026-06-22,2026-07-01T04:19:29+08:00
ORD00097275,M007873,P00044,web,cancelled,3,JPY,567515.0,150.0,2026-05-24T00:05:30+08:00,2026-08-28,2026-07-01T00:53:16+08:00
ORD00102528,M001981,P00049,web,created,3,USD,1995.51,300.0,2026-07-01T23:46:16+08:00,2026-08-08,2026-07-02T20:12:16+08:00
ORD00102346,M001014,P00052,電銷,paid,4,USD,11004.51,950.0,2026-07-01T20:41:39+08:00,2026-07-21,2026-07-03T12:39:39+08:00
ORD00103187,M001025,P00206,app,created,4,TWD,648259.0,100.0,2026-07-01T19:12:06+08:00,2026-08-27,2026-07-02T18:15:06+08:00
ORD00102679,M001848,P00168,門市,paid,2,TWD,280247.0,150.0,2026-07-01T23:44:59+08:00,2026-09-20,2026-07-04T06:40:59+08:00
ORD00100701,M007291,P00007,web,paid,3,JPY,725565.0,450.0,2026-07-01T13:47:10+08:00,2026-09-13,2026-07-03T14:38:10+08:00
ORD00006475,M004177,P00093,電銷,completed,3,TWD,390247.0,600.0,2026-06-17T07:27:55+08:00,2026-07-09,2026-07-01T14:36:10+08:00
ORD00077508,M004032,P00294,電銷,cancelled,1,USD,5335.74,950.0,2026-06-20T05:10:25+08:00,2026-08-06,2026-07-01T20:13:45+08:00
ORD00100003,M001543,P00105,app,created,4,TWD,213592.0,700.0,2026-07-01T04:09:08+08:00,2026-10-13,2026-07-03T18:09:08+08:00
ORD00101267,M000455,P00246,門市,paid,2,TWD,242480.0,900.0,2026-07-01T04:44:08+08:00,2026-08-26,2026-07-01T17:53:08+08:00
ORD00103982,M003694,P00006,門市,paid,4,TWD,695328.0,150.0,2026-07-01T20:52:57+08:00,2026-07-21,2026-07-04T08:44:57+08:00
ORD00101532,M003792,P00018,app,paid,1,TWD,164889.0,800.0,2026-07-01T21:17:08+08:00,2026-08-16,2026-07-02T13:07:08+08:00
ORD00100607,M006184,P00079,app,paid,2,TWD,80816.0,350.0,2026-07-01T10:42:21+08:00,2026-10-23,2026-07-02T21:33:21+08:00
ORD00101183,M006413,P00230,門市,created,3,JPY,2997638.0,550.0,2026-07-01T06:05:02+08:00,2026-10-22,2026-07-03T23:41:02+08:00
ORD00100721,M007589,P00081,web,paid,3,TWD,367304.0,850.0,2026-07-01T21:26:55+08:00,2026-09-28,2026-07-02T10:17:55+08:00
ORD00101650,M003670,P00144,門市,created,4,TWD,573951.0,150.0,2026-07-01T04:06:02+08:00,2026-08-07,2026-07-02T01:01:02+08:00
ORD00103482,M000255,P00235,app,paid,4,TWD,227189.0,500.0,2026-07-01T01:14:27+08:00,2026-08-23,2026-07-02T03:23:27+08:00
ORD00101763,M002139,P00020,web,paid,3,USD,5793.83,750.0,2026-07-01T09:40:16+08:00,2026-10-28,2026-07-03T22:43:16+08:00
ORD00100734,M004444,P00089,門市,created,2,TWD,184967.0,400.0,2026-07-01T07:48:47+08:00,2026-08-01,2026-07-02T10:10:47+08:00
ORD00103672,M001074,P00296,電銷,created,3,TWD,24511.0,700.0,2026-07-01T17:28:27+08:00,2026-07-28,2026-07-04T10:42:27+08:00
ORD00102959,M003534,P00268,門市,created,4,TWD,258653.0,750.0,2026-07-01T11:08:13+08:00,2026-07-08,2026-07-03T20:58:13+08:00
ORD00087341,M007523,P00101,門市,cancelled,4,TWD,255611.0,0.0,2026-06-25T16:58:19+08:00,2026-10-11,2026-07-01T19:55:22+08:00
ORD00100586,M005322,P00227,門市,paid,1,TWD,139736.0,750.0,2026-07-01T03:38:00+08:00,2026-10-15,2026-07-02T19:44:00+08:00
ORD00102597,M000347,P00205,門市,paid,3,TWD,32729.0,150.0,2026-07-01T12:10:34+08:00,2026-07-14,2026-07-03T16:13:34+08:00
ORD00103713,M000781,P00284,app,created,4,TWD,606582.0,150.0,2026-07-01T13:17:34+08:00,2026-08-12,2026-07-02T07:54:34+08:00
ORD00100584,M007157,P00092,門市,paid,2,JPY,1692319.0,150.0,2026-07-01T12:24:14+08:00,2026-07-10,2026-07-02T13:56:14+08:00
ORD00102675,M002554,P00102,電銷,created,2,TWD,81039.0,550.0,2026-07-01T03:18:25+08:00,2026-07-19,2026-07-03T04:14:25+08:00
ORD00101473,M007886,P00113,電銷,created,4,TWD,646749.0,500.0,2026-07-01T09:33:25+08:00,2026-09-17,2026-07-03T13:19:25+08:00
ORD00101873,M006182,P00293,電銷,created,4,TWD,224170.0,800.0,2026-07-01T21:02:05+08:00,2026-08-18,2026-07-02T23:24:05+08:00
ORD00101057,M002622,P00070,app,paid,1,TWD,96033.0,650.0,2026-07-01T05:26:57+08:00,2026-07-28,2026-07-01T08:42:57+08:00
ORD00012144,M007421,P00207,app,completed,4,TWD,349505.0,550.0,2026-06-16T12:32:48+08:00,2026-07-29,2026-07-01T20:19:07+08:00
ORD00102961,M007076,P00224,app,paid,2,TWD,189180.0,800.0,2026-07-01T01:38:51+08:00,2026-10-01,2026-07-01T01:39:51+08:00
ORD00103858,M007875,P00178,電銷,paid,2,JPY,347943.0,300.0,2026-07-01T03:34:51+08:00,2026-10-19,2026-07-01T08:41:51+08:00
ORD00102594,M001984,P00108,app,paid,4,TWD,436292.0,950.0,2026-07-01T17:20:14+08:00,2026-10-14,2026-07-03T06:26:14+08:00
ORD00100237,M004587,P00075,電銷,paid,3,TWD,64143.0,0.0,2026-07-01T18:13:18+08:00,2026-07-26,2026-07-03T16:44:18+08:00
ORD00101151,M005142,P00242,app,paid,2,TWD,62852.0,500.0,2026-07-01T15:00:31+08:00,2026-09-18,2026-07-02T05:21:31+08:00
ORD00103771,M001812,P00129,門市,created,4,TWD,703397.0,700.0,2026-07-01T22:10:45+08:00,2026-07-26,2026-07-04T12:51:45+08:00
ORD00103708,M001463,P00205,app,paid,3,TWD,29277.0,250.0,2026-07-01T18:39:50+08:00,2026-09-02,2026-07-03T00:18:50+08:00
ORD00100744,M006839,P00099,電銷,paid,1,USD,5236.55,650.0,2026-07-01T06:13:25+08:00,2026-08-30,2026-07-03T02:08:25+08:00
ORD00102038,M005581,P00071,app,created,3,TWD,163347.0,700.0,2026-07-01T05:04:05+08:00,2026-10-23,2026-07-01T06:24:05+08:00
ORD00102881,M005414,P00296,web,paid,1,USD,240.61,150.0,2026-07-01T17:23:23+08:00,2026-08-23,2026-07-03T14:27:23+08:00
ORD00102138,M006045,P00079,app,paid,4,TWD,219289.0,100.0,2026-07-01T08:30:35+08:00,2026-08-31,2026-07-02T14:59:35+08:00
ORD00102313,M003660,P00205,web,created,4,USD,1166.36,750.0,2026-07-01T06:00:51+08:00,2026-07-09,2026-07-02T14:46:51+08:00
ORD00100229,M003654,P00033,電銷,paid,4,JPY,2939771.0,300.0,2026-07-01T17:41:40+08:00,2026-10-24,2026-07-03T18:35:40+08:00
ORD00094730,M007834,P00016,電銷,cancelled,1,USD,2649.47,250.0,2026-06-19T11:58:23+08:00,2026-09-28,2026-07-01T18:16:59+08:00
ORD00103183,M006505,P00045,電銷,paid,1,TWD,9350.0,700.0,2026-07-01T12:38:39+08:00,2026-09-17,2026-07-02T11:44:39+08:00
ORD00103924,M001139,P00032,電銷,paid,4,JPY,2491486.0,600.0,2026-07-01T21:54:52+08:00,2026-10-12,2026-07-03T23:08:52+08:00
ORD00103971,M001071,P00076,門市,paid,2,JPY,42383.0,900.0,2026-07-01T04:41:05+08:00,2026-08-19,2026-07-03T03:34:05+08:00
ORD00100107,M001509,P00235,電銷,paid,1,TWD,56606.0,250.0,2026-07-01T19:04:38+08:00,2026-07-11,2026-07-04T01:43:38+08:00
ORD00100245,M001549,P00109,web,created,2,TWD,96090.0,150.0,2026-07-01T05:06:25+08:00,2026-09-25,2026-07-01T09:28:25+08:00
ORD00101544,M004173,P00104,門市,created,3,TWD,9084.0,450.0,2026-07-01T05:18:06+08:00,2026-10-20,2026-07-01T13:16:06+08:00
ORD00101689,M004472,P00267,電銷,created,2,TWD,395875.0,200.0,2026-07-01T09:23:11+08:00,2026-09-10,2026-07-03T18:43:11+08:00
ORD00101945,M000068,P00150,門市,created,4,JPY,3530685.0,350.0,2026-07-01T22:17:32+08:00,2026-10-07,2026-07-03T18:30:32+08:00
ORD00101560,M007295,P00058,門市,paid,1,USD,1054.7,450.0,2026-07-01T17:02:24+08:00,2026-09-09,2026-07-02T22:24:24+08:00
ORD00020347,M007068,P00029,電銷,completed,4,TWD,498308.0,150.0,2026-05-31T08:39:13+08:00,2026-06-29,2026-07-01T04:14:04+08:00
ORD00101279,M001082,P00089,web,paid,1,USD,2589.2,550.0,2026-07-01T07:25:39+08:00,2026-08-04,2026-07-01T08:46:39+08:00
ORD00100980,M005022,P00024,app,paid,3,USD,7472.01,950.0,2026-07-01T10:25:55+08:00,2026-07-21,2026-07-01T18:00:55+08:00
ORD00103537,M000995,P00219,門市,paid,2,TWD,218859.0,850.0,2026-07-01T21:46:56+08:00,2026-10-03,2026-07-02T14:01:56+08:00
ORD00100927,M006189,P00089,電銷,created,2,TWD,155705.0,750.0,2026-07-01T18:17:03+08:00,2026-08-31,2026-07-03T06:03:03+08:00
ORD00103398,M001657,P00061,web,paid,3,TWD,536076.0,500.0,2026-07-01T06:38:13+08:00,2026-09-07,2026-07-01T13:28:13+08:00
ORD00100153,M004233,P00159,電銷,paid,3,JPY,606430.0,850.0,2026-07-01T15:32:21+08:00,2026-08-20,2026-07-03T18:03:21+08:00
ORD00101941,M005450,P00135,web,paid,2,TWD,15265.0,250.0,2026-07-01T00:37:06+08:00,2026-10-14,2026-07-02T15:41:06+08:00
ORD00102205,M004025,P00249,web,paid,4,TWD,262667.0,600.0,2026-07-01T06:27:45+08:00,2026-07-10,2026-07-01T16:11:45+08:00
ORD00102397,M003782,P00237,web,paid,3,USD,17585.6,950.0,2026-07-01T13:15:46+08:00,2026-07-27,2026-07-03T22:19:46+08:00
ORD00102788,M000668,P00178,電銷,created,3,JPY,620665.0,0.0,2026-07-01T21:49:00+08:00,2026-10-20,2026-07-02T07:53:00+08:00
ORD00101192,M005628,P00194,門市,created,4,USD,11296.35,950.0,2026-07-01T05:02:39+08:00,2026-09-25,2026-07-03T09:01:39+08:00
ORD00101913,M003993,P00101,電銷,paid,4,USD,8748.87,600.0,2026-07-01T19:07:38+08:00,2026-07-31,2026-07-02T17:09:38+08:00
ORD00102175,M004542,P00260,門市,paid,4,TWD,630791.0,600.0,2026-07-01T13:36:32+08:00,2026-07-24,2026-07-03T15:53:32+08:00
ORD00101691,M005641,P00028,web,paid,1,TWD,92215.0,450.0,2026-07-01T09:45:42+08:00,2026-10-01,2026-07-02T11:38:42+08:00
ORD00102595,M004000,P00014,app,paid,3,TWD,307609.0,550.0,2026-07-01T13:40:38+08:00,2026-08-30,2026-07-01T23:42:38+08:00
ORD00100556,M007399,P00040,app,paid,1,JPY,349238.0,350.0,2026-07-01T08:41:27+08:00,2026-09-15,2026-07-02T14:29:27+08:00
ORD00102638,M003359,P00190,app,paid,2,USD,10346.8,200.0,2026-07-01T13:23:58+08:00,2026-07-19,2026-07-04T03:30:58+08:00
ORD00102301,M002259,P00177,門市,paid,1,TWD,23094.0,350.0,2026-07-01T18:14:42+08:00,2026-08-20,2026-07-03T15:08:42+08:00
ORD00103023,M002879,P00035,門市,paid,3,TWD,534421.0,200.0,2026-07-01T03:16:11+08:00,2026-08-03,2026-07-01T13:38:11+08:00
ORD00103644,M000615,P00152,門市,paid,2,USD,2376.54,850.0,2026-07-01T07:33:35+08:00,2026-09-21,2026-07-02T08:01:35+08:00
ORD00103576,M006910,P00097,web,paid,4,TWD,626344.0,300.0,2026-07-01T15:19:08+08:00,2026-08-31,2026-07-04T09:09:08+08:00
ORD00037020,M001249,P00133,門市,completed,2,JPY,57452.0,550.0,2026-05-19T12:01:27+08:00,2026-09-02,2026-07-01T13:44:12+08:00
ORD00103586,M001914,P00160,門市,paid,4,TWD,53827.0,100.0,2026-07-01T14:58:50+08:00,2026-10-08,2026-07-01T23:35:50+08:00
ORD00100971,M003109,P00079,電銷,paid,4,TWD,158176.0,450.0,2026-07-01T08:33:25+08:00,2026-10-09,2026-07-01T09:57:25+08:00
ORD00076774,M002166,P00213,web,completed,2,USD,5861.06,650.0,2026-06-07T11:39:56+08:00,2026-06-21,2026-07-01T18:21:37+08:00
ORD00086744,M000141,P00190,web,cancelled,4,JPY,4335347.0,900.0,2026-05-04T05:23:38+08:00,2026-08-08,2026-07-01T03:49:39+08:00
ORD00100091,M001355,P00227,web,created,1,TWD,138868.0,0.0,2026-07-01T18:13:32+08:00,2026-07-23,2026-07-02T21:21:32+08:00
ORD00103133,M004712,P00148,門市,paid,3,USD,3230.76,750.0,2026-07-01T21:35:13+08:00,2026-09-30,2026-07-03T15:11:13+08:00
ORD00102731,M002606,P00123,web,created,4,JPY,1382533.0,500.0,2026-07-01T21:33:15+08:00,2026-09-22,2026-07-04T07:13:15+08:00
ORD00103235,M003092,P00178,電銷,paid,4,JPY,662812.0,700.0,2026-07-01T12:55:28+08:00,2026-10-26,2026-07-04T00:41:28+08:00
ORD00102952,M002201,P00180,電銷,paid,1,JPY,448579.0,500.0,2026-07-01T20:39:42+08:00,2026-10-14,2026-07-01T20:59:42+08:00
ORD00103893,M001443,P00275,app,created,1,USD,2492.08,100.0,2026-07-01T07:58:16+08:00,2026-10-19,2026-07-03T01:17:16+08:00
ORD00103417,M005584,P00264,app,paid,2,TWD,17641.0,800.0,2026-07-01T05:56:21+08:00,2026-08-22,2026-07-03T02:36:21+08:00
ORD00101386,M007892,P00057,門市,paid,3,TWD,376959.0,850.0,2026-07-01T02:39:25+08:00,2026-09-01,2026-07-01T04:32:25+08:00
ORD00102503,M003263,P00194,app,paid,4,TWD,296413.0,950.0,2026-07-01T21:17:36+08:00,2026-08-11,2026-07-02T11:23:36+08:00
ORD00102872,M005996,P00199,app,created,1,USD,235.82,450.0,2026-07-01T22:20:55+08:00,2026-07-08,2026-07-02T19:52:55+08:00
ORD00102578,M003623,P00042,門市,paid,3,USD,16401.39,750.0,2026-07-01T00:02:43+08:00,2026-10-15,2026-07-03T10:39:43+08:00
ORD00101422,M004564,P00057,web,paid,3,TWD,406513.0,550.0,2026-07-01T18:20:26+08:00,2026-08-31,2026-07-03T21:29:26+08:00
ORD00101381,M002161,P00182,app,paid,3,TWD,20706.0,750.0,2026-07-01T08:47:27+08:00,2026-07-28,2026-07-02T06:29:27+08:00
ORD00101462,M001029,P00209,app,paid,4,JPY,1732753.0,850.0,2026-07-01T14:36:19+08:00,2026-07-12,2026-07-03T09:21:19+08:00
ORD00100291,M002291,P00256,門市,paid,2,TWD,370527.0,800.0,2026-07-01T06:27:29+08:00,2026-09-07,2026-07-01T19:50:29+08:00
ORD00101737,M006736,P00262,app,created,2,TWD,454413.0,600.0,2026-07-01T23:25:41+08:00,2026-09-12,2026-07-03T16:10:41+08:00
ORD00102363,M000332,P00048,web,paid,1,TWD,101971.0,300.0,2026-07-01T18:53:27+08:00,2026-10-08,2026-07-04T13:06:27+08:00
ORD00093341,M003005,P00262,web,completed,2,TWD,464217.0,900.0,2026-05-27T17:20:20+08:00,2026-08-24,2026-07-01T06:22:33+08:00
ORD00101513,M005717,P00231,web,paid,3,USD,13248.95,850.0,2026-07-01T04:21:32+08:00,2026-09-05,2026-07-03T01:23:32+08:00
ORD00102281,M000145,P00243,電銷,paid,1,TWD,138583.0,200.0,2026-07-01T03:01:08+08:00,2026-08-02,2026-07-02T06:10:08+08:00
ORD00102234,M007582,P00114,web,created,2,TWD,183371.0,700.0,2026-07-01T15:26:55+08:00,2026-10-02,2026-07-02T23:18:55+08:00
ORD00101243,M000831,P00277,web,created,3,TWD,456387.0,350.0,2026-07-01T09:42:51+08:00,2026-10-03,2026-07-01T18:13:51+08:00
ORD00102377,M002414,P00214,電銷,created,4,JPY,2864706.0,800.0,2026-07-01T04:44:03+08:00,2026-08-21,2026-07-02T11:21:03+08:00
ORD00100466,M007214,P00283,web,created,4,USD,3104.92,750.0,2026-07-01T19:27:40+08:00,2026-08-18,2026-07-02T15:26:40+08:00
ORD00102108,M005072,P00125,門市,paid,3,JPY,712322.0,650.0,2026-07-01T01:12:10+08:00,2026-10-19,2026-07-01T20:45:10+08:00
ORD00100778,M000790,P00144,電銷,paid,2,TWD,269245.0,400.0,2026-07-01T23:30:46+08:00,2026-07-10,2026-07-02T00:44:46+08:00
ORD00103129,M001781,P00279,web,created,2,TWD,210568.0,200.0,2026-07-01T03:20:33+08:00,2026-10-01,2026-07-02T01:23:33+08:00
ORD00103207,M006050,P00243,web,created,1,TWD,155957.0,900.0,2026-07-01T19:30:04+08:00,2026-07-09,2026-07-03T22:40:04+08:00
ORD00100368,M005814,P00053,電銷,paid,3,TWD,271924.0,500.0,2026-07-01T13:28:34+08:00,2026-08-17,2026-07-01T19:30:34+08:00
ORD00102948,M005565,P00070,app,created,3,TWD,373804.0,800.0,2026-07-01T21:19:11+08:00,2026-10-20,2026-07-04T05:44:11+08:00
ORD00101732,M004262,P00224,web,created,2,TWD,176067.0,250.0,2026-07-01T07:45:08+08:00,2026-07-14,2026-07-03T17:48:08+08:00
ORD00101587,M005660,P00273,門市,paid,4,TWD,320224.0,850.0,2026-07-01T17:56:46+08:00,2026-08-01,2026-07-02T23:08:46+08:00
ORD00102709,M005635,P00268,門市,created,1,TWD,60920.0,350.0,2026-07-01T07:40:01+08:00,2026-07-14,2026-07-02T22:02:01+08:00
ORD00090503,M000336,P00102,app,cancelled,1,TWD,32474.0,200.0,2026-06-01T07:11:57+08:00,2026-08-19,2026-07-01T18:48:32+08:00
ORD00100183,M001062,P00153,門市,created,4,JPY,1613802.0,450.0,2026-07-01T17:26:24+08:00,2026-10-27,2026-07-01T20:23:24+08:00
ORD00103642,M000935,P00285,app,created,3,TWD,292975.0,200.0,2026-07-01T10:17:16+08:00,2026-09-04,2026-07-02T21:12:16+08:00
ORD00045939,M005252,P00107,web,completed,3,USD,18880.62,50.0,2026-05-24T11:29:15+08:00,2026-09-18,2026-07-01T14:59:28+08:00
ORD00102456,M000255,P00212,電銷,paid,1,JPY,145186.0,700.0,2026-07-01T06:36:57+08:00,2026-09-13,2026-07-01T08:07:57+08:00
ORD00101302,M006564,P00143,電銷,created,2,TWD,20554.0,450.0,2026-07-01T11:00:36+08:00,2026-08-20,2026-07-02T10:34:36+08:00
ORD00103651,M002938,P00172,門市,created,1,TWD,171966.0,200.0,2026-07-01T06:30:00+08:00,2026-08-26,2026-07-02T16:27:00+08:00
ORD00007664,M004261,P00210,web,completed,1,TWD,183453.0,100.0,2026-05-09T08:12:55+08:00,2026-06-07,2026-07-01T13:09:32+08:00
ORD00100187,M007897,P00048,web,paid,4,TWD,352662.0,900.0,2026-07-01T12:50:36+08:00,2026-07-28,2026-07-01T17:48:36+08:00
ORD00100935,M006100,P00012,app,paid,2,TWD,154895.0,750.0,2026-07-01T10:31:31+08:00,2026-10-03,2026-07-01T14:11:31+08:00
ORD00018013,M006412,P00208,門市,completed,3,USD,19180.56,0.0,2026-05-14T21:15:59+08:00,2026-09-05,2026-07-01T16:38:35+08:00
ORD00103824,M000107,P00210,app,paid,2,TWD,276444.0,850.0,2026-07-01T17:54:19+08:00,2026-07-15,2026-07-04T01:57:19+08:00
ORD00100045,M004690,P00171,門市,paid,2,JPY,664130.0,50.0,2026-07-01T00:49:31+08:00,2026-08-27,2026-07-03T02:11:31+08:00
ORD00102149,M004301,P00243,web,paid,2,USD,10462.68,600.0,2026-07-01T19:38:59+08:00,2026-08-16,2026-07-02T22:01:59+08:00
ORD00103368,M005571,P00112,門市,paid,4,TWD,31657.0,200.0,2026-07-01T14:32:09+08:00,2026-07-27,2026-07-02T11:06:09+08:00
ORD00101586,M005055,P00043,電銷,created,4,TWD,541727.0,0.0,2026-07-01T20:33:26+08:00,2026-08-11,2026-07-04T08:53:26+08:00
ORD00100292,M005026,P00247,電銷,paid,1,USD,5395.33,750.0,2026-07-01T18:14:51+08:00,2026-09-14,2026-07-04T03:05:51+08:00
ORD00100104,M001449,P00181,app,created,2,TWD,30123.0,800.0,2026-07-01T19:59:51+08:00,2026-07-24,2026-07-03T13:06:51+08:00
ORD00102763,M000085,P00292,web,created,2,JPY,1315392.0,550.0,2026-07-01T16:05:24+08:00,2026-08-31,2026-07-03T21:19:24+08:00
ORD00100141,M003737,P00170,電銷,paid,2,USD,4939.75,350.0,2026-07-01T05:02:20+08:00,2026-08-06,2026-07-03T04:11:20+08:00
ORD00101989,M006391,P00061,app,paid,1,TWD,177213.0,0.0,2026-07-01T03:29:06+08:00,2026-07-09,2026-07-01T16:00:06+08:00
ORD00101331,M004400,P00001,電銷,created,3,TWD,291102.0,50.0,2026-07-01T16:07:07+08:00,2026-09-14,2026-07-02T01:49:07+08:00
ORD00021740,M006620,P00252,web,cancelled,2,USD,4248.28,100.0,2026-06-19T04:03:57+08:00,2026-07-31,2026-07-01T04:44:54+08:00
ORD00101500,M007241,P00210,web,paid,2,USD,8299.08,900.0,2026-07-01T21:09:18+08:00,2026-09-20,2026-07-02T13:20:18+08:00
ORD00103135,M007160,P00293,app,paid,4,TWD,246185.0,550.0,2026-07-01T01:45:59+08:00,2026-09-28,2026-07-03T13:10:59+08:00
ORD00102993,M005253,P00114,web,created,2,TWD,190565.0,350.0,2026-07-01T02:25:46+08:00,2026-08-18,2026-07-03T08:14:46+08:00
ORD00101433,M000692,P00176,電銷,paid,3,USD,14803.2,400.0,2026-07-01T11:13:51+08:00,2026-07-08,2026-07-04T05:10:51+08:00
ORD00100414,M005672,P00242,門市,paid,2,USD,1597.7,900.0,2026-07-01T14:03:25+08:00,2026-09-05,2026-07-01T23:47:25+08:00
ORD00101051,M007192,P00203,web,paid,1,TWD,124421.0,350.0,2026-07-01T15:28:06+08:00,2026-09-30,2026-07-03T14:50:06+08:00
ORD00100635,M007898,P00267,app,created,1,TWD,197699.0,300.0,2026-07-01T05:59:26+08:00,2026-09-13,2026-07-02T03:28:26+08:00
ORD00101677,M000861,P00033,電銷,paid,4,USD,19814.54,250.0,2026-07-01T04:20:02+08:00,2026-08-21,2026-07-01T04:38:02+08:00
ORD00091201,M000763,P00234,門市,completed,4,TWD,33959.0,50.0,2026-06-26T15:31:04+08:00,2026-10-03,2026-07-01T05:09:31+08:00
ORD00100467,M002329,P00139,電銷,created,1,TWD,152855.0,650.0,2026-07-01T19:35:36+08:00,2026-08-15,2026-07-03T14:11:36+08:00
ORD00101468,M006274,P00238,電銷,paid,3,TWD,326917.0,650.0,2026-07-01T05:33:05+08:00,2026-10-01,2026-07-01T13:26:05+08:00
ORD00100298,M000532,P00081,app,paid,4,USD,13744.43,650.0,2026-07-01T13:21:40+08:00,2026-09-18,2026-07-02T12:26:40+08:00
ORD00103811,M005176,P00150,電銷,paid,1,USD,6021.79,450.0,2026-07-01T04:14:40+08:00,2026-09-05,2026-07-01T17:27:40+08:00
ORD00100861,M007108,P00262,app,created,3,USD,22088.07,350.0,2026-07-01T08:32:00+08:00,2026-09-07,2026-07-01T11:40:00+08:00
ORD00103879,M005955,P00281,web,created,4,TWD,836210.0,100.0,2026-07-01T11:53:31+08:00,2026-07-23,2026-07-04T01:58:31+08:00
ORD00103458,M007805,P00232,門市,paid,1,JPY,880831.0,750.0,2026-07-01T02:23:54+08:00,2026-10-26,2026-07-01T16:27:54+08:00
ORD00101642,M002020,P00285,電銷,paid,4,TWD,350184.0,250.0,2026-07-01T09:03:19+08:00,2026-10-25,2026-07-02T03:02:19+08:00
ORD00100439,M003996,P00258,門市,created,1,USD,3902.59,200.0,2026-07-01T02:53:00+08:00,2026-08-07,2026-07-01T05:06:00+08:00
ORD00034885,M003425,P00031,app,completed,3,TWD,483957.0,800.0,2026-06-14T06:34:17+08:00,2026-08-10,2026-07-01T01:07:13+08:00
ORD00075655,M004106,P00239,web,cancelled,4,TWD,574458.0,450.0,2026-05-24T22:09:47+08:00,2026-06-01,2026-07-01T06:36:16+08:00
ORD00070167,M004252,P00048,app,cancelled,1,TWD,104848.0,100.0,2026-05-04T01:37:57+08:00,2026-07-11,2026-07-01T11:01:52+08:00
ORD00091358,M000447,P00299,app,cancelled,1,JPY,135500.0,450.0,2026-05-25T15:21:50+08:00,2026-07-16,2026-07-01T11:18:24+08:00
ORD00101492,M003033,P00102,web,created,3,TWD,94763.0,950.0,2026-07-01T01:42:33+08:00,2026-09-23,2026-07-01T01:49:33+08:00
ORD00094011,M004897,P00029,web,completed,3,TWD,331527.0,550.0,2026-05-03T13:25:01+08:00,2026-07-18,2026-07-01T22:42:04+08:00
ORD00101899,M007195,P00297,門市,paid,4,TWD,415306.0,100.0,2026-07-01T10:10:57+08:00,2026-08-23,2026-07-02T01:15:57+08:00
ORD00101830,M007401,P00112,電銷,paid,2,JPY,96360.0,600.0,2026-07-01T21:05:43+08:00,2026-10-04,2026-07-04T11:05:43+08:00
ORD00102338,M005150,P00275,web,paid,4,USD,11808.17,200.0,2026-07-01T02:31:47+08:00,2026-09-19,2026-07-03T07:00:47+08:00
ORD00102632,M001847,P00060,app,paid,1,USD,4722.78,300.0,2026-07-01T05:19:38+08:00,2026-07-17,2026-07-01T06:40:38+08:00
ORD00101401,M004667,P00288,電銷,created,2,TWD,26842.0,100.0,2026-07-01T05:19:26+08:00,2026-08-02,2026-07-03T03:03:26+08:00
ORD00101111,M005200,P00042,門市,paid,1,JPY,758844.0,500.0,2026-07-01T08:38:02+08:00,2026-10-17,2026-07-03T17:04:02+08:00
ORD00101474,M000251,P00157,web,created,1,TWD,87612.0,50.0,2026-07-01T18:45:58+08:00,2026-10-28,2026-07-04T06:29:58+08:00
ORD00101334,M001709,P00158,門市,paid,4,TWD,143682.0,650.0,2026-07-01T17:08:55+08:00,2026-08-16,2026-07-03T19:16:55+08:00
ORD00103315,M007824,P00142,電銷,created,2,TWD,347828.0,500.0,2026-07-01T15:42:38+08:00,2026-07-20,2026-07-02T01:54:38+08:00
ORD00102461,M002317,P00283,app,created,4,TWD,87096.0,600.0,2026-07-01T10:26:36+08:00,2026-08-26,2026-07-01T23:40:36+08:00
ORD00101539,M005445,P00126,app,created,2,TWD,46307.0,150.0,2026-07-01T01:16:27+08:00,2026-08-22,2026-07-02T07:43:27+08:00
ORD00102189,M004116,P00253,web,paid,2,JPY,1971241.0,700.0,2026-07-01T21:45:12+08:00,2026-08-02,2026-07-02T16:34:12+08:00
ORD00101909,M002403,P00249,web,created,4,TWD,313415.0,550.0,2026-07-01T00:43:48+08:00,2026-07-13,2026-07-02T03:30:48+08:00
ORD00100319,M005692,P00287,web,created,3,JPY,1973066.0,150.0,2026-07-01T11:47:35+08:00,2026-09-11,2026-07-01T17:21:35+08:00
ORD00102111,M007994,P00120,門市,paid,2,USD,6608.22,250.0,2026-07-01T03:47:49+08:00,2026-10-27,2026-07-01T14:19:49+08:00
ORD00094851,M003225,P00010,電銷,completed,4,JPY,2867526.0,850.0,2026-05-29T22:41:05+08:00,2026-06-06,2026-07-01T03:26:05+08:00
ORD00101437,M001549,P00054,電銷,created,1,TWD,127511.0,150.0,2026-07-01T03:16:38+08:00,2026-07-17,2026-07-03T00:15:38+08:00
ORD00101787,M003058,P00272,app,created,3,TWD,345892.0,100.0,2026-07-01T10:31:34+08:00,2026-07-26,2026-07-02T03:58:34+08:00
ORD00020357,M005706,P00207,web,completed,4,TWD,358325.0,550.0,2026-06-03T12:40:27+08:00,2026-07-23,2026-07-01T09:47:10+08:00
ORD00046918,M007602,P00253,web,completed,4,TWD,885484.0,950.0,2026-05-28T22:54:48+08:00,2026-08-21,2026-07-01T23:57:57+08:00
ORD00102216,M006326,P00042,電銷,created,1,JPY,599998.0,700.0,2026-07-01T02:38:04+08:00,2026-10-14,2026-07-01T18:49:04+08:00
ORD00103102,M000414,P00187,門市,paid,2,TWD,42991.0,0.0,2026-07-01T12:15:12+08:00,2026-08-03,2026-07-02T20:44:12+08:00
ORD00103436,M001868,P00262,app,paid,2,TWD,458590.0,300.0,2026-07-01T00:39:48+08:00,2026-08-28,2026-07-02T03:03:48+08:00
ORD00103405,M000743,P00111,電銷,paid,2,TWD,210170.0,950.0,2026-07-01T19:31:57+08:00,2026-07-25,2026-07-02T05:50:57+08:00
ORD00103420,M005346,P00211,web,paid,4,TWD,381977.0,750.0,2026-07-01T13:07:05+08:00,2026-07-09,2026-07-04T05:02:05+08:00
ORD00103248,M006164,P00134,門市,created,4,TWD,476664.0,850.0,2026-07-01T14:45:07+08:00,2026-09-09,2026-07-02T00:26:07+08:00
ORD00101310,M004708,P00266,app,paid,3,TWD,54818.0,750.0,2026-07-01T02:13:04+08:00,2026-09-23,2026-07-01T12:52:04+08:00
ORD00100324,M005948,P00021,web,paid,2,TWD,334451.0,800.0,2026-07-01T04:43:46+08:00,2026-09-19,2026-07-02T07:40:46+08:00
ORD00100137,M005985,P00085,電銷,paid,3,USD,22076.26,100.0,2026-07-01T09:41:41+08:00,2026-07-11,2026-07-02T21:09:41+08:00
ORD00037902,M007606,P00020,門市,cancelled,3,TWD,173986.0,700.0,2026-06-04T07:21:05+08:00,2026-06-11,2026-07-01T00:02:33+08:00
ORD00101645,M005604,P00277,web,created,3,USD,13692.08,500.0,2026-07-01T01:43:13+08:00,2026-09-27,2026-07-01T17:20:13+08:00
ORD00101501,M007131,P00098,門市,paid,1,JPY,779584.0,0.0,2026-07-01T22:28:46+08:00,2026-07-21,2026-07-04T06:15:46+08:00
ORD00019665,M000764,P00268,門市,cancelled,3,TWD,201306.0,700.0,2026-05-13T20:11:07+08:00,2026-06-28,2026-07-01T22:32:24+08:00
ORD00100039,M005953,P00196,web,paid,2,TWD,93494.0,850.0,2026-07-01T08:13:55+08:00,2026-07-20,2026-07-03T23:20:55+08:00
ORD00103154,M003960,P00201,app,paid,4,TWD,414196.0,500.0,2026-07-01T06:08:32+08:00,2026-08-03,2026-07-03T09:47:32+08:00
ORD00097791,M006570,P00179,門市,cancelled,3,TWD,418996.0,50.0,2026-05-16T17:09:06+08:00,2026-06-18,2026-07-01T15:44:28+08:00
ORD00101799,M007016,P00300,web,created,2,JPY,1031257.0,950.0,2026-07-01T12:10:48+08:00,2026-07-24,2026-07-01T20:12:48+08:00
ORD00101016,M001291,P00291,電銷,paid,2,TWD,73488.0,500.0,2026-07-01T22:15:46+08:00,2026-09-09,2026-07-04T15:14:46+08:00
ORD00103112,M000910,P00134,web,paid,1,JPY,454043.0,200.0,2026-07-01T04:46:44+08:00,2026-09-02,2026-07-01T09:11:44+08:00
ORD00100117,M001920,P00074,app,cancelled,1,TWD,144466.0,950.0,2026-07-01T11:06:50+08:00,2026-10-06,2026-07-05T11:19:50+08:00
ORD00102278,M003878,P00247,web,paid,3,TWD,435916.0,750.0,2026-07-01T19:17:10+08:00,2026-10-26,2026-07-03T03:16:10+08:00
ORD00100666,M004420,P00079,web,created,4,TWD,186036.0,750.0,2026-07-01T07:11:13+08:00,2026-09-06,2026-07-02T08:31:13+08:00
ORD00013764,M005814,P00188,web,completed,3,TWD,165598.0,400.0,2026-06-22T19:17:31+08:00,2026-08-27,2026-07-01T11:54:12+08:00
ORD00102237,M007031,P00004,門市,created,2,USD,13813.38,400.0,2026-07-01T04:04:55+08:00,2026-10-27,2026-07-03T15:22:55+08:00
ORD00102437,M000262,P00034,app,paid,4,TWD,106815.0,100.0,2026-07-01T23:12:44+08:00,2026-07-19,2026-07-03T20:27:44+08:00
ORD00100565,M000440,P00298,門市,paid,3,TWD,301282.0,0.0,2026-07-01T01:10:09+08:00,2026-08-09,2026-07-01T16:51:09+08:00
ORD00100758,M002732,P00231,web,created,2,TWD,306774.0,0.0,2026-07-01T10:51:38+08:00,2026-09-26,2026-07-03T10:51:38+08:00
ORD00100427,M007638,P00073,門市,paid,1,JPY,525084.0,100.0,2026-07-01T12:18:49+08:00,2026-10-14,2026-07-03T04:56:49+08:00
ORD00031511,M002592,P00230,電銷,completed,3,TWD,504499.0,150.0,2026-05-08T11:13:11+08:00,2026-05-16,2026-07-01T15:39:47+08:00
ORD00103175,M006817,P00210,門市,paid,1,JPY,889547.0,100.0,2026-07-01T07:52:36+08:00,2026-07-09,2026-07-02T05:13:36+08:00
ORD00103519,M005653,P00152,電銷,paid,1,TWD,41441.0,350.0,2026-07-01T23:36:45+08:00,2026-08-06,2026-07-03T13:34:45+08:00
ORD00100393,M002689,P00201,電銷,paid,3,TWD,415219.0,950.0,2026-07-01T07:19:32+08:00,2026-08-01,2026-07-02T23:26:32+08:00
ORD00103498,M001703,P00047,門市,paid,1,TWD,28569.0,400.0,2026-07-01T19:16:16+08:00,2026-09-23,2026-07-03T08:29:16+08:00
ORD00102367,M003637,P00202,門市,paid,4,TWD,480355.0,500.0,2026-07-01T10:24:03+08:00,2026-10-20,2026-07-01T23:32:21+08:00
ORD00102373,M006974,P00058,門市,created,1,JPY,218308.0,750.0,2026-07-01T07:12:09+08:00,2026-10-26,2026-07-04T00:33:09+08:00
ORD00101932,M005306,P00127,門市,paid,2,TWD,109425.0,50.0,2026-07-01T01:55:26+08:00,2026-09-22,2026-07-02T04:21:26+08:00
ORD00102025,M001883,P00182,app,paid,3,TWD,18410.0,500.0,2026-07-01T01:04:14+08:00,2026-08-15,2026-07-01T04:57:14+08:00
ORD00100072,M003916,P00214,電銷,created,1,USD,4126.76,850.0,2026-07-01T21:31:06+08:00,2026-08-05,2026-07-02T09:00:06+08:00
ORD00103430,M000971,P00163,門市,created,1,TWD,112339.0,400.0,2026-07-01T07:04:28+08:00,2026-08-13,2026-07-03T03:03:28+08:00
ORD00101069,M003468,P00235,門市,paid,1,TWD,75539.0,550.0,2026-07-01T21:08:58+08:00,2026-07-20,2026-07-02T15:59:58+08:00
ORD00100503,M003701,P00073,app,created,4,TWD,458878.0,150.0,2026-07-01T21:53:57+08:00,2026-07-25,2026-07-04T07:54:57+08:00
ORD00101208,M000104,P00258,電銷,paid,3,TWD,487387.0,100.0,2026-07-01T10:35:07+08:00,2026-08-12,2026-07-02T06:37:07+08:00
ORD00100521,M002074,P00011,app,created,3,TWD,554276.0,200.0,2026-07-01T10:42:13+08:00,2026-10-02,2026-07-02T05:26:13+08:00
ORD00102778,M002924,P00172,web,created,3,USD,11289.39,600.0,2026-07-01T10:01:57+08:00,2026-07-24,2026-07-03T05:58:57+08:00
ORD00100130,M002617,P00242,門市,paid,4,TWD,117219.0,200.0,2026-07-01T18:24:41+08:00,2026-07-29,2026-07-02T22:25:41+08:00
ORD00102034,M005456,P00092,門市,created,1,USD,6449.66,500.0,2026-07-01T10:02:32+08:00,2026-07-26,2026-07-02T23:03:32+08:00
ORD00102718,M000259,P00242,門市,paid,2,JPY,302853.0,500.0,2026-07-01T00:09:01+08:00,2026-07-16,2026-07-02T12:10:01+08:00
ORD00103512,M001787,P00051,app,created,1,JPY,914338.0,850.0,2026-07-01T20:28:48+08:00,2026-07-09,2026-07-01T20:41:48+08:00
ORD00101156,M004154,P00056,電銷,paid,3,TWD,235260.0,700.0,2026-07-01T08:10:24+08:00,2026-07-29,2026-07-01T13:53:24+08:00
ORD00103932,M003622,P00157,電銷,paid,1,TWD,88504.0,0.0,2026-07-01T23:18:11+08:00,2026-08-31,2026-07-03T20:52:11+08:00
ORD00062930,M006868,P00047,app,cancelled,2,TWD,56177.0,50.0,2026-05-17T10:31:24+08:00,2026-07-25,2026-07-01T00:30:29+08:00
ORD00100808,M007000,P00192,app,paid,3,TWD,717867.0,0.0,2026-07-01T08:34:19+08:00,2026-09-04,2026-07-03T05:55:19+08:00
ORD00068919,M006850,P00216,app,completed,2,USD,855.34,450.0,2026-05-07T18:55:52+08:00,2026-08-02,2026-07-01T12:23:55+08:00
ORD00101457,M006316,P00257,電銷,created,1,USD,1277.99,400.0,2026-07-01T19:54:17+08:00,2026-08-09,2026-07-03T16:22:17+08:00
ORD00103052,M004782,P00239,電銷,paid,1,TWD,177357.0,900.0,2026-07-01T16:29:28+08:00,2026-08-13,2026-07-04T05:14:28+08:00
ORD00101517,M004750,P00231,電銷,created,1,USD,6052.36,550.0,2026-07-01T02:33:45+08:00,2026-09-16,2026-07-01T05:10:45+08:00
ORD00101247,M004767,P00044,web,paid,3,USD,3945.9,400.0,2026-07-01T21:08:11+08:00,2026-08-28,2026-07-01T22:06:11+08:00
ORD00100593,M003253,P00157,門市,paid,1,USD,2584.49,550.0,2026-07-01T09:54:58+08:00,2026-08-21,2026-07-02T20:26:58+08:00
ORD00103022,M006262,P00062,門市,paid,2,JPY,991120.0,900.0,2026-07-01T09:05:41+08:00,2026-09-28,2026-07-01T16:19:41+08:00
ORD00100816,M002197,P00288,電銷,paid,2,JPY,106477.0,200.0,2026-07-01T15:45:44+08:00,2026-10-20,2026-07-03T04:08:44+08:00
ORD00037592,M005687,P00213,app,cancelled,4,TWD,441435.0,300.0,2026-05-24T17:21:30+08:00,2026-07-11,2026-07-01T20:57:01+08:00
ORD00100146,M001052,P00226,web,created,3,JPY,1283594.0,0.0,2026-07-01T01:05:58+08:00,2026-08-03,2026-07-02T08:19:58+08:00
ORD00100155,M005714,P00295,app,paid,4,TWD,236603.0,700.0,2026-07-01T11:03:07+08:00,2026-08-05,2026-07-02T06:36:07+08:00
ORD00101958,M004935,P00021,web,paid,3,TWD,559235.0,650.0,2026-07-01T10:16:26+08:00,2026-10-15,2026-07-03T10:21:26+08:00
ORD00101409,M002111,P00195,app,paid,4,TWD,260607.0,200.0,2026-07-01T08:53:52+08:00,2026-09-09,2026-07-03T23:01:52+08:00
ORD00101930,M001473,P00119,門市,paid,1,TWD,172983.0,600.0,2026-07-01T20:44:50+08:00,2026-08-24,2026-07-03T15:08:50+08:00
ORD00101335,M002462,P00030,門市,paid,2,TWD,313273.0,500.0,2026-07-01T14:36:16+08:00,2026-10-12,2026-07-01T22:09:16+08:00
ORD00102150,M002593,P00031,門市,paid,4,JPY,2927892.0,700.0,2026-07-01T22:15:54+08:00,2026-07-18,2026-07-03T19:03:54+08:00
ORD00103312,M007453,P00061,電銷,paid,1,TWD,169204.0,950.0,2026-07-01T03:15:08+08:00,2026-09-25,2026-07-03T01:30:08+08:00
ORD00103046,M005945,P00117,app,paid,1,TWD,135453.0,0.0,2026-07-01T23:06:21+08:00,2026-08-31,2026-07-02T01:45:21+08:00
ORD00100998,M006794,P00036,門市,paid,4,TWD,352316.0,400.0,2026-07-01T17:23:33+08:00,2026-10-24,2026-07-03T11:13:33+08:00
ORD00101670,M000676,P00145,門市,paid,4,TWD,360809.0,900.0,2026-07-01T21:09:24+08:00,2026-08-26,2026-07-02T02:05:24+08:00
ORD00102622,M007546,P00076,web,paid,2,TWD,7168.0,550.0,2026-07-01T15:13:50+08:00,2026-10-16,2026-07-02T20:19:50+08:00
ORD00101521,M003108,P00229,門市,paid,1,USD,5145.82,650.0,2026-07-01T13:16:07+08:00,2026-09-25,2026-07-01T17:10:07+08:00
ORD00101900,M001348,P00141,app,paid,3,USD,8421.0,800.0,2026-07-01T04:58:17+08:00,2026-09-06,2026-07-01T21:21:17+08:00
ORD00007137,M001176,P00074,門市,cancelled,3,TWD,504566.0,900.0,2026-06-23T00:42:44+08:00,2026-07-13,2026-07-01T01:04:03+08:00
ORD00101620,M000944,P00004,電銷,created,2,TWD,356172.0,450.0,2026-07-01T17:12:59+08:00,2026-07-11,2026-07-03T20:03:59+08:00
ORD00101152,M002171,P00077,電銷,created,4,TWD,975967.0,650.0,2026-07-01T02:34:37+08:00,2026-08-03,2026-07-03T13:09:37+08:00
ORD00100017,M004039,P00193,app,created,3,JPY,2367994.0,50.0,2026-07-01T14:04:30+08:00,2026-10-17,2026-07-01T19:39:30+08:00
ORD00103148,M006239,P00170,電銷,paid,2,TWD,118010.0,850.0,2026-07-01T22:39:56+08:00,2026-10-23,2026-07-03T08:54:56+08:00
ORD00101647,M000190,P00293,門市,paid,2,TWD,153597.0,150.0,2026-07-01T18:10:04+08:00,2026-09-27,2026-07-02T19:28:04+08:00
ORD00101533,M000226,P00295,電銷,paid,3,JPY,685769.0,900.0,2026-07-01T05:12:12+08:00,2026-10-12,2026-07-01T17:23:12+08:00
ORD00084148,M001249,P00003,電銷,completed,1,TWD,106077.0,0.0,2026-05-12T14:48:44+08:00,2026-08-24,2026-07-01T01:52:17+08:00
ORD00101679,M001850,P00029,app,paid,2,USD,7114.26,150.0,2026-07-01T15:53:14+08:00,2026-07-20,2026-07-01T18:53:14+08:00
ORD00100361,M005571,P00128,門市,created,2,TWD,351116.0,350.0,2026-07-01T11:00:10+08:00,2026-09-01,2026-07-04T01:45:10+08:00
ORD00101717,M000202,P00029,門市,created,1,USD,3237.39,750.0,2026-07-01T02:40:23+08:00,2026-09-25,2026-07-03T13:42:23+08:00
ORD00011464,M002203,P00101,電銷,cancelled,3,USD,5806.39,800.0,2026-05-09T05:40:17+08:00,2026-08-23,2026-07-01T22:52:07+08:00
ORD00101442,M004831,P00225,門市,created,1,TWD,49876.0,350.0,2026-07-01T18:47:29+08:00,2026-07-16,2026-07-03T18:15:29+08:00
ORD00101139,M000318,P00246,門市,created,3,TWD,505656.0,50.0,2026-07-01T02:58:25+08:00,2026-09-08,2026-07-01T07:33:25+08:00
ORD00100630,M004372,P00135,web,paid,1,USD,314.59,550.0,2026-07-01T00:33:42+08:00,2026-08-31,2026-07-03T11:27:42+08:00
ORD00102719,M000246,P00010,web,paid,4,TWD,473461.0,950.0,2026-07-01T07:57:35+08:00,2026-09-02,2026-07-03T22:47:35+08:00
ORD00103583,M004574,P00091,電銷,paid,3,TWD,325068.0,100.0,2026-07-01T11:39:35+08:00,2026-07-23,2026-07-02T11:14:35+08:00
ORD00100774,M006197,P00241,電銷,paid,1,TWD,198629.0,500.0,2026-07-01T02:08:11+08:00,2026-10-26,2026-07-02T19:15:11+08:00
ORD00103375,M006355,P00156,app,created,1,TWD,197233.0,200.0,2026-07-01T08:36:41+08:00,2026-09-21,2026-07-02T20:18:41+08:00
ORD00100093,M002643,P00066,門市,paid,2,USD,11654.8,0.0,2026-07-01T12:12:41+08:00,2026-07-17,2026-07-03T20:52:41+08:00
ORD00101892,M004712,P00232,電銷,paid,1,TWD,180684.0,850.0,2026-07-01T01:41:08+08:00,2026-08-29,2026-07-03T13:06:08+08:00
ORD00101747,M001883,P00167,電銷,paid,1,TWD,147618.0,350.0,2026-07-01T20:21:15+08:00,2026-10-01,2026-07-02T22:55:15+08:00
ORD00053916,M002660,P00235,門市,completed,3,TWD,199601.0,50.0,2026-06-09T14:10:20+08:00,2026-06-27,2026-07-01T04:55:16+08:00
ORD00013949,M006005,P00048,web,completed,1,TWD,95320.0,350.0,2026-06-19T20:15:47+08:00,2026-08-02,2026-07-01T01:41:16+08:00
ORD00103210,M007178,P00083,門市,paid,3,USD,16628.19,650.0,2026-07-01T23:37:35+08:00,2026-09-06,2026-07-03T14:16:35+08:00
ORD00100706,M002431,P00207,web,paid,2,TWD,162360.0,500.0,2026-07-01T16:08:56+08:00,2026-08-27,2026-07-04T02:29:56+08:00
ORD00103004,M006115,P00299,門市,paid,2,JPY,238613.0,500.0,2026-07-01T11:11:30+08:00,2026-10-11,2026-07-02T03:38:30+08:00
ORD00101708,M005166,P00146,電銷,created,2,TWD,40967.0,0.0,2026-07-01T08:47:52+08:00,2026-08-12,2026-07-03T17:35:52+08:00
ORD00101110,M007295,P00058,app,created,1,TWD,34480.0,700.0,2026-07-01T21:48:30+08:00,2026-08-08,2026-07-03T15:18:30+08:00
ORD00103772,M002729,P00069,門市,created,1,TWD,189235.0,500.0,2026-07-01T17:26:14+08:00,2026-07-30,2026-07-03T22:59:14+08:00
ORD00037045,M000734,P00266,電銷,cancelled,3,USD,1458.05,800.0,2026-06-21T06:10:39+08:00,2026-08-25,2026-07-01T12:34:32+08:00
ORD00102290,M000313,P00157,電銷,created,4,TWD,340138.0,150.0,2026-07-01T06:05:31+08:00,2026-07-29,2026-07-03T13:17:31+08:00
ORD00101160,M007505,P00057,web,paid,1,TWD,97233.0,300.0,2026-07-01T18:12:50+08:00,2026-09-06,2026-07-03T06:45:50+08:00
ORD00102590,M007209,P00029,電銷,paid,2,JPY,951617.0,450.0,2026-07-01T19:53:17+08:00,2026-10-03,2026-07-02T18:45:17+08:00
ORD00101027,M007768,P00067,web,created,2,TWD,248651.0,250.0,2026-07-01T02:21:05+08:00,2026-09-13,2026-07-02T23:43:05+08:00
ORD00100992,M003916,P00189,web,paid,3,TWD,348142.0,800.0,2026-07-01T11:57:14+08:00,2026-09-24,2026-07-02T19:25:14+08:00
ORD00101928,M001166,P00099,電銷,paid,3,TWD,365328.0,900.0,2026-07-01T00:06:51+08:00,2026-09-30,2026-07-02T09:28:51+08:00
ORD00103934,M005445,P00142,電銷,created,4,USD,21371.33,700.0,2026-07-01T19:50:41+08:00,2026-07-24,2026-07-03T23:34:41+08:00
ORD00100051,M001150,P00082,門市,paid,1,TWD,228408.0,350.0,2026-07-01T21:19:06+08:00,2026-08-18,2026-07-02T04:56:06+08:00
ORD00103212,M005698,P00093,門市,created,4,TWD,457023.0,700.0,2026-07-01T14:56:07+08:00,2026-07-08,2026-07-01T22:30:07+08:00
ORD00101541,M006068,P00038,門市,created,1,TWD,17762.0,0.0,2026-07-01T03:41:39+08:00,2026-10-06,2026-07-02T01:07:39+08:00
ORD00102704,M004130,P00265,門市,paid,4,JPY,3410428.0,550.0,2026-07-01T06:32:43+08:00,2026-10-18,2026-07-03T03:44:43+08:00
ORD00101179,M005284,P00137,門市,paid,1,TWD,149240.0,800.0,2026-07-01T09:14:32+08:00,2026-09-20,2026-07-03T21:08:32+08:00
ORD00100514,M002746,P00248,app,created,4,JPY,358942.0,400.0,2026-07-01T10:17:41+08:00,2026-08-09,2026-07-01T14:12:41+08:00
ORD00101778,M006557,P00101,電銷,paid,1,TWD,65087.0,850.0,2026-07-01T11:45:23+08:00,2026-10-04,2026-07-01T14:16:23+08:00
ORD00101812,M002808,P00036,門市,paid,1,TWD,62637.0,250.0,2026-07-01T17:33:15+08:00,2026-08-04,2026-07-03T04:19:15+08:00
ORD00102050,M002561,P00076,app,paid,4,JPY,66898.0,800.0,2026-07-01T06:17:36+08:00,2026-07-26,2026-07-02T16:08:36+08:00
ORD00093456,M002405,P00096,web,cancelled,4,TWD,24815.0,850.0,2026-06-18T05:30:09+08:00,2026-08-11,2026-07-01T21:23:05+08:00
ORD00100136,M003045,P00291,app,paid,4,TWD,108223.0,650.0,2026-07-01T20:40:01+08:00,2026-07-24,2026-07-02T16:18:01+08:00
ORD00102640,M007850,P00133,app,paid,4,TWD,17634.0,100.0,2026-07-01T12:37:01+08:00,2026-10-17,2026-07-01T20:35:01+08:00
ORD00072846,M001347,P00294,app,completed,3,USD,13206.22,750.0,2026-06-29T14:03:00+08:00,2026-08-21,2026-07-01T12:36:59+08:00
ORD00100087,M002203,P00163,app,created,3,TWD,336325.0,400.0,2026-07-01T05:17:38+08:00,2026-07-19,2026-07-02T20:15:38+08:00
ORD00102441,M006897,P00129,門市,paid,2,JPY,1442969.0,350.0,2026-07-01T22:25:18+08:00,2026-09-26,2026-07-03T16:26:18+08:00
ORD00100975,M004175,P00163,門市,paid,2,TWD,183042.0,0.0,2026-07-01T10:42:21+08:00,2026-09-24,2026-07-03T08:28:21+08:00
ORD00101807,M003604,P00041,電銷,created,3,USD,647.78,100.0,2026-07-01T22:08:15+08:00,2026-09-18,2026-07-02T00:29:15+08:00
ORD00103545,M005476,P00128,門市,paid,3,TWD,566613.0,50.0,2026-07-01T14:19:05+08:00,2026-09-28,2026-07-03T02:48:05+08:00
ORD00092286,M001554,P00257,門市,completed,3,TWD,128821.0,950.0,2026-06-18T21:58:10+08:00,2026-08-05,2026-07-01T15:05:46+08:00
ORD00100979,M004535,P00152,app,paid,2,TWD,94681.0,150.0,2026-07-01T11:35:05+08:00,2026-09-30,2026-07-02T15:20:05+08:00
ORD00100430,M003488,P00244,app,created,4,TWD,170333.0,200.0,2026-07-01T00:03:15+08:00,2026-08-16,2026-07-03T01:34:15+08:00
ORD00102852,M004220,P00187,門市,created,1,USD,963.98,550.0,2026-07-01T15:17:26+08:00,2026-07-20,2026-07-04T08:14:26+08:00
ORD00103186,M004056,P00208,web,created,4,TWD,629027.0,750.0,2026-07-01T03:12:12+08:00,2026-07-26,2026-07-03T18:19:12+08:00
ORD00103427,M007378,P00183,門市,created,2,TWD,313150.0,600.0,2026-07-01T18:41:04+08:00,2026-09-27,2026-07-04T05:07:04+08:00
ORD00101259,M007431,P00067,門市,paid,3,USD,11880.62,800.0,2026-07-01T17:55:53+08:00,2026-07-28,2026-07-03T17:31:53+08:00
ORD00101079,M004352,P00022,web,paid,1,TWD,32512.0,850.0,2026-07-01T05:20:19+08:00,2026-08-03,2026-07-02T09:08:19+08:00
ORD00103673,M005113,P00212,電銷,paid,4,TWD,127129.0,400.0,2026-07-01T15:08:30+08:00,2026-10-27,2026-07-03T18:35:30+08:00
ORD00102508,M007771,P00226,app,paid,1,TWD,94466.0,600.0,2026-07-01T18:02:03+08:00,2026-10-02,2026-07-04T10:32:03+08:00
ORD00100703,M004528,P00020,門市,created,1,USD,1684.51,300.0,2026-07-01T22:22:18+08:00,2026-08-11,2026-07-03T09:51:18+08:00
ORD00102178,M004999,P00088,web,paid,1,JPY,340913.0,850.0,2026-07-01T19:58:43+08:00,2026-10-11,2026-07-02T02:46:43+08:00
ORD00103073,M007184,P00060,web,created,3,TWD,385636.0,300.0,2026-07-01T23:48:41+08:00,2026-09-02,2026-07-04T05:29:41+08:00
ORD00103898,M002404,P00137,門市,created,1,TWD,109941.0,500.0,2026-07-01T18:41:02+08:00,2026-08-25,2026-07-04T00:18:02+08:00
ORD00100597,M007581,P00239,門市,paid,4,JPY,2443742.0,250.0,2026-07-01T06:44:33+08:00,2026-08-24,2026-07-01T12:32:33+08:00
ORD00100899,M005745,P00271,web,paid,4,TWD,84333.0,450.0,2026-07-01T19:49:55+08:00,2026-09-17,2026-07-02T10:03:55+08:00
ORD00103499,M002452,P00194,app,created,3,TWD,189496.0,0.0,2026-07-01T14:15:57+08:00,2026-07-14,2026-07-02T11:58:57+08:00
ORD00064134,M002993,P00293,web,cancelled,3,TWD,183052.0,350.0,2026-05-11T00:04:50+08:00,2026-06-21,2026-07-01T16:32:34+08:00
ORD00100525,M005485,P00224,電銷,created,1,TWD,107859.0,300.0,2026-07-01T11:36:21+08:00,2026-07-26,2026-07-02T10:26:21+08:00
ORD00013048,M007252,P00063,web,completed,1,TWD,182458.0,400.0,2026-05-31T04:40:40+08:00,2026-09-03,2026-07-01T06:13:57+08:00
ORD00103484,M006783,P00087,app,created,1,TWD,168995.0,0.0,2026-07-01T04:52:32+08:00,2026-09-27,2026-07-01T11:00:32+08:00
ORD00103058,M004306,P00163,app,created,3,TWD,334476.0,900.0,2026-07-01T06:03:24+08:00,2026-08-01,2026-07-03T20:52:24+08:00
ORD00102381,M005001,P00218,web,paid,3,TWD,88066.0,200.0,2026-07-01T19:56:35+08:00,2026-09-19,2026-07-04T06:12:35+08:00
ORD00103467,M004266,P00047,app,created,4,JPY,486440.0,50.0,2026-07-01T16:54:45+08:00,2026-09-07,2026-07-04T06:32:45+08:00
ORD00101399,M000559,P00241,web,paid,4,JPY,3157945.0,400.0,2026-07-01T22:56:10+08:00,2026-07-31,2026-07-01T23:49:10+08:00
ORD00103580,M003177,P00129,app,paid,1,TWD,155725.0,150.0,2026-07-01T17:01:39+08:00,2026-08-02,2026-07-02T03:09:39+08:00
ORD00103827,M000677,P00230,web,paid,4,TWD,809594.0,700.0,2026-07-01T08:44:46+08:00,2026-09-02,2026-07-01T15:24:46+08:00
ORD00103609,M001996,P00142,電銷,created,1,TWD,202019.0,100.0,2026-07-01T07:17:02+08:00,2026-07-18,2026-07-03T08:45:02+08:00
ORD00103534,M004839,P00081,app,created,3,TWD,386435.0,400.0,2026-07-01T12:07:17+08:00,2026-08-06,2026-07-01T22:46:17+08:00
ORD00100341,M005642,P00226,門市,paid,1,JPY,433011.0,200.0,2026-07-01T17:12:01+08:00,2026-10-22,2026-07-04T09:27:01+08:00
ORD00101196,M002860,P00149,門市,paid,2,USD,10539.62,800.0,2026-07-01T17:27:05+08:00,2026-08-03,2026-07-03T15:37:05+08:00
ORD00103626,M007982,P00045,app,paid,4,TWD,32445.0,950.0,2026-07-01T15:25:44+08:00,2026-10-01,2026-07-02T10:45:44+08:00
ORD00009081,M002266,P00195,電銷,completed,3,TWD,211389.0,750.0,2026-05-17T18:50:03+08:00,2026-08-01,2026-07-01T03:45:07+08:00
ORD00103157,M003331,P00111,門市,paid,4,TWD,304290.0,700.0,2026-07-01T23:35:52+08:00,2026-09-24,2026-07-02T05:08:52+08:00
ORD00076383,M007492,P00222,web,cancelled,4,TWD,143348.0,0.0,2026-06-15T09:58:21+08:00,2026-07-04,2026-07-01T21:19:10+08:00
ORD00100847,M006734,P00204,電銷,paid,2,TWD,389655.0,550.0,2026-07-01T05:39:28+08:00,2026-08-13,2026-07-02T14:34:28+08:00
ORD00101755,M003884,P00195,門市,created,4,TWD,244761.0,50.0,2026-07-01T23:25:07+08:00,2026-09-17,2026-07-04T17:08:07+08:00
ORD00103959,M003443,P00063,門市,paid,4,TWD,813740.0,800.0,2026-07-01T06:33:17+08:00,2026-09-28,2026-07-03T21:05:17+08:00
ORD00103887,M007490,P00102,web,created,2,TWD,59828.0,900.0,2026-07-01T23:41:04+08:00,2026-08-23,2026-07-02T12:01:04+08:00
ORD00101154,M004552,P00071,電銷,paid,4,TWD,201902.0,600.0,2026-07-01T16:08:03+08:00,2026-09-09,2026-07-03T04:12:03+08:00
ORD00103121,M001284,P00037,app,created,2,TWD,224707.0,400.0,2026-07-01T00:34:51+08:00,2026-10-24,2026-07-02T10:16:51+08:00
ORD00100223,M000143,P00080,web,paid,3,TWD,518917.0,100.0,2026-07-01T12:00:47+08:00,2026-08-27,2026-07-04T03:38:47+08:00
ORD00103489,M001775,P00225,app,paid,3,TWD,147516.0,750.0,2026-07-01T18:14:20+08:00,2026-07-08,2026-07-03T03:43:20+08:00
ORD00100760,M006582,P00208,門市,paid,2,JPY,2014192.0,50.0,2026-07-01T22:01:01+08:00,2026-10-07,2026-07-03T02:44:01+08:00
ORD00101313,M002722,P00049,電銷,paid,2,USD,1186.16,450.0,2026-07-01T17:28:56+08:00,2026-07-18,2026-07-03T09:52:56+08:00
ORD00101534,M000189,P00086,電銷,paid,2,TWD,32789.0,100.0,2026-07-01T13:08:25+08:00,2026-09-26,2026-07-02T19:20:25+08:00
ORD00101639,M004869,P00058,web,created,1,TWD,43484.0,350.0,2026-07-01T10:32:04+08:00,2026-08-31,2026-07-03T16:22:04+08:00
ORD00103679,M006594,P00046,電銷,created,4,TWD,249632.0,900.0,2026-07-01T19:15:13+08:00,2026-10-18,2026-07-04T03:57:13+08:00
ORD00103281,M005781,P00106,電銷,paid,3,JPY,714609.0,50.0,2026-07-01T04:27:01+08:00,2026-08-05,2026-07-01T11:00:01+08:00
ORD00101833,M004533,P00243,web,paid,1,TWD,172251.0,800.0,2026-07-01T21:45:45+08:00,2026-09-13,2026-07-03T13:04:45+08:00
ORD00103265,M007124,P00038,門市,paid,1,JPY,96863.0,900.0,2026-07-01T00:39:02+08:00,2026-07-14,2026-07-01T19:41:02+08:00
ORD00101572,M005343,P00147,門市,created,1,TWD,183225.0,700.0,2026-07-01T05:08:20+08:00,2026-10-15,2026-07-02T06:42:20+08:00
ORD00103912,M001856,P00027,web,paid,3,TWD,335769.0,300.0,2026-07-01T17:00:56+08:00,2026-09-04,2026-07-02T08:22:56+08:00
ORD00103036,M002560,P00169,app,paid,2,USD,2653.24,900.0,2026-07-01T15:28:39+08:00,2026-09-28,2026-07-03T12:13:39+08:00
ORD00102376,M004760,P00099,web,paid,4,TWD,551548.0,450.0,2026-07-01T11:12:25+08:00,2026-10-14,2026-07-02T16:45:25+08:00
ORD00102407,M000789,P00068,門市,paid,2,TWD,181858.0,150.0,2026-07-01T08:25:31+08:00,2026-08-02,2026-07-02T10:32:31+08:00
ORD00103554,M001484,P00206,電銷,created,1,TWD,197016.0,500.0,2026-07-01T21:23:41+08:00,2026-10-21,2026-07-03T01:03:41+08:00
ORD00100031,M000824,P00007,門市,created,3,TWD,167858.0,800.0,2026-07-01T22:44:12+08:00,2026-08-14,2026-07-04T07:50:12+08:00
ORD00101490,M000436,P00271,門市,paid,2,TWD,53091.0,250.0,2026-07-01T15:18:52+08:00,2026-10-22,2026-07-03T03:58:52+08:00
ORD00102560,M000897,P00009,web,paid,3,TWD,198813.0,250.0,2026-07-01T05:18:27+08:00,2026-08-16,2026-07-02T08:47:27+08:00
ORD00100551,M007507,P00005,app,paid,1,JPY,408790.0,800.0,2026-07-01T12:44:08+08:00,2026-08-13,2026-07-02T17:29:08+08:00
ORD00100147,M003846,P00095,門市,paid,1,TWD,196646.0,750.0,2026-07-01T04:06:35+08:00,2026-08-04,2026-07-02T15:26:35+08:00
ORD00101089,M001350,P00006,電銷,created,3,TWD,446174.0,150.0,2026-07-01T18:10:27+08:00,2026-07-11,2026-07-03T17:32:27+08:00
ORD00101542,M005320,P00263,app,paid,3,JPY,1372089.0,600.0,2026-07-01T05:35:55+08:00,2026-07-28,2026-07-03T11:51:55+08:00
ORD00100800,M006511,P00105,門市,paid,2,TWD,149473.0,150.0,2026-07-01T18:42:21+08:00,2026-08-18,2026-07-02T18:20:21+08:00
ORD00101043,M003240,P00214,電銷,paid,4,TWD,458457.0,500.0,2026-07-01T04:26:02+08:00,2026-09-29,2026-07-03T11:20:02+08:00
ORD00103422,M000017,P00010,app,paid,4,TWD,512317.0,350.0,2026-07-01T20:47:49+08:00,2026-10-22,2026-07-02T17:30:49+08:00
ORD00101827,M007044,P00194,app,created,4,TWD,311579.0,500.0,2026-07-01T09:32:11+08:00,2026-08-29,2026-07-03T01:39:11+08:00
ORD00102553,M005387,P00066,web,created,4,USD,20307.41,50.0,2026-07-01T07:10:36+08:00,2026-09-14,2026-07-01T09:56:36+08:00
ORD00047487,M003684,P00014,web,completed,3,TWD,365891.0,0.0,2026-06-16T10:34:26+08:00,2026-09-04,2026-07-01T12:51:21+08:00
ORD00100264,M003617,P00300,電銷,created,4,TWD,350121.0,100.0,2026-07-01T18:47:59+08:00,2026-08-31,2026-07-02T19:40:59+08:00
ORD00103730,M003353,P00232,電銷,paid,1,USD,5591.07,850.0,2026-07-01T02:31:05+08:00,2026-10-17,2026-07-02T02:12:05+08:00
ORD00103735,M000129,P00084,web,paid,2,TWD,89111.0,500.0,2026-07-01T03:03:31+08:00,2026-09-18,2026-07-01T06:44:31+08:00
ORD00103671,M000876,P00039,web,created,4,TWD,769768.0,150.0,2026-07-01T13:25:23+08:00,2026-10-21,2026-07-04T05:15:23+08:00
ORD00099547,M003139,P00020,web,completed,4,TWD,210394.0,900.0,2026-05-19T16:51:39+08:00,2026-05-28,2026-07-01T23:30:47+08:00
ORD00102266,M001361,P00053,web,created,3,JPY,1312432.0,0.0,2026-07-01T07:59:53+08:00,2026-08-12,2026-07-03T04:11:53+08:00
ORD00100198,M006850,P00223,web,paid,3,TWD,558317.0,150.0,2026-07-01T22:26:34+08:00,2026-09-21,2026-07-02T13:49:34+08:00
ORD00103335,M001081,P00248,app,paid,2,TWD,49485.0,550.0,2026-07-01T10:11:34+08:00,2026-08-23,2026-07-03T11:28:34+08:00
ORD00100413,M003257,P00166,電銷,paid,2,USD,10288.61,750.0,2026-07-01T10:29:30+08:00,2026-10-09,2026-07-03T10:43:30+08:00
ORD00102567,M002789,P00034,app,paid,3,USD,1932.2,200.0,2026-07-01T05:19:29+08:00,2026-10-03,2026-07-01T05:59:29+08:00
ORD00103952,M005948,P00082,門市,created,1,TWD,183535.0,150.0,2026-07-01T23:38:04+08:00,2026-10-15,2026-07-03T01:28:04+08:00
ORD00102682,M006512,P00187,門市,paid,1,TWD,28518.0,650.0,2026-07-01T15:14:34+08:00,2026-08-26,2026-07-03T18:35:34+08:00
ORD00103595,M007081,P00030,web,paid,2,USD,8300.51,200.0,2026-07-01T16:13:10+08:00,2026-08-26,2026-07-01T22:35:10+08:00
ORD00045404,M000232,P00131,web,completed,4,TWD,676286.0,200.0,2026-05-26T17:06:39+08:00,2026-08-02,2026-07-01T02:49:27+08:00
ORD00102093,M000685,P00257,web,paid,4,TWD,172843.0,700.0,2026-07-01T02:18:48+08:00,2026-08-15,2026-07-03T18:22:48+08:00
ORD00049282,M005527,P00215,門市,cancelled,4,TWD,178000.0,950.0,2026-06-11T22:19:18+08:00,2026-07-23,2026-07-01T01:55:48+08:00
ORD00101174,M003698,P00007,門市,created,2,USD,3473.12,900.0,2026-07-01T08:55:44+08:00,2026-10-09,2026-07-02T14:51:44+08:00
ORD00100438,M002826,P00269,web,created,3,JPY,844376.0,700.0,2026-07-01T14:25:31+08:00,2026-08-10,2026-07-03T07:18:31+08:00
ORD00100675,M003338,P00265,app,created,1,USD,5199.62,950.0,2026-07-01T14:32:00+08:00,2026-10-10,2026-07-02T09:41:00+08:00
ORD00103151,M002656,P00275,web,created,3,USD,8001.51,750.0,2026-07-01T10:15:13+08:00,2026-08-26,2026-07-03T17:01:13+08:00
ORD00100699,M002833,P00016,門市,created,4,TWD,384573.0,50.0,2026-07-01T06:51:17+08:00,2026-07-15,2026-07-03T11:37:17+08:00
ORD00103844,M000374,P00160,門市,created,2,TWD,26820.0,100.0,2026-07-01T14:17:17+08:00,2026-07-31,2026-07-01T21:54:17+08:00
ORD00102870,M000329,P00262,電銷,paid,3,USD,22458.33,250.0,2026-07-01T18:33:02+08:00,2026-09-27,2026-07-04T06:39:02+08:00
ORD00102761,M007532,P00250,電銷,created,4,TWD,294200.0,750.0,2026-07-01T20:43:56+08:00,2026-09-11,2026-07-04T10:59:56+08:00
ORD00057107,M000110,P00123,app,cancelled,1,USD,2506.79,900.0,2026-06-30T18:48:56+08:00,2026-09-27,2026-07-01T07:31:24+08:00
ORD00100762,M003797,P00012,app,paid,4,USD,12903.85,550.0,2026-07-01T11:13:07+08:00,2026-10-07,2026-07-02T10:43:07+08:00
ORD00101431,M001551,P00129,門市,paid,4,USD,17211.16,400.0,2026-07-01T06:26:39+08:00,2026-07-22,2026-07-03T14:47:39+08:00
ORD00078119,M007659,P00168,app,completed,4,TWD,470242.0,300.0,2026-06-26T05:16:58+08:00,2026-10-19,2026-07-01T15:41:10+08:00
ORD00100759,M007443,P00068,app,paid,3,TWD,247608.0,300.0,2026-07-01T14:38:53+08:00,2026-09-13,2026-07-03T22:56:53+08:00
ORD00102592,M003334,P00159,app,created,2,TWD,95784.0,50.0,2026-07-01T23:52:47+08:00,2026-09-02,2026-07-02T14:01:47+08:00
ORD00103838,M001548,P00093,app,paid,2,USD,8617.79,200.0,2026-07-01T12:02:40+08:00,2026-10-26,2026-07-03T23:22:40+08:00
ORD00102460,M003497,P00014,門市,paid,1,USD,3493.53,950.0,2026-07-01T13:14:16+08:00,2026-10-12,2026-07-03T23:45:16+08:00
ORD00101701,M003217,P00156,電銷,paid,2,TWD,320618.0,150.0,2026-07-01T02:52:39+08:00,2026-10-17,2026-07-01T12:36:39+08:00
ORD00102228,M001997,P00162,電銷,paid,2,TWD,13215.0,650.0,2026-07-01T03:18:13+08:00,2026-07-19,2026-07-02T07:05:13+08:00
ORD00097112,M002775,P00124,web,cancelled,3,TWD,97379.0,750.0,2026-05-26T04:56:25+08:00,2026-08-04,2026-07-01T16:22:19+08:00
ORD00096094,M001784,P00136,web,completed,2,TWD,32632.0,0.0,2026-05-09T01:19:47+08:00,2026-07-27,2026-07-01T00:20:53+08:00
ORD00101659,M006918,P00114,門市,paid,3,USD,9323.86,300.0,2026-07-01T01:55:42+08:00,2026-07-22,2026-07-02T19:57:42+08:00
ORD00101249,M005154,P00046,電銷,paid,1,TWD,55306.0,700.0,2026-07-01T15:36:11+08:00,2026-07-09,2026-07-03T12:57:11+08:00
ORD00102732,M001927,P00014,電銷,paid,1,TWD,101266.0,400.0,2026-07-01T00:12:12+08:00,2026-07-15,2026-07-01T05:30:12+08:00
ORD00103293,M007461,P00208,web,paid,3,TWD,591541.0,650.0,2026-07-01T14:33:57+08:00,2026-09-11,2026-07-01T20:50:57+08:00
ORD00100512,M002349,P00247,app,paid,4,TWD,634653.0,600.0,2026-07-01T18:06:04+08:00,2026-08-29,2026-07-02T11:30:04+08:00
ORD00100373,M006879,P00287,電銷,paid,2,TWD,239606.0,950.0,2026-07-01T23:33:48+08:00,2026-09-11,2026-07-02T15:57:48+08:00
ORD00102533,M007056,P00265,app,created,4,TWD,549355.0,250.0,2026-07-01T02:04:26+08:00,2026-10-08,2026-07-02T19:34:26+08:00
ORD00102515,M002616,P00117,web,paid,3,TWD,410540.0,350.0,2026-07-01T10:40:06+08:00,2026-09-20,2026-07-03T19:28:06+08:00
ORD00100463,M000488,P00234,門市,created,3,USD,791.93,400.0,2026-07-01T10:11:29+08:00,2026-08-23,2026-07-03T14:53:29+08:00
ORD00101675,M002715,P00048,門市,paid,1,TWD,83242.0,250.0,2026-07-01T13:55:27+08:00,2026-10-04,2026-07-03T02:17:27+08:00
ORD00103144,M005436,P00135,門市,created,2,USD,530.65,950.0,2026-07-01T15:19:53+08:00,2026-08-26,2026-07-02T03:07:53+08:00
ORD00102755,M002549,P00208,app,created,2,TWD,330121.0,650.0,2026-07-01T22:24:39+08:00,2026-08-17,2026-07-02T20:52:39+08:00
ORD00102445,M001797,P00169,app,paid,2,TWD,70901.0,0.0,2026-07-01T15:15:30+08:00,2026-08-21,2026-07-02T08:40:30+08:00
ORD00103956,M001949,P00022,app,paid,2,TWD,65268.0,150.0,2026-07-01T03:18:23+08:00,2026-09-17,2026-07-03T10:06:23+08:00
ORD00101947,M001400,P00040,門市,created,4,TWD,252716.0,100.0,2026-07-01T23:25:48+08:00,2026-09-22,2026-07-04T05:43:48+08:00
ORD00100129,M003744,P00004,web,paid,2,TWD,332742.0,750.0,2026-07-01T10:54:12+08:00,2026-10-22,2026-07-02T00:54:12+08:00
ORD00100262,M003151,P00108,電銷,paid,1,TWD,89359.0,900.0,2026-07-01T13:48:56+08:00,2026-10-23,2026-07-01T18:06:56+08:00
ORD00101965,M000998,P00013,門市,paid,4,TWD,623946.0,150.0,2026-07-01T07:47:54+08:00,2026-08-25,2026-07-01T21:19:54+08:00
ORD00084428,M007607,P00112,app,cancelled,2,TWD,19556.0,750.0,2026-05-31T05:29:31+08:00,2026-07-29,2026-07-01T14:51:05+08:00
ORD00103128,M003539,P00227,電銷,paid,2,TWD,274575.0,200.0,2026-07-01T09:27:13+08:00,2026-10-21,2026-07-04T03:05:13+08:00
ORD00101666,M007563,P00016,門市,paid,1,TWD,97983.0,800.0,2026-07-01T21:21:03+08:00,2026-10-14,2026-07-04T11:03:03+08:00
ORD00100428,M000223,P00046,門市,paid,1,JPY,336387.0,250.0,2026-07-01T22:02:27+08:00,2026-10-14,2026-07-02T04:38:27+08:00
ORD00072464,M006023,P00153,門市,completed,3,TWD,294541.0,0.0,2026-06-14T07:16:24+08:00,2026-07-13,2026-07-01T01:41:09+08:00
ORD00100233,M000896,P00146,app,created,1,TWD,19319.0,900.0,2026-07-01T01:34:35+08:00,2026-07-26,2026-07-02T22:55:35+08:00
ORD00057035,M005474,P00091,門市,cancelled,1,JPY,439165.0,450.0,2026-06-11T00:19:31+08:00,2026-09-25,2026-07-01T03:23:41+08:00
ORD00102114,M006614,P00028,門市,paid,4,JPY,2287404.0,250.0,2026-07-01T11:28:12+08:00,2026-07-10,2026-07-01T13:21:12+08:00
ORD00101023,M006055,P00275,web,paid,3,TWD,224284.0,750.0,2026-07-01T06:33:00+08:00,2026-09-11,2026-07-02T11:41:00+08:00
ORD00103280,M000863,P00119,app,paid,4,TWD,764778.0,500.0,2026-07-01T04:10:28+08:00,2026-09-15,2026-07-02T10:49:28+08:00
ORD00101601,M000247,P00186,web,paid,3,TWD,381385.0,700.0,2026-07-01T17:39:47+08:00,2026-09-08,2026-07-03T04:13:47+08:00
ORD00103388,M005192,P00211,門市,paid,1,TWD,102995.0,800.0,2026-07-01T08:02:45+08:00,2026-08-27,2026-07-02T07:22:45+08:00
ORD00103400,M004289,P00029,app,paid,2,USD,7896.76,850.0,2026-07-01T12:55:56+08:00,2026-09-18,2026-07-02T05:29:56+08:00
ORD00100544,M005412,P00172,app,paid,4,JPY,2417971.0,450.0,2026-07-01T11:23:28+08:00,2026-10-09,2026-07-03T15:03:28+08:00
ORD00103074,M001886,P00117,電銷,paid,3,TWD,430844.0,850.0,2026-07-01T08:33:42+08:00,2026-08-31,2026-07-02T03:48:42+08:00
ORD00103807,M004363,P00002,門市,paid,3,TWD,243745.0,500.0,2026-07-01T20:52:44+08:00,2026-10-14,2026-07-02T02:26:44+08:00
ORD00102322,M007867,P00041,app,paid,3,TWD,23168.0,850.0,2026-07-01T15:37:56+08:00,2026-08-28,2026-07-03T09:16:56+08:00
ORD00101644,M007476,P00140,門市,created,1,TWD,50954.0,650.0,2026-07-01T09:14:26+08:00,2026-08-18,2026-07-02T06:34:26+08:00
ORD00052594,M002772,P00167,app,completed,4,TWD,628584.0,550.0,2026-05-30T00:32:26+08:00,2026-09-04,2026-07-01T22:52:00+08:00
ORD00101683,M007383,P00171,web,created,2,TWD,183081.0,300.0,2026-07-01T09:14:59+08:00,2026-08-12,2026-07-03T13:58:59+08:00
ORD00103282,M000681,P00022,電銷,created,4,USD,4834.93,500.0,2026-07-01T13:10:01+08:00,2026-08-16,2026-07-02T08:17:01+08:00
ORD00100585,M006369,P00181,門市,paid,1,JPY,93706.0,350.0,2026-07-01T17:57:04+08:00,2026-10-06,2026-07-02T14:55:04+08:00
ORD00102916,M006635,P00138,電銷,paid,2,TWD,168157.0,900.0,2026-07-01T23:44:00+08:00,2026-07-16,2026-07-03T07:18:00+08:00
ORD00103204,M001587,P00132,門市,created,1,JPY,275463.0,100.0,2026-07-01T11:53:04+08:00,2026-10-17,2026-07-03T22:34:04+08:00
ORD00100256,M003080,P00049,電銷,created,1,TWD,22221.0,650.0,2026-07-01T08:20:06+08:00,2026-09-02,2026-07-03T15:54:06+08:00
ORD00102865,M007941,P00048,電銷,created,3,TWD,319883.0,400.0,2026-07-01T00:01:16+08:00,2026-10-26,2026-07-03T17:33:16+08:00
ORD00102427,M005108,P00263,web,created,1,USD,3794.78,850.0,2026-07-01T16:31:17+08:00,2026-10-16,2026-07-02T10:50:17+08:00
ORD00103266,M006252,P00206,app,paid,2,USD,12035.73,100.0,2026-07-01T15:56:57+08:00,2026-08-10,2026-07-03T02:10:57+08:00
ORD00102328,M005103,P00027,電銷,paid,4,TWD,614191.0,50.0,2026-07-01T14:35:12+08:00,2026-07-14,2026-07-04T05:42:12+08:00
ORD00100697,M006271,P00092,app,paid,3,USD,19251.31,150.0,2026-07-01T14:13:33+08:00,2026-09-03,2026-07-04T00:20:33+08:00
ORD00017543,M001357,P00068,門市,cancelled,2,TWD,136965.0,900.0,2026-05-28T01:54:35+08:00,2026-09-13,2026-07-01T13:48:04+08:00
ORD00100070,M000753,P00253,電銷,created,2,TWD,357676.0,650.0,2026-07-01T08:31:20+08:00,2026-09-27,2026-07-04T01:26:20+08:00
ORD00101512,M004018,P00056,app,paid,4,TWD,340975.0,750.0,2026-07-01T03:31:27+08:00,2026-09-22,2026-07-02T17:42:27+08:00
ORD00102587,M000276,P00025,app,paid,1,TWD,170270.0,600.0,2026-07-01T14:59:35+08:00,2026-09-03,2026-07-04T07:07:35+08:00
ORD00100011,M004713,P00162,web,created,4,USD,820.71,650.0,2026-07-01T06:17:05+08:00,2026-07-31,2026-07-03T00:24:05+08:00
ORD00102398,M002037,P00084,web,paid,2,TWD,92423.0,200.0,2026-07-01T05:43:08+08:00,2026-07-22,2026-07-02T21:21:08+08:00
ORD00102214,M002936,P00075,web,paid,4,TWD,79766.0,850.0,2026-07-01T13:12:30+08:00,2026-08-14,2026-07-04T07:30:30+08:00
ORD00100418,M000208,P00233,web,paid,2,TWD,181767.0,800.0,2026-07-01T00:31:24+08:00,2026-08-20,2026-07-01T03:42:24+08:00
ORD00088587,M000270,P00265,電銷,completed,1,JPY,810510.0,700.0,2026-06-11T11:25:11+08:00,2026-09-13,2026-07-01T06:10:43+08:00
ORD00101257,M005810,P00123,電銷,paid,2,TWD,171079.0,150.0,2026-07-01T08:35:48+08:00,2026-10-26,2026-07-01T14:25:48+08:00
ORD00101125,M003660,P00007,app,paid,4,USD,6944.25,700.0,2026-07-01T18:21:37+08:00,2026-09-20,2026-07-03T04:52:37+08:00
ORD00042703,M003157,P00085,web,cancelled,3,TWD,660333.0,650.0,2026-06-06T23:22:06+08:00,2026-08-27,2026-07-01T02:58:41+08:00
ORD00013361,M005676,P00190,app,completed,3,USD,15120.17,150.0,2026-06-21T07:22:38+08:00,2026-08-21,2026-07-01T07:10:44+08:00
ORD00041471,M000092,P00017,app,cancelled,4,TWD,808678.0,400.0,2026-05-22T18:32:46+08:00,2026-08-09,2026-07-01T05:02:36+08:00
ORD00102183,M004926,P00062,門市,cancelled,1,TWD,117156.0,350.0,2026-07-01T13:09:54+08:00,2026-10-21,2026-07-03T23:50:54+08:00
ORD00100559,M004974,P00076,web,paid,4,TWD,13766.0,200.0,2026-07-01T07:27:22+08:00,2026-08-25,2026-07-02T14:20:22+08:00
ORD00101388,M004127,P00140,app,paid,2,TWD,73406.0,550.0,2026-07-01T07:43:48+08:00,2026-08-02,2026-07-02T09:00:48+08:00
ORD00102048,M000251,P00033,門市,paid,3,TWD,421489.0,550.0,2026-07-01T08:49:30+08:00,2026-10-28,2026-07-03T02:32:30+08:00
ORD00102979,M007100,P00011,app,paid,2,TWD,301439.0,350.0,2026-07-01T22:29:27+08:00,2026-09-22,2026-07-02T07:29:27+08:00
ORD00100793,M001293,P00051,app,paid,1,TWD,174806.0,850.0,2026-07-01T23:04:18+08:00,2026-10-12,2026-07-03T07:56:18+08:00
ORD00071337,M002531,P00131,web,cancelled,4,TWD,778199.0,800.0,2026-06-17T07:07:07+08:00,2026-07-07,2026-07-01T23:23:38+08:00
ORD00102293,M003746,P00063,web,created,2,TWD,321359.0,150.0,2026-07-01T01:06:45+08:00,2026-10-13,2026-07-02T00:28:45+08:00
ORD00103289,M003684,P00144,web,paid,3,JPY,2003299.0,550.0,2026-07-01T09:00:07+08:00,2026-08-24,2026-07-01T16:31:07+08:00
ORD00101632,M000515,P00177,web,created,1,TWD,25701.0,300.0,2026-07-01T17:35:19+08:00,2026-07-24,2026-07-02T14:34:19+08:00
ORD00103674,M000652,P00019,門市,created,1,TWD,102895.0,450.0,2026-07-01T04:52:23+08:00,2026-07-08,2026-07-03T04:16:23+08:00
ORD00100232,M005851,P00130,web,paid,1,TWD,194791.0,300.0,2026-07-01T00:31:14+08:00,2026-10-13,2026-07-01T15:03:14+08:00
ORD00102446,M005176,P00207,門市,paid,3,USD,8544.71,550.0,2026-07-01T07:40:24+08:00,2026-10-21,2026-07-02T08:12:24+08:00
ORD00101657,M004102,P00027,app,paid,1,TWD,140849.0,850.0,2026-07-01T10:58:49+08:00,2026-09-28,2026-07-03T10:19:49+08:00
ORD00103201,M002792,P00058,門市,created,1,TWD,38301.0,600.0,2026-07-01T14:19:07+08:00,2026-10-09,2026-07-02T13:19:07+08:00
ORD00102889,M001224,P00069,電銷,paid,2,USD,13748.66,650.0,2026-07-01T22:30:07+08:00,2026-09-03,2026-07-04T13:13:07+08:00
ORD00101238,M003511,P00220,門市,paid,4,TWD,116660.0,100.0,2026-07-01T02:57:25+08:00,2026-09-02,2026-07-01T23:05:25+08:00
ORD00056052,M002987,P00140,web,completed,1,TWD,48476.0,350.0,2026-05-18T19:34:34+08:00,2026-06-23,2026-07-01T01:33:50+08:00
ORD00102160,M004654,P00106,app,paid,3,TWD,136613.0,150.0,2026-07-01T07:53:28+08:00,2026-09-27,2026-07-02T09:32:28+08:00
ORD00103468,M005538,P00297,門市,created,3,TWD,346438.0,800.0,2026-07-01T01:08:23+08:00,2026-07-10,2026-07-02T11:55:23+08:00
ORD00101094,M004948,P00179,門市,paid,1,JPY,814423.0,350.0,2026-07-01T03:36:44+08:00,2026-09-03,2026-07-02T12:52:44+08:00
ORD00103353,M002877,P00039,電銷,paid,3,TWD,565802.0,950.0,2026-07-01T16:21:48+08:00,2026-10-10,2026-07-02T01:13:48+08:00
ORD00067112,M002002,P00111,app,completed,1,USD,2993.88,350.0,2026-06-13T00:11:35+08:00,2026-07-14,2026-07-01T11:33:43+08:00
ORD00100335,M005603,P00262,web,paid,4,TWD,716093.0,350.0,2026-07-01T19:48:26+08:00,2026-07-11,2026-07-04T07:01:26+08:00
ORD00100693,M000639,P00170,電銷,created,3,JPY,915732.0,200.0,2026-07-01T05:42:02+08:00,2026-09-16,2026-07-03T06:29:02+08:00
ORD00103890,M001987,P00034,app,paid,4,TWD,102631.0,150.0,2026-07-01T04:57:20+08:00,2026-08-11,2026-07-02T14:13:20+08:00
ORD00064771,M007604,P00179,門市,completed,1,USD,4780.96,200.0,2026-05-07T23:17:31+08:00,2026-08-25,2026-07-01T23:09:39+08:00
ORD00101750,M007990,P00207,電銷,cancelled,2,TWD,170732.0,800.0,2026-07-01T02:13:49+08:00,2026-08-11,2026-07-04T10:24:49+08:00
ORD00102665,M005744,P00273,web,created,3,TWD,245564.0,50.0,2026-07-01T19:39:38+08:00,2026-09-15,2026-07-02T13:05:38+08:00
ORD00100352,M000469,P00272,web,paid,4,TWD,544804.0,500.0,2026-07-01T16:26:07+08:00,2026-07-08,2026-07-04T09:15:07+08:00
ORD00100407,M004289,P00058,門市,created,1,TWD,41550.0,500.0,2026-07-01T15:57:54+08:00,2026-09-17,2026-07-02T03:24:54+08:00
ORD00101121,M002505,P00037,app,created,1,TWD,108017.0,50.0,2026-07-01T03:37:15+08:00,2026-08-23,2026-07-02T20:27:15+08:00
ORD00102197,M001135,P00141,門市,paid,1,TWD,75973.0,250.0,2026-07-01T13:15:03+08:00,2026-07-21,2026-07-03T13:09:03+08:00
ORD00100821,M007573,P00245,web,paid,2,USD,6676.53,0.0,2026-07-01T18:50:02+08:00,2026-10-01,2026-07-01T21:47:02+08:00
ORD00103854,M006019,P00244,web,paid,4,TWD,168828.0,950.0,2026-07-01T15:16:38+08:00,2026-07-11,2026-07-03T06:04:38+08:00
ORD00102280,M003021,P00147,門市,created,3,JPY,2792855.0,850.0,2026-07-01T19:27:16+08:00,2026-07-11,2026-07-03T18:30:16+08:00
ORD00103806,M004665,P00291,web,paid,4,TWD,127518.0,200.0,2026-07-01T14:46:03+08:00,2026-09-28,2026-07-03T07:27:03+08:00
ORD00101971,M005855,P00034,app,paid,2,TWD,43749.0,550.0,2026-07-01T19:38:32+08:00,2026-09-10,2026-07-04T00:45:32+08:00
ORD00100652,M000510,P00086,門市,paid,2,TWD,44636.0,700.0,2026-07-01T01:32:02+08:00,2026-10-28,2026-07-02T01:12:02+08:00
ORD00102666,M002677,P00129,web,created,2,TWD,293505.0,50.0,2026-07-01T16:58:06+08:00,2026-07-21,2026-07-04T10:48:06+08:00
ORD00100977,M007140,P00193,web,paid,1,TWD,141972.0,600.0,2026-07-01T04:15:06+08:00,2026-07-21,2026-07-03T19:13:06+08:00
ORD00101446,M006044,P00009,web,paid,3,TWD,220876.0,550.0,2026-07-01T19:10:32+08:00,2026-08-26,2026-07-02T19:31:32+08:00
ORD00074632,M003755,P00148,web,cancelled,4,TWD,100445.0,950.0,2026-06-22T00:57:57+08:00,2026-07-02,2026-07-01T20:07:22+08:00
ORD00101585,M000595,P00255,web,paid,3,TWD,542214.0,350.0,2026-07-01T00:15:54+08:00,2026-08-22,2026-07-02T09:14:54+08:00
ORD00103665,M005571,P00113,門市,created,3,USD,14244.05,500.0,2026-07-01T17:24:18+08:00,2026-08-27,2026-07-01T20:08:18+08:00
ORD00100653,M006325,P00142,app,created,2,TWD,387017.0,650.0,2026-07-01T05:25:41+08:00,2026-09-17,2026-07-01T20:52:41+08:00
ORD00102223,M000072,P00263,門市,paid,3,USD,8568.89,150.0,2026-07-01T06:44:32+08:00,2026-07-29,2026-07-01T15:48:32+08:00
ORD00103529,M004484,P00223,web,paid,1,TWD,224100.0,950.0,2026-07-01T07:50:43+08:00,2026-09-26,2026-07-01T12:15:43+08:00
ORD00069709,M000684,P00260,電銷,cancelled,2,TWD,225920.0,650.0,2026-06-03T15:20:43+08:00,2026-08-30,2026-07-01T08:06:17+08:00
ORD00101040,M001154,P00231,門市,paid,2,TWD,353304.0,0.0,2026-07-01T10:36:56+08:00,2026-09-08,2026-07-01T20:09:56+08:00
ORD00101194,M005028,P00003,門市,paid,4,TWD,459942.0,550.0,2026-07-01T04:51:54+08:00,2026-07-14,2026-07-03T12:19:54+08:00
ORD00100098,M004170,P00090,電銷,created,4,TWD,588237.0,550.0,2026-07-01T04:56:23+08:00,2026-10-18,2026-07-03T06:31:23+08:00
ORD00062836,M000890,P00038,app,cancelled,4,TWD,66427.0,650.0,2026-05-28T12:42:17+08:00,2026-08-11,2026-07-01T19:07:43+08:00
ORD00102019,M006216,P00049,電銷,paid,1,TWD,17555.0,550.0,2026-07-01T10:12:07+08:00,2026-08-28,2026-07-02T19:39:07+08:00
ORD00103995,M007265,P00026,app,created,1,TWD,131662.0,600.0,2026-07-01T20:05:21+08:00,2026-10-27,2026-07-04T07:48:21+08:00
ORD00101950,M004689,P00284,web,created,2,TWD,240701.0,100.0,2026-07-01T06:21:24+08:00,2026-10-21,2026-07-02T08:51:24+08:00
ORD00101113,M005326,P00093,app,paid,4,TWD,503886.0,400.0,2026-07-01T08:40:59+08:00,2026-10-13,2026-07-03T10:25:59+08:00
ORD00101091,M002089,P00145,web,paid,1,USD,2866.89,50.0,2026-07-01T01:37:09+08:00,2026-10-01,2026-07-01T16:03:09+08:00
ORD00102895,M004766,P00179,web,paid,3,TWD,459781.0,200.0,2026-07-01T10:28:49+08:00,2026-09-14,2026-07-03T15:14:49+08:00
ORD00100126,M006541,P00117,電銷,paid,3,TWD,549782.0,650.0,2026-07-01T08:54:36+08:00,2026-09-04,2026-07-01T11:10:36+08:00
ORD00101771,M007599,P00020,門市,paid,2,TWD,133087.0,950.0,2026-07-01T09:07:34+08:00,2026-09-10,2026-07-03T19:29:34+08:00
ORD00101283,M005644,P00201,門市,created,2,TWD,216298.0,300.0,2026-07-01T19:18:16+08:00,2026-08-05,2026-07-03T05:50:16+08:00
ORD00101060,M002879,P00213,電銷,created,2,TWD,245664.0,850.0,2026-07-01T14:33:31+08:00,2026-07-15,2026-07-04T02:19:31+08:00
ORD00101127,M004327,P00099,app,paid,1,TWD,154734.0,600.0,2026-07-01T18:23:28+08:00,2026-07-21,2026-07-02T12:30:28+08:00
ORD00039812,M006926,P00164,門市,cancelled,4,USD,4798.62,300.0,2026-06-24T20:26:21+08:00,2026-08-02,2026-07-01T23:43:59+08:00
ORD00100683,M000761,P00090,電銷,paid,2,TWD,313535.0,550.0,2026-07-01T11:53:59+08:00,2026-10-22,2026-07-03T00:26:59+08:00
ORD00029069,M001757,P00233,電銷,completed,3,JPY,1260083.0,0.0,2026-05-15T19:50:06+08:00,2026-05-30,2026-07-01T00:07:13+08:00
ORD00103603,M007013,P00020,門市,created,2,TWD,112609.0,750.0,2026-07-01T03:08:33+08:00,2026-09-25,2026-07-01T05:41:33+08:00
ORD00100495,M001879,P00225,電銷,paid,3,TWD,111656.0,100.0,2026-07-01T16:26:29+08:00,2026-10-25,2026-07-02T04:15:29+08:00
ORD00031461,M002709,P00112,web,cancelled,2,USD,499.63,100.0,2026-05-29T21:24:48+08:00,2026-09-03,2026-07-01T12:33:35+08:00
ORD00101133,M004040,P00196,門市,created,4,TWD,205172.0,50.0,2026-07-01T22:54:02+08:00,2026-07-22,2026-07-04T02:01:02+08:00
ORD00103088,M006100,P00240,web,created,1,TWD,101693.0,200.0,2026-07-01T00:00:01+08:00,2026-10-02,2026-07-01T20:27:01+08:00
ORD00101821,M005065,P00251,門市,created,2,TWD,211208.0,200.0,2026-07-01T02:03:22+08:00,2026-07-31,2026-07-01T08:23:22+08:00
ORD00101982,M001788,P00236,web,paid,4,TWD,734526.0,500.0,2026-07-01T08:13:29+08:00,2026-10-18,2026-07-03T20:19:29+08:00
ORD00094323,M000670,P00113,app,completed,1,TWD,158001.0,250.0,2026-05-01T12:32:00+08:00,2026-06-13,2026-07-01T13:25:48+08:00
ORD00033012,M000608,P00227,web,completed,2,TWD,248055.0,950.0,2026-05-14T22:44:46+08:00,2026-07-27,2026-07-01T10:56:19+08:00
ORD00101204,M002345,P00289,web,paid,3,TWD,266884.0,700.0,2026-07-01T03:14:29+08:00,2026-08-22,2026-07-02T13:47:29+08:00
ORD00103623,M004437,P00220,web,paid,1,TWD,36717.0,650.0,2026-07-01T06:14:20+08:00,2026-10-08,2026-07-02T08:25:20+08:00
ORD00100674,M006069,P00096,電銷,paid,1,TWD,7029.0,200.0,2026-07-01T06:31:53+08:00,2026-10-03,2026-07-03T00:00:53+08:00
ORD00103664,M002899,P00029,web,paid,3,TWD,336609.0,650.0,2026-07-01T03:18:25+08:00,2026-08-05,2026-07-02T17:56:25+08:00
ORD00102015,M005417,P00184,電銷,paid,2,TWD,357933.0,650.0,2026-07-01T08:16:56+08:00,2026-10-24,2026-07-02T15:58:56+08:00
ORD00103652,M004729,P00290,web,paid,4,USD,18806.95,150.0,2026-07-01T00:50:28+08:00,2026-10-03,2026-07-01T12:53:28+08:00
ORD00008744,M007696,P00284,app,completed,3,TWD,498728.0,0.0,2026-05-29T19:01:45+08:00,2026-09-13,2026-07-01T05:40:21+08:00
ORD00103245,M006460,P00067,電銷,paid,2,TWD,240127.0,550.0,2026-07-01T12:05:21+08:00,2026-09-05,2026-07-02T15:54:21+08:00
ORD00100349,M003613,P00117,電銷,created,4,TWD,523027.0,650.0,2026-07-01T17:40:32+08:00,2026-07-30,2026-07-02T08:29:32+08:00
ORD00103599,M004792,P00275,電銷,paid,1,TWD,93998.0,550.0,2026-07-01T17:26:32+08:00,2026-08-24,2026-07-02T08:39:32+08:00
ORD00102850,M005671,P00221,app,paid,3,USD,10735.41,300.0,2026-07-01T04:23:14+08:00,2026-08-16,2026-07-02T12:30:14+08:00
ORD00102198,M006199,P00282,電銷,paid,2,TWD,477642.0,300.0,2026-07-01T15:14:31+08:00,2026-07-29,2026-07-03T20:22:31+08:00
ORD00032651,M005903,P00051,app,cancelled,3,USD,15341.23,0.0,2026-06-14T19:01:20+08:00,2026-06-23,2026-07-01T17:44:48+08:00
ORD00100197,M001741,P00104,電銷,paid,3,USD,280.89,300.0,2026-07-01T19:53:35+08:00,2026-10-23,2026-07-03T18:23:35+08:00
ORD00101187,M001072,P00267,電銷,paid,4,JPY,3986372.0,500.0,2026-07-01T21:40:05+08:00,2026-09-07,2026-07-02T06:31:05+08:00
ORD00101153,M003566,P00143,app,paid,3,USD,945.39,850.0,2026-07-01T03:17:17+08:00,2026-09-24,2026-07-02T02:20:38+08:00
ORD00103592,M005872,P00234,web,created,3,TWD,26384.0,400.0,2026-07-01T04:31:59+08:00,2026-08-19,2026-07-02T12:31:59+08:00
ORD00100598,M005374,P00027,app,paid,4,TWD,466498.0,50.0,2026-07-01T07:31:51+08:00,2026-10-05,2026-07-02T09:43:51+08:00
ORD00102658,M004422,P00019,app,created,4,TWD,397329.0,800.0,2026-07-01T11:20:27+08:00,2026-08-28,2026-07-03T06:30:27+08:00
ORD00103877,M007519,P00163,電銷,paid,1,USD,3131.77,250.0,2026-07-01T19:19:01+08:00,2026-10-13,2026-07-04T12:57:01+08:00
ORD00102767,M003653,P00084,app,paid,1,JPY,227041.0,950.0,2026-07-01T22:41:02+08:00,2026-09-15,2026-07-02T14:20:02+08:00
ORD00101979,M003720,P00238,電銷,created,2,USD,6378.01,0.0,2026-07-01T08:24:26+08:00,2026-09-22,2026-07-01T15:21:26+08:00
ORD00103134,M000142,P00155,門市,created,2,TWD,104958.0,150.0,2026-07-01T08:07:55+08:00,2026-09-02,2026-07-03T06:32:55+08:00
ORD00101324,M007158,P00088,app,paid,2,TWD,152843.0,100.0,2026-07-01T21:38:34+08:00,2026-08-03,2026-07-02T10:20:34+08:00
ORD00100839,M002860,P00097,門市,paid,4,TWD,570129.0,750.0,2026-07-01T03:26:41+08:00,2026-08-04,2026-07-02T05:40:41+08:00
ORD00102992,M007781,P00040,app,paid,4,TWD,361424.0,750.0,2026-07-01T16:28:32+08:00,2026-07-09,2026-07-03T11:15:32+08:00
ORD00101274,M005877,P00119,app,paid,2,JPY,1656673.0,50.0,2026-07-01T05:43:19+08:00,2026-07-12,2026-07-01T15:13:19+08:00
ORD00102571,M006775,P00179,web,created,3,TWD,428628.0,100.0,2026-07-01T13:58:18+08:00,2026-09-25,2026-07-04T00:14:18+08:00
ORD00101242,M002038,P00091,web,created,2,TWD,207126.0,150.0,2026-07-01T20:23:48+08:00,2026-10-24,2026-07-04T04:42:48+08:00
ORD00103645,M001903,P00298,web,paid,1,USD,4210.37,400.0,2026-07-01T09:19:17+08:00,2026-09-25,2026-07-02T05:27:17+08:00
ORD00096367,M007329,P00044,app,completed,2,TWD,63563.0,500.0,2026-06-13T05:14:39+08:00,2026-09-12,2026-07-01T00:34:22+08:00
ORD00102252,M005408,P00050,電銷,created,1,TWD,2816.0,850.0,2026-07-01T06:12:19+08:00,2026-09-10,2026-07-03T11:28:19+08:00
ORD00073733,M000013,P00007,web,cancelled,2,TWD,99695.0,800.0,2026-05-10T02:26:58+08:00,2026-07-18,2026-07-01T03:38:38+08:00
ORD00100719,M007391,P00286,app,created,2,TWD,323642.0,450.0,2026-07-01T02:55:33+08:00,2026-07-30,2026-07-01T07:35:33+08:00
ORD00100974,M000315,P00230,app,created,4,TWD,750689.0,200.0,2026-07-01T14:43:49+08:00,2026-10-12,2026-07-01T19:00:49+08:00
ORD00101794,M004177,P00091,門市,paid,3,TWD,290826.0,350.0,2026-07-01T09:36:42+08:00,2026-10-15,2026-07-02T00:38:42+08:00
ORD00100540,M003762,P00231,門市,paid,4,TWD,601769.0,200.0,2026-07-01T04:20:13+08:00,2026-08-22,2026-07-01T13:15:13+08:00
ORD00101948,M000491,P00029,web,paid,1,TWD,102580.0,500.0,2026-07-01T23:24:45+08:00,2026-10-02,2026-07-03T15:49:45+08:00
ORD00103493,M003860,P00278,app,paid,4,USD,26509.06,550.0,2026-07-01T04:00:58+08:00,2026-09-08,2026-07-03T11:15:58+08:00
ORD00103160,M006337,P00253,app,paid,3,TWD,552049.0,700.0,2026-07-01T14:47:03+08:00,2026-07-14,2026-07-03T22:10:03+08:00
ORD00102345,M001918,P00197,電銷,paid,3,TWD,219269.0,100.0,2026-07-01T09:22:59+08:00,2026-09-12,2026-07-03T18:28:59+08:00
ORD00102011,M007135,P00256,門市,paid,4,JPY,3664758.0,200.0,2026-07-01T15:28:09+08:00,2026-09-05,2026-07-03T07:27:09+08:00
ORD00101880,M003904,P00027,電銷,created,4,TWD,570661.0,300.0,2026-07-01T14:09:34+08:00,2026-09-19,2026-07-03T08:34:34+08:00
ORD00102905,M003764,P00166,電銷,paid,3,USD,21301.18,450.0,2026-07-01T13:14:26+08:00,2026-10-04,2026-07-02T04:24:26+08:00
ORD00101826,M001901,P00061,web,paid,4,TWD,607424.0,350.0,2026-07-01T03:33:30+08:00,2026-08-09,2026-07-02T22:04:30+08:00
ORD00103643,M004525,P00300,web,paid,1,USD,2609.74,900.0,2026-07-01T16:26:32+08:00,2026-08-03,2026-07-04T07:24:32+08:00
ORD00103330,M006244,P00235,電銷,created,4,TWD,228452.0,600.0,2026-07-01T05:46:36+08:00,2026-10-06,2026-07-01T20:48:36+08:00
ORD00102832,M000720,P00167,電銷,paid,2,TWD,342794.0,200.0,2026-07-01T16:47:17+08:00,2026-07-12,2026-07-02T16:56:17+08:00
ORD00102795,M005129,P00260,門市,paid,3,JPY,1790158.0,600.0,2026-07-01T19:11:25+08:00,2026-10-21,2026-07-02T01:32:25+08:00
ORD00101931,M006770,P00057,web,created,4,USD,15167.28,700.0,2026-07-01T15:44:06+08:00,2026-10-19,2026-07-02T06:26:06+08:00
ORD00100560,M000114,P00272,電銷,created,3,USD,10889.59,0.0,2026-07-01T21:55:02+08:00,2026-08-06,2026-07-02T17:32:02+08:00
ORD00102519,M001639,P00213,app,paid,4,TWD,404954.0,800.0,2026-07-01T02:12:28+08:00,2026-08-21,2026-07-02T00:18:28+08:00
ORD00076508,M002593,P00292,app,completed,3,TWD,436329.0,400.0,2026-05-16T01:50:21+08:00,2026-07-03,2026-07-01T11:33:20+08:00
ORD00101478,M003258,P00251,電銷,created,4,USD,12350.32,650.0,2026-07-01T17:52:41+08:00,2026-09-01,2026-07-03T23:20:41+08:00
ORD00101085,M000127,P00257,web,created,2,TWD,79375.0,650.0,2026-07-01T20:35:58+08:00,2026-08-30,2026-07-01T20:37:58+08:00
ORD00103272,M005068,P00054,app,paid,3,TWD,365834.0,750.0,2026-07-01T08:37:34+08:00,2026-09-29,2026-07-02T12:06:34+08:00
ORD00102192,M004080,P00018,門市,paid,3,USD,11706.76,700.0,2026-07-01T19:05:23+08:00,2026-10-15,2026-07-02T03:11:23+08:00
ORD00102269,M000483,P00232,門市,paid,4,TWD,677576.0,50.0,2026-07-01T07:02:54+08:00,2026-08-01,2026-07-01T17:58:54+08:00
ORD00100620,M002630,P00054,web,paid,4,USD,17313.52,650.0,2026-07-01T11:23:57+08:00,2026-08-16,2026-07-01T16:23:57+08:00
ORD00100932,M007484,P00300,門市,paid,2,TWD,222056.0,800.0,2026-07-01T21:32:44+08:00,2026-07-22,2026-07-02T01:08:44+08:00
ORD00100581,M001166,P00008,電銷,created,3,TWD,297290.0,800.0,2026-07-01T03:10:15+08:00,2026-09-02,2026-07-01T09:36:15+08:00
ORD00077612,M002005,P00217,門市,completed,3,JPY,2723672.0,500.0,2026-06-07T14:26:51+08:00,2026-07-28,2026-07-01T04:35:01+08:00
ORD00100303,M000612,P00193,電銷,paid,1,TWD,189419.0,850.0,2026-07-01T04:42:36+08:00,2026-09-29,2026-07-01T07:30:36+08:00
ORD00100704,M000014,P00272,app,paid,4,TWD,437348.0,750.0,2026-07-01T22:19:05+08:00,2026-09-25,2026-07-02T23:28:05+08:00
ORD00101972,M000004,P00116,門市,paid,2,TWD,158676.0,800.0,2026-07-01T04:35:37+08:00,2026-08-02,2026-07-01T16:09:37+08:00
ORD00103062,M003084,P00272,電銷,paid,4,TWD,554948.0,50.0,2026-07-01T11:11:42+08:00,2026-08-16,2026-07-02T17:56:42+08:00
ORD00103803,M003525,P00032,門市,created,4,TWD,623499.0,350.0,2026-07-01T07:18:08+08:00,2026-09-21,2026-07-03T17:26:08+08:00
ORD00101162,M000967,P00177,app,created,3,TWD,57814.0,850.0,2026-07-01T16:17:09+08:00,2026-08-19,2026-07-03T19:06:09+08:00
ORD00103654,M007703,P00052,web,created,4,TWD,316156.0,550.0,2026-07-01T07:09:17+08:00,2026-10-04,2026-07-03T14:28:17+08:00
ORD00100563,M000278,P00014,app,created,2,TWD,236725.0,150.0,2026-07-01T08:10:26+08:00,2026-09-07,2026-07-01T12:58:26+08:00
ORD00101106,M000136,P00089,web,paid,4,TWD,364242.0,100.0,2026-07-01T07:45:21+08:00,2026-10-22,2026-07-03T08:17:21+08:00
ORD00102219,M005579,P00197,app,paid,2,USD,4960.02,0.0,2026-07-01T11:07:46+08:00,2026-07-20,2026-07-01T16:41:46+08:00
ORD00101728,M001855,P00233,門市,paid,2,USD,5470.64,650.0,2026-07-01T13:38:38+08:00,2026-07-19,2026-07-02T05:06:38+08:00
ORD00102358,M002547,P00259,web,paid,1,USD,4914.18,700.0,2026-07-01T11:49:05+08:00,2026-07-21,2026-07-02T23:26:05+08:00
ORD00103808,M004248,P00003,電銷,paid,2,TWD,247939.0,150.0,2026-07-01T09:12:32+08:00,2026-08-05,2026-07-02T04:03:32+08:00
ORD00102405,M002856,P00028,電銷,paid,2,TWD,247293.0,450.0,2026-07-01T01:17:10+08:00,2026-07-27,2026-07-03T18:25:10+08:00
ORD00103937,M007776,P00239,web,paid,3,USD,14969.47,350.0,2026-07-01T03:04:10+08:00,2026-08-15,2026-07-02T20:28:10+08:00
ORD00100464,M000300,P00251,web,paid,1,USD,4087.23,250.0,2026-07-01T10:38:45+08:00,2026-09-19,2026-07-01T13:01:45+08:00
ORD00102435,M000193,P00008,門市,paid,2,USD,5815.12,700.0,2026-07-01T04:48:23+08:00,2026-09-10,2026-07-03T06:28:23+08:00
ORD00103536,M001775,P00269,app,paid,3,USD,7040.58,50.0,2026-07-01T10:37:44+08:00,2026-07-13,2026-07-01T13:34:44+08:00
ORD00102609,M002042,P00211,web,paid,4,USD,10861.26,650.0,2026-07-01T15:37:10+08:00,2026-10-19,2026-07-03T21:06:10+08:00
ORD00101439,M005700,P00189,web,paid,2,TWD,217587.0,300.0,2026-07-01T22:50:58+08:00,2026-08-23,2026-07-03T21:48:58+08:00
ORD00103214,M004356,P00091,門市,paid,2,TWD,215979.0,200.0,2026-07-01T17:08:42+08:00,2026-09-14,2026-07-02T10:57:42+08:00
ORD00102459,M002113,P00109,門市,paid,3,TWD,154200.0,350.0,2026-07-01T23:57:40+08:00,2026-07-30,2026-07-04T01:25:40+08:00
ORD00100397,M002855,P00115,電銷,paid,4,TWD,567264.0,400.0,2026-07-01T15:56:44+08:00,2026-07-16,2026-07-03T17:58:44+08:00
ORD00102452,M005862,P00184,電銷,created,1,USD,5555.15,300.0,2026-07-01T12:22:04+08:00,2026-09-13,2026-07-02T00:10:04+08:00
ORD00103550,M002914,P00004,web,paid,2,TWD,360830.0,550.0,2026-07-01T04:05:48+08:00,2026-08-17,2026-07-01T08:25:48+08:00
ORD00100826,M002463,P00296,電銷,paid,1,JPY,38188.0,100.0,2026-07-01T19:08:48+08:00,2026-08-03,2026-07-02T23:46:48+08:00
ORD00100479,M004497,P00107,電銷,created,1,JPY,926656.0,250.0,2026-07-01T22:52:16+08:00,2026-07-14,2026-07-02T05:24:16+08:00
ORD00103254,M001144,P00137,web,created,2,TWD,284255.0,750.0,2026-07-01T19:46:21+08:00,2026-10-07,2026-07-02T08:41:21+08:00
ORD00102591,M003109,P00038,web,paid,3,TWD,64589.0,150.0,2026-07-01T17:54:17+08:00,2026-07-25,2026-07-03T01:02:17+08:00
ORD00036933,M000365,P00043,門市,completed,4,USD,17504.12,750.0,2026-05-15T00:12:47+08:00,2026-07-09,2026-07-01T14:51:37+08:00
ORD00101730,M000338,P00180,web,paid,3,TWD,360961.0,0.0,2026-07-01T12:22:26+08:00,2026-10-06,2026-07-03T11:53:26+08:00
ORD00100547,M002574,P00118,電銷,paid,4,USD,16736.79,50.0,2026-07-01T18:43:12+08:00,2026-10-19,2026-07-03T00:45:12+08:00
ORD00102222,M007137,P00158,電銷,paid,4,TWD,157981.0,800.0,2026-07-01T18:52:05+08:00,2026-07-28,2026-07-03T11:33:05+08:00
ORD00100218,M005655,P00152,app,created,3,TWD,117043.0,550.0,2026-07-01T12:45:23+08:00,2026-08-31,2026-07-01T19:52:23+08:00
ORD00050946,M006067,P00006,門市,cancelled,1,TWD,148320.0,50.0,2026-06-29T21:38:50+08:00,2026-09-03,2026-07-01T22:04:17+08:00
ORD00103944,M002513,P00219,門市,created,3,TWD,356895.0,550.0,2026-07-01T00:44:39+08:00,2026-07-17,2026-07-01T07:35:39+08:00
ORD00100220,M001117,P00147,門市,paid,3,USD,20036.83,850.0,2026-07-01T13:40:41+08:00,2026-08-10,2026-07-03T06:36:41+08:00
ORD00103257,M000237,P00229,電銷,paid,2,TWD,344412.0,650.0,2026-07-01T12:43:42+08:00,2026-08-14,2026-07-02T15:22:42+08:00
ORD00100885,M005394,P00250,門市,paid,4,USD,9626.17,900.0,2026-07-01T03:37:34+08:00,2026-09-26,2026-07-02T23:31:34+08:00
ORD00100853,M002024,P00171,web,created,3,TWD,203650.0,450.0,2026-07-01T10:09:02+08:00,2026-10-19,2026-07-03T00:03:02+08:00
ORD00103411,M000555,P00163,門市,paid,3,USD,7494.47,400.0,2026-07-01T12:22:14+08:00,2026-10-01,2026-07-03T04:48:14+08:00
ORD00103923,M007926,P00182,web,created,4,TWD,25572.0,650.0,2026-07-01T13:58:21+08:00,2026-08-02,2026-07-02T06:44:21+08:00
ORD00102321,M003779,P00205,門市,created,1,TWD,9605.0,600.0,2026-07-01T23:10:04+08:00,2026-07-15,2026-07-04T00:20:04+08:00
ORD00103267,M007853,P00220,web,paid,3,TWD,102962.0,400.0,2026-07-01T09:32:04+08:00,2026-10-03,2026-07-01T23:45:04+08:00
ORD00103569,M007537,P00248,app,paid,3,TWD,56309.0,700.0,2026-07-01T13:28:29+08:00,2026-08-21,2026-07-01T16:22:29+08:00
ORD00000584,M003325,P00147,app,completed,3,TWD,495822.0,700.0,2026-06-01T13:02:06+08:00,2026-07-11,2026-07-01T17:32:08+08:00
ORD00101874,M003346,P00244,電銷,created,2,TWD,98023.0,200.0,2026-07-01T14:08:35+08:00,2026-09-20,2026-07-02T08:10:35+08:00
ORD00103846,M006837,P00160,web,paid,4,USD,2001.49,450.0,2026-07-01T04:50:39+08:00,2026-09-14,2026-07-03T18:34:39+08:00
ORD00100263,M000738,P00157,app,created,3,JPY,1196095.0,200.0,2026-07-01T23:25:38+08:00,2026-07-30,2026-07-02T02:51:38+08:00
ORD00103298,M003613,P00196,app,paid,4,TWD,171875.0,700.0,2026-07-01T06:30:25+08:00,2026-10-04,2026-07-03T06:03:25+08:00
ORD00101041,M007369,P00158,門市,paid,4,USD,4863.33,750.0,2026-07-01T20:28:34+08:00,2026-07-10,2026-07-01T21:39:34+08:00
ORD00102199,M006150,P00220,web,paid,4,USD,4294.33,650.0,2026-07-01T15:47:04+08:00,2026-10-21,2026-07-01T23:54:04+08:00
ORD00103306,M007917,P00237,電銷,paid,2,TWD,369923.0,0.0,2026-07-01T05:33:26+08:00,2026-10-13,2026-07-01T18:27:26+08:00
ORD00102848,M005641,P00131,門市,paid,3,TWD,651483.0,0.0,2026-07-01T21:00:12+08:00,2026-07-08,2026-07-03T13:17:12+08:00
ORD00103095,M006587,P00109,web,created,4,TWD,150255.0,500.0,2026-07-01T08:10:39+08:00,2026-08-19,2026-07-03T16:49:39+08:00
ORD00091654,M002796,P00295,app,cancelled,4,USD,5698.0,0.0,2026-05-14T23:56:37+08:00,2026-07-05,2026-07-01T04:34:13+08:00
ORD00102332,M003067,P00079,電銷,paid,1,USD,1363.74,650.0,2026-07-01T09:13:24+08:00,2026-07-27,2026-07-03T14:34:24+08:00
ORD00103693,M002024,P00102,web,created,4,TWD,165224.0,750.0,2026-07-01T22:37:22+08:00,2026-09-17,2026-07-02T10:46:22+08:00
ORD00100164,M000240,P00248,門市,cancelled,2,USD,1206.41,250.0,2026-07-01T23:33:37+08:00,2026-10-05,2026-07-05T06:59:37+08:00
ORD00100330,M005311,P00055,web,paid,2,TWD,265021.0,450.0,2026-07-01T12:44:59+08:00,2026-09-10,2026-07-02T04:48:59+08:00
ORD00092665,M002739,P00265,app,cancelled,1,TWD,193867.0,100.0,2026-05-08T09:38:13+08:00,2026-07-27,2026-07-01T20:40:01+08:00
ORD00102537,M001844,P00232,web,paid,2,USD,12359.99,400.0,2026-07-01T04:02:30+08:00,2026-08-26,2026-07-01T06:39:30+08:00
ORD00101369,M000645,P00054,電銷,paid,2,TWD,324647.0,950.0,2026-07-01T22:48:02+08:00,2026-08-07,2026-07-04T06:09:02+08:00
ORD00103461,M004091,P00169,門市,paid,1,TWD,34689.0,700.0,2026-07-01T23:49:29+08:00,2026-07-27,2026-07-03T03:56:29+08:00
ORD00039288,M000663,P00211,app,completed,2,TWD,195584.0,650.0,2026-06-16T00:02:34+08:00,2026-07-30,2026-07-01T19:40:57+08:00
ORD00102480,M002162,P00047,電銷,paid,1,JPY,99643.0,800.0,2026-07-01T00:53:46+08:00,2026-08-13,2026-07-02T19:59:46+08:00
ORD00101137,M007163,P00129,web,created,2,USD,9746.26,700.0,2026-07-01T17:22:33+08:00,2026-07-29,2026-07-04T07:56:33+08:00
ORD00101095,M000661,P00242,電銷,paid,3,TWD,93925.0,100.0,2026-07-01T16:39:21+08:00,2026-08-18,2026-07-04T06:28:21+08:00
ORD00101759,M005201,P00299,門市,paid,4,TWD,99181.0,750.0,2026-07-01T00:19:11+08:00,2026-10-21,2026-07-03T12:01:11+08:00
ORD00100517,M002491,P00009,電銷,paid,1,TWD,89900.0,900.0,2026-07-01T06:16:35+08:00,2026-10-04,2026-07-03T09:22:35+08:00
ORD00101145,M007280,P00097,app,created,2,TWD,249310.0,550.0,2026-07-01T13:19:15+08:00,2026-07-29,2026-07-03T17:07:15+08:00
ORD00102415,M007257,P00086,門市,paid,3,TWD,60149.0,900.0,2026-07-01T16:05:54+08:00,2026-10-05,2026-07-03T01:04:54+08:00
ORD00100513,M006780,P00099,電銷,paid,2,TWD,316925.0,950.0,2026-07-01T13:34:52+08:00,2026-08-16,2026-07-03T06:28:52+08:00
ORD00100286,M006867,P00140,app,created,1,USD,1238.46,200.0,2026-07-01T04:25:39+08:00,2026-10-12,2026-07-01T22:36:39+08:00
ORD00021321,M002928,P00218,app,cancelled,3,USD,3230.19,900.0,2026-05-25T09:57:39+08:00,2026-08-17,2026-07-01T17:37:12+08:00
ORD00100491,M002159,P00069,門市,created,4,JPY,4557653.0,400.0,2026-07-01T11:27:39+08:00,2026-08-02,2026-07-04T02:17:39+08:00
ORD00100688,M001421,P00119,門市,paid,3,TWD,439897.0,350.0,2026-07-01T23:40:32+08:00,2026-07-20,2026-07-02T23:01:32+08:00
ORD00103980,M001347,P00002,app,paid,1,TWD,88717.0,250.0,2026-07-01T23:35:36+08:00,2026-08-14,2026-07-02T11:08:36+08:00
ORD00103549,M004638,P00019,電銷,paid,2,TWD,165477.0,550.0,2026-07-01T17:52:33+08:00,2026-10-22,2026-07-04T05:57:33+08:00
ORD00102893,M002464,P00029,門市,paid,1,TWD,110597.0,600.0,2026-07-01T08:59:24+08:00,2026-10-14,2026-07-03T02:31:24+08:00
ORD00101234,M007742,P00007,門市,paid,1,TWD,47337.0,700.0,2026-07-01T01:43:01+08:00,2026-09-13,2026-07-03T18:45:01+08:00
ORD00100956,M007523,P00199,app,created,3,TWD,18844.0,700.0,2026-07-01T04:34:04+08:00,2026-10-27,2026-07-03T04:07:04+08:00
ORD00042615,M007301,P00248,門市,completed,4,USD,2752.88,350.0,2026-05-23T19:23:25+08:00,2026-08-06,2026-07-01T12:29:20+08:00
ORD00101115,M002511,P00054,web,created,2,USD,9691.49,450.0,2026-07-01T05:54:07+08:00,2026-07-16,2026-07-03T12:02:07+08:00
ORD00100163,M006476,P00237,app,paid,2,TWD,370268.0,350.0,2026-07-01T09:55:08+08:00,2026-09-27,2026-07-03T08:22:08+08:00
ORD00102411,M005009,P00142,app,created,1,TWD,181659.0,200.0,2026-07-01T00:39:49+08:00,2026-09-05,2026-07-02T21:38:49+08:00
ORD00100099,M002299,P00147,app,paid,4,TWD,597636.0,500.0,2026-07-01T20:51:14+08:00,2026-09-06,2026-07-02T19:56:14+08:00
ORD00100738,M003559,P00143,web,paid,3,USD,839.04,50.0,2026-07-01T18:02:00+08:00,2026-07-23,2026-07-01T21:23:00+08:00
ORD00100135,M006150,P00108,app,paid,3,TWD,349682.0,700.0,2026-07-01T19:21:54+08:00,2026-08-17,2026-07-04T09:25:54+08:00
ORD00103391,M001271,P00262,app,paid,4,USD,29016.05,0.0,2026-07-01T03:12:40+08:00,2026-10-22,2026-07-02T12:03:40+08:00
ORD00086440,M002971,P00196,電銷,cancelled,3,TWD,156653.0,650.0,2026-06-25T05:43:36+08:00,2026-08-10,2026-07-01T03:11:12+08:00
ORD00102413,M002081,P00249,app,created,4,USD,11904.45,150.0,2026-07-01T20:16:13+08:00,2026-08-04,2026-07-03T12:04:13+08:00
ORD00101209,M001899,P00070,app,created,2,TWD,180356.0,850.0,2026-07-01T11:08:08+08:00,2026-09-09,2026-07-02T07:32:08+08:00
ORD00103285,M001563,P00183,電銷,created,3,TWD,396698.0,0.0,2026-07-01T21:37:46+08:00,2026-10-11,2026-07-03T20:03:46+08:00
ORD00100814,M006773,P00226,app,paid,4,TWD,409319.0,450.0,2026-07-01T00:06:45+08:00,2026-08-03,2026-07-01T16:03:45+08:00
ORD00100018,M002839,P00173,web,paid,4,TWD,33169.0,600.0,2026-07-01T06:28:16+08:00,2026-08-26,2026-07-03T04:31:16+08:00
ORD00103741,M000854,P00222,電銷,paid,4,TWD,184347.0,200.0,2026-07-01T10:12:43+08:00,2026-08-13,2026-07-02T14:02:43+08:00
ORD00101261,M003562,P00063,app,paid,2,JPY,1907441.0,600.0,2026-07-01T16:13:35+08:00,2026-07-16,2026-07-01T17:23:35+08:00
ORD00103946,M001385,P00168,app,paid,4,TWD,525957.0,400.0,2026-07-01T10:16:39+08:00,2026-07-15,2026-07-03T19:38:39+08:00
ORD00103041,M007021,P00246,app,paid,4,TWD,523642.0,900.0,2026-07-01T05:54:36+08:00,2026-09-04,2026-07-03T04:49:36+08:00
ORD00101595,M002506,P00255,web,paid,3,TWD,571052.0,750.0,2026-07-01T08:08:06+08:00,2026-09-24,2026-07-03T07:17:06+08:00
ORD00102859,M000924,P00049,app,created,3,USD,1927.42,950.0,2026-07-01T02:18:35+08:00,2026-08-14,2026-07-01T22:20:35+08:00
ORD00103490,M007360,P00146,web,created,3,TWD,68620.0,850.0,2026-07-01T23:58:21+08:00,2026-10-15,2026-07-02T09:43:21+08:00
ORD00100085,M005117,P00194,電銷,paid,2,USD,4944.04,300.0,2026-07-01T03:21:06+08:00,2026-09-16,2026-07-02T01:11:06+08:00
ORD00100159,M007090,P00267,電銷,paid,1,USD,6410.62,450.0,2026-07-01T04:33:17+08:00,2026-08-17,2026-07-01T23:10:17+08:00
ORD00103568,M001922,P00091,web,created,4,USD,15349.09,650.0,2026-07-01T17:14:52+08:00,2026-08-25,2026-07-04T03:04:52+08:00
ORD00055564,M004964,P00129,app,completed,4,TWD,626577.0,200.0,2026-06-30T06:33:59+08:00,2026-08-31,2026-07-01T22:35:36+08:00
ORD00102284,M004346,P00134,app,paid,4,TWD,372017.0,200.0,2026-07-01T00:53:00+08:00,2026-10-13,2026-07-02T17:18:00+08:00
ORD00102708,M005685,P00033,門市,paid,1,TWD,158851.0,400.0,2026-07-01T00:19:51+08:00,2026-08-14,2026-07-03T14:34:51+08:00
ORD00100858,M004772,P00078,web,created,3,TWD,301167.0,150.0,2026-07-01T07:00:38+08:00,2026-08-24,2026-07-03T10:58:38+08:00
ORD00100101,M004316,P00028,web,paid,3,TWD,399100.0,800.0,2026-07-01T16:05:11+08:00,2026-08-13,2026-07-02T02:01:11+08:00
ORD00101503,M006232,P00291,門市,paid,4,TWD,114771.0,700.0,2026-07-01T15:15:12+08:00,2026-10-21,2026-07-02T13:16:12+08:00
ORD00103883,M005757,P00172,電銷,paid,1,USD,5281.97,200.0,2026-07-01T15:00:29+08:00,2026-09-22,2026-07-03T23:21:29+08:00
ORD00101802,M000430,P00191,門市,paid,4,JPY,2958813.0,700.0,2026-07-01T01:33:29+08:00,2026-10-22,2026-07-02T11:00:29+08:00
ORD00102488,M001512,P00010,門市,paid,2,TWD,294368.0,50.0,2026-07-01T19:48:02+08:00,2026-07-12,2026-07-03T11:30:02+08:00
ORD00102900,M004133,P00030,門市,paid,4,TWD,505020.0,400.0,2026-07-01T02:37:57+08:00,2026-09-23,2026-07-03T17:25:57+08:00
ORD00095874,M001024,P00012,門市,cancelled,3,TWD,212370.0,950.0,2026-05-31T13:05:14+08:00,2026-09-11,2026-07-01T01:34:37+08:00
ORD00102646,M007884,P00064,電銷,created,3,TWD,69057.0,800.0,2026-07-01T22:17:21+08:00,2026-07-23,2026-07-04T08:13:21+08:00
ORD00103372,M007588,P00216,app,paid,1,TWD,11237.0,200.0,2026-07-01T20:57:41+08:00,2026-09-28,2026-07-03T02:27:41+08:00
ORD00102326,M004600,P00088,web,paid,2,TWD,143398.0,0.0,2026-07-01T07:33:00+08:00,2026-09-04,2026-07-03T00:20:00+08:00
ORD00101389,M004622,P00087,app,paid,4,JPY,4236311.0,500.0,2026-07-01T07:34:59+08:00,2026-09-05,2026-07-01T15:28:59+08:00
ORD00103457,M003631,P00171,app,paid,3,USD,8389.83,250.0,2026-07-01T12:58:30+08:00,2026-10-28,2026-07-02T19:50:30+08:00
ORD00100327,M005192,P00188,電銷,paid,3,USD,4661.54,0.0,2026-07-01T06:18:57+08:00,2026-09-08,2026-07-03T16:57:57+08:00
ORD00103851,M005709,P00114,門市,created,1,TWD,100332.0,550.0,2026-07-01T16:58:50+08:00,2026-07-13,2026-07-03T20:22:50+08:00
ORD00103785,M003666,P00148,web,paid,3,TWD,86359.0,800.0,2026-07-01T04:24:59+08:00,2026-09-09,2026-07-02T00:09:59+08:00
ORD00012678,M003896,P00148,門市,cancelled,3,TWD,102463.0,650.0,2026-06-09T11:32:35+08:00,2026-07-04,2026-07-01T05:02:22+08:00
ORD00101865,M001315,P00095,app,paid,1,TWD,187550.0,400.0,2026-07-01T08:47:24+08:00,2026-07-15,2026-07-02T23:13:24+08:00
ORD00103731,M003123,P00039,電銷,created,3,USD,14420.45,450.0,2026-07-01T22:08:49+08:00,2026-10-14,2026-07-03T19:37:49+08:00
ORD00100360,M003116,P00090,web,paid,2,TWD,317929.0,850.0,2026-07-01T18:25:19+08:00,2026-07-20,2026-07-02T15:59:19+08:00
ORD00101107,M000452,P00064,app,paid,2,TWD,48369.0,450.0,2026-07-01T21:20:34+08:00,2026-10-03,2026-07-04T10:58:34+08:00
ORD00100879,M004757,P00123,門市,created,3,TWD,206554.0,650.0,2026-07-01T21:01:06+08:00,2026-07-10,2026-07-03T20:42:06+08:00
ORD00101902,M000997,P00258,app,paid,3,TWD,404611.0,950.0,2026-07-01T02:46:47+08:00,2026-07-29,2026-07-01T14:03:47+08:00
ORD00101438,M007444,P00078,web,paid,2,TWD,271732.0,850.0,2026-07-01T10:17:19+08:00,2026-09-23,2026-07-02T22:29:19+08:00
ORD00101836,M004467,P00131,web,paid,4,TWD,863022.0,0.0,2026-07-01T16:15:14+08:00,2026-07-24,2026-07-03T09:00:14+08:00
ORD00100497,M007588,P00259,電銷,paid,4,USD,15473.44,50.0,2026-07-01T11:48:46+08:00,2026-09-30,2026-07-02T00:46:46+08:00
ORD00102047,M001102,P00299,app,paid,1,TWD,20784.0,550.0,2026-07-01T23:14:12+08:00,2026-07-27,2026-07-03T15:08:12+08:00
ORD00103928,M002721,P00025,app,paid,3,TWD,547829.0,950.0,2026-07-01T12:57:22+08:00,2026-07-30,2026-07-02T14:18:22+08:00
ORD00101845,M004127,P00296,web,created,1,TWD,6452.0,600.0,2026-07-01T04:49:29+08:00,2026-08-28,2026-07-01T14:41:29+08:00
ORD00100112,M002187,P00027,web,paid,4,TWD,518501.0,50.0,2026-07-01T05:33:04+08:00,2026-09-21,2026-07-02T21:17:04+08:00
ORD00102380,M002809,P00024,web,paid,4,TWD,305151.0,450.0,2026-07-01T21:16:56+08:00,2026-07-29,2026-07-02T08:32:56+08:00
ORD00103910,M001181,P00158,門市,paid,4,TWD,137417.0,300.0,2026-07-01T06:37:51+08:00,2026-09-26,2026-07-02T22:11:51+08:00
ORD00103994,M004776,P00197,web,paid,2,TWD,159190.0,0.0,2026-07-01T10:24:00+08:00,2026-09-14,2026-07-02T20:41:00+08:00
ORD00072315,M006806,P00268,門市,cancelled,4,TWD,278049.0,0.0,2026-06-10T10:17:57+08:00,2026-07-01,2026-07-01T13:18:29+08:00
ORD00100451,M006975,P00182,web,paid,4,TWD,25872.0,50.0,2026-07-01T18:20:04+08:00,2026-10-06,2026-07-04T06:22:04+08:00
ORD00034584,M005901,P00143,電銷,completed,4,TWD,33426.0,750.0,2026-05-14T15:38:47+08:00,2026-08-31,2026-07-01T19:49:19+08:00
ORD00102206,M006044,P00206,門市,paid,3,TWD,565385.0,650.0,2026-07-01T13:42:46+08:00,2026-10-14,2026-07-02T11:13:46+08:00
ORD00101102,M007369,P00184,電銷,paid,4,TWD,610199.0,250.0,2026-07-01T03:35:48+08:00,2026-08-02,2026-07-01T21:54:48+08:00
ORD00102464,M004139,P00085,web,created,2,TWD,476492.0,650.0,2026-07-01T20:51:47+08:00,2026-10-10,2026-07-03T21:42:47+08:00
ORD00102401,M005079,P00210,門市,cancelled,1,USD,5754.67,700.0,2026-07-01T17:51:12+08:00,2026-08-10,2026-07-03T21:36:12+08:00
ORD00101147,M000699,P00025,app,created,4,TWD,598132.0,550.0,2026-07-01T15:44:17+08:00,2026-09-03,2026-07-02T20:15:17+08:00
ORD00100922,M004206,P00135,電銷,paid,4,TWD,39918.0,200.0,2026-07-01T00:52:36+08:00,2026-08-30,2026-07-03T07:08:36+08:00
ORD00100720,M006795,P00048,app,paid,3,TWD,287329.0,350.0,2026-07-01T02:26:49+08:00,2026-08-24,2026-07-03T18:03:49+08:00
ORD00100432,M001097,P00202,web,paid,4,TWD,475359.0,350.0,2026-07-01T20:10:00+08:00,2026-07-14,2026-07-02T14:24:00+08:00
ORD00101321,M002891,P00299,門市,created,3,TWD,85497.0,50.0,2026-07-01T23:52:46+08:00,2026-08-01,2026-07-03T13:01:46+08:00
ORD00101482,M000568,P00077,web,created,2,USD,12106.88,700.0,2026-07-01T17:56:50+08:00,2026-09-02,2026-07-03T12:55:50+08:00
ORD00100065,M006014,P00157,門市,created,2,TWD,134268.0,100.0,2026-07-01T22:24:09+08:00,2026-09-12,2026-07-04T06:16:09+08:00
ORD00100081,M005661,P00160,電銷,paid,1,TWD,13592.0,0.0,2026-07-01T05:17:56+08:00,2026-10-23,2026-07-03T20:59:56+08:00
ORD00100500,M005607,P00189,web,paid,3,TWD,298596.0,850.0,2026-07-01T12:07:07+08:00,2026-10-02,2026-07-02T03:06:07+08:00
ORD00103488,M006509,P00233,app,paid,1,USD,3145.43,600.0,2026-07-01T10:08:26+08:00,2026-10-11,2026-07-02T09:20:26+08:00
ORD00103779,M006059,P00046,app,created,1,TWD,73787.0,950.0,2026-07-01T12:43:59+08:00,2026-09-11,2026-07-01T21:43:59+08:00
ORD00102294,M006315,P00254,app,paid,1,TWD,2813.0,850.0,2026-07-01T08:36:15+08:00,2026-10-13,2026-07-03T08:06:15+08:00
ORD00101153,M003566,P00143,app,paid,3,USD,945.39,850.0,2026-07-01T03:17:17+08:00,2026-09-24,2026-07-02T02:20:17+08:00
ORD00103888,M006111,P00259,電銷,paid,2,TWD,284062.0,300.0,2026-07-01T11:37:11+08:00,2026-10-09,2026-07-03T04:22:11+08:00
ORD00100369,M007449,P00057,電銷,paid,1,TWD,132509.0,300.0,2026-07-01T03:23:57+08:00,2026-07-23,2026-07-02T06:49:57+08:00
ORD00102654,M000190,P00117,web,created,4,USD,18148.29,150.0,2026-07-01T00:58:27+08:00,2026-10-19,2026-07-01T13:35:27+08:00
ORD00100700,M001932,P00053,web,paid,4,TWD,315160.0,600.0,2026-07-01T05:21:04+08:00,2026-09-22,2026-07-03T18:25:04+08:00
ORD00060720,M003826,P00036,web,completed,3,TWD,237983.0,950.0,2026-05-10T18:26:58+08:00,2026-08-15,2026-07-01T19:56:16+08:00
ORD00100856,M000651,P00181,門市,paid,1,TWD,14518.0,250.0,2026-07-01T13:12:39+08:00,2026-07-14,2026-07-02T04:12:39+08:00
ORD00100646,M004572,P00109,電銷,created,3,TWD,147862.0,700.0,2026-07-01T01:25:23+08:00,2026-08-29,2026-07-02T23:41:23+08:00
ORD00081027,M003840,P00075,門市,cancelled,4,TWD,74893.0,800.0,2026-06-07T06:37:49+08:00,2026-09-27,2026-07-01T20:06:22+08:00
ORD00101272,M007954,P00233,門市,paid,2,JPY,914083.0,200.0,2026-07-01T14:25:04+08:00,2026-10-21,2026-07-04T06:51:04+08:00
ORD00103378,M004115,P00297,電銷,created,3,USD,12146.43,650.0,2026-07-01T00:27:38+08:00,2026-08-11,2026-07-02T10:24:38+08:00
ORD00103300,M005080,P00199,電銷,paid,3,USD,701.6,450.0,2026-07-01T07:34:18+08:00,2026-07-23,2026-07-03T10:24:18+08:00
ORD00100079,M002434,P00268,門市,paid,3,TWD,187383.0,300.0,2026-07-01T07:36:29+08:00,2026-08-13,2026-07-03T16:36:29+08:00
ORD00103621,M005428,P00150,電銷,paid,2,USD,10071.96,150.0,2026-07-01T21:12:00+08:00,2026-07-25,2026-07-04T12:42:00+08:00
ORD00102505,M000341,P00220,電銷,paid,3,USD,2985.39,450.0,2026-07-01T03:59:15+08:00,2026-09-26,2026-07-03T00:40:15+08:00
ORD00100951,M001625,P00248,門市,paid,2,TWD,49329.0,800.0,2026-07-01T06:41:50+08:00,2026-08-02,2026-07-03T19:23:50+08:00
ORD00101096,M003406,P00138,電銷,paid,3,TWD,188657.0,350.0,2026-07-01T13:49:30+08:00,2026-09-23,2026-07-02T22:49:30+08:00
ORD00103319,M002579,P00089,門市,paid,3,TWD,220317.0,700.0,2026-07-01T16:11:34+08:00,2026-10-15,2026-07-02T17:22:34+08:00
ORD00101733,M006276,P00158,門市,paid,3,TWD,105205.0,450.0,2026-07-01T21:44:39+08:00,2026-09-06,2026-07-02T01:50:39+08:00
ORD00100481,M002766,P00097,web,paid,3,TWD,456628.0,550.0,2026-07-01T11:08:55+08:00,2026-08-25,2026-07-01T19:15:55+08:00
ORD00103070,M007891,P00004,門市,paid,3,TWD,634549.0,0.0,2026-07-01T11:41:32+08:00,2026-10-11,2026-07-02T03:41:32+08:00
ORD00102562,M005988,P00105,門市,paid,3,JPY,1048752.0,800.0,2026-07-01T11:44:51+08:00,2026-08-09,2026-07-01T21:25:51+08:00
ORD00101405,M005907,P00016,web,paid,1,TWD,74390.0,200.0,2026-07-01T12:54:12+08:00,2026-08-12,2026-07-02T15:46:12+08:00
ORD00049929,M004970,P00229,app,completed,4,TWD,693912.0,50.0,2026-05-15T09:51:57+08:00,2026-09-11,2026-07-01T23:23:47+08:00
ORD00103522,M007047,P00294,電銷,paid,1,TWD,184182.0,250.0,2026-07-01T05:47:45+08:00,2026-07-19,2026-07-01T14:35:45+08:00
ORD00100009,M006258,P00057,門市,paid,3,TWD,409612.0,150.0,2026-07-01T23:13:24+08:00,2026-07-20,2026-07-03T12:50:24+08:00
ORD00100283,M007237,P00280,web,created,1,TWD,148745.0,850.0,2026-07-01T09:08:14+08:00,2026-08-01,2026-07-01T12:03:14+08:00
ORD00100976,M001861,P00047,門市,paid,4,JPY,463587.0,500.0,2026-07-01T09:07:12+08:00,2026-08-08,2026-07-01T23:10:12+08:00
ORD00102008,M003977,P00284,門市,paid,2,USD,10412.35,50.0,2026-07-01T16:41:27+08:00,2026-08-16,2026-07-01T21:40:27+08:00
ORD00101353,M006293,P00137,電銷,paid,4,USD,19557.31,100.0,2026-07-01T06:03:38+08:00,2026-08-11,2026-07-02T08:53:38+08:00
ORD00100083,M001553,P00279,web,paid,2,TWD,236204.0,700.0,2026-07-01T14:00:46+08:00,2026-08-30,2026-07-03T00:47:46+08:00
ORD00102384,M005291,P00254,web,created,3,TWD,9809.0,300.0,2026-07-01T00:58:19+08:00,2026-08-06,2026-07-03T03:15:19+08:00
ORD00101378,M004890,P00074,app,paid,4,TWD,550997.0,400.0,2026-07-01T15:04:08+08:00,2026-08-14,2026-07-02T17:24:08+08:00
ORD00100807,M000882,P00190,電銷,paid,1,TWD,201974.0,350.0,2026-07-01T08:08:28+08:00,2026-10-14,2026-07-01T11:20:28+08:00
ORD00064287,M003227,P00155,app,completed,2,TWD,108680.0,700.0,2026-05-24T17:40:04+08:00,2026-09-11,2026-07-01T18:08:52+08:00
ORD00102492,M007647,P00247,電銷,paid,2,USD,10615.68,700.0,2026-07-01T18:58:58+08:00,2026-08-14,2026-07-03T21:00:58+08:00
ORD00102613,M002445,P00018,web,paid,1,TWD,151469.0,100.0,2026-07-01T12:45:38+08:00,2026-07-27,2026-07-02T18:30:38+08:00
ORD00100636,M006950,P00085,web,paid,1,JPY,1098504.0,550.0,2026-07-01T06:19:06+08:00,2026-10-10,2026-07-02T04:12:06+08:00
ORD00102083,M007287,P00088,電銷,created,1,JPY,395083.0,200.0,2026-07-01T13:52:31+08:00,2026-07-16,2026-07-02T03:16:31+08:00
ORD00102711,M001396,P00118,web,paid,1,TWD,108155.0,450.0,2026-07-01T19:49:36+08:00,2026-08-25,2026-07-02T03:41:36+08:00
ORD00102890,M001353,P00013,web,created,4,TWD,636996.0,800.0,2026-07-01T07:43:49+08:00,2026-07-20,2026-07-01T22:04:49+08:00
ORD00100897,M006367,P00142,電銷,paid,1,USD,6642.63,350.0,2026-07-01T10:36:55+08:00,2026-07-12,2026-07-01T21:32:55+08:00
ORD00100433,M007926,P00274,門市,paid,1,TWD,114864.0,550.0,2026-07-01T09:42:04+08:00,2026-09-24,2026-07-02T08:54:04+08:00
ORD00102623,M005943,P00114,app,created,3,USD,7648.07,750.0,2026-07-01T07:42:30+08:00,2026-09-24,2026-07-03T22:30:30+08:00
ORD00015975,M001596,P00273,web,completed,3,TWD,253926.0,100.0,2026-05-04T14:13:18+08:00,2026-08-21,2026-07-01T14:48:17+08:00
ORD00101239,M004862,P00035,web,created,3,TWD,593958.0,650.0,2026-07-01T16:20:38+08:00,2026-07-08,2026-07-03T15:29:38+08:00
ORD00101206,M002410,P00102,門市,created,1,TWD,31213.0,700.0,2026-07-01T22:37:45+08:00,2026-10-09,2026-07-03T08:45:45+08:00
ORD00101973,M006300,P00196,app,paid,3,TWD,172166.0,100.0,2026-07-01T14:56:30+08:00,2026-08-20,2026-07-02T08:21:30+08:00
ORD00000650,M007451,P00083,門市,completed,1,JPY,589950.0,800.0,2026-05-24T06:54:15+08:00,2026-06-06,2026-07-01T18:33:06+08:00
ORD00100171,M000743,P00115,電銷,created,1,TWD,171885.0,900.0,2026-07-01T23:45:00+08:00,2026-07-09,2026-07-04T03:26:00+08:00
ORD00103015,M003921,P00122,app,created,3,JPY,3102344.0,600.0,2026-07-01T15:43:36+08:00,2026-07-23,2026-07-03T09:57:36+08:00
ORD00102414,M000853,P00143,門市,created,2,TWD,19503.0,400.0,2026-07-01T21:17:22+08:00,2026-09-24,2026-07-03T21:29:22+08:00
ORD00101993,M002753,P00155,電銷,paid,2,USD,3488.6,700.0,2026-07-01T17:53:49+08:00,2026-08-26,2026-07-02T06:55:49+08:00
ORD00071379,M005741,P00108,app,completed,2,TWD,172478.0,450.0,2026-06-24T03:03:08+08:00,2026-08-31,2026-07-01T13:28:59+08:00
ORD00101995,M004203,P00154,app,paid,4,USD,11463.85,0.0,2026-07-01T08:47:49+08:00,2026-07-24,2026-07-01T13:47:49+08:00
ORD00101379,M001707,P00210,app,created,2,TWD,334625.0,350.0,2026-07-01T09:56:04+08:00,2026-09-25,2026-07-02T10:10:04+08:00
ORD00044893,M002886,P00294,電銷,completed,1,TWD,165974.0,300.0,2026-06-02T23:26:16+08:00,2026-08-17,2026-07-01T22:52:46+08:00
ORD00045266,M003108,P00082,電銷,cancelled,1,TWD,213324.0,200.0,2026-05-25T00:19:07+08:00,2026-08-15,2026-07-01T02:24:11+08:00
ORD00102438,M007864,P00046,app,paid,4,TWD,304948.0,500.0,2026-07-01T05:19:59+08:00,2026-10-26,2026-07-01T18:21:59+08:00
ORD00100576,M005433,P00229,web,paid,3,TWD,591932.0,600.0,2026-07-01T01:38:13+08:00,2026-08-19,2026-07-03T15:26:13+08:00
ORD00079162,M003301,P00166,電銷,cancelled,4,TWD,774991.0,200.0,2026-05-20T01:04:33+08:00,2026-08-16,2026-07-01T11:19:13+08:00
ORD00103466,M002813,P00203,web,paid,3,TWD,421031.0,600.0,2026-07-01T06:49:37+08:00,2026-09-28,2026-07-02T08:34:37+08:00
ORD00101527,M006268,P00123,web,paid,1,TWD,91302.0,550.0,2026-07-01T12:46:40+08:00,2026-10-11,2026-07-03T03:37:40+08:00
ORD00101904,M005800,P00113,門市,created,4,TWD,744320.0,500.0,2026-07-01T17:32:12+08:00,2026-08-26,2026-07-04T04:17:12+08:00
ORD00101878,M004718,P00292,app,paid,2,TWD,274928.0,900.0,2026-07-01T07:05:32+08:00,2026-09-27,2026-07-03T03:21:32+08:00
ORD00100509,M004017,P00287,app,paid,2,JPY,1349617.0,700.0,2026-07-01T06:14:13+08:00,2026-09-11,2026-07-04T00:02:13+08:00
ORD00102297,M003525,P00179,電銷,paid,4,TWD,478108.0,0.0,2026-07-01T14:28:56+08:00,2026-08-16,2026-07-04T03:59:56+08:00
ORD00102421,M000936,P00104,app,created,2,TWD,6398.0,450.0,2026-07-01T17:40:37+08:00,2026-09-18,2026-07-01T17:54:37+08:00
ORD00101100,M003627,P00240,門市,paid,3,USD,10401.76,450.0,2026-07-01T00:23:27+08:00,2026-10-22,2026-07-01T07:28:27+08:00
ORD00100507,M007905,P00002,門市,created,1,USD,2495.04,550.0,2026-07-01T02:07:57+08:00,2026-10-21,2026-07-03T12:17:57+08:00
ORD00100817,M007081,P00281,web,created,4,TWD,662178.0,250.0,2026-07-01T23:37:38+08:00,2026-09-03,2026-07-02T02:43:38+08:00
ORD00101191,M006885,P00145,app,paid,2,TWD,169397.0,200.0,2026-07-01T06:28:30+08:00,2026-09-06,2026-07-02T01:07:30+08:00
ORD00103337,M006574,P00157,web,paid,3,TWD,257362.0,800.0,2026-07-01T18:06:07+08:00,2026-08-20,2026-07-03T09:22:07+08:00
ORD00102204,M001676,P00107,門市,created,1,TWD,201616.0,550.0,2026-07-01T14:18:02+08:00,2026-09-22,2026-07-01T14:34:02+08:00
ORD00103837,M006834,P00163,電銷,paid,1,TWD,82665.0,700.0,2026-07-01T00:48:47+08:00,2026-09-22,2026-07-01T06:26:47+08:00
ORD00102473,M001953,P00104,電銷,paid,2,USD,197.88,100.0,2026-07-01T08:44:27+08:00,2026-08-10,2026-07-03T01:14:27+08:00
ORD00100679,M003269,P00175,app,created,1,TWD,15757.0,600.0,2026-07-01T12:56:31+08:00,2026-08-19,2026-07-03T22:44:31+08:00
ORD00073107,M000135,P00256,門市,cancelled,1,TWD,173992.0,100.0,2026-06-13T06:24:39+08:00,2026-07-08,2026-07-01T05:43:34+08:00
ORD00102857,M005412,P00110,電銷,paid,4,JPY,3567340.0,100.0,2026-07-01T01:28:24+08:00,2026-08-08,2026-07-03T15:00:24+08:00
ORD00100437,M002290,P00118,app,paid,2,TWD,212142.0,300.0,2026-07-01T11:13:36+08:00,2026-09-12,2026-07-01T17:48:36+08:00
ORD00084778,M006238,P00180,電銷,completed,3,TWD,352653.0,0.0,2026-06-12T03:20:54+08:00,2026-09-19,2026-07-01T12:49:11+08:00
ORD00102067,M005121,P00198,web,created,3,TWD,87044.0,650.0,2026-07-01T08:59:10+08:00,2026-09-03,2026-07-03T23:27:10+08:00
ORD00103942,M004477,P00155,門市,paid,1,TWD,53924.0,800.0,2026-07-01T21:32:47+08:00,2026-09-05,2026-07-01T23:07:47+08:00
ORD00103227,M007798,P00068,web,paid,1,TWD,81575.0,750.0,2026-07-01T18:10:33+08:00,2026-10-19,2026-07-02T20:36:33+08:00
ORD00100946,M003175,P00173,門市,paid,4,TWD,34901.0,450.0,2026-07-01T03:38:12+08:00,2026-08-19,2026-07-02T11:55:12+08:00
ORD00103166,M001078,P00129,web,created,3,JPY,2083422.0,200.0,2026-07-01T12:43:47+08:00,2026-08-05,2026-07-04T02:37:47+08:00
ORD00100892,M004953,P00202,app,paid,3,TWD,306962.0,950.0,2026-07-01T15:36:46+08:00,2026-09-23,2026-07-03T12:53:46+08:00
ORD00100122,M005807,P00090,app,paid,3,TWD,495737.0,800.0,2026-07-01T23:41:09+08:00,2026-08-07,2026-07-03T20:55:09+08:00
ORD00102267,M007122,P00122,web,paid,2,TWD,384593.0,400.0,2026-07-01T05:02:51+08:00,2026-08-29,2026-07-03T10:19:51+08:00
ORD00100475,M004206,P00013,門市,paid,3,TWD,365312.0,750.0,2026-07-01T21:19:27+08:00,2026-08-26,2026-07-04T07:49:27+08:00
ORD00101484,M006096,P00251,app,paid,4,USD,15878.93,650.0,2026-07-01T03:06:39+08:00,2026-09-17,2026-07-02T08:24:39+08:00
ORD00100435,M001982,P00025,web,created,4,USD,20185.61,200.0,2026-07-01T22:59:23+08:00,2026-08-10,2026-07-04T12:56:23+08:00
ORD00102672,M003208,P00260,web,paid,3,TWD,388468.0,350.0,2026-07-01T22:59:02+08:00,2026-07-23,2026-07-03T00:41:02+08:00
ORD00101211,M002085,P00085,web,paid,2,TWD,438115.0,150.0,2026-07-01T00:23:20+08:00,2026-08-10,2026-07-02T18:59:20+08:00
ORD00102936,M000251,P00263,app,created,3,USD,10204.76,150.0,2026-07-01T18:23:42+08:00,2026-09-27,2026-07-03T21:11:42+08:00
ORD00100299,M000137,P00239,門市,paid,3,TWD,427655.0,500.0,2026-07-01T09:39:48+08:00,2026-07-19,2026-07-02T14:15:48+08:00
ORD00103010,M000288,P00087,web,created,3,TWD,577699.0,50.0,2026-07-01T03:07:23+08:00,2026-07-14,2026-07-02T13:57:23+08:00
ORD00100952,M007222,P00008,門市,paid,4,JPY,1937468.0,500.0,2026-07-01T01:42:56+08:00,2026-10-06,2026-07-02T02:42:56+08:00
ORD00101991,M002670,P00002,門市,paid,2,TWD,146717.0,850.0,2026-07-01T01:42:59+08:00,2026-07-31,2026-07-02T14:33:59+08:00
ORD00100601,M002244,P00021,web,created,2,USD,10184.16,650.0,2026-07-01T18:28:21+08:00,2026-07-21,2026-07-02T08:09:21+08:00
ORD00101355,M007776,P00079,電銷,paid,1,USD,1292.91,550.0,2026-07-01T09:36:22+08:00,2026-08-02,2026-07-01T22:54:22+08:00
ORD00102951,M006806,P00194,app,paid,4,TWD,355174.0,450.0,2026-07-01T08:35:42+08:00,2026-10-03,2026-07-03T08:47:42+08:00
ORD00102662,M000386,P00255,電銷,created,4,USD,21243.17,200.0,2026-07-01T10:13:31+08:00,2026-07-08,2026-07-03T15:57:31+08:00
ORD00101328,M004320,P00156,門市,paid,3,TWD,589873.0,200.0,2026-07-01T16:39:29+08:00,2026-09-25,2026-07-04T01:36:29+08:00
ORD00103594,M006423,P00199,門市,paid,2,TWD,11623.0,250.0,2026-07-01T02:48:13+08:00,2026-09-19,2026-07-01T09:53:13+08:00
ORD00100516,M005800,P00042,web,paid,3,TWD,365682.0,250.0,2026-07-01T07:57:45+08:00,2026-10-27,2026-07-03T18:14:45+08:00
ORD00102209,M007442,P00230,門市,paid,1,TWD,176056.0,650.0,2026-07-01T08:41:12+08:00,2026-10-25,2026-07-02T04:17:12+08:00
ORD00101987,M005048,P00274,app,created,2,USD,6630.83,150.0,2026-07-01T03:11:42+08:00,2026-09-20,2026-07-01T20:15:42+08:00
ORD00100723,M004241,P00297,電銷,paid,3,USD,12604.84,350.0,2026-07-01T05:30:59+08:00,2026-08-08,2026-07-02T11:43:59+08:00
ORD00103302,M000793,P00232,app,paid,2,USD,10157.89,300.0,2026-07-01T11:04:03+08:00,2026-09-24,2026-07-01T19:51:03+08:00
ORD00103655,M000258,P00052,門市,paid,3,TWD,247694.0,550.0,2026-07-01T20:59:47+08:00,2026-09-06,2026-07-04T11:49:47+08:00
ORD00057052,M001264,P00157,電銷,completed,2,TWD,158333.0,400.0,2026-05-23T14:28:40+08:00,2026-06-23,2026-07-01T19:31:04+08:00
ORD00100326,M006884,P00241,app,created,3,TWD,546232.0,600.0,2026-07-01T13:02:14+08:00,2026-10-08,2026-07-03T16:17:14+08:00
ORD00103242,M004583,P00011,電銷,paid,4,TWD,696168.0,800.0,2026-07-01T14:49:31+08:00,2026-08-31,2026-07-02T12:10:31+08:00
ORD00100026,M000619,P00257,app,paid,1,TWD,42681.0,500.0,2026-07-01T06:07:24+08:00,2026-08-17,2026-07-01T17:07:24+08:00
ORD00101628,M000085,P00185,電銷,created,1,TWD,188002.0,200.0,2026-07-01T21:31:01+08:00,2026-08-18,2026-07-02T00:58:01+08:00
ORD00100032,M005569,P00206,門市,paid,4,USD,22566.17,900.0,2026-07-01T09:43:56+08:00,2026-10-14,2026-07-02T21:48:56+08:00
ORD00102239,M002043,P00155,app,created,3,TWD,168558.0,750.0,2026-07-01T23:11:16+08:00,2026-10-09,2026-07-04T10:30:16+08:00
ORD00103455,M004249,P00195,電銷,paid,3,TWD,212004.0,350.0,2026-07-01T23:20:37+08:00,2026-10-05,2026-07-03T12:52:37+08:00
ORD00100323,M006264,P00141,電銷,paid,4,TWD,352367.0,0.0,2026-07-01T02:50:14+08:00,2026-10-19,2026-07-01T04:53:14+08:00
ORD00103416,M006737,P00298,app,created,3,TWD,317051.0,750.0,2026-07-01T19:34:14+08:00,2026-10-09,2026-07-03T11:26:14+08:00
ORD00102671,M004703,P00218,web,paid,1,USD,950.52,350.0,2026-07-01T14:43:45+08:00,2026-09-07,2026-07-02T06:40:45+08:00
ORD00102075,M003586,P00122,web,paid,1,USD,5394.07,350.0,2026-07-01T21:21:49+08:00,2026-09-29,2026-07-02T18:14:49+08:00
ORD00100645,M005597,P00251,門市,paid,4,TWD,480114.0,900.0,2026-07-01T20:18:45+08:00,2026-07-20,2026-07-03T00:35:45+08:00
ORD00100883,M002642,P00150,門市,paid,4,USD,23747.76,50.0,2026-07-01T01:20:03+08:00,2026-07-09,2026-07-03T08:33:03+08:00
ORD00100960,M001320,P00191,web,created,3,TWD,348823.0,50.0,2026-07-01T22:52:10+08:00,2026-10-06,2026-07-02T21:49:10+08:00
ORD00102685,M002084,P00226,web,created,3,TWD,309461.0,700.0,2026-07-01T13:48:35+08:00,2026-09-09,2026-07-02T05:15:35+08:00
ORD00101523,M007025,P00176,web,paid,4,USD,17207.41,600.0,2026-07-01T22:35:38+08:00,2026-08-23,2026-07-04T09:11:38+08:00
ORD00073389,M000180,P00112,app,completed,2,TWD,16604.0,750.0,2026-06-26T16:15:37+08:00,2026-09-08,2026-07-01T21:41:37+08:00
ORD00103872,M000288,P00230,app,paid,1,TWD,190857.0,0.0,2026-07-01T12:43:00+08:00,2026-10-17,2026-07-03T18:03:00+08:00
ORD00100718,M003878,P00263,門市,paid,4,TWD,365868.0,450.0,2026-07-01T05:07:03+08:00,2026-07-12,2026-07-01T15:02:03+08:00
ORD00103527,M000776,P00113,app,created,4,JPY,3264494.0,750.0,2026-07-01T17:37:37+08:00,2026-10-07,2026-07-02T20:17:37+08:00
ORD00101862,M006480,P00024,電銷,paid,1,TWD,85966.0,150.0,2026-07-01T11:16:17+08:00,2026-08-28,2026-07-02T00:59:17+08:00
ORD00102086,M003757,P00075,web,paid,1,USD,697.35,0.0,2026-07-01T00:09:36+08:00,2026-08-02,2026-07-03T03:09:36+08:00
ORD00083990,M001286,P00269,web,completed,1,TWD,73774.0,50.0,2026-05-24T15:18:22+08:00,2026-07-01,2026-07-01T08:17:33+08:00
ORD00018759,M000349,P00240,門市,cancelled,4,TWD,410417.0,550.0,2026-05-10T17:23:43+08:00,2026-09-06,2026-07-01T11:39:14+08:00
ORD00101568,M003711,P00086,app,paid,2,TWD,41832.0,150.0,2026-07-01T03:23:42+08:00,2026-07-31,2026-07-01T08:52:42+08:00
ORD00103505,M003640,P00103,電銷,paid,2,TWD,45279.0,650.0,2026-07-01T19:16:18+08:00,2026-09-16,2026-07-02T01:26:18+08:00
ORD00101716,M004349,P00227,web,paid,2,USD,10573.1,700.0,2026-07-01T16:17:59+08:00,2026-09-19,2026-07-04T09:21:59+08:00
ORD00101288,M005418,P00127,app,created,3,TWD,170587.0,300.0,2026-07-01T21:02:28+08:00,2026-08-20,2026-07-03T21:49:28+08:00
ORD00101822,M002290,P00280,web,paid,2,TWD,230656.0,100.0,2026-07-01T04:43:49+08:00,2026-09-30,2026-07-03T22:11:49+08:00
ORD00102107,M002257,P00153,電銷,paid,1,USD,2431.17,150.0,2026-07-01T14:23:09+08:00,2026-10-12,2026-07-03T04:29:09+08:00
ORD00101594,M000757,P00191,電銷,paid,4,JPY,2065307.0,250.0,2026-07-01T02:45:36+08:00,2026-09-01,2026-07-02T13:26:36+08:00
ORD00103825,M002919,P00045,app,created,2,USD,526.26,900.0,2026-07-01T09:26:51+08:00,2026-10-27,2026-07-03T06:35:51+08:00
ORD00101937,M004442,P00223,電銷,created,3,TWD,581629.0,100.0,2026-07-01T01:07:09+08:00,2026-09-27,2026-07-02T06:15:09+08:00
ORD00102232,M007864,P00103,web,paid,3,TWD,55690.0,0.0,2026-07-01T03:58:48+08:00,2026-10-08,2026-07-03T21:39:48+08:00
ORD00103953,M007033,P00117,app,created,2,TWD,353913.0,750.0,2026-07-01T02:15:35+08:00,2026-09-24,2026-07-03T11:26:35+08:00
ORD00101721,M005221,P00209,web,created,2,TWD,160553.0,200.0,2026-07-01T15:48:30+08:00,2026-09-01,2026-07-03T22:28:30+08:00
ORD00102117,M000180,P00253,app,paid,4,USD,25718.49,350.0,2026-07-01T03:44:57+08:00,2026-09-06,2026-07-01T05:21:57+08:00
ORD00072297,M006591,P00262,電銷,cancelled,4,USD,25543.77,350.0,2026-05-13T23:18:29+08:00,2026-08-19,2026-07-01T07:41:54+08:00
ORD00101293,M004889,P00237,電銷,paid,3,TWD,572344.0,300.0,2026-07-01T18:28:51+08:00,2026-07-25,2026-07-01T22:55:51+08:00
ORD00100131,M000336,P00189,門市,paid,3,USD,8402.91,50.0,2026-07-01T22:34:20+08:00,2026-09-27,2026-07-04T06:52:20+08:00
ORD00103558,M007127,P00042,門市,paid,3,TWD,413668.0,100.0,2026-07-01T00:54:08+08:00,2026-08-11,2026-07-02T07:30:08+08:00
ORD00103408,M007329,P00038,電銷,paid,4,USD,2565.93,200.0,2026-07-01T18:41:12+08:00,2026-09-09,2026-07-03T13:15:12+08:00
ORD00102630,M006875,P00163,web,paid,3,TWD,265149.0,300.0,2026-07-01T13:06:01+08:00,2026-09-02,2026-07-03T03:35:01+08:00
ORD00102844,M003880,P00101,電銷,paid,2,USD,3706.19,200.0,2026-07-01T16:49:11+08:00,2026-10-12,2026-07-04T11:05:11+08:00
ORD00101766,M006676,P00001,app,paid,1,TWD,107300.0,950.0,2026-07-01T06:29:01+08:00,2026-07-14,2026-07-02T08:11:01+08:00
ORD00101396,M006125,P00019,app,paid,1,TWD,88064.0,250.0,2026-07-01T13:27:35+08:00,2026-08-02,2026-07-03T10:14:35+08:00
ORD00101273,M001739,P00208,web,created,4,TWD,693739.0,600.0,2026-07-01T04:56:49+08:00,2026-09-28,2026-07-03T08:08:49+08:00
ORD00091675,M001407,P00239,門市,cancelled,2,TWD,258019.0,50.0,2026-05-23T11:02:52+08:00,2026-08-05,2026-07-01T11:14:46+08:00
ORD00102142,M002611,P00140,web,paid,4,TWD,157747.0,300.0,2026-07-01T07:23:53+08:00,2026-08-16,2026-07-02T01:55:53+08:00
ORD00100878,M002925,P00213,電銷,paid,2,TWD,246426.0,0.0,2026-07-01T01:39:51+08:00,2026-08-08,2026-07-02T19:05:51+08:00
ORD00100347,M004046,P00097,門市,created,3,TWD,465637.0,700.0,2026-07-01T05:27:08+08:00,2026-08-22,2026-07-01T11:05:08+08:00
ORD00103013,M002542,P00272,web,created,4,TWD,538954.0,50.0,2026-07-01T06:23:06+08:00,2026-09-09,2026-07-03T15:15:06+08:00
ORD00100848,M004260,P00290,app,created,3,JPY,1876908.0,0.0,2026-07-01T00:48:10+08:00,2026-09-13,2026-07-02T07:32:10+08:00
ORD00101260,M003359,P00108,web,created,1,USD,3095.4,800.0,2026-07-01T08:28:00+08:00,2026-10-21,2026-07-03T10:16:00+08:00
ORD00102576,M006023,P00121,web,paid,2,USD,1593.6,200.0,2026-07-01T14:20:39+08:00,2026-09-16,2026-07-01T22:06:39+08:00
ORD00103981,M005494,P00063,電銷,paid,3,TWD,452834.0,0.0,2026-07-01T06:36:01+08:00,2026-07-12,2026-07-01T13:14:01+08:00
ORD00100362,M005547,P00272,web,created,2,TWD,244223.0,0.0,2026-07-01T13:22:40+08:00,2026-07-12,2026-07-01T14:56:40+08:00
ORD00100224,M004960,P00252,電銷,paid,3,JPY,912400.0,600.0,2026-07-01T10:25:18+08:00,2026-10-23,2026-07-03T07:00:18+08:00
ORD00100715,M003047,P00140,app,created,1,TWD,51955.0,800.0,2026-07-01T10:13:08+08:00,2026-07-20,2026-07-03T08:11:08+08:00
ORD00100268,M005467,P00186,電銷,paid,1,TWD,147985.0,700.0,2026-07-01T23:27:46+08:00,2026-10-17,2026-07-02T17:53:46+08:00
ORD00101009,M007472,P00036,web,created,2,USD,3860.59,100.0,2026-07-01T00:04:08+08:00,2026-10-04,2026-07-01T20:16:08+08:00
ORD00066712,M002591,P00236,app,completed,3,TWD,514089.0,50.0,2026-06-04T03:02:16+08:00,2026-08-18,2026-07-01T05:38:50+08:00
ORD00100308,M002145,P00095,門市,created,4,TWD,652937.0,850.0,2026-07-01T06:58:21+08:00,2026-09-08,2026-07-02T05:39:21+08:00
ORD00101558,M006514,P00242,電銷,paid,2,TWD,47041.0,650.0,2026-07-01T16:46:25+08:00,2026-08-14,2026-07-03T01:53:25+08:00
ORD00078189,M000748,P00016,門市,cancelled,3,TWD,227466.0,750.0,2026-06-19T20:02:37+08:00,2026-08-03,2026-07-01T03:45:34+08:00
ORD00101275,M006342,P00255,web,paid,2,TWD,335254.0,950.0,2026-07-01T19:22:12+08:00,2026-09-27,2026-07-02T04:50:12+08:00
ORD00080620,M004513,P00143,門市,cancelled,4,TWD,35411.0,350.0,2026-06-23T22:15:49+08:00,2026-07-30,2026-07-01T06:04:55+08:00
ORD00101530,M001352,P00216,app,created,2,TWD,19811.0,550.0,2026-07-01T17:43:57+08:00,2026-07-10,2026-07-02T12:54:57+08:00
ORD00101703,M003952,P00012,門市,created,1,USD,3084.61,0.0,2026-07-01T07:56:32+08:00,2026-10-13,2026-07-01T17:08:32+08:00
ORD00102475,M005136,P00236,門市,paid,3,TWD,488596.0,400.0,2026-07-01T18:07:10+08:00,2026-10-07,2026-07-02T17:25:10+08:00
ORD00100937,M003540,P00163,app,paid,2,TWD,168826.0,450.0,2026-07-01T03:37:26+08:00,2026-08-21,2026-07-01T18:37:26+08:00
ORD00100424,M007519,P00071,web,paid,1,TWD,54146.0,550.0,2026-07-01T11:52:52+08:00,2026-09-11,2026-07-01T14:39:52+08:00
ORD00010324,M005012,P00241,app,cancelled,1,TWD,151215.0,0.0,2026-06-21T08:06:20+08:00,2026-07-04,2026-07-01T16:06:06+08:00
ORD00101515,M001697,P00282,app,paid,1,USD,7258.84,200.0,2026-07-01T18:53:08+08:00,2026-09-22,2026-07-02T01:51:08+08:00
ORD00103075,M001524,P00282,電銷,paid,4,TWD,736415.0,200.0,2026-07-01T14:38:14+08:00,2026-10-22,2026-07-02T11:03:14+08:00
ORD00101681,M006297,P00097,門市,created,1,JPY,594081.0,250.0,2026-07-01T13:08:44+08:00,2026-09-26,2026-07-03T06:31:44+08:00
ORD00103766,M004323,P00063,電銷,paid,1,TWD,169912.0,200.0,2026-07-01T17:41:11+08:00,2026-09-26,2026-07-04T07:17:11+08:00
ORD00101217,M007015,P00039,電銷,created,3,USD,14877.25,250.0,2026-07-01T20:02:51+08:00,2026-08-19,2026-07-02T11:01:51+08:00
ORD00100796,M006797,P00233,門市,paid,3,TWD,298122.0,50.0,2026-07-01T01:12:09+08:00,2026-08-21,2026-07-03T04:48:09+08:00
ORD00008521,M002836,P00061,web,completed,1,USD,5750.81,350.0,2026-05-04T19:06:07+08:00,2026-06-24,2026-07-01T07:56:00+08:00
ORD00102056,M006406,P00070,app,paid,1,USD,3542.66,700.0,2026-07-01T02:49:56+08:00,2026-08-28,2026-07-02T08:00:56+08:00
ORD00103823,M003388,P00025,web,created,2,TWD,369476.0,600.0,2026-07-01T04:26:34+08:00,2026-08-20,2026-07-03T21:25:34+08:00
ORD00021105,M000478,P00229,電銷,completed,3,TWD,549547.0,500.0,2026-05-13T20:55:51+08:00,2026-07-15,2026-07-01T11:33:57+08:00
ORD00102002,M002973,P00117,web,created,2,USD,10072.31,750.0,2026-07-01T20:16:47+08:00,2026-07-31,2026-07-03T08:11:47+08:00
ORD00103444,M001571,P00010,電銷,paid,1,JPY,676581.0,50.0,2026-07-01T00:28:47+08:00,2026-10-23,2026-07-01T19:04:47+08:00
ORD00103256,M002401,P00173,app,created,3,USD,928.44,450.0,2026-07-01T05:57:23+08:00,2026-08-09,2026-07-01T20:51:23+08:00
ORD00101711,M007695,P00009,app,paid,4,JPY,1755571.0,550.0,2026-07-01T09:42:09+08:00,2026-08-26,2026-07-02T11:47:09+08:00
ORD00102943,M004172,P00275,web,paid,3,TWD,246874.0,450.0,2026-07-01T07:48:50+08:00,2026-10-15,2026-07-03T04:02:50+08:00
ORD00102028,M007335,P00176,app,paid,1,JPY,671056.0,800.0,2026-07-01T03:38:05+08:00,2026-09-08,2026-07-01T17:33:05+08:00
ORD00103931,M005041,P00074,電銷,paid,3,TWD,443397.0,800.0,2026-07-01T21:25:11+08:00,2026-07-12,2026-07-02T03:13:11+08:00
ORD00102989,M003033,P00111,門市,created,1,TWD,95035.0,900.0,2026-07-01T09:22:07+08:00,2026-08-03,2026-07-02T09:26:07+08:00
ORD00102493,M000361,P00141,電銷,created,3,JPY,1027526.0,200.0,2026-07-01T18:34:51+08:00,2026-08-14,2026-07-03T14:33:51+08:00
ORD00067993,M000306,P00007,門市,completed,3,USD,4247.9,950.0,2026-05-23T05:16:44+08:00,2026-07-12,2026-07-01T14:56:24+08:00
ORD00101309,M005219,P00012,app,paid,3,TWD,258111.0,200.0,2026-07-01T21:01:23+08:00,2026-08-18,2026-07-02T06:32:23+08:00
ORD00102740,M007236,P00287,app,paid,3,USD,13979.82,650.0,2026-07-01T20:54:00+08:00,2026-08-27,2026-07-02T21:15:00+08:00
ORD00101963,M004835,P00162,電銷,paid,4,TWD,26251.0,700.0,2026-07-01T17:50:57+08:00,2026-07-22,2026-07-03T01:35:57+08:00
ORD00103661,M006006,P00118,門市,created,2,TWD,287449.0,550.0,2026-07-01T12:19:44+08:00,2026-08-19,2026-07-03T16:07:44+08:00
ORD00100305,M006929,P00043,web,created,2,USD,8606.84,750.0,2026-07-01T15:42:07+08:00,2026-08-07,2026-07-01T20:55:07+08:00
ORD00018910,M002722,P00145,web,cancelled,1,TWD,93989.0,950.0,2026-05-02T05:10:16+08:00,2026-05-24,2026-07-01T08:43:20+08:00
ORD00103007,M006174,P00254,web,paid,1,USD,94.17,50.0,2026-07-01T11:13:04+08:00,2026-10-02,2026-07-01T15:35:04+08:00
ORD00102039,M005984,P00214,app,created,3,USD,11963.01,950.0,2026-07-01T21:25:22+08:00,2026-10-16,2026-07-04T05:25:22+08:00
ORD00102507,M002394,P00296,web,created,2,TWD,16133.0,300.0,2026-07-01T19:02:40+08:00,2026-07-09,2026-07-03T10:21:40+08:00
ORD00101479,M001153,P00188,電銷,paid,4,TWD,191003.0,950.0,2026-07-01T05:41:03+08:00,2026-10-17,2026-07-02T15:08:03+08:00
ORD00102843,M000305,P00083,門市,paid,3,TWD,478256.0,600.0,2026-07-01T00:08:42+08:00,2026-10-27,2026-07-01T18:10:42+08:00
ORD00101841,M004190,P00238,電銷,paid,4,USD,12155.73,450.0,2026-07-01T06:02:30+08:00,2026-09-08,2026-07-03T07:27:30+08:00
ORD00103793,M002511,P00002,電銷,paid,4,TWD,284466.0,450.0,2026-07-01T05:42:45+08:00,2026-07-26,2026-07-03T02:00:45+08:00
ORD00026634,M006487,P00259,門市,cancelled,2,TWD,293406.0,350.0,2026-06-14T16:00:37+08:00,2026-06-30,2026-07-01T01:21:42+08:00
ORD00066413,M003970,P00252,電銷,cancelled,2,TWD,120958.0,750.0,2026-05-21T15:48:13+08:00,2026-06-03,2026-07-01T19:02:02+08:00
ORD00102128,M000743,P00235,門市,created,4,TWD,307162.0,700.0,2026-07-01T12:39:14+08:00,2026-08-15,2026-07-01T13:50:14+08:00
ORD00102963,M001750,P00261,電銷,paid,2,TWD,10509.0,650.0,2026-07-01T03:30:47+08:00,2026-09-17,2026-07-01T10:38:47+08:00
ORD00103616,M004968,P00019,電銷,paid,1,TWD,95535.0,950.0,2026-07-01T18:17:27+08:00,2026-10-08,2026-07-01T19:41:27+08:00
ORD00101854,M002486,P00044,電銷,paid,2,TWD,66787.0,650.0,2026-07-01T09:21:01+08:00,2026-09-08,2026-07-02T12:12:01+08:00
ORD00101330,M003009,P00289,電銷,created,3,JPY,1853332.0,750.0,2026-07-01T10:28:05+08:00,2026-10-25,2026-07-02T00:37:05+08:00
ORD00103945,M005707,P00069,app,paid,1,TWD,228705.0,750.0,2026-07-01T04:09:30+08:00,2026-08-27,2026-07-03T20:21:30+08:00
ORD00102449,M003827,P00266,門市,created,4,USD,2479.26,400.0,2026-07-01T16:07:05+08:00,2026-10-23,2026-07-02T06:54:05+08:00
ORD00100713,M004541,P00241,app,paid,4,TWD,588800.0,800.0,2026-07-01T13:27:16+08:00,2026-09-29,2026-07-02T22:23:16+08:00
ORD00102621,M005042,P00262,電銷,paid,3,TWD,605542.0,850.0,2026-07-01T04:38:47+08:00,2026-09-29,2026-07-01T05:27:47+08:00
ORD00100040,M007993,P00110,電銷,paid,4,TWD,599129.0,100.0,2026-07-01T12:30:37+08:00,2026-07-08,2026-07-04T01:16:37+08:00
